Water,Methane,Ethane,Propane,Isobutane,Butane,Isopentane,Pentane,Hexane,Heptane,Carbon Dioxide,Nitrogen,H2S,SPECIFIC GRAVITY,Pressure (psia),PR,TPC,Hydrate Temperature (K)
5.714286,64.7619,16.19048,6.666667,0.952381,1.904762,0.952381,0.952381,0.952381,0.952381,0,0,0.00,0.82973851,2725.124,3.391213139,265.3190548,297.3086
5.714286,64.7619,16.19048,6.666667,0.952381,1.904762,0.952381,0.952381,0.952381,0.952381,0,0,0.00,0.82973851,2656.269,3.305528238,265.3190548,297.174
5.714286,64.7619,16.19048,6.666667,0.952381,1.904762,0.952381,0.952381,0.952381,0.952381,0,0,0.00,0.82973851,2587.415,3.219844581,265.3190548,297.037
5.714286,64.7619,16.19048,6.666667,0.952381,1.904762,0.952381,0.952381,0.952381,0.952381,0,0,0.00,0.82973851,2518.653,3.134275411,265.3190548,296.8975
5.714286,64.7619,16.19048,6.666667,0.952381,1.904762,0.952381,0.952381,0.952381,0.952381,0,0,0.00,0.82973851,2449.986,3.048824462,265.3190548,296.7554
5.714286,64.7619,16.19048,6.666667,0.952381,1.904762,0.952381,0.952381,0.952381,0.952381,0,0,0.00,0.82973851,2381.418,2.963496711,265.3190548,296.6104
5.714286,64.7619,16.19048,6.666667,0.952381,1.904762,0.952381,0.952381,0.952381,0.952381,0,0,0.00,0.82973851,2312.956,2.878300869,265.3190548,296.4625
5.714286,64.7619,16.19048,6.666667,0.952381,1.904762,0.952381,0.952381,0.952381,0.952381,0,0,0.00,0.82973851,2244.603,2.793240669,265.3190548,296.3115
5.714286,64.7619,16.19048,6.666667,0.952381,1.904762,0.952381,0.952381,0.952381,0.952381,0,0,0.00,0.82973851,2176.367,2.708326067,265.3190548,296.1569
5.714286,64.7619,16.19048,6.666667,0.952381,1.904762,0.952381,0.952381,0.952381,0.952381,0,0,0.00,0.82973851,2108.253,2.623563285,265.3190548,295.9987
5.714286,64.7619,16.19048,6.666667,0.952381,1.904762,0.952381,0.952381,0.952381,0.952381,0,0,0.00,0.82973851,2040.269,2.538962278,265.3190548,295.8364
5.714286,64.7619,16.19048,6.666667,0.952381,1.904762,0.952381,0.952381,0.952381,0.952381,0,0,0.00,0.82973851,1972.422,2.454531758,265.3190548,295.6698
5.714286,64.7619,16.19048,6.666667,0.952381,1.904762,0.952381,0.952381,0.952381,0.952381,0,0,0.00,0.82973851,1904.721,2.370282923,265.3190548,295.4984
5.714286,64.7619,16.19048,6.666667,0.952381,1.904762,0.952381,0.952381,0.952381,0.952381,0,0,0.00,0.82973851,1837.175,2.286226975,265.3190548,295.3217
5.714286,64.7619,16.19048,6.666667,0.952381,1.904762,0.952381,0.952381,0.952381,0.952381,0,0,0.00,0.82973851,1820.093,2.264969703,265.3190548,295.2761
5.714286,64.7619,16.19048,6.666667,0.952381,1.904762,0.952381,0.952381,0.952381,0.952381,0,0,0.00,0.82973851,1811.306,2.254034938,265.3190548,295.2525
5.714286,64.7619,16.19048,6.666667,0.952381,1.904762,0.952381,0.952381,0.952381,0.952381,0,0,0.00,0.82973851,1809.096,2.251284758,265.3190548,295.2465
5.714286,64.7619,16.19048,6.666667,0.952381,1.904762,0.952381,0.952381,0.952381,0.952381,0,0,0.00,0.82973851,1808.645,2.250723522,265.3190548,295.2453
5.714286,64.7619,16.19048,6.666667,0.952381,1.904762,0.952381,0.952381,0.952381,0.952381,0,0,0.00,0.82973851,1806.876,2.248522134,265.3190548,295.2417
5.714286,64.7619,16.19048,6.666667,0.952381,1.904762,0.952381,0.952381,0.952381,0.952381,0,0,0.00,0.82973851,1805.767,2.247142066,265.3190548,295.2393
5.714286,64.7619,16.19048,6.666667,0.952381,1.904762,0.952381,0.952381,0.952381,0.952381,0,0,0.00,0.82973851,1803.504,2.244325932,265.3190548,295.2342
5.714286,64.7619,16.19048,6.666667,0.952381,1.904762,0.952381,0.952381,0.952381,0.952381,0,0,0.00,0.82973851,1798.901,2.238597842,265.3190548,295.2238
5.714286,64.7619,16.19048,6.666667,0.952381,1.904762,0.952381,0.952381,0.952381,0.952381,0,0,0.00,0.82973851,1789.42,2.226799447,265.3190548,295.2023
5.714286,64.7619,16.19048,6.666667,0.952381,1.904762,0.952381,0.952381,0.952381,0.952381,0,0,0.00,0.82973851,1769.58,2.202110049,265.3190548,295.1566
5.714286,64.7619,16.19048,6.666667,0.952381,1.904762,0.952381,0.952381,0.952381,0.952381,0,0,0.00,0.82973851,1727.56,2.1498193,265.3190548,295.0567
5.714286,64.7619,16.19048,6.666667,0.952381,1.904762,0.952381,0.952381,0.952381,0.952381,0,0,0.00,0.82973851,1639.059,2.03968642,265.3190548,294.8309
5.714286,64.7619,16.19048,6.666667,0.952381,1.904762,0.952381,0.952381,0.952381,0.952381,0,0,0.00,0.82973851,1554.684,1.934688039,265.3190548,294.5942
5.714286,64.7619,16.19048,6.666667,0.952381,1.904762,0.952381,0.952381,0.952381,0.952381,0,0,0.00,0.82973851,1475.896,1.836642262,265.3190548,294.3514
5.714286,64.7619,16.19048,6.666667,0.952381,1.904762,0.952381,0.952381,0.952381,0.952381,0,0,0.00,0.82973851,1399.537,1.741619193,265.3190548,294.0934
5.714286,64.7619,16.19048,6.666667,0.952381,1.904762,0.952381,0.952381,0.952381,0.952381,0,0,0.00,0.82973851,1324.378,1.648089435,265.3190548,293.815
5.714286,64.7619,16.19048,6.666667,0.952381,1.904762,0.952381,0.952381,0.952381,0.952381,0,0,0.00,0.82973851,1249.867,1.555366065,265.3190548,293.5119
5.714286,64.7619,16.19048,6.666667,0.952381,1.904762,0.952381,0.952381,0.952381,0.952381,0,0,0.00,0.82973851,1184.981,1.474620288,265.3190548,293.2231
5.714286,64.7619,16.19048,6.666667,0.952381,1.904762,0.952381,0.952381,0.952381,0.952381,0,0,0.00,0.82973851,1119.997,1.393752557,265.3190548,292.908
5.714286,64.7619,16.19048,6.666667,0.952381,1.904762,0.952381,0.952381,0.952381,0.952381,0,0,0.00,0.82973851,1055.408,1.313376374,265.3190548,292.5659
5.714286,64.7619,16.19048,6.666667,0.952381,1.904762,0.952381,0.952381,0.952381,0.952381,0,0,0.00,0.82973851,991.2271,1.23350804,265.3190548,292.1936
5.714286,64.7619,16.19048,6.666667,0.952381,1.904762,0.952381,0.952381,0.952381,0.952381,0,0,0.00,0.82973851,927.4972,1.154200943,265.3190548,291.788
5.714286,64.7619,16.19048,6.666667,0.952381,1.904762,0.952381,0.952381,0.952381,0.952381,0,0,0.00,0.82973851,864.2668,1.075515436,265.3190548,291.3448
5.714286,64.7619,16.19048,6.666667,0.952381,1.904762,0.952381,0.952381,0.952381,0.952381,0,0,0.00,0.82973851,801.5922,0.997521581,265.3190548,290.8597
5.714286,64.7619,16.19048,6.666667,0.952381,1.904762,0.952381,0.952381,0.952381,0.952381,0,0,0.00,0.82973851,739.539,0.920301011,265.3190548,290.3269
5.714286,64.7619,16.19048,6.666667,0.952381,1.904762,0.952381,0.952381,0.952381,0.952381,0,0,0.00,0.82973851,678.1846,0.843950046,265.3190548,289.7401
5.714286,64.7619,16.19048,6.666667,0.952381,1.904762,0.952381,0.952381,0.952381,0.952381,0,0,0.00,0.82973851,617.621,0.768583173,265.3190548,289.0914
5.714286,64.7619,16.19048,6.666667,0.952381,1.904762,0.952381,0.952381,0.952381,0.952381,0,0,0.00,0.82973851,557.958,0.694337029,265.3190548,288.3711
5.714286,64.7619,16.19048,6.666667,0.952381,1.904762,0.952381,0.952381,0.952381,0.952381,0,0,0.00,0.82973851,499.3286,0.621377122,265.3190548,287.5676
5.714286,64.7619,16.19048,6.666667,0.952381,1.904762,0.952381,0.952381,0.952381,0.952381,0,0,0.00,0.82973851,441.8947,0.549904926,265.3190548,286.6664
5.714286,64.7619,16.19048,6.666667,0.952381,1.904762,0.952381,0.952381,0.952381,0.952381,0,0,0.00,0.82973851,385.8558,0.480168704,265.3190548,285.649
5.714286,64.7619,16.19048,6.666667,0.952381,1.904762,0.952381,0.952381,0.952381,0.952381,0,0,0.00,0.82973851,331.4603,0.41247757,265.3190548,284.4924
5.714286,64.7619,16.19048,6.666667,0.952381,1.904762,0.952381,0.952381,0.952381,0.952381,0,0,0.00,0.82973851,279.0204,0.347220033,265.3190548,283.1667
5.714286,64.7619,16.19048,6.666667,0.952381,1.904762,0.952381,0.952381,0.952381,0.952381,0,0,0.00,0.82973851,228.933,0.284890008,265.3190548,281.6328
5.714286,64.7619,16.19048,6.666667,0.952381,1.904762,0.952381,0.952381,0.952381,0.952381,0,0,0.00,0.82973851,181.7065,0.226120158,265.3190548,279.8395
5.714286,64.7619,16.19048,6.666667,0.952381,1.904762,0.952381,0.952381,0.952381,0.952381,0,0,0.00,0.82973851,137.9942,0.171723468,265.3190548,277.7181
5.714286,64.7619,16.19048,6.666667,0.952381,1.904762,0.952381,0.952381,0.952381,0.952381,0,0,0.00,0.82973851,98.6308,0.122738659,265.3190548,275.1763
5.714286,64.7619,16.19048,6.666667,0.952381,1.904762,0.952381,0.952381,0.952381,0.952381,0,0,0.00,0.82973851,79.85525,0.09937389,265.3190548,273.6156
5.714286,64.7619,16.19048,6.666667,0.952381,1.904762,0.952381,0.952381,0.952381,0.952381,0,0,0.00,0.82973851,74.53891,0.092758102,265.3190548,273.1138
5.714286,64.7619,16.19048,6.666667,0.952381,1.904762,0.952381,0.952381,0.952381,0.952381,0,0,0.00,0.82973851,74.53891,0.092758102,265.3190548,273.1138
5.714286,64.7619,16.19048,6.666667,0.952381,1.904762,0.952381,0.952381,0.952381,0.952381,0,0,0.00,0.82973851,73.88584,0.091945406,265.3190548,272.9543
5.714286,64.7619,16.19048,6.666667,0.952381,1.904762,0.952381,0.952381,0.952381,0.952381,0,0,0.00,0.82973851,73.66424,0.091669641,265.3190548,272.8839
5.714286,64.7619,16.19048,6.666667,0.952381,1.904762,0.952381,0.952381,0.952381,0.952381,0,0,0.00,0.82973851,73.2276,0.091126275,265.3190548,272.7445
5.714286,64.7619,16.19048,6.666667,0.952381,1.904762,0.952381,0.952381,0.952381,0.952381,0,0,0.00,0.82973851,72.36158,0.090048578,265.3190548,272.466
5.714286,64.7619,16.19048,6.666667,0.952381,1.904762,0.952381,0.952381,0.952381,0.952381,0,0,0.00,0.82973851,70.65821,0.087928861,265.3190548,271.9099
5.714286,64.7619,16.19048,6.666667,0.952381,1.904762,0.952381,0.952381,0.952381,0.952381,0,0,0.00,0.82973851,67.36335,0.083828654,265.3190548,270.8013
5.714286,64.7619,16.19048,6.666667,0.952381,1.904762,0.952381,0.952381,0.952381,0.952381,0,0,0.00,0.82973851,61.20002,0.076158851,265.3190548,268.5986
5.714286,64.7619,16.19048,6.666667,0.952381,1.904762,0.952381,0.952381,0.952381,0.952381,0,0,0.00,0.82973851,50.42152,0.062745813,265.3190548,264.2512
5.714286,64.7619,16.19048,6.666667,0.952381,1.904762,0.952381,0.952381,0.952381,0.952381,0,0,0.00,0.82973851,41.38835,0.051504708,265.3190548,259.9552
5.714286,64.7619,16.19048,6.666667,0.952381,1.904762,0.952381,0.952381,0.952381,0.952381,0,0,0.00,0.82973851,33.76463,0.042017558,265.3190548,255.6627
5.714286,64.7619,16.19048,6.666667,0.952381,1.904762,0.952381,0.952381,0.952381,0.952381,0,0,0.00,0.82973851,27.3664,0.034055439,265.3190548,251.3747
5.714286,64.7619,16.19048,6.666667,0.952381,1.904762,0.952381,0.952381,0.952381,0.952381,0,0,0.00,0.82973851,22.02746,0.027411528,265.3190548,247.0913
5.714286,64.7619,16.19048,6.666667,0.952381,1.904762,0.952381,0.952381,0.952381,0.952381,0,0,0.00,0.82973851,17.59994,0.02190181,265.3190548,242.8125
5.714286,64.7619,16.19048,6.666667,0.952381,1.904762,0.952381,0.952381,0.952381,0.952381,0,0,0.00,0.82973851,13.95263,0.017363005,265.3190548,238.5382
4.379562,65.69343,12.40876,5.109489,0.729927,1.459854,0.729927,0.729927,0.729927,0.729927,7.29927,0,0.00,0.835746521,2647.555,3.304080652,256.1583947,296.2776
4.379562,65.69343,12.40876,5.109489,0.729927,1.459854,0.729927,0.729927,0.729927,0.729927,7.29927,0,0.00,0.835746521,2578.802,3.218278674,256.1583947,296.1433
4.379562,65.69343,12.40876,5.109489,0.729927,1.459854,0.729927,0.729927,0.729927,0.729927,7.29927,0,0.00,0.835746521,2510.05,3.132477943,256.1583947,296.0065
4.379562,65.69343,12.40876,5.109489,0.729927,1.459854,0.729927,0.729927,0.729927,0.729927,7.29927,0,0.00,0.835746521,2441.395,3.046798266,256.1583947,295.8673
4.379562,65.69343,12.40876,5.109489,0.729927,1.459854,0.729927,0.729927,0.729927,0.729927,7.29927,0,0.00,0.835746521,2372.84,2.961243387,256.1583947,295.7255
4.379562,65.69343,12.40876,5.109489,0.729927,1.459854,0.729927,0.729927,0.729927,0.729927,7.29927,0,0.00,0.835746521,2304.391,2.875820792,256.1583947,295.5809
4.379562,65.69343,12.40876,5.109489,0.729927,1.459854,0.729927,0.729927,0.729927,0.729927,7.29927,0,0.00,0.835746521,2236.053,2.790536723,256.1583947,295.4333
4.379562,65.69343,12.40876,5.109489,0.729927,1.459854,0.729927,0.729927,0.729927,0.729927,7.29927,0,0.00,0.835746521,2167.831,2.705397419,256.1583947,295.2826
4.379562,65.69343,12.40876,5.109489,0.729927,1.459854,0.729927,0.729927,0.729927,0.729927,7.29927,0,0.00,0.835746521,2099.733,2.620412864,256.1583947,295.1285
4.379562,65.69343,12.40876,5.109489,0.729927,1.459854,0.729927,0.729927,0.729927,0.729927,7.29927,0,0.00,0.835746521,2031.766,2.535591793,256.1583947,294.9708
4.379562,65.69343,12.40876,5.109489,0.729927,1.459854,0.729927,0.729927,0.729927,0.729927,7.29927,0,0.00,0.835746521,1963.937,2.450942943,256.1583947,294.8091
4.379562,65.69343,12.40876,5.109489,0.729927,1.459854,0.729927,0.729927,0.729927,0.729927,7.29927,0,0.00,0.835746521,1896.255,2.366477545,256.1583947,294.6431
4.379562,65.69343,12.40876,5.109489,0.729927,1.459854,0.729927,0.729927,0.729927,0.729927,7.29927,0,0.00,0.835746521,1828.729,2.282206831,256.1583947,294.4725
4.379562,65.69343,12.40876,5.109489,0.729927,1.459854,0.729927,0.729927,0.729927,0.729927,7.29927,0,0.00,0.835746521,1761.369,2.198143281,256.1583947,294.2967
4.379562,65.69343,12.40876,5.109489,0.729927,1.459854,0.729927,0.729927,0.729927,0.729927,7.29927,0,0.00,0.835746521,1761.369,2.198143281,256.1583947,294.2967
4.379562,65.69343,12.40876,5.109489,0.729927,1.459854,0.729927,0.729927,0.729927,0.729927,7.29927,0,0.00,0.835746521,1759.228,2.195471368,256.1583947,294.2918
4.379562,65.69343,12.40876,5.109489,0.729927,1.459854,0.729927,0.729927,0.729927,0.729927,7.29927,0,0.00,0.835746521,1758.119,2.194087364,256.1583947,294.2894
4.379562,65.69343,12.40876,5.109489,0.729927,1.459854,0.729927,0.729927,0.729927,0.729927,7.29927,0,0.00,0.835746521,1755.889,2.191304382,256.1583947,294.2844
4.379562,65.69343,12.40876,5.109489,0.729927,1.459854,0.729927,0.729927,0.729927,0.729927,7.29927,0,0.00,0.835746521,1751.411,2.185715953,256.1583947,294.2743
4.379562,65.69343,12.40876,5.109489,0.729927,1.459854,0.729927,0.729927,0.729927,0.729927,7.29927,0,0.00,0.835746521,1742.384,2.174450489,256.1583947,294.2539
4.379562,65.69343,12.40876,5.109489,0.729927,1.459854,0.729927,0.729927,0.729927,0.729927,7.29927,0,0.00,0.835746521,1724.071,2.151596335,256.1583947,294.212
4.379562,65.69343,12.40876,5.109489,0.729927,1.459854,0.729927,0.729927,0.729927,0.729927,7.29927,0,0.00,0.835746521,1686.549,2.104769842,256.1583947,294.1234
4.379562,65.69343,12.40876,5.109489,0.729927,1.459854,0.729927,0.729927,0.729927,0.729927,7.29927,0,0.00,0.835746521,1608.777,2.007712383,256.1583947,293.9276
4.379562,65.69343,12.40876,5.109489,0.729927,1.459854,0.729927,0.729927,0.729927,0.729927,7.29927,0,0.00,0.835746521,1531.295,1.911016837,256.1583947,293.7144
4.379562,65.69343,12.40876,5.109489,0.729927,1.459854,0.729927,0.729927,0.729927,0.729927,7.29927,0,0.00,0.835746521,1455.439,1.816350497,256.1583947,293.4857
4.379562,65.69343,12.40876,5.109489,0.729927,1.459854,0.729927,0.729927,0.729927,0.729927,7.29927,0,0.00,0.835746521,1380.459,1.722777383,256.1583947,293.2376
4.379562,65.69343,12.40876,5.109489,0.729927,1.459854,0.729927,0.729927,0.729927,0.729927,7.29927,0,0.00,0.835746521,1305.894,1.629722177,256.1583947,292.9663
4.379562,65.69343,12.40876,5.109489,0.729927,1.459854,0.729927,0.729927,0.729927,0.729927,7.29927,0,0.00,0.835746521,1240.716,1.548381707,256.1583947,292.7065
4.379562,65.69343,12.40876,5.109489,0.729927,1.459854,0.729927,0.729927,0.729927,0.729927,7.29927,0,0.00,0.835746521,1175.441,1.466920183,256.1583947,292.4224
4.379562,65.69343,12.40876,5.109489,0.729927,1.459854,0.729927,0.729927,0.729927,0.729927,7.29927,0,0.00,0.835746521,1110.532,1.385915418,256.1583947,292.1133
4.379562,65.69343,12.40876,5.109489,0.729927,1.459854,0.729927,0.729927,0.729927,0.729927,7.29927,0,0.00,0.835746521,1045.999,1.305379891,256.1583947,291.7763
4.379562,65.69343,12.40876,5.109489,0.729927,1.459854,0.729927,0.729927,0.729927,0.729927,7.29927,0,0.00,0.835746521,981.8808,1.225362024,256.1583947,291.4083
4.379562,65.69343,12.40876,5.109489,0.729927,1.459854,0.729927,0.729927,0.729927,0.729927,7.29927,0,0.00,0.835746521,918.2207,1.145915854,256.1583947,291.0057
4.379562,65.69343,12.40876,5.109489,0.729927,1.459854,0.729927,0.729927,0.729927,0.729927,7.29927,0,0.00,0.835746521,855.0679,1.067102782,256.1583947,290.5642
4.379562,65.69343,12.40876,5.109489,0.729927,1.459854,0.729927,0.729927,0.729927,0.729927,7.29927,0,0.00,0.835746521,792.4798,0.98899444,256.1583947,290.0789
4.379562,65.69343,12.40876,5.109489,0.729927,1.459854,0.729927,0.729927,0.729927,0.729927,7.29927,0,0.00,0.835746521,730.5236,0.911674693,256.1583947,289.5439
4.379562,65.69343,12.40876,5.109489,0.729927,1.459854,0.729927,0.729927,0.729927,0.729927,7.29927,0,0.00,0.835746521,669.2787,0.835242631,256.1583947,288.9524
4.379562,65.69343,12.40876,5.109489,0.729927,1.459854,0.729927,0.729927,0.729927,0.729927,7.29927,0,0.00,0.835746521,608.8394,0.759815937,256.1583947,288.2958
4.379562,65.69343,12.40876,5.109489,0.729927,1.459854,0.729927,0.729927,0.729927,0.729927,7.29927,0,0.00,0.835746521,549.3186,0.685535507,256.1583947,287.5642
4.379562,65.69343,12.40876,5.109489,0.729927,1.459854,0.729927,0.729927,0.729927,0.729927,7.29927,0,0.00,0.835746521,490.8531,0.612572064,256.1583947,286.7451
4.379562,65.69343,12.40876,5.109489,0.729927,1.459854,0.729927,0.729927,0.729927,0.729927,7.29927,0,0.00,0.835746521,433.6097,0.541133771,256.1583947,285.8231
4.379562,65.69343,12.40876,5.109489,0.729927,1.459854,0.729927,0.729927,0.729927,0.729927,7.29927,0,0.00,0.835746521,377.7942,0.47147746,256.1583947,284.7788
4.379562,65.69343,12.40876,5.109489,0.729927,1.459854,0.729927,0.729927,0.729927,0.729927,7.29927,0,0.00,0.835746521,323.6633,0.403923487,256.1583947,283.5878
4.379562,65.69343,12.40876,5.109489,0.729927,1.459854,0.729927,0.729927,0.729927,0.729927,7.29927,0,0.00,0.835746521,271.5402,0.338875197,256.1583947,282.2184
4.379562,65.69343,12.40876,5.109489,0.729927,1.459854,0.729927,0.729927,0.729927,0.729927,7.29927,0,0.00,0.835746521,221.8363,0.276846006,256.1583947,280.6296
4.379562,65.69343,12.40876,5.109489,0.729927,1.459854,0.729927,0.729927,0.729927,0.729927,7.29927,0,0.00,0.835746521,175.0789,0.218493971,256.1583947,278.7666
4.379562,65.69343,12.40876,5.109489,0.729927,1.459854,0.729927,0.729927,0.729927,0.729927,7.29927,0,0.00,0.835746521,131.9456,0.164664721,256.1583947,276.5565
4.379562,65.69343,12.40876,5.109489,0.729927,1.459854,0.729927,0.729927,0.729927,0.729927,7.29927,0,0.00,0.835746521,93.30004,0.116436054,256.1583947,273.9005
4.379562,65.69343,12.40876,5.109489,0.729927,1.459854,0.729927,0.729927,0.729927,0.729927,7.29927,0,0.00,0.835746521,83.62307,0.104359444,256.1583947,273.0776
4.379562,65.69343,12.40876,5.109489,0.729927,1.459854,0.729927,0.729927,0.729927,0.729927,7.29927,0,0.00,0.835746521,83.24821,0.103891628,256.1583947,273.044
4.379562,65.69343,12.40876,5.109489,0.729927,1.459854,0.729927,0.729927,0.729927,0.729927,7.29927,0,0.00,0.835746521,83.24821,0.103891628,256.1583947,273.044
4.379562,65.69343,12.40876,5.109489,0.729927,1.459854,0.729927,0.729927,0.729927,0.729927,7.29927,0,0.00,0.835746521,82.60968,0.103094759,256.1583947,272.8793
4.379562,65.69343,12.40876,5.109489,0.729927,1.459854,0.729927,0.729927,0.729927,0.729927,7.29927,0,0.00,0.835746521,82.36462,0.102788931,256.1583947,272.8093
4.379562,65.69343,12.40876,5.109489,0.729927,1.459854,0.729927,0.729927,0.729927,0.729927,7.29927,0,0.00,0.835746521,81.8786,0.10218239,256.1583947,272.6699
4.379562,65.69343,12.40876,5.109489,0.729927,1.459854,0.729927,0.729927,0.729927,0.729927,7.29927,0,0.00,0.835746521,80.91461,0.100979355,256.1583947,272.3914
4.379562,65.69343,12.40876,5.109489,0.729927,1.459854,0.729927,0.729927,0.729927,0.729927,7.29927,0,0.00,0.835746521,79.01839,0.098612922,256.1583947,271.8353
4.379562,65.69343,12.40876,5.109489,0.729927,1.459854,0.729927,0.729927,0.729927,0.729927,7.29927,0,0.00,0.835746521,75.34997,0.094034828,256.1583947,270.7267
4.379562,65.69343,12.40876,5.109489,0.729927,1.459854,0.729927,0.729927,0.729927,0.729927,7.29927,0,0.00,0.835746521,68.48584,0.08546857,256.1583947,268.5238
4.379562,65.69343,12.40876,5.109489,0.729927,1.459854,0.729927,0.729927,0.729927,0.729927,7.29927,0,0.00,0.835746521,56.47459,0.070478838,256.1583947,264.1758
4.379562,65.69343,12.40876,5.109489,0.729927,1.459854,0.729927,0.729927,0.729927,0.729927,7.29927,0,0.00,0.835746521,46.40031,0.057906395,256.1583947,259.879
4.379562,65.69343,12.40876,5.109489,0.729927,1.459854,0.729927,0.729927,0.729927,0.729927,7.29927,0,0.00,0.835746521,37.89113,0.047287157,256.1583947,255.5857
4.379562,65.69343,12.40876,5.109489,0.729927,1.459854,0.729927,0.729927,0.729927,0.729927,7.29927,0,0.00,0.835746521,30.74361,0.038367236,256.1583947,251.297
4.379562,65.69343,12.40876,5.109489,0.729927,1.459854,0.729927,0.729927,0.729927,0.729927,7.29927,0,0.00,0.835746521,24.77388,0.030917166,256.1583947,247.0129
4.379562,65.69343,12.40876,5.109489,0.729927,1.459854,0.729927,0.729927,0.729927,0.729927,7.29927,0,0.00,0.835746521,19.81831,0.024732742,256.1583947,242.7333
4.379562,65.69343,12.40876,5.109489,0.729927,1.459854,0.729927,0.729927,0.729927,0.729927,7.29927,0,0.00,0.835746521,15.73161,0.019632645,256.1583947,238.4583
13.44086,64.51613,9.139785,3.763441,0.5376344,1.075269,0.5376344,0.5376344,0.5376344,0.5376344,5.376344,0,0.00,0.768418394,2667.651,2.603106551,285.5193563,296.2095
13.44086,64.51613,9.139785,3.763441,0.5376344,1.075269,0.5376344,0.5376344,0.5376344,0.5376344,5.376344,0,0.00,0.768418394,2598.872,2.535991676,285.5193563,296.0756
13.44086,64.51613,9.139785,3.763441,0.5376344,1.075269,0.5376344,0.5376344,0.5376344,0.5376344,5.376344,0,0.00,0.768418394,2530.092,2.468875824,285.5193563,295.9392
13.44086,64.51613,9.139785,3.763441,0.5376344,1.075269,0.5376344,0.5376344,0.5376344,0.5376344,5.376344,0,0.00,0.768418394,2461.409,2.401854625,285.5193563,295.8005
13.44086,64.51613,9.139785,3.763441,0.5376344,1.075269,0.5376344,0.5376344,0.5376344,0.5376344,5.376344,0,0.00,0.768418394,2392.825,2.334930032,285.5193563,295.6593
13.44086,64.51613,9.139785,3.763441,0.5376344,1.075269,0.5376344,0.5376344,0.5376344,0.5376344,5.376344,0,0.00,0.768418394,2324.344,2.268105946,285.5193563,295.5155
13.44086,64.51613,9.139785,3.763441,0.5376344,1.075269,0.5376344,0.5376344,0.5376344,0.5376344,5.376344,0,0.00,0.768418394,2255.973,2.201389198,285.5193563,295.3688
13.44086,64.51613,9.139785,3.763441,0.5376344,1.075269,0.5376344,0.5376344,0.5376344,0.5376344,5.376344,0,0.00,0.768418394,2187.717,2.134784668,285.5193563,295.2191
13.44086,64.51613,9.139785,3.763441,0.5376344,1.075269,0.5376344,0.5376344,0.5376344,0.5376344,5.376344,0,0.00,0.768418394,2119.582,2.068298211,285.5193563,295.0661
13.44086,64.51613,9.139785,3.763441,0.5376344,1.075269,0.5376344,0.5376344,0.5376344,0.5376344,5.376344,0,0.00,0.768418394,2051.576,2.001937632,285.5193563,294.9096
13.44086,64.51613,9.139785,3.763441,0.5376344,1.075269,0.5376344,0.5376344,0.5376344,0.5376344,5.376344,0,0.00,0.768418394,1983.706,1.935709763,285.5193563,294.7493
13.44086,64.51613,9.139785,3.763441,0.5376344,1.075269,0.5376344,0.5376344,0.5376344,0.5376344,5.376344,0,0.00,0.768418394,1915.98,1.869622409,285.5193563,294.5847
13.44086,64.51613,9.139785,3.763441,0.5376344,1.075269,0.5376344,0.5376344,0.5376344,0.5376344,5.376344,0,0.00,0.768418394,1848.407,1.803684354,285.5193563,294.4154
13.44086,64.51613,9.139785,3.763441,0.5376344,1.075269,0.5376344,0.5376344,0.5376344,0.5376344,5.376344,0,0.00,0.768418394,1780.997,1.737905355,285.5193563,294.2407
13.44086,64.51613,9.139785,3.763441,0.5376344,1.075269,0.5376344,0.5376344,0.5376344,0.5376344,5.376344,0,0.00,0.768418394,1747.056,1.704785566,285.5193563,294.1504
13.44086,64.51613,9.139785,3.763441,0.5376344,1.075269,0.5376344,0.5376344,0.5376344,0.5376344,5.376344,0,0.00,0.768418394,1744.878,1.702660263,285.5193563,294.1446
13.44086,64.51613,9.139785,3.763441,0.5376344,1.075269,0.5376344,0.5376344,0.5376344,0.5376344,5.376344,0,0.00,0.768418394,1743.77,1.701579071,285.5193563,294.1416
13.44086,64.51613,9.139785,3.763441,0.5376344,1.075269,0.5376344,0.5376344,0.5376344,0.5376344,5.376344,0,0.00,0.768418394,1743.77,1.701579071,285.5193563,294.1416
13.44086,64.51613,9.139785,3.763441,0.5376344,1.075269,0.5376344,0.5376344,0.5376344,0.5376344,5.376344,0,0.00,0.768418394,1741.551,1.699413761,285.5193563,294.1362
13.44086,64.51613,9.139785,3.763441,0.5376344,1.075269,0.5376344,0.5376344,0.5376344,0.5376344,5.376344,0,0.00,0.768418394,1740.442,1.698331593,285.5193563,294.1336
13.44086,64.51613,9.139785,3.763441,0.5376344,1.075269,0.5376344,0.5376344,0.5376344,0.5376344,5.376344,0,0.00,0.768418394,1738.219,1.696162379,285.5193563,294.1284
13.44086,64.51613,9.139785,3.763441,0.5376344,1.075269,0.5376344,0.5376344,0.5376344,0.5376344,5.376344,0,0.00,0.768418394,1733.766,1.69181712,285.5193563,294.1178
13.44086,64.51613,9.139785,3.763441,0.5376344,1.075269,0.5376344,0.5376344,0.5376344,0.5376344,5.376344,0,0.00,0.768418394,1724.838,1.683105136,285.5193563,294.0964
13.44086,64.51613,9.139785,3.763441,0.5376344,1.075269,0.5376344,0.5376344,0.5376344,0.5376344,5.376344,0,0.00,0.768418394,1706.889,1.665590416,285.5193563,294.0529
13.44086,64.51613,9.139785,3.763441,0.5376344,1.075269,0.5376344,0.5376344,0.5376344,0.5376344,5.376344,0,0.00,0.768418394,1670.645,1.630223348,285.5193563,293.9625
13.44086,64.51613,9.139785,3.763441,0.5376344,1.075269,0.5376344,0.5376344,0.5376344,0.5376344,5.376344,0,0.00,0.768418394,1596.872,1.558235303,285.5193563,293.7669
13.44086,64.51613,9.139785,3.763441,0.5376344,1.075269,0.5376344,0.5376344,0.5376344,0.5376344,5.376344,0,0.00,0.768418394,1522.982,1.486133089,285.5193563,293.5538
13.44086,64.51613,9.139785,3.763441,0.5376344,1.075269,0.5376344,0.5376344,0.5376344,0.5376344,5.376344,0,0.00,0.768418394,1449.291,1.414225061,285.5193563,293.3219
13.44086,64.51613,9.139785,3.763441,0.5376344,1.075269,0.5376344,0.5376344,0.5376344,0.5376344,5.376344,0,0.00,0.768418394,1383.418,1.349945873,285.5193563,293.0962
13.44086,64.51613,9.139785,3.763441,0.5376344,1.075269,0.5376344,0.5376344,0.5376344,0.5376344,5.376344,0,0.00,0.768418394,1317.494,1.28561692,285.5193563,292.8508
13.44086,64.51613,9.139785,3.763441,0.5376344,1.075269,0.5376344,0.5376344,0.5376344,0.5376344,5.376344,0,0.00,0.768418394,1251.87,1.221580708,285.5193563,292.5849
13.44086,64.51613,9.139785,3.763441,0.5376344,1.075269,0.5376344,0.5376344,0.5376344,0.5376344,5.376344,0,0.00,0.768418394,1186.559,1.157849924,285.5193563,292.296
13.44086,64.51613,9.139785,3.763441,0.5376344,1.075269,0.5376344,0.5376344,0.5376344,0.5376344,5.376344,0,0.00,0.768418394,1121.587,1.094449937,285.5193563,291.9819
13.44086,64.51613,9.139785,3.763441,0.5376344,1.075269,0.5376344,0.5376344,0.5376344,0.5376344,5.376344,0,0.00,0.768418394,1056.987,1.031412949,285.5193563,291.6398
13.44086,64.51613,9.139785,3.763441,0.5376344,1.075269,0.5376344,0.5376344,0.5376344,0.5376344,5.376344,0,0.00,0.768418394,992.7955,0.968774577,285.5193563,291.2664
13.44086,64.51613,9.139785,3.763441,0.5376344,1.075269,0.5376344,0.5376344,0.5376344,0.5376344,5.376344,0,0.00,0.768418394,929.054,0.906575318,285.5193563,290.8582
13.44086,64.51613,9.139785,3.763441,0.5376344,1.075269,0.5376344,0.5376344,0.5376344,0.5376344,5.376344,0,0.00,0.768418394,865.8107,0.844862205,285.5193563,290.4109
13.44086,64.51613,9.139785,3.763441,0.5376344,1.075269,0.5376344,0.5376344,0.5376344,0.5376344,5.376344,0,0.00,0.768418394,803.1217,0.78368998,285.5193563,289.9197
13.44086,64.51613,9.139785,3.763441,0.5376344,1.075269,0.5376344,0.5376344,0.5376344,0.5376344,5.376344,0,0.00,0.768418394,741.0524,0.723122461,285.5193563,289.3788
13.44086,64.51613,9.139785,3.763441,0.5376344,1.075269,0.5376344,0.5376344,0.5376344,0.5376344,5.376344,0,0.00,0.768418394,679.6799,0.663234884,285.5193563,288.7814
13.44086,64.51613,9.139785,3.763441,0.5376344,1.075269,0.5376344,0.5376344,0.5376344,0.5376344,5.376344,0,0.00,0.768418394,619.0956,0.604116435,285.5193563,288.1194
13.44086,64.51613,9.139785,3.763441,0.5376344,1.075269,0.5376344,0.5376344,0.5376344,0.5376344,5.376344,0,0.00,0.768418394,559.4091,0.545874064,285.5193563,287.3827
13.44086,64.51613,9.139785,3.763441,0.5376344,1.075269,0.5376344,0.5376344,0.5376344,0.5376344,5.376344,0,0.00,0.768418394,500.7525,0.488636674,285.5193563,286.5594
13.44086,64.51613,9.139785,3.763441,0.5376344,1.075269,0.5376344,0.5376344,0.5376344,0.5376344,5.376344,0,0.00,0.768418394,443.2871,0.432561663,285.5193563,285.6344
13.44086,64.51613,9.139785,3.763441,0.5376344,1.075269,0.5376344,0.5376344,0.5376344,0.5376344,5.376344,0,0.00,0.768418394,387.2113,0.377842631,285.5193563,284.5891
13.44086,64.51613,9.139785,3.763441,0.5376344,1.075269,0.5376344,0.5376344,0.5376344,0.5376344,5.376344,0,0.00,0.768418394,332.772,0.324720503,285.5193563,283.3998
13.44086,64.51613,9.139785,3.763441,0.5376344,1.075269,0.5376344,0.5376344,0.5376344,0.5376344,5.376344,0,0.00,0.768418394,280.2798,0.273498364,285.5193563,282.036
13.44086,64.51613,9.139785,3.763441,0.5376344,1.075269,0.5376344,0.5376344,0.5376344,0.5376344,5.376344,0,0.00,0.768418394,230.1292,0.224561169,285.5193563,280.4579
13.44086,64.51613,9.139785,3.763441,0.5376344,1.075269,0.5376344,0.5376344,0.5376344,0.5376344,5.376344,0,0.00,0.768418394,182.8254,0.178401896,285.5193563,278.6131
13.44086,64.51613,9.139785,3.763441,0.5376344,1.075269,0.5376344,0.5376344,0.5376344,0.5376344,5.376344,0,0.00,0.768418394,139.0178,0.135654231,285.5193563,276.4309
13.44086,64.51613,9.139785,3.763441,0.5376344,1.075269,0.5376344,0.5376344,0.5376344,0.5376344,5.376344,0,0.00,0.768418394,99.53614,0.097127839,285.5193563,273.8159
13.44086,64.51613,9.139785,3.763441,0.5376344,1.075269,0.5376344,0.5376344,0.5376344,0.5376344,5.376344,0,0.00,0.768418394,94.4477,0.092162515,285.5193563,273.4115
13.44086,64.51613,9.139785,3.763441,0.5376344,1.075269,0.5376344,0.5376344,0.5376344,0.5376344,5.376344,0,0.00,0.768418394,91.27166,0.089063321,285.5193563,273.1489
13.44086,64.51613,9.139785,3.763441,0.5376344,1.075269,0.5376344,0.5376344,0.5376344,0.5376344,5.376344,0,0.00,0.768418394,90.46274,0.088273973,285.5193563,273.0807
13.44086,64.51613,9.139785,3.763441,0.5376344,1.075269,0.5376344,0.5376344,0.5376344,0.5376344,5.376344,0,0.00,0.768418394,90.05198,0.087873151,285.5193563,273.0459
13.44086,64.51613,9.139785,3.763441,0.5376344,1.075269,0.5376344,0.5376344,0.5376344,0.5376344,5.376344,0,0.00,0.768418394,90.05198,0.087873151,285.5193563,273.0459
13.44086,64.51613,9.139785,3.763441,0.5376344,1.075269,0.5376344,0.5376344,0.5376344,0.5376344,5.376344,0,0.00,0.768418394,89.35445,0.087192498,285.5193563,272.8789
13.44086,64.51613,9.139785,3.763441,0.5376344,1.075269,0.5376344,0.5376344,0.5376344,0.5376344,5.376344,0,0.00,0.768418394,89.09053,0.086934963,285.5193563,272.8088
13.44086,64.51613,9.139785,3.763441,0.5376344,1.075269,0.5376344,0.5376344,0.5376344,0.5376344,5.376344,0,0.00,0.768418394,88.56749,0.086424579,285.5193563,272.6695
13.44086,64.51613,9.139785,3.763441,0.5376344,1.075269,0.5376344,0.5376344,0.5376344,0.5376344,5.376344,0,0.00,0.768418394,87.53002,0.08541221,285.5193563,272.391
13.44086,64.51613,9.139785,3.763441,0.5376344,1.075269,0.5376344,0.5376344,0.5376344,0.5376344,5.376344,0,0.00,0.768418394,85.48908,0.083420651,285.5193563,271.8349
13.44086,64.51613,9.139785,3.763441,0.5376344,1.075269,0.5376344,0.5376344,0.5376344,0.5376344,5.376344,0,0.00,0.768418394,81.54,0.07956712,285.5193563,270.7262
13.44086,64.51613,9.139785,3.763441,0.5376344,1.075269,0.5376344,0.5376344,0.5376344,0.5376344,5.376344,0,0.00,0.768418394,74.14817,0.072354137,285.5193563,268.5235
13.44086,64.51613,9.139785,3.763441,0.5376344,1.075269,0.5376344,0.5376344,0.5376344,0.5376344,5.376344,0,0.00,0.768418394,61.20459,0.05972373,285.5193563,264.1756
13.44086,64.51613,9.139785,3.763441,0.5376344,1.075269,0.5376344,0.5376344,0.5376344,0.5376344,5.376344,0,0.00,0.768418394,50.33785,0.049119914,285.5193563,259.8789
13.44086,64.51613,9.139785,3.763441,0.5376344,1.075269,0.5376344,0.5376344,0.5376344,0.5376344,5.376344,0,0.00,0.768418394,41.15017,0.040154532,285.5193563,255.5858
13.44086,64.51613,9.139785,3.763441,0.5376344,1.075269,0.5376344,0.5376344,0.5376344,0.5376344,5.376344,0,0.00,0.768418394,33.42481,0.032616089,285.5193563,251.2971
13.44086,64.51613,9.139785,3.763441,0.5376344,1.075269,0.5376344,0.5376344,0.5376344,0.5376344,5.376344,0,0.00,0.768418394,26.96561,0.026313171,285.5193563,247.013
13.44086,64.51613,9.139785,3.763441,0.5376344,1.075269,0.5376344,0.5376344,0.5376344,0.5376344,5.376344,0,0.00,0.768418394,21.59779,0.021075226,285.5193563,242.7334
13.44086,64.51613,9.139785,3.763441,0.5376344,1.075269,0.5376344,0.5376344,0.5376344,0.5376344,5.376344,0,0.00,0.768418394,17.16601,0.016750674,285.5193563,238.4583
13.44086,64.51613,9.139785,3.763441,0.5376344,1.075269,0.5376344,0.5376344,0.5376344,0.5376344,5.376344,0,0.00,0.768418394,13.53262,0.013205195,285.5193563,234.188
4.411765,73.52941,6.25,2.573529,0.3676471,0.7352941,1.838235,0.3676471,0.3676471,0.3676471,9.191176,0,0.00,0.779020869,2639.683,3.256761515,243.9224214,294.8364
4.411765,73.52941,6.25,2.573529,0.3676471,0.7352941,1.838235,0.3676471,0.3676471,0.3676471,9.191176,0,0.00,0.779020869,2570.941,3.171949702,243.9224214,294.7014
4.411765,73.52941,6.25,2.573529,0.3676471,0.7352941,1.838235,0.3676471,0.3676471,0.3676471,9.191176,0,0.00,0.779020869,2502.199,3.08713789,243.9224214,294.564
4.411765,73.52941,6.25,2.573529,0.3676471,0.7352941,1.838235,0.3676471,0.3676471,0.3676471,9.191176,0,0.00,0.779020869,2433.555,3.002446986,243.9224214,294.4242
4.411765,73.52941,6.25,2.573529,0.3676471,0.7352941,1.838235,0.3676471,0.3676471,0.3676471,9.191176,0,0.00,0.779020869,2365.012,2.917880694,243.9224214,294.2818
4.411765,73.52941,6.25,2.573529,0.3676471,0.7352941,1.838235,0.3676471,0.3676471,0.3676471,9.191176,0,0.00,0.779020869,2296.575,2.833445181,243.9224214,294.1367
4.411765,73.52941,6.25,2.573529,0.3676471,0.7352941,1.838235,0.3676471,0.3676471,0.3676471,9.191176,0,0.00,0.779020869,2228.25,2.749147851,243.9224214,293.9886
4.411765,73.52941,6.25,2.573529,0.3676471,0.7352941,1.838235,0.3676471,0.3676471,0.3676471,9.191176,0,0.00,0.779020869,2160.042,2.664994871,243.9224214,293.8373
4.411765,73.52941,6.25,2.573529,0.3676471,0.7352941,1.838235,0.3676471,0.3676471,0.3676471,9.191176,0,0.00,0.779020869,2091.959,2.580996113,243.9224214,293.6825
4.411765,73.52941,6.25,2.573529,0.3676471,0.7352941,1.838235,0.3676471,0.3676471,0.3676471,9.191176,0,0.00,0.779020869,2024.007,2.497158978,243.9224214,293.5239
4.411765,73.52941,6.25,2.573529,0.3676471,0.7352941,1.838235,0.3676471,0.3676471,0.3676471,9.191176,0,0.00,0.779020869,1956.195,2.413494572,243.9224214,293.3611
4.411765,73.52941,6.25,2.573529,0.3676471,0.7352941,1.838235,0.3676471,0.3676471,0.3676471,9.191176,0,0.00,0.779020869,1888.53,2.330011529,243.9224214,293.1936
4.411765,73.52941,6.25,2.573529,0.3676471,0.7352941,1.838235,0.3676471,0.3676471,0.3676471,9.191176,0,0.00,0.779020869,1821.022,2.246722189,243.9224214,293.0208
4.411765,73.52941,6.25,2.573529,0.3676471,0.7352941,1.838235,0.3676471,0.3676471,0.3676471,9.191176,0,0.00,0.779020869,1753.682,2.163640122,243.9224214,292.842
4.411765,73.52941,6.25,2.573529,0.3676471,0.7352941,1.838235,0.3676471,0.3676471,0.3676471,9.191176,0,0.00,0.779020869,1719.772,2.121802983,243.9224214,292.7492
4.411765,73.52941,6.25,2.573529,0.3676471,0.7352941,1.838235,0.3676471,0.3676471,0.3676471,9.191176,0,0.00,0.779020869,1702.439,2.100418049,243.9224214,292.7011
4.411765,73.52941,6.25,2.573529,0.3676471,0.7352941,1.838235,0.3676471,0.3676471,0.3676471,9.191176,0,0.00,0.779020869,1702.439,2.100418049,243.9224214,292.7011
4.411765,73.52941,6.25,2.573529,0.3676471,0.7352941,1.838235,0.3676471,0.3676471,0.3676471,9.191176,0,0.00,0.779020869,1700.242,2.097707456,243.9224214,292.6954
4.411765,73.52941,6.25,2.573529,0.3676471,0.7352941,1.838235,0.3676471,0.3676471,0.3676471,9.191176,0,0.00,0.779020869,1699.134,2.096340439,243.9224214,292.6926
4.411765,73.52941,6.25,2.573529,0.3676471,0.7352941,1.838235,0.3676471,0.3676471,0.3676471,9.191176,0,0.00,0.779020869,1696.912,2.093599003,243.9224214,292.687
4.411765,73.52941,6.25,2.573529,0.3676471,0.7352941,1.838235,0.3676471,0.3676471,0.3676471,9.191176,0,0.00,0.779020869,1692.466,2.088113661,243.9224214,292.6757
4.411765,73.52941,6.25,2.573529,0.3676471,0.7352941,1.838235,0.3676471,0.3676471,0.3676471,9.191176,0,0.00,0.779020869,1683.555,2.077119538,243.9224214,292.653
4.411765,73.52941,6.25,2.573529,0.3676471,0.7352941,1.838235,0.3676471,0.3676471,0.3676471,9.191176,0,0.00,0.779020869,1665.667,2.055049861,243.9224214,292.6066
4.411765,73.52941,6.25,2.573529,0.3676471,0.7352941,1.838235,0.3676471,0.3676471,0.3676471,9.191176,0,0.00,0.779020869,1629.618,2.010573689,243.9224214,292.5104
4.411765,73.52941,6.25,2.573529,0.3676471,0.7352941,1.838235,0.3676471,0.3676471,0.3676471,9.191176,0,0.00,0.779020869,1556.379,1.920213613,243.9224214,292.3027
4.411765,73.52941,6.25,2.573529,0.3676471,0.7352941,1.838235,0.3676471,0.3676471,0.3676471,9.191176,0,0.00,0.779020869,1490.07,1.838403562,243.9224214,292.099
4.411765,73.52941,6.25,2.573529,0.3676471,0.7352941,1.838235,0.3676471,0.3676471,0.3676471,9.191176,0,0.00,0.779020869,1423.732,1.756557733,243.9224214,291.8784
4.411765,73.52941,6.25,2.573529,0.3676471,0.7352941,1.838235,0.3676471,0.3676471,0.3676471,9.191176,0,0.00,0.779020869,1357.658,1.675037618,243.9224214,291.6401
4.411765,73.52941,6.25,2.573529,0.3676471,0.7352941,1.838235,0.3676471,0.3676471,0.3676471,9.191176,0,0.00,0.779020869,1291.856,1.593853089,243.9224214,291.3822
4.411765,73.52941,6.25,2.573529,0.3676471,0.7352941,1.838235,0.3676471,0.3676471,0.3676471,9.191176,0,0.00,0.779020869,1226.351,1.51303499,243.9224214,291.1026
4.411765,73.52941,6.25,2.573529,0.3676471,0.7352941,1.838235,0.3676471,0.3676471,0.3676471,9.191176,0,0.00,0.779020869,1161.168,1.432614164,243.9224214,290.7989
4.411765,73.52941,6.25,2.573529,0.3676471,0.7352941,1.838235,0.3676471,0.3676471,0.3676471,9.191176,0,0.00,0.779020869,1096.337,1.352627626,243.9224214,290.4686
4.411765,73.52941,6.25,2.573529,0.3676471,0.7352941,1.838235,0.3676471,0.3676471,0.3676471,9.191176,0,0.00,0.779020869,1031.892,1.273117323,243.9224214,290.1087
4.411765,73.52941,6.25,2.573529,0.3676471,0.7352941,1.838235,0.3676471,0.3676471,0.3676471,9.191176,0,0.00,0.779020869,967.8711,1.194130261,243.9224214,289.716
4.411765,73.52941,6.25,2.573529,0.3676471,0.7352941,1.838235,0.3676471,0.3676471,0.3676471,9.191176,0,0.00,0.779020869,904.3178,1.11572011,243.9224214,289.2864
4.411765,73.52941,6.25,2.573529,0.3676471,0.7352941,1.838235,0.3676471,0.3676471,0.3676471,9.191176,0,0.00,0.779020869,841.2837,1.037950533,243.9224214,288.8156
4.411765,73.52941,6.25,2.573529,0.3676471,0.7352941,1.838235,0.3676471,0.3676471,0.3676471,9.191176,0,0.00,0.779020869,778.828,0.960894568,243.9224214,288.2983
4.411765,73.52941,6.25,2.573529,0.3676471,0.7352941,1.838235,0.3676471,0.3676471,0.3676471,9.191176,0,0.00,0.779020869,717.0207,0.88463858,243.9224214,287.7284
4.411765,73.52941,6.25,2.573529,0.3676471,0.7352941,1.838235,0.3676471,0.3676471,0.3676471,9.191176,0,0.00,0.779020869,655.9439,0.809283861,243.9224214,287.0983
4.411765,73.52941,6.25,2.573529,0.3676471,0.7352941,1.838235,0.3676471,0.3676471,0.3676471,9.191176,0,0.00,0.779020869,595.6957,0.734951443,243.9224214,286.3994
4.411765,73.52941,6.25,2.573529,0.3676471,0.7352941,1.838235,0.3676471,0.3676471,0.3676471,9.191176,0,0.00,0.779020869,536.3939,0.661786665,243.9224214,285.6207
4.411765,73.52941,6.25,2.573529,0.3676471,0.7352941,1.838235,0.3676471,0.3676471,0.3676471,9.191176,0,0.00,0.779020869,478.181,0.58996534,243.9224214,284.7491
4.411765,73.52941,6.25,2.573529,0.3676471,0.7352941,1.838235,0.3676471,0.3676471,0.3676471,9.191176,0,0.00,0.779020869,421.2317,0.519703006,243.9224214,283.768
4.411765,73.52941,6.25,2.573529,0.3676471,0.7352941,1.838235,0.3676471,0.3676471,0.3676471,9.191176,0,0.00,0.779020869,365.7619,0.451266034,243.9224214,282.6566
4.411765,73.52941,6.25,2.573529,0.3676471,0.7352941,1.838235,0.3676471,0.3676471,0.3676471,9.191176,0,0.00,0.779020869,312.0412,0.38498705,243.9224214,281.3882
4.411765,73.52941,6.25,2.573529,0.3676471,0.7352941,1.838235,0.3676471,0.3676471,0.3676471,9.191176,0,0.00,0.779020869,260.4102,0.321286275,243.9224214,279.9284
4.411765,73.52941,6.25,2.573529,0.3676471,0.7352941,1.838235,0.3676471,0.3676471,0.3676471,9.191176,0,0.00,0.779020869,211.303,0.260699288,243.9224214,278.2316
4.411765,73.52941,6.25,2.573529,0.3676471,0.7352941,1.838235,0.3676471,0.3676471,0.3676471,9.191176,0,0.00,0.779020869,165.2768,0.203913546,243.9224214,276.237
4.411765,73.52941,6.25,2.573529,0.3676471,0.7352941,1.838235,0.3676471,0.3676471,0.3676471,9.191176,0,0.00,0.779020869,123.0472,0.151811936,243.9224214,273.8626
4.411765,73.52941,6.25,2.573529,0.3676471,0.7352941,1.838235,0.3676471,0.3676471,0.3676471,9.191176,0,0.00,0.779020869,112.3502,0.138614299,243.9224214,273.1386
4.411765,73.52941,6.25,2.573529,0.3676471,0.7352941,1.838235,0.3676471,0.3676471,0.3676471,9.191176,0,0.00,0.779020869,110.7352,0.13662176,243.9224214,273.0238
4.411765,73.52941,6.25,2.573529,0.3676471,0.7352941,1.838235,0.3676471,0.3676471,0.3676471,9.191176,0,0.00,0.779020869,110.3051,0.136091116,243.9224214,272.9929
4.411765,73.52941,6.25,2.573529,0.3676471,0.7352941,1.838235,0.3676471,0.3676471,0.3676471,9.191176,0,0.00,0.779020869,110.3051,0.136091116,243.9224214,272.9929
4.411765,73.52941,6.25,2.573529,0.3676471,0.7352941,1.838235,0.3676471,0.3676471,0.3676471,9.191176,0,0.00,0.779020869,109.4944,0.135090898,243.9224214,272.8361
4.411765,73.52941,6.25,2.573529,0.3676471,0.7352941,1.838235,0.3676471,0.3676471,0.3676471,9.191176,0,0.00,0.779020869,109.1715,0.134692514,243.9224214,272.7658
4.411765,73.52941,6.25,2.573529,0.3676471,0.7352941,1.838235,0.3676471,0.3676471,0.3676471,9.191176,0,0.00,0.779020869,108.5339,0.133905862,243.9224214,272.6264
4.411765,73.52941,6.25,2.573529,0.3676471,0.7352941,1.838235,0.3676471,0.3676471,0.3676471,9.191176,0,0.00,0.779020869,107.2692,0.132345514,243.9224214,272.3479
4.411765,73.52941,6.25,2.573529,0.3676471,0.7352941,1.838235,0.3676471,0.3676471,0.3676471,9.191176,0,0.00,0.779020869,104.7809,0.129275524,243.9224214,271.7918
4.411765,73.52941,6.25,2.573529,0.3676471,0.7352941,1.838235,0.3676471,0.3676471,0.3676471,9.191176,0,0.00,0.779020869,99.9655,0.123334428,243.9224214,270.6831
4.411765,73.52941,6.25,2.573529,0.3676471,0.7352941,1.838235,0.3676471,0.3676471,0.3676471,9.191176,0,0.00,0.779020869,90.94903,0.112210179,243.9224214,268.48
4.411765,73.52941,6.25,2.573529,0.3676471,0.7352941,1.838235,0.3676471,0.3676471,0.3676471,9.191176,0,0.00,0.779020869,75.14968,0.092717416,243.9224214,264.1308
4.411765,73.52941,6.25,2.573529,0.3676471,0.7352941,1.838235,0.3676471,0.3676471,0.3676471,9.191176,0,0.00,0.779020869,61.87369,0.076337898,243.9224214,259.8325
4.411765,73.52941,6.25,2.573529,0.3676471,0.7352941,1.838235,0.3676471,0.3676471,0.3676471,9.191176,0,0.00,0.779020869,50.63931,0.062477258,243.9224214,255.5377
4.411765,73.52941,6.25,2.573529,0.3676471,0.7352941,1.838235,0.3676471,0.3676471,0.3676471,9.191176,0,0.00,0.779020869,41.18392,0.050811482,243.9224214,251.2473
4.411765,73.52941,6.25,2.573529,0.3676471,0.7352941,1.838235,0.3676471,0.3676471,0.3676471,9.191176,0,0.00,0.779020869,33.26987,0.041047365,243.9224214,246.9613
4.411765,73.52941,6.25,2.573529,0.3676471,0.7352941,1.838235,0.3676471,0.3676471,0.3676471,9.191176,0,0.00,0.779020869,26.68541,0.032923656,243.9224214,242.6798
4.411765,73.52941,6.25,2.573529,0.3676471,0.7352941,1.838235,0.3676471,0.3676471,0.3676471,9.191176,0,0.00,0.779020869,21.24226,0.026208062,243.9224214,238.4028
4.411765,73.52941,6.25,2.573529,0.3676471,0.7352941,1.838235,0.3676471,0.3676471,0.3676471,9.191176,0,0.00,0.779020869,16.77362,0.020694788,243.9224214,234.1304
4.411765,73.52941,6.25,2.573529,0.3676471,0.7352941,1.838235,0.3676471,0.3676471,0.3676471,9.191176,0,0.00,0.779020869,13.13207,0.016201953,243.9224214,229.8627
1.677852,83.89262,5.704698,2.348993,0.3355705,0.6711409,1.677852,0.3355705,0.3355705,0.3355705,2.684564,0,0.00,0.702698121,2688.862,3.757551132,222.0664441,295.2965
1.677852,83.89262,5.704698,2.348993,0.3355705,0.6711409,1.677852,0.3355705,0.3355705,0.3355705,2.684564,0,0.00,0.702698121,2620.054,3.661395369,222.0664441,295.1603
1.677852,83.89262,5.704698,2.348993,0.3355705,0.6711409,1.677852,0.3355705,0.3355705,0.3355705,2.684564,0,0.00,0.702698121,2551.247,3.565241003,222.0664441,295.0214
1.677852,83.89262,5.704698,2.348993,0.3355705,0.6711409,1.677852,0.3355705,0.3355705,0.3355705,2.684564,0,0.00,0.702698121,2482.534,3.469217997,222.0664441,294.8801
1.677852,83.89262,5.704698,2.348993,0.3355705,0.6711409,1.677852,0.3355705,0.3355705,0.3355705,2.684564,0,0.00,0.702698121,2413.919,3.373331942,222.0664441,294.7361
1.677852,83.89262,5.704698,2.348993,0.3355705,0.6711409,1.677852,0.3355705,0.3355705,0.3355705,2.684564,0,0.00,0.702698121,2345.406,3.277588426,222.0664441,294.5891
1.677852,83.89262,5.704698,2.348993,0.3355705,0.6711409,1.677852,0.3355705,0.3355705,0.3355705,2.684564,0,0.00,0.702698121,2277,3.181994438,222.0664441,294.439
1.677852,83.89262,5.704698,2.348993,0.3355705,0.6711409,1.677852,0.3355705,0.3355705,0.3355705,2.684564,0,0.00,0.702698121,2208.708,3.086559759,222.0664441,294.2855
1.677852,83.89262,5.704698,2.348993,0.3355705,0.6711409,1.677852,0.3355705,0.3355705,0.3355705,2.684564,0,0.00,0.702698121,2140.535,2.991291376,222.0664441,294.1283
1.677852,83.89262,5.704698,2.348993,0.3355705,0.6711409,1.677852,0.3355705,0.3355705,0.3355705,2.684564,0,0.00,0.702698121,2072.489,2.89620047,222.0664441,293.9669
1.677852,83.89262,5.704698,2.348993,0.3355705,0.6711409,1.677852,0.3355705,0.3355705,0.3355705,2.684564,0,0.00,0.702698121,2004.576,2.801295425,222.0664441,293.8009
1.677852,83.89262,5.704698,2.348993,0.3355705,0.6711409,1.677852,0.3355705,0.3355705,0.3355705,2.684564,0,0.00,0.702698121,1936.805,2.706588817,222.0664441,293.6298
1.677852,83.89262,5.704698,2.348993,0.3355705,0.6711409,1.677852,0.3355705,0.3355705,0.3355705,2.684564,0,0.00,0.702698121,1869.184,2.612091827,222.0664441,293.453
1.677852,83.89262,5.704698,2.348993,0.3355705,0.6711409,1.677852,0.3355705,0.3355705,0.3355705,2.684564,0,0.00,0.702698121,1801.723,2.51781843,222.0664441,293.2697
1.677852,83.89262,5.704698,2.348993,0.3355705,0.6711409,1.677852,0.3355705,0.3355705,0.3355705,2.684564,0,0.00,0.702698121,1734.432,2.423782598,222.0664441,293.079
1.677852,83.89262,5.704698,2.348993,0.3355705,0.6711409,1.677852,0.3355705,0.3355705,0.3355705,2.684564,0,0.00,0.702698121,1700.547,2.376429993,222.0664441,292.9796
1.677852,83.89262,5.704698,2.348993,0.3355705,0.6711409,1.677852,0.3355705,0.3355705,0.3355705,2.684564,0,0.00,0.702698121,1683.222,2.352219166,222.0664441,292.9279
1.677852,83.89262,5.704698,2.348993,0.3355705,0.6711409,1.677852,0.3355705,0.3355705,0.3355705,2.684564,0,0.00,0.702698121,1674.458,2.339971911,222.0664441,292.9015
1.677852,83.89262,5.704698,2.348993,0.3355705,0.6711409,1.677852,0.3355705,0.3355705,0.3355705,2.684564,0,0.00,0.702698121,1672.252,2.336889136,222.0664441,292.8948
1.677852,83.89262,5.704698,2.348993,0.3355705,0.6711409,1.677852,0.3355705,0.3355705,0.3355705,2.684564,0,0.00,0.702698121,1672.252,2.336889136,222.0664441,292.8948
1.677852,83.89262,5.704698,2.348993,0.3355705,0.6711409,1.677852,0.3355705,0.3355705,0.3355705,2.684564,0,0.00,0.702698121,1670.037,2.333793783,222.0664441,292.8885
1.677852,83.89262,5.704698,2.348993,0.3355705,0.6711409,1.677852,0.3355705,0.3355705,0.3355705,2.684564,0,0.00,0.702698121,1668.929,2.332245408,222.0664441,292.8854
1.677852,83.89262,5.704698,2.348993,0.3355705,0.6711409,1.677852,0.3355705,0.3355705,0.3355705,2.684564,0,0.00,0.702698121,1666.714,2.329150056,222.0664441,292.8791
1.677852,83.89262,5.704698,2.348993,0.3355705,0.6711409,1.677852,0.3355705,0.3355705,0.3355705,2.684564,0,0.00,0.702698121,1662.289,2.322966338,222.0664441,292.8665
1.677852,83.89262,5.704698,2.348993,0.3355705,0.6711409,1.677852,0.3355705,0.3355705,0.3355705,2.684564,0,0.00,0.702698121,1653.463,2.310632441,222.0664441,292.8413
1.677852,83.89262,5.704698,2.348993,0.3355705,0.6711409,1.677852,0.3355705,0.3355705,0.3355705,2.684564,0,0.00,0.702698121,1635.905,2.286096008,222.0664441,292.7903
1.677852,83.89262,5.704698,2.348993,0.3355705,0.6711409,1.677852,0.3355705,0.3355705,0.3355705,2.684564,0,0.00,0.702698121,1601.17,2.23755557,222.0664441,292.6868
1.677852,83.89262,5.704698,2.348993,0.3355705,0.6711409,1.677852,0.3355705,0.3355705,0.3355705,2.684564,0,0.00,0.702698121,1533.203,2.142575063,222.0664441,292.4726
1.677852,83.89262,5.704698,2.348993,0.3355705,0.6711409,1.677852,0.3355705,0.3355705,0.3355705,2.684564,0,0.00,0.702698121,1466.772,2.049741039,222.0664441,292.2471
1.677852,83.89262,5.704698,2.348993,0.3355705,0.6711409,1.677852,0.3355705,0.3355705,0.3355705,2.684564,0,0.00,0.702698121,1400.528,1.957168338,222.0664441,292.0044
1.677852,83.89262,5.704698,2.348993,0.3355705,0.6711409,1.677852,0.3355705,0.3355705,0.3355705,2.684564,0,0.00,0.702698121,1334.547,1.864963167,222.0664441,291.743
1.677852,83.89262,5.704698,2.348993,0.3355705,0.6711409,1.677852,0.3355705,0.3355705,0.3355705,2.684564,0,0.00,0.702698121,1268.846,1.773149282,222.0664441,291.4609
1.677852,83.89262,5.704698,2.348993,0.3355705,0.6711409,1.677852,0.3355705,0.3355705,0.3355705,2.684564,0,0.00,0.702698121,1203.451,1.681763016,222.0664441,291.1559
1.677852,83.89262,5.704698,2.348993,0.3355705,0.6711409,1.677852,0.3355705,0.3355705,0.3355705,2.684564,0,0.00,0.702698121,1138.388,1.590840704,222.0664441,290.8256
1.677852,83.89262,5.704698,2.348993,0.3355705,0.6711409,1.677852,0.3355705,0.3355705,0.3355705,2.684564,0,0.00,0.702698121,1073.689,1.500427065,222.0664441,290.4673
1.677852,83.89262,5.704698,2.348993,0.3355705,0.6711409,1.677852,0.3355705,0.3355705,0.3355705,2.684564,0,0.00,0.702698121,1009.388,1.41056961,222.0664441,290.0779
1.677852,83.89262,5.704698,2.348993,0.3355705,0.6711409,1.677852,0.3355705,0.3355705,0.3355705,2.684564,0,0.00,0.702698121,945.5251,1.321324378,222.0664441,289.6538
1.677852,83.89262,5.704698,2.348993,0.3355705,0.6711409,1.677852,0.3355705,0.3355705,0.3355705,2.684564,0,0.00,0.702698121,882.1477,1.232757609,222.0664441,289.1909
1.677852,83.89262,5.704698,2.348993,0.3355705,0.6711409,1.677852,0.3355705,0.3355705,0.3355705,2.684564,0,0.00,0.702698121,819.3093,1.144944065,222.0664441,288.6845
1.677852,83.89262,5.704698,2.348993,0.3355705,0.6711409,1.677852,0.3355705,0.3355705,0.3355705,2.684564,0,0.00,0.702698121,757.0725,1.057971227,222.0664441,288.1291
1.677852,83.89262,5.704698,2.348993,0.3355705,0.6711409,1.677852,0.3355705,0.3355705,0.3355705,2.684564,0,0.00,0.702698121,695.5112,0.971942367,222.0664441,287.5179
1.677852,83.89262,5.704698,2.348993,0.3355705,0.6711409,1.677852,0.3355705,0.3355705,0.3355705,2.684564,0,0.00,0.702698121,634.713,0.886979901,222.0664441,286.8431
1.677852,83.89262,5.704698,2.348993,0.3355705,0.6711409,1.677852,0.3355705,0.3355705,0.3355705,2.684564,0,0.00,0.702698121,574.7822,0.803229584,222.0664441,286.0952
1.677852,83.89262,5.704698,2.348993,0.3355705,0.6711409,1.677852,0.3355705,0.3355705,0.3355705,2.684564,0,0.00,0.702698121,515.8446,0.720867215,222.0664441,285.2626
1.677852,83.89262,5.704698,2.348993,0.3355705,0.6711409,1.677852,0.3355705,0.3355705,0.3355705,2.684564,0,0.00,0.702698121,458.0531,0.640106463,222.0664441,284.3308
1.677852,83.89262,5.704698,2.348993,0.3355705,0.6711409,1.677852,0.3355705,0.3355705,0.3355705,2.684564,0,0.00,0.702698121,401.5957,0.56121005,222.0664441,283.282
1.677852,83.89262,5.704698,2.348993,0.3355705,0.6711409,1.677852,0.3355705,0.3355705,0.3355705,2.684564,0,0.00,0.702698121,346.7054,0.484503581,222.0664441,282.0933
1.677852,83.89262,5.704698,2.348993,0.3355705,0.6711409,1.677852,0.3355705,0.3355705,0.3355705,2.684564,0,0.00,0.702698121,293.6746,0.410395671,222.0664441,280.7356
1.677852,83.89262,5.704698,2.348993,0.3355705,0.6711409,1.677852,0.3355705,0.3355705,0.3355705,2.684564,0,0.00,0.702698121,242.8737,0.339403936,222.0664441,279.1707
1.677852,83.89262,5.704698,2.348993,0.3355705,0.6711409,1.677852,0.3355705,0.3355705,0.3355705,2.684564,0,0.00,0.702698121,194.7764,0.272190348,222.0664441,277.3481
1.677852,83.89262,5.704698,2.348993,0.3355705,0.6711409,1.677852,0.3355705,0.3355705,0.3355705,2.684564,0,0.00,0.702698121,149.991,0.209604975,222.0664441,275.1999
1.677852,83.89262,5.704698,2.348993,0.3355705,0.6711409,1.677852,0.3355705,0.3355705,0.3355705,2.684564,0,0.00,0.702698121,128.0377,0.178926328,222.0664441,273.9106
1.677852,83.89262,5.704698,2.348993,0.3355705,0.6711409,1.677852,0.3355705,0.3355705,0.3355705,2.684564,0,0.00,0.702698121,116.0157,0.16212618,222.0664441,273.1137
1.677852,83.89262,5.704698,2.348993,0.3355705,0.6711409,1.677852,0.3355705,0.3355705,0.3355705,2.684564,0,0.00,0.702698121,115.2051,0.160993407,222.0664441,273.0572
1.677852,83.89262,5.704698,2.348993,0.3355705,0.6711409,1.677852,0.3355705,0.3355705,0.3355705,2.684564,0,0.00,0.702698121,115.2051,0.160993407,222.0664441,273.0572
1.677852,83.89262,5.704698,2.348993,0.3355705,0.6711409,1.677852,0.3355705,0.3355705,0.3355705,2.684564,0,0.00,0.702698121,114.2858,0.159708731,222.0664441,272.9043
1.677852,83.89262,5.704698,2.348993,0.3355705,0.6711409,1.677852,0.3355705,0.3355705,0.3355705,2.684564,0,0.00,0.702698121,113.9464,0.159234436,222.0664441,272.8332
1.677852,83.89262,5.704698,2.348993,0.3355705,0.6711409,1.677852,0.3355705,0.3355705,0.3355705,2.684564,0,0.00,0.702698121,113.2837,0.158308346,222.0664441,272.6938
1.677852,83.89262,5.704698,2.348993,0.3355705,0.6711409,1.677852,0.3355705,0.3355705,0.3355705,2.684564,0,0.00,0.702698121,111.9691,0.156471258,222.0664441,272.4153
1.677852,83.89262,5.704698,2.348993,0.3355705,0.6711409,1.677852,0.3355705,0.3355705,0.3355705,2.684564,0,0.00,0.702698121,109.3827,0.152856892,222.0664441,271.8592
1.677852,83.89262,5.704698,2.348993,0.3355705,0.6711409,1.677852,0.3355705,0.3355705,0.3355705,2.684564,0,0.00,0.702698121,104.3765,0.145860976,222.0664441,270.7505
1.677852,83.89262,5.704698,2.348993,0.3355705,0.6711409,1.677852,0.3355705,0.3355705,0.3355705,2.684564,0,0.00,0.702698121,95.00029,0.132758188,222.0664441,268.5476
1.677852,83.89262,5.704698,2.348993,0.3355705,0.6711409,1.677852,0.3355705,0.3355705,0.3355705,2.684564,0,0.00,0.702698121,78.56118,0.109785348,222.0664441,264.1991
1.677852,83.89262,5.704698,2.348993,0.3355705,0.6711409,1.677852,0.3355705,0.3355705,0.3355705,2.684564,0,0.00,0.702698121,64.73626,0.090465709,222.0664441,259.9016
1.677852,83.89262,5.704698,2.348993,0.3355705,0.6711409,1.677852,0.3355705,0.3355705,0.3355705,2.684564,0,0.00,0.702698121,53.02721,0.074102893,222.0664441,255.6075
1.677852,83.89262,5.704698,2.348993,0.3355705,0.6711409,1.677852,0.3355705,0.3355705,0.3355705,2.684564,0,0.00,0.702698121,43.16376,0.060319211,222.0664441,251.3177
1.677852,83.89262,5.704698,2.348993,0.3355705,0.6711409,1.677852,0.3355705,0.3355705,0.3355705,2.684564,0,0.00,0.702698121,34.90093,0.048772317,222.0664441,247.0323
1.677852,83.89262,5.704698,2.348993,0.3355705,0.6711409,1.677852,0.3355705,0.3355705,0.3355705,2.684564,0,0.00,0.702698121,28.02011,0.039156712,222.0664441,242.7514
1.677852,83.89262,5.704698,2.348993,0.3355705,0.6711409,1.677852,0.3355705,0.3355705,0.3355705,2.684564,0,0.00,0.702698121,22.32673,0.031200497,222.0664441,238.4748
1.677852,83.89262,5.704698,2.348993,0.3355705,0.6711409,1.677852,0.3355705,0.3355705,0.3355705,2.684564,0,0.00,0.702698121,17.64817,0.024662441,222.0664441,234.2028
1.677852,83.89262,5.704698,2.348993,0.3355705,0.6711409,1.677852,0.3355705,0.3355705,0.3355705,2.684564,0,0.00,0.702698121,13.83176,0.019329198,222.0664441,229.9355
1.340483,80.42895,6.702413,1.876676,0.2680965,0.536193,1.340483,0.2680965,0.2680965,0.2680965,6.702413,0,0.00,0.727137989,2468.812,3.404383039,223.3769418,294.4365
1.340483,80.42895,6.702413,1.876676,0.2680965,0.536193,1.340483,0.2680965,0.2680965,0.2680965,6.702413,0,0.00,0.727137989,2400.317,3.30993145,223.3769418,294.2914
1.340483,80.42895,6.702413,1.876676,0.2680965,0.536193,1.340483,0.2680965,0.2680965,0.2680965,6.702413,0,0.00,0.727137989,2331.822,3.215479861,223.3769418,294.1429
1.340483,80.42895,6.702413,1.876676,0.2680965,0.536193,1.340483,0.2680965,0.2680965,0.2680965,6.702413,0,0.00,0.727137989,2263.438,3.121181336,223.3769418,293.9911
1.340483,80.42895,6.702413,1.876676,0.2680965,0.536193,1.340483,0.2680965,0.2680965,0.2680965,6.702413,0,0.00,0.727137989,2195.169,3.027041392,223.3769418,293.8357
1.340483,80.42895,6.702413,1.876676,0.2680965,0.536193,1.340483,0.2680965,0.2680965,0.2680965,6.702413,0,0.00,0.727137989,2127.021,2.9330683,223.3769418,293.6763
1.340483,80.42895,6.702413,1.876676,0.2680965,0.536193,1.340483,0.2680965,0.2680965,0.2680965,6.702413,0,0.00,0.727137989,2059.001,2.839271715,223.3769418,293.5125
1.340483,80.42895,6.702413,1.876676,0.2680965,0.536193,1.340483,0.2680965,0.2680965,0.2680965,6.702413,0,0.00,0.727137989,1991.115,2.745659911,223.3769418,293.3438
1.340483,80.42895,6.702413,1.876676,0.2680965,0.536193,1.340483,0.2680965,0.2680965,0.2680965,6.702413,0,0.00,0.727137989,1923.373,2.652246675,223.3769418,293.1698
1.340483,80.42895,6.702413,1.876676,0.2680965,0.536193,1.340483,0.2680965,0.2680965,0.2680965,6.702413,0,0.00,0.727137989,1855.783,2.559043042,223.3769418,292.9896
1.340483,80.42895,6.702413,1.876676,0.2680965,0.536193,1.340483,0.2680965,0.2680965,0.2680965,6.702413,0,0.00,0.727137989,1788.355,2.466062799,223.3769418,292.8026
1.340483,80.42895,6.702413,1.876676,0.2680965,0.536193,1.340483,0.2680965,0.2680965,0.2680965,6.702413,0,0.00,0.727137989,1721.099,2.373319736,223.3769418,292.6078
1.340483,80.42895,6.702413,1.876676,0.2680965,0.536193,1.340483,0.2680965,0.2680965,0.2680965,6.702413,0,0.00,0.727137989,1654.028,2.280831781,223.3769418,292.4042
1.340483,80.42895,6.702413,1.876676,0.2680965,0.536193,1.340483,0.2680965,0.2680965,0.2680965,6.702413,0,0.00,0.727137989,1587.153,2.1886141,223.3769418,292.1906
1.340483,80.42895,6.702413,1.876676,0.2680965,0.536193,1.340483,0.2680965,0.2680965,0.2680965,6.702413,0,0.00,0.727137989,1520.489,2.09668738,223.3769418,291.9655
1.340483,80.42895,6.702413,1.876676,0.2680965,0.536193,1.340483,0.2680965,0.2680965,0.2680965,6.702413,0,0.00,0.727137989,1486.899,2.050368249,223.3769418,291.8469
1.340483,80.42895,6.702413,1.876676,0.2680965,0.536193,1.340483,0.2680965,0.2680965,0.2680965,6.702413,0,0.00,0.727137989,1478.264,2.038460964,223.3769418,291.8158
1.340483,80.42895,6.702413,1.876676,0.2680965,0.536193,1.340483,0.2680965,0.2680965,0.2680965,6.702413,0,0.00,0.727137989,1476.066,2.035430019,223.3769418,291.8079
1.340483,80.42895,6.702413,1.876676,0.2680965,0.536193,1.340483,0.2680965,0.2680965,0.2680965,6.702413,0,0.00,0.727137989,1476.066,2.035430019,223.3769418,291.8079
1.340483,80.42895,6.702413,1.876676,0.2680965,0.536193,1.340483,0.2680965,0.2680965,0.2680965,6.702413,0,0.00,0.727137989,1473.857,2.032383905,223.3769418,291.8001
1.340483,80.42895,6.702413,1.876676,0.2680965,0.536193,1.340483,0.2680965,0.2680965,0.2680965,6.702413,0,0.00,0.727137989,1472.753,2.030861538,223.3769418,291.7963
1.340483,80.42895,6.702413,1.876676,0.2680965,0.536193,1.340483,0.2680965,0.2680965,0.2680965,6.702413,0,0.00,0.727137989,1470.544,2.027815424,223.3769418,291.7885
1.340483,80.42895,6.702413,1.876676,0.2680965,0.536193,1.340483,0.2680965,0.2680965,0.2680965,6.702413,0,0.00,0.727137989,1466.133,2.021732849,223.3769418,291.773
1.340483,80.42895,6.702413,1.876676,0.2680965,0.536193,1.340483,0.2680965,0.2680965,0.2680965,6.702413,0,0.00,0.727137989,1457.338,2.009604931,223.3769418,291.7419
1.340483,80.42895,6.702413,1.876676,0.2680965,0.536193,1.340483,0.2680965,0.2680965,0.2680965,6.702413,0,0.00,0.727137989,1439.854,1.985495265,223.3769418,291.679
1.340483,80.42895,6.702413,1.876676,0.2680965,0.536193,1.340483,0.2680965,0.2680965,0.2680965,6.702413,0,0.00,0.727137989,1405.313,1.937864747,223.3769418,291.551
1.340483,80.42895,6.702413,1.876676,0.2680965,0.536193,1.340483,0.2680965,0.2680965,0.2680965,6.702413,0,0.00,0.727137989,1337.928,1.844943799,223.3769418,291.2856
1.340483,80.42895,6.702413,1.876676,0.2680965,0.536193,1.340483,0.2680965,0.2680965,0.2680965,6.702413,0,0.00,0.727137989,1272.275,1.754411203,223.3769418,291.0051
1.340483,80.42895,6.702413,1.876676,0.2680965,0.536193,1.340483,0.2680965,0.2680965,0.2680965,6.702413,0,0.00,0.727137989,1206.86,1.664206799,223.3769418,290.7015
1.340483,80.42895,6.702413,1.876676,0.2680965,0.536193,1.340483,0.2680965,0.2680965,0.2680965,6.702413,0,0.00,0.727137989,1141.779,1.574462965,223.3769418,290.3727
1.340483,80.42895,6.702413,1.876676,0.2680965,0.536193,1.340483,0.2680965,0.2680965,0.2680965,6.702413,0,0.00,0.727137989,1077.06,1.485218314,223.3769418,290.0158
1.340483,80.42895,6.702413,1.876676,0.2680965,0.536193,1.340483,0.2680965,0.2680965,0.2680965,6.702413,0,0.00,0.727137989,1012.737,1.396519729,223.3769418,289.6277
1.340483,80.42895,6.702413,1.876676,0.2680965,0.536193,1.340483,0.2680965,0.2680965,0.2680965,6.702413,0,0.00,0.727137989,948.8505,1.308423059,223.3769418,289.2049
1.340483,80.42895,6.702413,1.876676,0.2680965,0.536193,1.340483,0.2680965,0.2680965,0.2680965,6.702413,0,0.00,0.727137989,885.4465,1.220991735,223.3769418,288.7432
1.340483,80.42895,6.702413,1.876676,0.2680965,0.536193,1.340483,0.2680965,0.2680965,0.2680965,6.702413,0,0.00,0.727137989,822.5783,1.134299255,223.3769418,288.2379
1.340483,80.42895,6.702413,1.876676,0.2680965,0.536193,1.340483,0.2680965,0.2680965,0.2680965,6.702413,0,0.00,0.727137989,760.3084,1.048431805,223.3769418,287.6833
1.340483,80.42895,6.702413,1.876676,0.2680965,0.536193,1.340483,0.2680965,0.2680965,0.2680965,6.702413,0,0.00,0.727137989,698.7098,0.963490048,223.3769418,287.073
1.340483,80.42895,6.702413,1.876676,0.2680965,0.536193,1.340483,0.2680965,0.2680965,0.2680965,6.702413,0,0.00,0.727137989,637.8693,0.879593678,223.3769418,286.399
1.340483,80.42895,6.702413,1.876676,0.2680965,0.536193,1.340483,0.2680965,0.2680965,0.2680965,6.702413,0,0.00,0.727137989,577.8903,0.796885278,223.3769418,285.6518
1.340483,80.42895,6.702413,1.876676,0.2680965,0.536193,1.340483,0.2680965,0.2680965,0.2680965,6.702413,0,0.00,0.727137989,518.8972,0.71553639,223.3769418,284.82
1.340483,80.42895,6.702413,1.876676,0.2680965,0.536193,1.340483,0.2680965,0.2680965,0.2680965,6.702413,0,0.00,0.727137989,461.0416,0.635756065,223.3769418,283.8893
1.340483,80.42895,6.702413,1.876676,0.2680965,0.536193,1.340483,0.2680965,0.2680965,0.2680965,6.702413,0,0.00,0.727137989,404.5091,0.557800237,223.3769418,282.842
1.340483,80.42895,6.702413,1.876676,0.2680965,0.536193,1.340483,0.2680965,0.2680965,0.2680965,6.702413,0,0.00,0.727137989,349.5303,0.481986893,223.3769418,281.6555
1.340483,80.42895,6.702413,1.876676,0.2680965,0.536193,1.340483,0.2680965,0.2680965,0.2680965,6.702413,0,0.00,0.727137989,296.3939,0.408714137,223.3769418,280.3011
1.340483,80.42895,6.702413,1.876676,0.2680965,0.536193,1.340483,0.2680965,0.2680965,0.2680965,6.702413,0,0.00,0.727137989,245.4658,0.33848653,223.3769418,278.7411
1.340483,80.42895,6.702413,1.876676,0.2680965,0.536193,1.340483,0.2680965,0.2680965,0.2680965,6.702413,0,0.00,0.727137989,197.2135,0.271948733,223.3769418,276.9258
1.340483,80.42895,6.702413,1.876676,0.2680965,0.536193,1.340483,0.2680965,0.2680965,0.2680965,6.702413,0,0.00,0.727137989,152.2374,0.209928671,223.3769418,274.7885
1.340483,80.42895,6.702413,1.876676,0.2680965,0.536193,1.340483,0.2680965,0.2680965,0.2680965,6.702413,0,0.00,0.727137989,130.1737,0.1795038,223.3769418,273.5073
1.340483,80.42895,6.702413,1.876676,0.2680965,0.536193,1.340483,0.2680965,0.2680965,0.2680965,6.702413,0,0.00,0.727137989,123.9865,0.170971924,223.3769418,273.1112
1.340483,80.42895,6.702413,1.876676,0.2680965,0.536193,1.340483,0.2680965,0.2680965,0.2680965,6.702413,0,0.00,0.727137989,122.2826,0.168622321,223.3769418,272.9989
1.340483,80.42895,6.702413,1.876676,0.2680965,0.536193,1.340483,0.2680965,0.2680965,0.2680965,6.702413,0,0.00,0.727137989,122.2826,0.168622321,223.3769418,272.9989
1.340483,80.42895,6.702413,1.876676,0.2680965,0.536193,1.340483,0.2680965,0.2680965,0.2680965,6.702413,0,0.00,0.727137989,121.4507,0.167475167,223.3769418,272.8478
1.340483,80.42895,6.702413,1.876676,0.2680965,0.536193,1.340483,0.2680965,0.2680965,0.2680965,6.702413,0,0.00,0.727137989,121.0979,0.166988672,223.3769418,272.7775
1.340483,80.42895,6.702413,1.876676,0.2680965,0.536193,1.340483,0.2680965,0.2680965,0.2680965,6.702413,0,0.00,0.727137989,120.4008,0.166027402,223.3769418,272.6381
1.340483,80.42895,6.702413,1.876676,0.2680965,0.536193,1.340483,0.2680965,0.2680965,0.2680965,6.702413,0,0.00,0.727137989,119.0178,0.164120306,223.3769418,272.3596
1.340483,80.42895,6.702413,1.876676,0.2680965,0.536193,1.340483,0.2680965,0.2680965,0.2680965,6.702413,0,0.00,0.727137989,116.2962,0.160367339,223.3769418,271.8035
1.340483,80.42895,6.702413,1.876676,0.2680965,0.536193,1.340483,0.2680965,0.2680965,0.2680965,6.702413,0,0.00,0.727137989,111.0262,0.153100241,223.3769418,270.6949
1.340483,80.42895,6.702413,1.876676,0.2680965,0.536193,1.340483,0.2680965,0.2680965,0.2680965,6.702413,0,0.00,0.727137989,101.1479,0.1394785,223.3769418,268.4919
1.340483,80.42895,6.702413,1.876676,0.2680965,0.536193,1.340483,0.2680965,0.2680965,0.2680965,6.702413,0,0.00,0.727137989,83.801,0.115557889,223.3769418,264.1432
1.340483,80.42895,6.702413,1.876676,0.2680965,0.536193,1.340483,0.2680965,0.2680965,0.2680965,6.702413,0,0.00,0.727137989,69.18193,0.095398835,223.3769418,259.8454
1.340483,80.42895,6.702413,1.876676,0.2680965,0.536193,1.340483,0.2680965,0.2680965,0.2680965,6.702413,0,0.00,0.727137989,56.77447,0.078289494,223.3769418,255.5509
1.340483,80.42895,6.702413,1.876676,0.2680965,0.536193,1.340483,0.2680965,0.2680965,0.2680965,6.702413,0,0.00,0.727137989,46.30084,0.06384682,223.3769418,251.2607
1.340483,80.42895,6.702413,1.876676,0.2680965,0.536193,1.340483,0.2680965,0.2680965,0.2680965,6.702413,0,0.00,0.727137989,37.5084,0.051722432,223.3769418,246.975
1.340483,80.42895,6.702413,1.876676,0.2680965,0.536193,1.340483,0.2680965,0.2680965,0.2680965,6.702413,0,0.00,0.727137989,30.17108,0.041604591,223.3769418,242.6936
1.340483,80.42895,6.702413,1.876676,0.2680965,0.536193,1.340483,0.2680965,0.2680965,0.2680965,6.702413,0,0.00,0.727137989,24.08706,0.033214995,223.3769418,238.4166
1.340483,80.42895,6.702413,1.876676,0.2680965,0.536193,1.340483,0.2680965,0.2680965,0.2680965,6.702413,0,0.00,0.727137989,19.07678,0.02630604,223.3769418,234.1441
1.340483,80.42895,6.702413,1.876676,0.2680965,0.536193,1.340483,0.2680965,0.2680965,0.2680965,6.702413,0,0.00,0.727137989,14.98093,0.020658043,223.3769418,229.8763
4.784689,83.73206,4.784689,1.674641,0.2392344,0.4784689,1.196172,0.2392344,0.2392344,0.2392344,2.392344,0,0.00,0.670483235,2532.238,3.185425466,230.7813405,294.5508
4.784689,83.73206,4.784689,1.674641,0.2392344,0.4784689,1.196172,0.2392344,0.2392344,0.2392344,2.392344,0,0.00,0.670483235,2463.647,3.099141508,230.7813405,294.4064
4.784689,83.73206,4.784689,1.674641,0.2392344,0.4784689,1.196172,0.2392344,0.2392344,0.2392344,2.392344,0,0.00,0.670483235,2395.057,3.012858808,230.7813405,294.2588
4.784689,83.73206,4.784689,1.674641,0.2392344,0.4784689,1.196172,0.2392344,0.2392344,0.2392344,2.392344,0,0.00,0.670483235,2326.573,2.92670945,230.7813405,294.1079
4.784689,83.73206,4.784689,1.674641,0.2392344,0.4784689,1.196172,0.2392344,0.2392344,0.2392344,2.392344,0,0.00,0.670483235,2258.198,2.840697208,230.7813405,293.9534
4.784689,83.73206,4.784689,1.674641,0.2392344,0.4784689,1.196172,0.2392344,0.2392344,0.2392344,2.392344,0,0.00,0.670483235,2189.938,2.754829631,230.7813405,293.795
4.784689,83.73206,4.784689,1.674641,0.2392344,0.4784689,1.196172,0.2392344,0.2392344,0.2392344,2.392344,0,0.00,0.670483235,2121.799,2.669114265,230.7813405,293.6323
4.784689,83.73206,4.784689,1.674641,0.2392344,0.4784689,1.196172,0.2392344,0.2392344,0.2392344,2.392344,0,0.00,0.670483235,2053.789,2.583561175,230.7813405,293.4649
4.784689,83.73206,4.784689,1.674641,0.2392344,0.4784689,1.196172,0.2392344,0.2392344,0.2392344,2.392344,0,0.00,0.670483235,1985.914,2.498177908,230.7813405,293.2921
4.784689,83.73206,4.784689,1.674641,0.2392344,0.4784689,1.196172,0.2392344,0.2392344,0.2392344,2.392344,0,0.00,0.670483235,1918.184,2.412977044,230.7813405,293.1134
4.784689,83.73206,4.784689,1.674641,0.2392344,0.4784689,1.196172,0.2392344,0.2392344,0.2392344,2.392344,0,0.00,0.670483235,1850.606,2.327967387,230.7813405,292.9281
4.784689,83.73206,4.784689,1.674641,0.2392344,0.4784689,1.196172,0.2392344,0.2392344,0.2392344,2.392344,0,0.00,0.670483235,1783.191,2.243162776,230.7813405,292.7353
4.784689,83.73206,4.784689,1.674641,0.2392344,0.4784689,1.196172,0.2392344,0.2392344,0.2392344,2.392344,0,0.00,0.670483235,1715.948,2.158574533,230.7813405,292.5341
4.784689,83.73206,4.784689,1.674641,0.2392344,0.4784689,1.196172,0.2392344,0.2392344,0.2392344,2.392344,0,0.00,0.670483235,1648.891,2.074220268,230.7813405,292.3234
4.784689,83.73206,4.784689,1.674641,0.2392344,0.4784689,1.196172,0.2392344,0.2392344,0.2392344,2.392344,0,0.00,0.670483235,1582.032,1.990115077,230.7813405,292.1019
4.784689,83.73206,4.784689,1.674641,0.2392344,0.4784689,1.196172,0.2392344,0.2392344,0.2392344,2.392344,0,0.00,0.670483235,1515.385,1.90627657,230.7813405,291.8683
4.784689,83.73206,4.784689,1.674641,0.2392344,0.4784689,1.196172,0.2392344,0.2392344,0.2392344,2.392344,0,0.00,0.670483235,1448.966,1.822724877,230.7813405,291.621
4.784689,83.73206,4.784689,1.674641,0.2392344,0.4784689,1.196172,0.2392344,0.2392344,0.2392344,2.392344,0,0.00,0.670483235,1444.738,1.81740627,230.7813405,291.6047
4.784689,83.73206,4.784689,1.674641,0.2392344,0.4784689,1.196172,0.2392344,0.2392344,0.2392344,2.392344,0,0.00,0.670483235,1442.535,1.814635009,230.7813405,291.5962
4.784689,83.73206,4.784689,1.674641,0.2392344,0.4784689,1.196172,0.2392344,0.2392344,0.2392344,2.392344,0,0.00,0.670483235,1442.527,1.814624945,230.7813405,291.5961
4.784689,83.73206,4.784689,1.674641,0.2392344,0.4784689,1.196172,0.2392344,0.2392344,0.2392344,2.392344,0,0.00,0.670483235,1440.328,1.811858716,230.7813405,291.5879
4.784689,83.73206,4.784689,1.674641,0.2392344,0.4784689,1.196172,0.2392344,0.2392344,0.2392344,2.392344,0,0.00,0.670483235,1439.224,1.810469941,230.7813405,291.5837
4.784689,83.73206,4.784689,1.674641,0.2392344,0.4784689,1.196172,0.2392344,0.2392344,0.2392344,2.392344,0,0.00,0.670483235,1437.017,1.807693648,230.7813405,291.5753
4.784689,83.73206,4.784689,1.674641,0.2392344,0.4784689,1.196172,0.2392344,0.2392344,0.2392344,2.392344,0,0.00,0.670483235,1432.608,1.802147352,230.7813405,291.5586
4.784689,83.73206,4.784689,1.674641,0.2392344,0.4784689,1.196172,0.2392344,0.2392344,0.2392344,2.392344,0,0.00,0.670483235,1423.819,1.791091241,230.7813405,291.525
4.784689,83.73206,4.784689,1.674641,0.2392344,0.4784689,1.196172,0.2392344,0.2392344,0.2392344,2.392344,0,0.00,0.670483235,1406.35,1.769116135,230.7813405,291.4572
4.784689,83.73206,4.784689,1.674641,0.2392344,0.4784689,1.196172,0.2392344,0.2392344,0.2392344,2.392344,0,0.00,0.670483235,1371.848,1.72571439,230.7813405,291.3191
4.784689,83.73206,4.784689,1.674641,0.2392344,0.4784689,1.196172,0.2392344,0.2392344,0.2392344,2.392344,0,0.00,0.670483235,1304.577,1.641090924,230.7813405,291.0335
4.784689,83.73206,4.784689,1.674641,0.2392344,0.4784689,1.196172,0.2392344,0.2392344,0.2392344,2.392344,0,0.00,0.670483235,1239.076,1.558694027,230.7813405,290.7321
4.784689,83.73206,4.784689,1.674641,0.2392344,0.4784689,1.196172,0.2392344,0.2392344,0.2392344,2.392344,0,0.00,0.670483235,1173.826,1.476612875,230.7813405,290.4063
4.784689,83.73206,4.784689,1.674641,0.2392344,0.4784689,1.196172,0.2392344,0.2392344,0.2392344,2.392344,0,0.00,0.670483235,1108.924,1.394969489,230.7813405,290.0539
4.784689,83.73206,4.784689,1.674641,0.2392344,0.4784689,1.196172,0.2392344,0.2392344,0.2392344,2.392344,0,0.00,0.670483235,1044.401,1.313802866,230.7813405,289.6718
4.784689,83.73206,4.784689,1.674641,0.2392344,0.4784689,1.196172,0.2392344,0.2392344,0.2392344,2.392344,0,0.00,0.670483235,980.2942,1.233159801,230.7813405,289.2566
4.784689,83.73206,4.784689,1.674641,0.2392344,0.4784689,1.196172,0.2392344,0.2392344,0.2392344,2.392344,0,0.00,0.670483235,916.6461,1.153093758,230.7813405,288.8046
4.784689,83.73206,4.784689,1.674641,0.2392344,0.4784689,1.196172,0.2392344,0.2392344,0.2392344,2.392344,0,0.00,0.670483235,853.5066,1.073667507,230.7813405,288.3113
4.784689,83.73206,4.784689,1.674641,0.2392344,0.4784689,1.196172,0.2392344,0.2392344,0.2392344,2.392344,0,0.00,0.670483235,790.9333,0.994953506,230.7813405,287.7716
4.784689,83.73206,4.784689,1.674641,0.2392344,0.4784689,1.196172,0.2392344,0.2392344,0.2392344,2.392344,0,0.00,0.670483235,728.9937,0.917036667,230.7813405,287.1792
4.784689,83.73206,4.784689,1.674641,0.2392344,0.4784689,1.196172,0.2392344,0.2392344,0.2392344,2.392344,0,0.00,0.670483235,667.7676,0.840017375,230.7813405,286.5271
4.784689,83.73206,4.784689,1.674641,0.2392344,0.4784689,1.196172,0.2392344,0.2392344,0.2392344,2.392344,0,0.00,0.670483235,607.3497,0.764014757,230.7813405,285.8066
4.784689,83.73206,4.784689,1.674641,0.2392344,0.4784689,1.196172,0.2392344,0.2392344,0.2392344,2.392344,0,0.00,0.670483235,547.8534,0.689171465,230.7813405,285.0071
4.784689,83.73206,4.784689,1.674641,0.2392344,0.4784689,1.196172,0.2392344,0.2392344,0.2392344,2.392344,0,0.00,0.670483235,489.416,0.615660214,230.7813405,284.1158
4.784689,83.73206,4.784689,1.674641,0.2392344,0.4784689,1.196172,0.2392344,0.2392344,0.2392344,2.392344,0,0.00,0.670483235,432.2054,0.543692215,230.7813405,283.1167
4.784689,83.73206,4.784689,1.674641,0.2392344,0.4784689,1.196172,0.2392344,0.2392344,0.2392344,2.392344,0,0.00,0.670483235,376.4284,0.473527611,230.7813405,281.9897
4.784689,83.73206,4.784689,1.674641,0.2392344,0.4784689,1.196172,0.2392344,0.2392344,0.2392344,2.392344,0,0.00,0.670483235,322.3431,0.405491079,230.7813405,280.7094
4.784689,83.73206,4.784689,1.674641,0.2392344,0.4784689,1.196172,0.2392344,0.2392344,0.2392344,2.392344,0,0.00,0.670483235,270.2747,0.339991704,230.7813405,279.2424
4.784689,83.73206,4.784689,1.674641,0.2392344,0.4784689,1.196172,0.2392344,0.2392344,0.2392344,2.392344,0,0.00,0.670483235,220.6371,0.27755015,230.7813405,277.5454
4.784689,83.73206,4.784689,1.674641,0.2392344,0.4784689,1.196172,0.2392344,0.2392344,0.2392344,2.392344,0,0.00,0.670483235,173.9607,0.218833634,230.7813405,275.5603
4.784689,83.73206,4.784689,1.674641,0.2392344,0.4784689,1.196172,0.2392344,0.2392344,0.2392344,2.392344,0,0.00,0.670483235,130.9275,0.164700077,230.7813405,273.2084
4.784689,83.73206,4.784689,1.674641,0.2392344,0.4784689,1.196172,0.2392344,0.2392344,0.2392344,2.392344,0,0.00,0.670483235,128.107,0.161152032,230.7813405,273.0297
4.784689,83.73206,4.784689,1.674641,0.2392344,0.4784689,1.196172,0.2392344,0.2392344,0.2392344,2.392344,0,0.00,0.670483235,128.107,0.161152032,230.7813405,273.0297
4.784689,83.73206,4.784689,1.674641,0.2392344,0.4784689,1.196172,0.2392344,0.2392344,0.2392344,2.392344,0,0.00,0.670483235,127.2886,0.160122527,230.7813405,272.8809
4.784689,83.73206,4.784689,1.674641,0.2392344,0.4784689,1.196172,0.2392344,0.2392344,0.2392344,2.392344,0,0.00,0.670483235,126.9197,0.15965847,230.7813405,272.811
4.784689,83.73206,4.784689,1.674641,0.2392344,0.4784689,1.196172,0.2392344,0.2392344,0.2392344,2.392344,0,0.00,0.670483235,126.1873,0.158737148,230.7813405,272.6716
4.784689,83.73206,4.784689,1.674641,0.2392344,0.4784689,1.196172,0.2392344,0.2392344,0.2392344,2.392344,0,0.00,0.670483235,124.7345,0.1569096,230.7813405,272.3931
4.784689,83.73206,4.784689,1.674641,0.2392344,0.4784689,1.196172,0.2392344,0.2392344,0.2392344,2.392344,0,0.00,0.670483235,121.8755,0.153313125,230.7813405,271.837
4.784689,83.73206,4.784689,1.674641,0.2392344,0.4784689,1.196172,0.2392344,0.2392344,0.2392344,2.392344,0,0.00,0.670483235,116.3402,0.146350002,230.7813405,270.7283
4.784689,83.73206,4.784689,1.674641,0.2392344,0.4784689,1.196172,0.2392344,0.2392344,0.2392344,2.392344,0,0.00,0.670483235,105.9667,0.133300671,230.7813405,268.5255
4.784689,83.73206,4.784689,1.674641,0.2392344,0.4784689,1.196172,0.2392344,0.2392344,0.2392344,2.392344,0,0.00,0.670483235,87.75792,0.11039496,230.7813405,264.1773
4.784689,83.73206,4.784689,1.674641,0.2392344,0.4784689,1.196172,0.2392344,0.2392344,0.2392344,2.392344,0,0.00,0.670483235,72.42058,0.091101373,230.7813405,259.88
4.784689,83.73206,4.784689,1.674641,0.2392344,0.4784689,1.196172,0.2392344,0.2392344,0.2392344,2.392344,0,0.00,0.670483235,59.40994,0.074734656,230.7813405,255.586
4.784689,83.73206,4.784689,1.674641,0.2392344,0.4784689,1.196172,0.2392344,0.2392344,0.2392344,2.392344,0,0.00,0.670483235,48.43265,0.060925788,230.7813405,251.2964
4.784689,83.73206,4.784689,1.674641,0.2392344,0.4784689,1.196172,0.2392344,0.2392344,0.2392344,2.392344,0,0.00,0.670483235,39.22198,0.049339238,230.7813405,247.011
4.784689,83.73206,4.784689,1.674641,0.2392344,0.4784689,1.196172,0.2392344,0.2392344,0.2392344,2.392344,0,0.00,0.670483235,31.53942,0.039674972,230.7813405,242.73
4.784689,83.73206,4.784689,1.674641,0.2392344,0.4784689,1.196172,0.2392344,0.2392344,0.2392344,2.392344,0,0.00,0.670483235,25.17216,0.031665286,230.7813405,238.4534
4.784689,83.73206,4.784689,1.674641,0.2392344,0.4784689,1.196172,0.2392344,0.2392344,0.2392344,2.392344,0,0.00,0.670483235,19.93101,0.025072188,230.7813405,234.1812
4.784689,83.73206,4.784689,1.674641,0.2392344,0.4784689,1.196172,0.2392344,0.2392344,0.2392344,2.392344,0,0.00,0.670483235,15.64826,0.019684708,230.7813405,229.9137
0.6465517,90.51724,4.310345,1.508621,0.2155172,0.4310345,1.077586,0.2155172,0.2155172,0.2155172,0.6465517,0,0.00,0.641855639,2478.415,3.626155891,208.3588333,294.2807
0.6465517,90.51724,4.310345,1.508621,0.2155172,0.4310345,1.077586,0.2155172,0.2155172,0.2155172,0.6465517,0,0.00,0.641855639,2409.905,3.525919272,208.3588333,294.1314
0.6465517,90.51724,4.310345,1.508621,0.2155172,0.4310345,1.077586,0.2155172,0.2155172,0.2155172,0.6465517,0,0.00,0.641855639,2341.395,3.425682653,208.3588333,293.9784
0.6465517,90.51724,4.310345,1.508621,0.2155172,0.4310345,1.077586,0.2155172,0.2155172,0.2155172,0.6465517,0,0.00,0.641855639,2272.996,3.325608438,208.3588333,293.8217
0.6465517,90.51724,4.310345,1.508621,0.2155172,0.4310345,1.077586,0.2155172,0.2155172,0.2155172,0.6465517,0,0.00,0.641855639,2204.711,3.225701015,208.3588333,293.6609
0.6465517,90.51724,4.310345,1.508621,0.2155172,0.4310345,1.077586,0.2155172,0.2155172,0.2155172,0.6465517,0,0.00,0.641855639,2136.545,3.125967701,208.3588333,293.4955
0.6465517,90.51724,4.310345,1.508621,0.2155172,0.4310345,1.077586,0.2155172,0.2155172,0.2155172,0.6465517,0,0.00,0.641855639,2068.507,3.026421662,208.3588333,293.3252
0.6465517,90.51724,4.310345,1.508621,0.2155172,0.4310345,1.077586,0.2155172,0.2155172,0.2155172,0.6465517,0,0.00,0.641855639,2000.602,2.927070216,208.3588333,293.1493
0.6465517,90.51724,4.310345,1.508621,0.2155172,0.4310345,1.077586,0.2155172,0.2155172,0.2155172,0.6465517,0,0.00,0.641855639,1932.839,2.827926529,208.3588333,292.9673
0.6465517,90.51724,4.310345,1.508621,0.2155172,0.4310345,1.077586,0.2155172,0.2155172,0.2155172,0.6465517,0,0.00,0.641855639,1865.228,2.729005232,208.3588333,292.7784
0.6465517,90.51724,4.310345,1.508621,0.2155172,0.4310345,1.077586,0.2155172,0.2155172,0.2155172,0.6465517,0,0.00,0.641855639,1797.776,2.630316567,208.3588333,292.5819
0.6465517,90.51724,4.310345,1.508621,0.2155172,0.4310345,1.077586,0.2155172,0.2155172,0.2155172,0.6465517,0,0.00,0.641855639,1730.496,2.531879554,208.3588333,292.3767
0.6465517,90.51724,4.310345,1.508621,0.2155172,0.4310345,1.077586,0.2155172,0.2155172,0.2155172,0.6465517,0,0.00,0.641855639,1663.397,2.433707362,208.3588333,292.1618
0.6465517,90.51724,4.310345,1.508621,0.2155172,0.4310345,1.077586,0.2155172,0.2155172,0.2155172,0.6465517,0,0.00,0.641855639,1596.494,2.335821936,208.3588333,291.936
0.6465517,90.51724,4.310345,1.508621,0.2155172,0.4310345,1.077586,0.2155172,0.2155172,0.2155172,0.6465517,0,0.00,0.641855639,1529.8,2.238242297,208.3588333,291.698
0.6465517,90.51724,4.310345,1.508621,0.2155172,0.4310345,1.077586,0.2155172,0.2155172,0.2155172,0.6465517,0,0.00,0.641855639,1463.33,2.140990391,208.3588333,291.4463
0.6465517,90.51724,4.310345,1.508621,0.2155172,0.4310345,1.077586,0.2155172,0.2155172,0.2155172,0.6465517,0,0.00,0.641855639,1397.101,2.044091091,208.3588333,291.179
0.6465517,90.51724,4.310345,1.508621,0.2155172,0.4310345,1.077586,0.2155172,0.2155172,0.2155172,0.6465517,0,0.00,0.641855639,1331.134,1.947575122,208.3588333,290.8944
0.6465517,90.51724,4.310345,1.508621,0.2155172,0.4310345,1.077586,0.2155172,0.2155172,0.2155172,0.6465517,0,0.00,0.641855639,1326.93,1.941424272,208.3588333,290.8756
0.6465517,90.51724,4.310345,1.508621,0.2155172,0.4310345,1.077586,0.2155172,0.2155172,0.2155172,0.6465517,0,0.00,0.641855639,1324.732,1.93820839,208.3588333,290.8657
0.6465517,90.51724,4.310345,1.508621,0.2155172,0.4310345,1.077586,0.2155172,0.2155172,0.2155172,0.6465517,0,0.00,0.641855639,1323.631,1.936597523,208.3588333,290.8607
0.6465517,90.51724,4.310345,1.508621,0.2155172,0.4310345,1.077586,0.2155172,0.2155172,0.2155172,0.6465517,0,0.00,0.641855639,1323.08,1.935791357,208.3588333,290.8582
0.6465517,90.51724,4.310345,1.508621,0.2155172,0.4310345,1.077586,0.2155172,0.2155172,0.2155172,0.6465517,0,0.00,0.641855639,1323.08,1.935791357,208.3588333,290.8582
0.6465517,90.51724,4.310345,1.508621,0.2155172,0.4310345,1.077586,0.2155172,0.2155172,0.2155172,0.6465517,0,0.00,0.641855639,1320.875,1.932565233,208.3588333,290.8484
0.6465517,90.51724,4.310345,1.508621,0.2155172,0.4310345,1.077586,0.2155172,0.2155172,0.2155172,0.6465517,0,0.00,0.641855639,1319.774,1.930954366,208.3588333,290.8435
0.6465517,90.51724,4.310345,1.508621,0.2155172,0.4310345,1.077586,0.2155172,0.2155172,0.2155172,0.6465517,0,0.00,0.641855639,1317.572,1.927732632,208.3588333,290.8337
0.6465517,90.51724,4.310345,1.508621,0.2155172,0.4310345,1.077586,0.2155172,0.2155172,0.2155172,0.6465517,0,0.00,0.641855639,1313.174,1.921297941,208.3588333,290.814
0.6465517,90.51724,4.310345,1.508621,0.2155172,0.4310345,1.077586,0.2155172,0.2155172,0.2155172,0.6465517,0,0.00,0.641855639,1304.409,1.908473916,208.3588333,290.7745
0.6465517,90.51724,4.310345,1.508621,0.2155172,0.4310345,1.077586,0.2155172,0.2155172,0.2155172,0.6465517,0,0.00,0.641855639,1286.997,1.882998511,208.3588333,290.6947
0.6465517,90.51724,4.310345,1.508621,0.2155172,0.4310345,1.077586,0.2155172,0.2155172,0.2155172,0.6465517,0,0.00,0.641855639,1252.648,1.83274267,208.3588333,290.5323
0.6465517,90.51724,4.310345,1.508621,0.2155172,0.4310345,1.077586,0.2155172,0.2155172,0.2155172,0.6465517,0,0.00,0.641855639,1185.829,1.734980144,208.3588333,290.1963
0.6465517,90.51724,4.310345,1.508621,0.2155172,0.4310345,1.077586,0.2155172,0.2155172,0.2155172,0.6465517,0,0.00,0.641855639,1120.935,1.640034076,208.3588333,289.8417
0.6465517,90.51724,4.310345,1.508621,0.2155172,0.4310345,1.077586,0.2155172,0.2155172,0.2155172,0.6465517,0,0.00,0.641855639,1056.336,1.54551962,208.3588333,289.4576
0.6465517,90.51724,4.310345,1.508621,0.2155172,0.4310345,1.077586,0.2155172,0.2155172,0.2155172,0.6465517,0,0.00,0.641855639,992.1487,1.451607521,208.3588333,289.041
0.6465517,90.51724,4.310345,1.508621,0.2155172,0.4310345,1.077586,0.2155172,0.2155172,0.2155172,0.6465517,0,0.00,0.641855639,928.412,1.358354692,208.3588333,288.5882
0.6465517,90.51724,4.310345,1.508621,0.2155172,0.4310345,1.077586,0.2155172,0.2155172,0.2155172,0.6465517,0,0.00,0.641855639,865.174,1.265831508,208.3588333,288.0948
0.6465517,90.51724,4.310345,1.508621,0.2155172,0.4310345,1.077586,0.2155172,0.2155172,0.2155172,0.6465517,0,0.00,0.641855639,802.491,1.174120342,208.3588333,287.5558
0.6465517,90.51724,4.310345,1.508621,0.2155172,0.4310345,1.077586,0.2155172,0.2155172,0.2155172,0.6465517,0,0.00,0.641855639,740.4283,1.083316734,208.3588333,286.9652
0.6465517,90.51724,4.310345,1.508621,0.2155172,0.4310345,1.077586,0.2155172,0.2155172,0.2155172,0.6465517,0,0.00,0.641855639,679.0632,0.99353378,208.3588333,286.316
0.6465517,90.51724,4.310345,1.508621,0.2155172,0.4310345,1.077586,0.2155172,0.2155172,0.2155172,0.6465517,0,0.00,0.641855639,618.4875,0.904905793,208.3588333,285.5999
0.6465517,90.51724,4.310345,1.508621,0.2155172,0.4310345,1.077586,0.2155172,0.2155172,0.2155172,0.6465517,0,0.00,0.641855639,558.8107,0.817592983,208.3588333,284.8066
0.6465517,90.51724,4.310345,1.508621,0.2155172,0.4310345,1.077586,0.2155172,0.2155172,0.2155172,0.6465517,0,0.00,0.641855639,500.1653,0.731789208,208.3588333,283.9237
0.6465517,90.51724,4.310345,1.508621,0.2155172,0.4310345,1.077586,0.2155172,0.2155172,0.2155172,0.6465517,0,0.00,0.641855639,442.7129,0.647730905,208.3588333,282.9358
0.6465517,90.51724,4.310345,1.508621,0.2155172,0.4310345,1.077586,0.2155172,0.2155172,0.2155172,0.6465517,0,0.00,0.641855639,386.6522,0.565708791,208.3588333,281.8237
0.6465517,90.51724,4.310345,1.508621,0.2155172,0.4310345,1.077586,0.2155172,0.2155172,0.2155172,0.6465517,0,0.00,0.641855639,332.2309,0.486085274,208.3588333,280.5628
0.6465517,90.51724,4.310345,1.508621,0.2155172,0.4310345,1.077586,0.2155172,0.2155172,0.2155172,0.6465517,0,0.00,0.641855639,279.7603,0.409315817,208.3588333,279.1216
0.6465517,90.51724,4.310345,1.508621,0.2155172,0.4310345,1.077586,0.2155172,0.2155172,0.2155172,0.6465517,0,0.00,0.641855639,229.6357,0.335978779,208.3588333,277.4584
0.6465517,90.51724,4.310345,1.508621,0.2155172,0.4310345,1.077586,0.2155172,0.2155172,0.2155172,0.6465517,0,0.00,0.641855639,182.3638,0.266815512,208.3588333,275.518
0.6465517,90.51724,4.310345,1.508621,0.2155172,0.4310345,1.077586,0.2155172,0.2155172,0.2155172,0.6465517,0,0.00,0.641855639,138.5954,0.202778197,208.3588333,273.2257
0.6465517,90.51724,4.310345,1.508621,0.2155172,0.4310345,1.077586,0.2155172,0.2155172,0.2155172,0.6465517,0,0.00,0.641855639,135.7254,0.198579116,208.3588333,273.0523
0.6465517,90.51724,4.310345,1.508621,0.2155172,0.4310345,1.077586,0.2155172,0.2155172,0.2155172,0.6465517,0,0.00,0.641855639,135.7254,0.198579116,208.3588333,273.0523
0.6465517,90.51724,4.310345,1.508621,0.2155172,0.4310345,1.077586,0.2155172,0.2155172,0.2155172,0.6465517,0,0.00,0.641855639,134.7761,0.1971902,208.3588333,272.9086
0.6465517,90.51724,4.310345,1.508621,0.2155172,0.4310345,1.077586,0.2155172,0.2155172,0.2155172,0.6465517,0,0.00,0.641855639,134.3805,0.1966114,208.3588333,272.8376
0.6465517,90.51724,4.310345,1.508621,0.2155172,0.4310345,1.077586,0.2155172,0.2155172,0.2155172,0.6465517,0,0.00,0.641855639,133.6072,0.195479988,208.3588333,272.6982
0.6465517,90.51724,4.310345,1.508621,0.2155172,0.4310345,1.077586,0.2155172,0.2155172,0.2155172,0.6465517,0,0.00,0.641855639,132.0731,0.193235455,208.3588333,272.4197
0.6465517,90.51724,4.310345,1.508621,0.2155172,0.4310345,1.077586,0.2155172,0.2155172,0.2155172,0.6465517,0,0.00,0.641855639,129.0541,0.188818372,208.3588333,271.8636
0.6465517,90.51724,4.310345,1.508621,0.2155172,0.4310345,1.077586,0.2155172,0.2155172,0.2155172,0.6465517,0,0.00,0.641855639,123.2085,0.180265705,208.3588333,270.755
0.6465517,90.51724,4.310345,1.508621,0.2155172,0.4310345,1.077586,0.2155172,0.2155172,0.2155172,0.6465517,0,0.00,0.641855639,112.2513,0.164234284,208.3588333,268.5522
0.6465517,90.51724,4.310345,1.508621,0.2155172,0.4310345,1.077586,0.2155172,0.2155172,0.2155172,0.6465517,0,0.00,0.641855639,93.01056,0.136083259,208.3588333,264.2043
0.6465517,90.51724,4.310345,1.508621,0.2155172,0.4310345,1.077586,0.2155172,0.2155172,0.2155172,0.6465517,0,0.00,0.641855639,76.79523,0.112358695,208.3588333,259.9074
0.6465517,90.51724,4.310345,1.508621,0.2155172,0.4310345,1.077586,0.2155172,0.2155172,0.2155172,0.6465517,0,0.00,0.641855639,63.03221,0.092222093,208.3588333,255.6138
0.6465517,90.51724,4.310345,1.508621,0.2155172,0.4310345,1.077586,0.2155172,0.2155172,0.2155172,0.6465517,0,0.00,0.641855639,51.41378,0.07522323,208.3588333,251.3243
0.6465517,90.51724,4.310345,1.508621,0.2155172,0.4310345,1.077586,0.2155172,0.2155172,0.2155172,0.6465517,0,0.00,0.641855639,41.65981,0.060952248,208.3588333,247.0392
0.6465517,90.51724,4.310345,1.508621,0.2155172,0.4310345,1.077586,0.2155172,0.2155172,0.2155172,0.6465517,0,0.00,0.641855639,33.51953,0.049042247,208.3588333,242.7584
0.6465517,90.51724,4.310345,1.508621,0.2155172,0.4310345,1.077586,0.2155172,0.2155172,0.2155172,0.6465517,0,0.00,0.641855639,26.76906,0.03916567,208.3588333,238.4819
0.6465517,90.51724,4.310345,1.508621,0.2155172,0.4310345,1.077586,0.2155172,0.2155172,0.2155172,0.6465517,0,0.00,0.641855639,21.20918,0.031031039,208.3588333,234.2099
0.6465517,90.51724,4.310345,1.508621,0.2155172,0.4310345,1.077586,0.2155172,0.2155172,0.2155172,0.6465517,0,0.00,0.641855639,16.66317,0.024379796,208.3588333,229.9424
0.6465517,90.51724,4.310345,1.508621,0.2155172,0.4310345,1.077586,0.2155172,0.2155172,0.2155172,0.6465517,0,0.00,0.641855639,12.97504,0.018983712,208.3588333,225.6796
2.325581,62.0155,7.751938,5.426357,0.7751938,1.550388,3.875969,0.7751938,0.7751938,0.7751938,13.95349,0,0.00,0.945298948,2835.926,3.692164847,258.794572,295.5391
2.325581,62.0155,7.751938,5.426357,0.7751938,1.550388,3.875969,0.7751938,0.7751938,0.7751938,13.95349,0,0.00,0.945298948,2766.936,3.602344995,258.794572,295.4142
2.325581,62.0155,7.751938,5.426357,0.7751938,1.550388,3.875969,0.7751938,0.7751938,0.7751938,13.95349,0,0.00,0.945298948,2697.945,3.512523842,258.794572,295.2872
2.325581,62.0155,7.751938,5.426357,0.7751938,1.550388,3.875969,0.7751938,0.7751938,0.7751938,13.95349,0,0.00,0.945298948,2629.041,3.422815956,258.794572,295.1583
2.325581,62.0155,7.751938,5.426357,0.7751938,1.550388,3.875969,0.7751938,0.7751938,0.7751938,13.95349,0,0.00,0.945298948,2560.224,3.333221337,258.794572,295.0273
2.325581,62.0155,7.751938,5.426357,0.7751938,1.550388,3.875969,0.7751938,0.7751938,0.7751938,13.95349,0,0.00,0.945298948,2491.499,3.243746496,258.794572,294.8941
2.325581,62.0155,7.751938,5.426357,0.7751938,1.550388,3.875969,0.7751938,0.7751938,0.7751938,13.95349,0,0.00,0.945298948,2422.87,3.154396639,258.794572,294.7585
2.325581,62.0155,7.751938,5.426357,0.7751938,1.550388,3.875969,0.7751938,0.7751938,0.7751938,13.95349,0,0.00,0.945298948,2354.344,3.065180881,258.794572,294.6205
2.325581,62.0155,7.751938,5.426357,0.7751938,1.550388,3.875969,0.7751938,0.7751938,0.7751938,13.95349,0,0.00,0.945298948,2285.924,2.976103127,258.794572,294.4798
2.325581,62.0155,7.751938,5.426357,0.7751938,1.550388,3.875969,0.7751938,0.7751938,0.7751938,13.95349,0,0.00,0.945298948,2217.616,2.887171188,258.794572,294.3362
2.325581,62.0155,7.751938,5.426357,0.7751938,1.550388,3.875969,0.7751938,0.7751938,0.7751938,13.95349,0,0.00,0.945298948,2149.428,2.798395481,258.794572,294.1897
2.325581,62.0155,7.751938,5.426357,0.7751938,1.550388,3.875969,0.7751938,0.7751938,0.7751938,13.95349,0,0.00,0.945298948,2081.364,2.709781212,258.794572,294.0399
2.325581,62.0155,7.751938,5.426357,0.7751938,1.550388,3.875969,0.7751938,0.7751938,0.7751938,13.95349,0,0.00,0.945298948,2013.434,2.621341402,258.794572,293.8866
2.325581,62.0155,7.751938,5.426357,0.7751938,1.550388,3.875969,0.7751938,0.7751938,0.7751938,13.95349,0,0.00,0.945298948,1945.644,2.533083861,258.794572,293.7295
2.325581,62.0155,7.751938,5.426357,0.7751938,1.550388,3.875969,0.7751938,0.7751938,0.7751938,13.95349,0,0.00,0.945298948,1878.003,2.445020307,258.794572,293.5683
2.325581,62.0155,7.751938,5.426357,0.7751938,1.550388,3.875969,0.7751938,0.7751938,0.7751938,13.95349,0,0.00,0.945298948,1869.432,2.433861502,258.794572,293.5475
2.325581,62.0155,7.751938,5.426357,0.7751938,1.550388,3.875969,0.7751938,0.7751938,0.7751938,13.95349,0,0.00,0.945298948,1865.01,2.428104387,258.794572,293.5368
2.325581,62.0155,7.751938,5.426357,0.7751938,1.550388,3.875969,0.7751938,0.7751938,0.7751938,13.95349,0,0.00,0.945298948,1864.456,2.42738312,258.794572,293.5354
2.325581,62.0155,7.751938,5.426357,0.7751938,1.550388,3.875969,0.7751938,0.7751938,0.7751938,13.95349,0,0.00,0.945298948,1863.901,2.426660551,258.794572,293.5341
2.325581,62.0155,7.751938,5.426357,0.7751938,1.550388,3.875969,0.7751938,0.7751938,0.7751938,13.95349,0,0.00,0.945298948,1862.233,2.424488939,258.794572,293.5318
2.325581,62.0155,7.751938,5.426357,0.7751938,1.550388,3.875969,0.7751938,0.7751938,0.7751938,13.95349,0,0.00,0.945298948,1861.123,2.423043802,258.794572,293.5297
2.325581,62.0155,7.751938,5.426357,0.7751938,1.550388,3.875969,0.7751938,0.7751938,0.7751938,13.95349,0,0.00,0.945298948,1858.796,2.420014221,258.794572,293.5254
2.325581,62.0155,7.751938,5.426357,0.7751938,1.550388,3.875969,0.7751938,0.7751938,0.7751938,13.95349,0,0.00,0.945298948,1853.965,2.413724618,258.794572,293.5163
2.325581,62.0155,7.751938,5.426357,0.7751938,1.550388,3.875969,0.7751938,0.7751938,0.7751938,13.95349,0,0.00,0.945298948,1843.762,2.40044107,258.794572,293.497
2.325581,62.0155,7.751938,5.426357,0.7751938,1.550388,3.875969,0.7751938,0.7751938,0.7751938,13.95349,0,0.00,0.945298948,1821.973,2.372073412,258.794572,293.455
2.325581,62.0155,7.751938,5.426357,0.7751938,1.550388,3.875969,0.7751938,0.7751938,0.7751938,13.95349,0,0.00,0.945298948,1775.835,2.312005166,258.794572,293.3628
2.325581,62.0155,7.751938,5.426357,0.7751938,1.550388,3.875969,0.7751938,0.7751938,0.7751938,13.95349,0,0.00,0.945298948,1680.843,2.188332643,258.794572,293.1576
2.325581,62.0155,7.751938,5.426357,0.7751938,1.550388,3.875969,0.7751938,0.7751938,0.7751938,13.95349,0,0.00,0.945298948,1593.553,2.074687551,258.794572,292.9486
2.325581,62.0155,7.751938,5.426357,0.7751938,1.550388,3.875969,0.7751938,0.7751938,0.7751938,13.95349,0,0.00,0.945298948,1513.742,1.970779562,258.794572,292.7376
2.325581,62.0155,7.751938,5.426357,0.7751938,1.550388,3.875969,0.7751938,0.7751938,0.7751938,13.95349,0,0.00,0.945298948,1436.832,1.870648459,258.794572,292.514
2.325581,62.0155,7.751938,5.426357,0.7751938,1.550388,3.875969,0.7751938,0.7751938,0.7751938,13.95349,0,0.00,0.945298948,1361.313,1.772328335,258.794572,292.2725
2.325581,62.0155,7.751938,5.426357,0.7751938,1.550388,3.875969,0.7751938,0.7751938,0.7751938,13.95349,0,0.00,0.945298948,1286.576,1.675026316,258.794572,292.0092
2.325581,62.0155,7.751938,5.426357,0.7751938,1.550388,3.875969,0.7751938,0.7751938,0.7751938,13.95349,0,0.00,0.945298948,1221.505,1.590308711,258.794572,291.7577
2.325581,62.0155,7.751938,5.426357,0.7751938,1.550388,3.875969,0.7751938,0.7751938,0.7751938,13.95349,0,0.00,0.945298948,1156.327,1.5054518,258.794572,291.4826
2.325581,62.0155,7.751938,5.426357,0.7751938,1.550388,3.875969,0.7751938,0.7751938,0.7751938,13.95349,0,0.00,0.945298948,1091.525,1.421084413,258.794572,291.183
2.325581,62.0155,7.751938,5.426357,0.7751938,1.550388,3.875969,0.7751938,0.7751938,0.7751938,13.95349,0,0.00,0.945298948,1027.11,1.337220871,258.794572,290.8562
2.325581,62.0155,7.751938,5.426357,0.7751938,1.550388,3.875969,0.7751938,0.7751938,0.7751938,13.95349,0,0.00,0.945298948,963.1222,1.253913512,258.794572,290.499
2.325581,62.0155,7.751938,5.426357,0.7751938,1.550388,3.875969,0.7751938,0.7751938,0.7751938,13.95349,0,0.00,0.945298948,899.6057,1.17121975,258.794572,290.1077
2.325581,62.0155,7.751938,5.426357,0.7751938,1.550388,3.875969,0.7751938,0.7751938,0.7751938,13.95349,0,0.00,0.945298948,836.6125,1.089207286,258.794572,289.678
2.325581,62.0155,7.751938,5.426357,0.7751938,1.550388,3.875969,0.7751938,0.7751938,0.7751938,13.95349,0,0.00,0.945298948,774.2026,1.007954236,258.794572,289.205
2.325581,62.0155,7.751938,5.426357,0.7751938,1.550388,3.875969,0.7751938,0.7751938,0.7751938,13.95349,0,0.00,0.945298948,712.4466,0.927552514,258.794572,288.6826
2.325581,62.0155,7.751938,5.426357,0.7751938,1.550388,3.875969,0.7751938,0.7751938,0.7751938,13.95349,0,0.00,0.945298948,651.4279,0.848110703,258.794572,288.1035
2.325581,62.0155,7.751938,5.426357,0.7751938,1.550388,3.875969,0.7751938,0.7751938,0.7751938,13.95349,0,0.00,0.945298948,591.2459,0.769758212,258.794572,287.4593
2.325581,62.0155,7.751938,5.426357,0.7751938,1.550388,3.875969,0.7751938,0.7751938,0.7751938,13.95349,0,0.00,0.945298948,532.0199,0.692650363,258.794572,286.7391
2.325581,62.0155,7.751938,5.426357,0.7751938,1.550388,3.875969,0.7751938,0.7751938,0.7751938,13.95349,0,0.00,0.945298948,473.8947,0.616975673,258.794572,285.93
2.325581,62.0155,7.751938,5.426357,0.7751938,1.550388,3.875969,0.7751938,0.7751938,0.7751938,13.95349,0,0.00,0.945298948,417.0475,0.542964844,258.794572,285.0154
2.325581,62.0155,7.751938,5.426357,0.7751938,1.550388,3.875969,0.7751938,0.7751938,0.7751938,13.95349,0,0.00,0.945298948,361.6978,0.470903649,258.794572,283.9748
2.325581,62.0155,7.751938,5.426357,0.7751938,1.550388,3.875969,0.7751938,0.7751938,0.7751938,13.95349,0,0.00,0.945298948,308.12,0.401149336,258.794572,282.7814
2.325581,62.0155,7.751938,5.426357,0.7751938,1.550388,3.875969,0.7751938,0.7751938,0.7751938,13.95349,0,0.00,0.945298948,256.6606,0.334153023,258.794572,281.4006
2.325581,62.0155,7.751938,5.426357,0.7751938,1.550388,3.875969,0.7751938,0.7751938,0.7751938,13.95349,0,0.00,0.945298948,207.7619,0.27049055,258.794572,279.7867
2.325581,62.0155,7.751938,5.426357,0.7751938,1.550388,3.875969,0.7751938,0.7751938,0.7751938,13.95349,0,0.00,0.945298948,161.9916,0.210901022,258.794572,277.8783
2.325581,62.0155,7.751938,5.426357,0.7751938,1.550388,3.875969,0.7751938,0.7751938,0.7751938,13.95349,0,0.00,0.945298948,120.0784,0.156333151,258.794572,275.5923
2.325581,62.0155,7.751938,5.426357,0.7751938,1.550388,3.875969,0.7751938,0.7751938,0.7751938,13.95349,0,0.00,0.945298948,99.79992,0.129932077,258.794572,274.1953
2.325581,62.0155,7.751938,5.426357,0.7751938,1.550388,3.875969,0.7751938,0.7751938,0.7751938,13.95349,0,0.00,0.945298948,88.68168,0.115456955,258.794572,273.3122
2.325581,62.0155,7.751938,5.426357,0.7751938,1.550388,3.875969,0.7751938,0.7751938,0.7751938,13.95349,0,0.00,0.945298948,85.70551,0.111582203,258.794572,273.0584
2.325581,62.0155,7.751938,5.426357,0.7751938,1.550388,3.875969,0.7751938,0.7751938,0.7751938,13.95349,0,0.00,0.945298948,84.90896,0.110545154,258.794572,272.9892
2.325581,62.0155,7.751938,5.426357,0.7751938,1.550388,3.875969,0.7751938,0.7751938,0.7751938,13.95349,0,0.00,0.945298948,84.90896,0.110545154,258.794572,272.9892
2.325581,62.0155,7.751938,5.426357,0.7751938,1.550388,3.875969,0.7751938,0.7751938,0.7751938,13.95349,0,0.00,0.945298948,84.29445,0.109745108,258.794572,272.8226
2.325581,62.0155,7.751938,5.426357,0.7751938,1.550388,3.875969,0.7751938,0.7751938,0.7751938,13.95349,0,0.00,0.945298948,84.04152,0.109415812,258.794572,272.7529
2.325581,62.0155,7.751938,5.426357,0.7751938,1.550388,3.875969,0.7751938,0.7751938,0.7751938,13.95349,0,0.00,0.945298948,83.53792,0.108760162,258.794572,272.6135
2.325581,62.0155,7.751938,5.426357,0.7751938,1.550388,3.875969,0.7751938,0.7751938,0.7751938,13.95349,0,0.00,0.945298948,82.5392,0.107459903,258.794572,272.335
2.325581,62.0155,7.751938,5.426357,0.7751938,1.550388,3.875969,0.7751938,0.7751938,0.7751938,13.95349,0,0.00,0.945298948,80.57526,0.104902999,258.794572,271.7789
2.325581,62.0155,7.751938,5.426357,0.7751938,1.550388,3.875969,0.7751938,0.7751938,0.7751938,13.95349,0,0.00,0.945298948,76.77818,0.099959483,258.794572,270.6701
2.325581,62.0155,7.751938,5.426357,0.7751938,1.550388,3.875969,0.7751938,0.7751938,0.7751938,13.95349,0,0.00,0.945298948,69.68197,0.090720745,258.794572,268.4668
2.325581,62.0155,7.751938,5.426357,0.7751938,1.550388,3.875969,0.7751938,0.7751938,0.7751938,13.95349,0,0.00,0.945298948,57.2944,0.07459305,258.794572,264.1168
2.325581,62.0155,7.751938,5.426357,0.7751938,1.550388,3.875969,0.7751938,0.7751938,0.7751938,13.95349,0,0.00,0.945298948,46.93916,0.061111297,258.794572,259.8177
2.325581,62.0155,7.751938,5.426357,0.7751938,1.550388,3.875969,0.7751938,0.7751938,0.7751938,13.95349,0,0.00,0.945298948,38.22238,0.049762698,258.794572,255.5224
2.325581,62.0155,7.751938,5.426357,0.7751938,1.550388,3.875969,0.7751938,0.7751938,0.7751938,13.95349,0,0.00,0.945298948,30.92485,0.040261856,258.794572,251.2317
2.325581,62.0155,7.751938,5.426357,0.7751938,1.550388,3.875969,0.7751938,0.7751938,0.7751938,13.95349,0,0.00,0.945298948,24.84981,0.032352605,258.794572,246.9456
2.325581,62.0155,7.751938,5.426357,0.7751938,1.550388,3.875969,0.7751938,0.7751938,0.7751938,13.95349,0,0.00,0.945298948,19.82313,0.025808242,258.794572,242.6642
2.325581,62.0155,7.751938,5.426357,0.7751938,1.550388,3.875969,0.7751938,0.7751938,0.7751938,13.95349,0,0.00,0.945298948,15.69107,0.020428607,258.794572,238.3875
17.69912,35.39823,8.849558,6.19469,0.8849558,1.769912,4.424779,0.8849558,0.8849558,0.8849558,22.12389,0,0.00,1.070778126,2556.825,2.151808645,344.1646267,294.0537
17.69912,35.39823,8.849558,6.19469,0.8849558,1.769912,4.424779,0.8849558,0.8849558,0.8849558,22.12389,0,0.00,1.070778126,2488.199,2.094053413,344.1646267,293.9356
17.69912,35.39823,8.849558,6.19469,0.8849558,1.769912,4.424779,0.8849558,0.8849558,0.8849558,22.12389,0,0.00,1.070778126,2419.573,2.036298181,344.1646267,293.8156
17.69912,35.39823,8.849558,6.19469,0.8849558,1.769912,4.424779,0.8849558,0.8849558,0.8849558,22.12389,0,0.00,1.070778126,2351.052,1.978631317,344.1646267,293.6938
17.69912,35.39823,8.849558,6.19469,0.8849558,1.769912,4.424779,0.8849558,0.8849558,0.8849558,22.12389,0,0.00,1.070778126,2282.637,1.921053662,344.1646267,293.57
17.69912,35.39823,8.849558,6.19469,0.8849558,1.769912,4.424779,0.8849558,0.8849558,0.8849558,22.12389,0,0.00,1.070778126,2214.335,1.863571107,344.1646267,293.4442
17.69912,35.39823,8.849558,6.19469,0.8849558,1.769912,4.424779,0.8849558,0.8849558,0.8849558,22.12389,0,0.00,1.070778126,2146.152,1.806188701,344.1646267,293.3162
17.69912,35.39823,8.849558,6.19469,0.8849558,1.769912,4.424779,0.8849558,0.8849558,0.8849558,22.12389,0,0.00,1.070778126,2078.095,1.748912337,344.1646267,293.1859
17.69912,35.39823,8.849558,6.19469,0.8849558,1.769912,4.424779,0.8849558,0.8849558,0.8849558,22.12389,0,0.00,1.070778126,2010.171,1.691747904,344.1646267,293.053
17.69912,35.39823,8.849558,6.19469,0.8849558,1.769912,4.424779,0.8849558,0.8849558,0.8849558,22.12389,0,0.00,1.070778126,1942.388,1.634702136,344.1646267,292.9175
17.69912,35.39823,8.849558,6.19469,0.8849558,1.769912,4.424779,0.8849558,0.8849558,0.8849558,22.12389,0,0.00,1.070778126,1874.755,1.577782608,344.1646267,292.7791
17.69912,35.39823,8.849558,6.19469,0.8849558,1.769912,4.424779,0.8849558,0.8849558,0.8849558,22.12389,0,0.00,1.070778126,1807.28,1.520996051,344.1646267,292.6374
17.69912,35.39823,8.849558,6.19469,0.8849558,1.769912,4.424779,0.8849558,0.8849558,0.8849558,22.12389,0,0.00,1.070778126,1739.975,1.464352565,344.1646267,292.4924
17.69912,35.39823,8.849558,6.19469,0.8849558,1.769912,4.424779,0.8849558,0.8849558,0.8849558,22.12389,0,0.00,1.070778126,1672.85,1.407860566,344.1646267,292.3434
17.69912,35.39823,8.849558,6.19469,0.8849558,1.769912,4.424779,0.8849558,0.8849558,0.8849558,22.12389,0,0.00,1.070778126,1605.918,1.351530994,344.1646267,292.1903
17.69912,35.39823,8.849558,6.19469,0.8849558,1.769912,4.424779,0.8849558,0.8849558,0.8849558,22.12389,0,0.00,1.070778126,1539.193,1.295375633,344.1646267,292.0324
17.69912,35.39823,8.849558,6.19469,0.8849558,1.769912,4.424779,0.8849558,0.8849558,0.8849558,22.12389,0,0.00,1.070778126,1530.719,1.288243965,344.1646267,292.0119
17.69912,35.39823,8.849558,6.19469,0.8849558,1.769912,4.424779,0.8849558,0.8849558,0.8849558,22.12389,0,0.00,1.070778126,1526.321,1.284542635,344.1646267,292.0013
17.69912,35.39823,8.849558,6.19469,0.8849558,1.769912,4.424779,0.8849558,0.8849558,0.8849558,22.12389,0,0.00,1.070778126,1525.217,1.283613515,344.1646267,291.9986
17.69912,35.39823,8.849558,6.19469,0.8849558,1.769912,4.424779,0.8849558,0.8849558,0.8849558,22.12389,0,0.00,1.070778126,1524.664,1.283148114,344.1646267,291.9973
17.69912,35.39823,8.849558,6.19469,0.8849558,1.769912,4.424779,0.8849558,0.8849558,0.8849558,22.12389,0,0.00,1.070778126,1524.664,1.283148114,344.1646267,291.9973
17.69912,35.39823,8.849558,6.19469,0.8849558,1.769912,4.424779,0.8849558,0.8849558,0.8849558,22.12389,0,0.00,1.070778126,1522.452,1.281286508,344.1646267,291.9916
17.69912,35.39823,8.849558,6.19469,0.8849558,1.769912,4.424779,0.8849558,0.8849558,0.8849558,22.12389,0,0.00,1.070778126,1521.347,1.280356546,344.1646267,291.9887
17.69912,35.39823,8.849558,6.19469,0.8849558,1.769912,4.424779,0.8849558,0.8849558,0.8849558,22.12389,0,0.00,1.070778126,1519.111,1.278474742,344.1646267,291.9829
17.69912,35.39823,8.849558,6.19469,0.8849558,1.769912,4.424779,0.8849558,0.8849558,0.8849558,22.12389,0,0.00,1.070778126,1514.599,1.27467747,344.1646267,291.9712
17.69912,35.39823,8.849558,6.19469,0.8849558,1.769912,4.424779,0.8849558,0.8849558,0.8849558,22.12389,0,0.00,1.070778126,1505.418,1.266950795,344.1646267,291.9471
17.69912,35.39823,8.849558,6.19469,0.8849558,1.769912,4.424779,0.8849558,0.8849558,0.8849558,22.12389,0,0.00,1.070778126,1486.511,1.251038777,344.1646267,291.8966
17.69912,35.39823,8.849558,6.19469,0.8849558,1.769912,4.424779,0.8849558,0.8849558,0.8849558,22.12389,0,0.00,1.070778126,1447.007,1.217792446,344.1646267,291.7876
17.69912,35.39823,8.849558,6.19469,0.8849558,1.769912,4.424779,0.8849558,0.8849558,0.8849558,22.12389,0,0.00,1.070778126,1363.821,1.147783606,344.1646267,291.5409
17.69912,35.39823,8.849558,6.19469,0.8849558,1.769912,4.424779,0.8849558,0.8849558,0.8849558,22.12389,0,0.00,1.070778126,1282.732,1.079539588,344.1646267,291.2755
17.69912,35.39823,8.849558,6.19469,0.8849558,1.769912,4.424779,0.8849558,0.8849558,0.8849558,22.12389,0,0.00,1.070778126,1205.656,1.014672887,344.1646267,290.9972
17.69912,35.39823,8.849558,6.19469,0.8849558,1.769912,4.424779,0.8849558,0.8849558,0.8849558,22.12389,0,0.00,1.070778126,1130.614,0.951517988,344.1646267,290.6984
17.69912,35.39823,8.849558,6.19469,0.8849558,1.769912,4.424779,0.8849558,0.8849558,0.8849558,22.12389,0,0.00,1.070778126,1056.669,0.889286317,344.1646267,290.373
17.69912,35.39823,8.849558,6.19469,0.8849558,1.769912,4.424779,0.8849558,0.8849558,0.8849558,22.12389,0,0.00,1.070778126,992.9783,0.835684605,344.1646267,290.0645
17.69912,35.39823,8.849558,6.19469,0.8849558,1.769912,4.424779,0.8849558,0.8849558,0.8849558,22.12389,0,0.00,1.070778126,929.2071,0.782015144,344.1646267,289.7253
17.69912,35.39823,8.849558,6.19469,0.8849558,1.769912,4.424779,0.8849558,0.8849558,0.8849558,22.12389,0,0.00,1.070778126,865.9643,0.728790381,344.1646267,289.3543
17.69912,35.39823,8.849558,6.19469,0.8849558,1.769912,4.424779,0.8849558,0.8849558,0.8849558,22.12389,0,0.00,1.070778126,803.2738,0.676030431,344.1646267,288.9471
17.69912,35.39823,8.849558,6.19469,0.8849558,1.769912,4.424779,0.8849558,0.8849558,0.8849558,22.12389,0,0.00,1.070778126,741.2028,0.623791848,344.1646267,288.4983
17.69912,35.39823,8.849558,6.19469,0.8849558,1.769912,4.424779,0.8849558,0.8849558,0.8849558,22.12389,0,0.00,1.070778126,679.8285,0.572139604,344.1646267,288.0015
17.69912,35.39823,8.849558,6.19469,0.8849558,1.769912,4.424779,0.8849558,0.8849558,0.8849558,22.12389,0,0.00,1.070778126,619.2422,0.521150536,344.1646267,287.4489
17.69912,35.39823,8.849558,6.19469,0.8849558,1.769912,4.424779,0.8849558,0.8849558,0.8849558,22.12389,0,0.00,1.070778126,559.5534,0.470916798,344.1646267,286.8311
17.69912,35.39823,8.849558,6.19469,0.8849558,1.769912,4.424779,0.8849558,0.8849558,0.8849558,22.12389,0,0.00,1.070778126,500.8941,0.421549482,344.1646267,286.1364
17.69912,35.39823,8.849558,6.19469,0.8849558,1.769912,4.424779,0.8849558,0.8849558,0.8849558,22.12389,0,0.00,1.070778126,443.4256,0.373184336,344.1646267,285.3502
17.69912,35.39823,8.849558,6.19469,0.8849558,1.769912,4.424779,0.8849558,0.8849558,0.8849558,22.12389,0,0.00,1.070778126,387.3461,0.325988164,344.1646267,284.4541
17.69912,35.39823,8.849558,6.19469,0.8849558,1.769912,4.424779,0.8849558,0.8849558,0.8849558,22.12389,0,0.00,1.070778126,332.9024,0.280168671,344.1646267,283.425
17.69912,35.39823,8.849558,6.19469,0.8849558,1.769912,4.424779,0.8849558,0.8849558,0.8849558,22.12389,0,0.00,1.070778126,280.405,0.235987173,344.1646267,282.2324
17.69912,35.39823,8.849558,6.19469,0.8849558,1.769912,4.424779,0.8849558,0.8849558,0.8849558,22.12389,0,0.00,1.070778126,230.2482,0.19377551,344.1646267,280.837
17.69912,35.39823,8.849558,6.19469,0.8849558,1.769912,4.424779,0.8849558,0.8849558,0.8849558,22.12389,0,0.00,1.070778126,182.9367,0.153958434,344.1646267,279.1861
17.69912,35.39823,8.849558,6.19469,0.8849558,1.769912,4.424779,0.8849558,0.8849558,0.8849558,22.12389,0,0.00,1.070778126,139.1197,0.117082308,344.1646267,277.2089
17.69912,35.39823,8.849558,6.19469,0.8849558,1.769912,4.424779,0.8849558,0.8849558,0.8849558,22.12389,0,0.00,1.070778126,99.6263,0.083844899,344.1646267,274.8087
17.69912,35.39823,8.849558,6.19469,0.8849558,1.769912,4.424779,0.8849558,0.8849558,0.8849558,22.12389,0,0.00,1.070778126,80.77387,0.067978806,344.1646267,273.3201
17.69912,35.39823,8.849558,6.19469,0.8849558,1.769912,4.424779,0.8849558,0.8849558,0.8849558,22.12389,0,0.00,1.070778126,78.05951,0.065694417,344.1646267,273.0795
17.69912,35.39823,8.849558,6.19469,0.8849558,1.769912,4.424779,0.8849558,0.8849558,0.8849558,22.12389,0,0.00,1.070778126,76.52863,0.064406038,344.1646267,272.9404
17.69912,35.39823,8.849558,6.19469,0.8849558,1.769912,4.424779,0.8849558,0.8849558,0.8849558,22.12389,0,0.00,1.070778126,76.52863,0.064406038,344.1646267,272.9404
17.69912,35.39823,8.849558,6.19469,0.8849558,1.769912,4.424779,0.8849558,0.8849558,0.8849558,22.12389,0,0.00,1.070778126,75.85569,0.063839696,344.1646267,272.7776
17.69912,35.39823,8.849558,6.19469,0.8849558,1.769912,4.424779,0.8849558,0.8849558,0.8849558,22.12389,0,0.00,1.070778126,75.62236,0.063643326,344.1646267,272.7072
17.69912,35.39823,8.849558,6.19469,0.8849558,1.769912,4.424779,0.8849558,0.8849558,0.8849558,22.12389,0,0.00,1.070778126,75.16217,0.063256033,344.1646267,272.5678
17.69912,35.39823,8.849558,6.19469,0.8849558,1.769912,4.424779,0.8849558,0.8849558,0.8849558,22.12389,0,0.00,1.070778126,74.2497,0.062488104,344.1646267,272.2893
17.69912,35.39823,8.849558,6.19469,0.8849558,1.769912,4.424779,0.8849558,0.8849558,0.8849558,22.12389,0,0.00,1.070778126,72.45591,0.060978461,344.1646267,271.7331
17.69912,35.39823,8.849558,6.19469,0.8849558,1.769912,4.424779,0.8849558,0.8849558,0.8849558,22.12389,0,0.00,1.070778126,68.98975,0.058061361,344.1646267,270.6242
17.69912,35.39823,8.849558,6.19469,0.8849558,1.769912,4.424779,0.8849558,0.8849558,0.8849558,22.12389,0,0.00,1.070778126,62.51936,0.05261592,344.1646267,268.4204
17.69912,35.39823,8.849558,6.19469,0.8849558,1.769912,4.424779,0.8849558,0.8849558,0.8849558,22.12389,0,0.00,1.070778126,51.24978,0.043131509,344.1646267,264.0688
17.69912,35.39823,8.849558,6.19469,0.8849558,1.769912,4.424779,0.8849558,0.8849558,0.8849558,22.12389,0,0.00,1.070778126,41.8592,0.035228453,344.1646267,259.7677
17.69912,35.39823,8.849558,6.19469,0.8849558,1.769912,4.424779,0.8849558,0.8849558,0.8849558,22.12389,0,0.00,1.070778126,33.98049,0.028597777,344.1646267,255.4706
17.69912,35.39823,8.849558,6.19469,0.8849558,1.769912,4.424779,0.8849558,0.8849558,0.8849558,22.12389,0,0.00,1.070778126,27.40626,0.023064945,344.1646267,251.1784
17.69912,35.39823,8.849558,6.19469,0.8849558,1.769912,4.424779,0.8849558,0.8849558,0.8849558,22.12389,0,0.00,1.070778126,21.95144,0.018474201,344.1646267,246.8911
17.69912,35.39823,8.849558,6.19469,0.8849558,1.769912,4.424779,0.8849558,0.8849558,0.8849558,22.12389,0,0.00,1.070778126,17.45304,0.014688374,344.1646267,242.6086
17.69912,35.39823,8.849558,6.19469,0.8849558,1.769912,4.424779,0.8849558,0.8849558,0.8849558,22.12389,0,0.00,1.070778126,13.76781,0.011586907,344.1646267,238.331
3.490401,87.26003,1.745201,1.22164,0.1745201,0.3490401,0.8726003,0.1745201,0.1745201,0.1745201,4.363002,0,0.00,0.65573579,2387.941,3.099487085,220.8841068,292.8672
3.490401,87.26003,1.745201,1.22164,0.1745201,0.3490401,0.8726003,0.1745201,0.1745201,0.1745201,4.363002,0,0.00,0.65573579,2319.575,3.010749745,220.8841068,292.7153
3.490401,87.26003,1.745201,1.22164,0.1745201,0.3490401,0.8726003,0.1745201,0.1745201,0.1745201,4.363002,0,0.00,0.65573579,2251.209,2.922012404,220.8841068,292.5594
3.490401,87.26003,1.745201,1.22164,0.1745201,0.3490401,0.8726003,0.1745201,0.1745201,0.1745201,4.363002,0,0.00,0.65573579,2182.961,2.833428224,220.8841068,292.3994
3.490401,87.26003,1.745201,1.22164,0.1745201,0.3490401,0.8726003,0.1745201,0.1745201,0.1745201,4.363002,0,0.00,0.65573579,2114.835,2.745002397,220.8841068,292.235
3.490401,87.26003,1.745201,1.22164,0.1745201,0.3490401,0.8726003,0.1745201,0.1745201,0.1745201,4.363002,0,0.00,0.65573579,2046.838,2.656744009,220.8841068,292.0655
3.490401,87.26003,1.745201,1.22164,0.1745201,0.3490401,0.8726003,0.1745201,0.1745201,0.1745201,4.363002,0,0.00,0.65573579,1978.978,2.568663444,220.8841068,291.8905
3.490401,87.26003,1.745201,1.22164,0.1745201,0.3490401,0.8726003,0.1745201,0.1745201,0.1745201,4.363002,0,0.00,0.65573579,1911.262,2.480769787,220.8841068,291.7093
3.490401,87.26003,1.745201,1.22164,0.1745201,0.3490401,0.8726003,0.1745201,0.1745201,0.1745201,4.363002,0,0.00,0.65573579,1843.701,2.393077316,220.8841068,291.5212
3.490401,87.26003,1.745201,1.22164,0.1745201,0.3490401,0.8726003,0.1745201,0.1745201,0.1745201,4.363002,0,0.00,0.65573579,1776.303,2.305596415,220.8841068,291.3253
3.490401,87.26003,1.745201,1.22164,0.1745201,0.3490401,0.8726003,0.1745201,0.1745201,0.1745201,4.363002,0,0.00,0.65573579,1709.079,2.218341361,220.8841068,291.1207
3.490401,87.26003,1.745201,1.22164,0.1745201,0.3490401,0.8726003,0.1745201,0.1745201,0.1745201,4.363002,0,0.00,0.65573579,1642.041,2.131327731,220.8841068,290.9062
3.490401,87.26003,1.745201,1.22164,0.1745201,0.3490401,0.8726003,0.1745201,0.1745201,0.1745201,4.363002,0,0.00,0.65573579,1575.203,2.044573696,220.8841068,290.6806
3.490401,87.26003,1.745201,1.22164,0.1745201,0.3490401,0.8726003,0.1745201,0.1745201,0.1745201,4.363002,0,0.00,0.65573579,1508.578,1.958096129,220.8841068,290.4426
3.490401,87.26003,1.745201,1.22164,0.1745201,0.3490401,0.8726003,0.1745201,0.1745201,0.1745201,4.363002,0,0.00,0.65573579,1442.183,1.871917096,220.8841068,290.1905
3.490401,87.26003,1.745201,1.22164,0.1745201,0.3490401,0.8726003,0.1745201,0.1745201,0.1745201,4.363002,0,0.00,0.65573579,1376.036,1.786059962,220.8841068,289.9226
3.490401,87.26003,1.745201,1.22164,0.1745201,0.3490401,0.8726003,0.1745201,0.1745201,0.1745201,4.363002,0,0.00,0.65573579,1310.156,1.700549386,220.8841068,289.6369
3.490401,87.26003,1.745201,1.22164,0.1745201,0.3490401,0.8726003,0.1745201,0.1745201,0.1745201,4.363002,0,0.00,0.65573579,1244.566,1.615415223,220.8841068,289.3312
3.490401,87.26003,1.745201,1.22164,0.1745201,0.3490401,0.8726003,0.1745201,0.1745201,0.1745201,4.363002,0,0.00,0.65573579,1211.489,1.572482113,220.8841068,289.1681
3.490401,87.26003,1.745201,1.22164,0.1745201,0.3490401,0.8726003,0.1745201,0.1745201,0.1745201,4.363002,0,0.00,0.65573579,1194.457,1.550375007,220.8841068,289.0816
3.490401,87.26003,1.745201,1.22164,0.1745201,0.3490401,0.8726003,0.1745201,0.1745201,0.1745201,4.363002,0,0.00,0.65573579,1185.808,1.539148824,220.8841068,289.0369
3.490401,87.26003,1.745201,1.22164,0.1745201,0.3490401,0.8726003,0.1745201,0.1745201,0.1745201,4.363002,0,0.00,0.65573579,1181.448,1.533489654,220.8841068,289.0143
3.490401,87.26003,1.745201,1.22164,0.1745201,0.3490401,0.8726003,0.1745201,0.1745201,0.1745201,4.363002,0,0.00,0.65573579,1180.352,1.532067074,220.8841068,289.0086
3.490401,87.26003,1.745201,1.22164,0.1745201,0.3490401,0.8726003,0.1745201,0.1745201,0.1745201,4.363002,0,0.00,0.65573579,1179.803,1.531354486,220.8841068,289.0057
3.490401,87.26003,1.745201,1.22164,0.1745201,0.3490401,0.8726003,0.1745201,0.1745201,0.1745201,4.363002,0,0.00,0.65573579,1179.803,1.531354486,220.8841068,289.0057
3.490401,87.26003,1.745201,1.22164,0.1745201,0.3490401,0.8726003,0.1745201,0.1745201,0.1745201,4.363002,0,0.00,0.65573579,1177.605,1.528501537,220.8841068,288.9943
3.490401,87.26003,1.745201,1.22164,0.1745201,0.3490401,0.8726003,0.1745201,0.1745201,0.1745201,4.363002,0,0.00,0.65573579,1176.508,1.527077659,220.8841068,288.9885
3.490401,87.26003,1.745201,1.22164,0.1745201,0.3490401,0.8726003,0.1745201,0.1745201,0.1745201,4.363002,0,0.00,0.65573579,1174.313,1.524228604,220.8841068,288.9771
3.490401,87.26003,1.745201,1.22164,0.1745201,0.3490401,0.8726003,0.1745201,0.1745201,0.1745201,4.363002,0,0.00,0.65573579,1169.931,1.518540879,220.8841068,288.9541
3.490401,87.26003,1.745201,1.22164,0.1745201,0.3490401,0.8726003,0.1745201,0.1745201,0.1745201,4.363002,0,0.00,0.65573579,1161.201,1.50720956,220.8841068,288.908
3.490401,87.26003,1.745201,1.22164,0.1745201,0.3490401,0.8726003,0.1745201,0.1745201,0.1745201,4.363002,0,0.00,0.65573579,1143.873,1.484718253,220.8841068,288.8148
3.490401,87.26003,1.745201,1.22164,0.1745201,0.3490401,0.8726003,0.1745201,0.1745201,0.1745201,4.363002,0,0.00,0.65573579,1109.745,1.440420972,220.8841068,288.6251
3.490401,87.26003,1.745201,1.22164,0.1745201,0.3490401,0.8726003,0.1745201,0.1745201,0.1745201,4.363002,0,0.00,0.65573579,1043.584,1.354545665,220.8841068,288.2319
3.490401,87.26003,1.745201,1.22164,0.1745201,0.3490401,0.8726003,0.1745201,0.1745201,0.1745201,4.363002,0,0.00,0.65573579,979.5717,1.271459317,220.8841068,287.8158
3.490401,87.26003,1.745201,1.22164,0.1745201,0.3490401,0.8726003,0.1745201,0.1745201,0.1745201,4.363002,0,0.00,0.65573579,915.9239,1.188846081,220.8841068,287.3624
3.490401,87.26003,1.745201,1.22164,0.1745201,0.3490401,0.8726003,0.1745201,0.1745201,0.1745201,4.363002,0,0.00,0.65573579,852.7908,1.106900912,220.8841068,286.8677
3.490401,87.26003,1.745201,1.22164,0.1745201,0.3490401,0.8726003,0.1745201,0.1745201,0.1745201,4.363002,0,0.00,0.65573579,790.2243,1.025691176,220.8841068,286.3266
3.490401,87.26003,1.745201,1.22164,0.1745201,0.3490401,0.8726003,0.1745201,0.1745201,0.1745201,4.363002,0,0.00,0.65573579,728.2924,0.945305134,220.8841068,285.7328
3.490401,87.26003,1.745201,1.22164,0.1745201,0.3490401,0.8726003,0.1745201,0.1745201,0.1745201,4.363002,0,0.00,0.65573579,667.075,0.865846496,220.8841068,285.0791
3.490401,87.26003,1.745201,1.22164,0.1745201,0.3490401,0.8726003,0.1745201,0.1745201,0.1745201,4.363002,0,0.00,0.65573579,606.6668,0.787438179,220.8841068,284.3567
3.490401,87.26003,1.745201,1.22164,0.1745201,0.3490401,0.8726003,0.1745201,0.1745201,0.1745201,4.363002,0,0.00,0.65573579,547.1817,0.710228022,220.8841068,283.555
3.490401,87.26003,1.745201,1.22164,0.1745201,0.3490401,0.8726003,0.1745201,0.1745201,0.1745201,4.363002,0,0.00,0.65573579,488.7574,0.634394756,220.8841068,282.661
3.490401,87.26003,1.745201,1.22164,0.1745201,0.3490401,0.8726003,0.1745201,0.1745201,0.1745201,4.363002,0,0.00,0.65573579,431.5618,0.560156313,220.8841068,281.6584
3.490401,87.26003,1.745201,1.22164,0.1745201,0.3490401,0.8726003,0.1745201,0.1745201,0.1745201,4.363002,0,0.00,0.65573579,375.8025,0.48778215,220.8841068,280.5272
3.490401,87.26003,1.745201,1.22164,0.1745201,0.3490401,0.8726003,0.1745201,0.1745201,0.1745201,4.363002,0,0.00,0.65573579,321.7382,0.417608055,220.8841068,279.2412
3.490401,87.26003,1.745201,1.22164,0.1745201,0.3490401,0.8726003,0.1745201,0.1745201,0.1745201,4.363002,0,0.00,0.65573579,269.695,0.350057296,220.8841068,277.7669
3.490401,87.26003,1.745201,1.22164,0.1745201,0.3490401,0.8726003,0.1745201,0.1745201,0.1745201,4.363002,0,0.00,0.65573579,220.0878,0.285668404,220.8841068,276.0601
3.490401,87.26003,1.745201,1.22164,0.1745201,0.3490401,0.8726003,0.1745201,0.1745201,0.1745201,4.363002,0,0.00,0.65573579,173.4488,0.22513216,220.8841068,274.0617
3.490401,87.26003,1.745201,1.22164,0.1745201,0.3490401,0.8726003,0.1745201,0.1745201,0.1745201,4.363002,0,0.00,0.65573579,161.5285,0.209659912,220.8841068,273.4664
3.490401,87.26003,1.745201,1.22164,0.1745201,0.3490401,0.8726003,0.1745201,0.1745201,0.1745201,4.363002,0,0.00,0.65573579,154.6272,0.200702199,220.8841068,273.102
3.490401,87.26003,1.745201,1.22164,0.1745201,0.3490401,0.8726003,0.1745201,0.1745201,0.1745201,4.363002,0,0.00,0.65573579,152.8456,0.198389727,220.8841068,273.0055
3.490401,87.26003,1.745201,1.22164,0.1745201,0.3490401,0.8726003,0.1745201,0.1745201,0.1745201,4.363002,0,0.00,0.65573579,152.387,0.197794476,220.8841068,272.9804
3.490401,87.26003,1.745201,1.22164,0.1745201,0.3490401,0.8726003,0.1745201,0.1745201,0.1745201,4.363002,0,0.00,0.65573579,152.387,0.197794476,220.8841068,272.9804
3.490401,87.26003,1.745201,1.22164,0.1745201,0.3490401,0.8726003,0.1745201,0.1745201,0.1745201,4.363002,0,0.00,0.65573579,151.4856,0.196624481,220.8841068,272.8382
3.490401,87.26003,1.745201,1.22164,0.1745201,0.3490401,0.8726003,0.1745201,0.1745201,0.1745201,4.363002,0,0.00,0.65573579,151.0453,0.196052983,220.8841068,272.7686
3.490401,87.26003,1.745201,1.22164,0.1745201,0.3490401,0.8726003,0.1745201,0.1745201,0.1745201,4.363002,0,0.00,0.65573579,150.1684,0.194914789,220.8841068,272.6292
3.490401,87.26003,1.745201,1.22164,0.1745201,0.3490401,0.8726003,0.1745201,0.1745201,0.1745201,4.363002,0,0.00,0.65573579,148.4289,0.192656962,220.8841068,272.3507
3.490401,87.26003,1.745201,1.22164,0.1745201,0.3490401,0.8726003,0.1745201,0.1745201,0.1745201,4.363002,0,0.00,0.65573579,145.0061,0.188214254,220.8841068,271.7946
3.490401,87.26003,1.745201,1.22164,0.1745201,0.3490401,0.8726003,0.1745201,0.1745201,0.1745201,4.363002,0,0.00,0.65573579,138.3809,0.179614912,220.8841068,270.686
3.490401,87.26003,1.745201,1.22164,0.1745201,0.3490401,0.8726003,0.1745201,0.1745201,0.1745201,4.363002,0,0.00,0.65573579,125.971,0.163507175,220.8841068,268.4832
3.490401,87.26003,1.745201,1.22164,0.1745201,0.3490401,0.8726003,0.1745201,0.1745201,0.1745201,4.363002,0,0.00,0.65573579,104.2089,0.135260519,220.8841068,264.1354
3.490401,87.26003,1.745201,1.22164,0.1745201,0.3490401,0.8726003,0.1745201,0.1745201,0.1745201,4.363002,0,0.00,0.65573579,85.90245,0.11149921,220.8841068,259.8385
3.490401,87.26003,1.745201,1.22164,0.1745201,0.3490401,0.8726003,0.1745201,0.1745201,0.1745201,4.363002,0,0.00,0.65573579,70.39346,0.091368933,220.8841068,255.5447
3.490401,87.26003,1.745201,1.22164,0.1745201,0.3490401,0.8726003,0.1745201,0.1745201,0.1745201,4.363002,0,0.00,0.65573579,57.32578,0.074407414,220.8841068,251.2552
3.490401,87.26003,1.745201,1.22164,0.1745201,0.3490401,0.8726003,0.1745201,0.1745201,0.1745201,4.363002,0,0.00,0.65573579,46.37593,0.060194785,220.8841068,246.9699
3.490401,87.26003,1.745201,1.22164,0.1745201,0.3490401,0.8726003,0.1745201,0.1745201,0.1745201,4.363002,0,0.00,0.65573579,37.25499,0.048356036,220.8841068,242.6889
3.490401,87.26003,1.745201,1.22164,0.1745201,0.3490401,0.8726003,0.1745201,0.1745201,0.1745201,4.363002,0,0.00,0.65573579,29.70566,0.038557196,220.8841068,238.4123
3.490401,87.26003,1.745201,1.22164,0.1745201,0.3490401,0.8726003,0.1745201,0.1745201,0.1745201,4.363002,0,0.00,0.65573579,23.49956,0.030501835,220.8841068,234.14
3.490401,87.26003,1.745201,1.22164,0.1745201,0.3490401,0.8726003,0.1745201,0.1745201,0.1745201,4.363002,0,0.00,0.65573579,18.43469,0.023927762,220.8841068,229.8724
3.490401,87.26003,1.745201,1.22164,0.1745201,0.3490401,0.8726003,0.1745201,0.1745201,0.1745201,4.363002,0,0.00,0.65573579,14.33322,0.018604157,220.8841068,225.6094
1.686341,92.74874,1.686341,1.180438,0.1686341,0.3372681,0.8431703,0.1686341,0.1686341,0.1686341,0.8431703,0,0.00,0.618590173,2403.957,3.382665122,208.3332322,293.0597
1.686341,92.74874,1.686341,1.180438,0.1686341,0.3372681,0.8431703,0.1686341,0.1686341,0.1686341,0.8431703,0,0.00,0.618590173,2335.565,3.286429111,208.3332322,292.905
1.686341,92.74874,1.686341,1.180438,0.1686341,0.3372681,0.8431703,0.1686341,0.1686341,0.1686341,0.8431703,0,0.00,0.618590173,2267.172,3.190191692,208.3332322,292.7463
1.686341,92.74874,1.686341,1.180438,0.1686341,0.3372681,0.8431703,0.1686341,0.1686341,0.1686341,0.8431703,0,0.00,0.618590173,2198.897,3.094120314,208.3332322,292.5832
1.686341,92.74874,1.686341,1.180438,0.1686341,0.3372681,0.8431703,0.1686341,0.1686341,0.1686341,0.8431703,0,0.00,0.618590173,2130.742,2.998217791,208.3332322,292.4155
1.686341,92.74874,1.686341,1.180438,0.1686341,0.3372681,0.8431703,0.1686341,0.1686341,0.1686341,0.8431703,0,0.00,0.618590173,2062.714,2.902493973,208.3332322,292.2426
1.686341,92.74874,1.686341,1.180438,0.1686341,0.3372681,0.8431703,0.1686341,0.1686341,0.1686341,0.8431703,0,0.00,0.618590173,1994.821,2.806960117,208.3332322,292.064
1.686341,92.74874,1.686341,1.180438,0.1686341,0.3372681,0.8431703,0.1686341,0.1686341,0.1686341,0.8431703,0,0.00,0.618590173,1927.071,2.711627479,208.3332322,291.8791
1.686341,92.74874,1.686341,1.180438,0.1686341,0.3372681,0.8431703,0.1686341,0.1686341,0.1686341,0.8431703,0,0.00,0.618590173,1859.473,2.616508724,208.3332322,291.687
1.686341,92.74874,1.686341,1.180438,0.1686341,0.3372681,0.8431703,0.1686341,0.1686341,0.1686341,0.8431703,0,0.00,0.618590173,1792.036,2.521616516,208.3332322,291.487
1.686341,92.74874,1.686341,1.180438,0.1686341,0.3372681,0.8431703,0.1686341,0.1686341,0.1686341,0.8431703,0,0.00,0.618590173,1724.77,2.426964926,208.3332322,291.2782
1.686341,92.74874,1.686341,1.180438,0.1686341,0.3372681,0.8431703,0.1686341,0.1686341,0.1686341,0.8431703,0,0.00,0.618590173,1657.688,2.332572247,208.3332322,291.0594
1.686341,92.74874,1.686341,1.180438,0.1686341,0.3372681,0.8431703,0.1686341,0.1686341,0.1686341,0.8431703,0,0.00,0.618590173,1590.802,2.238455364,208.3332322,290.8296
1.686341,92.74874,1.686341,1.180438,0.1686341,0.3372681,0.8431703,0.1686341,0.1686341,0.1686341,0.8431703,0,0.00,0.618590173,1524.126,2.144633977,208.3332322,290.5872
1.686341,92.74874,1.686341,1.180438,0.1686341,0.3372681,0.8431703,0.1686341,0.1686341,0.1686341,0.8431703,0,0.00,0.618590173,1457.676,2.0511306,208.3332322,290.3309
1.686341,92.74874,1.686341,1.180438,0.1686341,0.3372681,0.8431703,0.1686341,0.1686341,0.1686341,0.8431703,0,0.00,0.618590173,1391.469,1.957969154,208.3332322,290.0589
1.686341,92.74874,1.686341,1.180438,0.1686341,0.3372681,0.8431703,0.1686341,0.1686341,0.1686341,0.8431703,0,0.00,0.618590173,1325.524,1.865176375,208.3332322,289.7694
1.686341,92.74874,1.686341,1.180438,0.1686341,0.3372681,0.8431703,0.1686341,0.1686341,0.1686341,0.8431703,0,0.00,0.618590173,1259.864,1.772784626,208.3332322,289.4602
1.686341,92.74874,1.686341,1.180438,0.1686341,0.3372681,0.8431703,0.1686341,0.1686341,0.1686341,0.8431703,0,0.00,0.618590173,1194.513,1.680827678,208.3332322,289.129
1.686341,92.74874,1.686341,1.180438,0.1686341,0.3372681,0.8431703,0.1686341,0.1686341,0.1686341,0.8431703,0,0.00,0.618590173,1129.498,1.589343524,208.3332322,288.773
1.686341,92.74874,1.686341,1.180438,0.1686341,0.3372681,0.8431703,0.1686341,0.1686341,0.1686341,0.8431703,0,0.00,0.618590173,1127.42,1.586419521,208.3332322,288.7611
1.686341,92.74874,1.686341,1.180438,0.1686341,0.3372681,0.8431703,0.1686341,0.1686341,0.1686341,0.8431703,0,0.00,0.618590173,1127.42,1.586419521,208.3332322,288.7611
1.686341,92.74874,1.686341,1.180438,0.1686341,0.3372681,0.8431703,0.1686341,0.1686341,0.1686341,0.8431703,0,0.00,0.618590173,1125.228,1.583335105,208.3332322,288.7487
1.686341,92.74874,1.686341,1.180438,0.1686341,0.3372681,0.8431703,0.1686341,0.1686341,0.1686341,0.8431703,0,0.00,0.618590173,1124.132,1.581792898,208.3332322,288.7424
1.686341,92.74874,1.686341,1.180438,0.1686341,0.3372681,0.8431703,0.1686341,0.1686341,0.1686341,0.8431703,0,0.00,0.618590173,1121.94,1.578708482,208.3332322,288.7299
1.686341,92.74874,1.686341,1.180438,0.1686341,0.3372681,0.8431703,0.1686341,0.1686341,0.1686341,0.8431703,0,0.00,0.618590173,1117.565,1.572552316,208.3332322,288.7048
1.686341,92.74874,1.686341,1.180438,0.1686341,0.3372681,0.8431703,0.1686341,0.1686341,0.1686341,0.8431703,0,0.00,0.618590173,1108.85,1.560289232,208.3332322,288.6543
1.686341,92.74874,1.686341,1.180438,0.1686341,0.3372681,0.8431703,0.1686341,0.1686341,0.1686341,0.8431703,0,0.00,0.618590173,1091.557,1.53595584,208.3332322,288.5525
1.686341,92.74874,1.686341,1.180438,0.1686341,0.3372681,0.8431703,0.1686341,0.1686341,0.1686341,0.8431703,0,0.00,0.618590173,1057.524,1.488067195,208.3332322,288.3452
1.686341,92.74874,1.686341,1.180438,0.1686341,0.3372681,0.8431703,0.1686341,0.1686341,0.1686341,0.8431703,0,0.00,0.618590173,991.6428,1.39536419,208.3332322,287.9157
1.686341,92.74874,1.686341,1.180438,0.1686341,0.3372681,0.8431703,0.1686341,0.1686341,0.1686341,0.8431703,0,0.00,0.618590173,928.0056,1.305818771,208.3332322,287.4616
1.686341,92.74874,1.686341,1.180438,0.1686341,0.3372681,0.8431703,0.1686341,0.1686341,0.1686341,0.8431703,0,0.00,0.618590173,864.7653,1.21683184,208.3332322,286.9663
1.686341,92.74874,1.686341,1.180438,0.1686341,0.3372681,0.8431703,0.1686341,0.1686341,0.1686341,0.8431703,0,0.00,0.618590173,802.0863,1.128634727,208.3332322,286.4255
1.686341,92.74874,1.686341,1.180438,0.1686341,0.3372681,0.8431703,0.1686341,0.1686341,0.1686341,0.8431703,0,0.00,0.618590173,740.0279,1.041310875,208.3332322,285.8332
1.686341,92.74874,1.686341,1.180438,0.1686341,0.3372681,0.8431703,0.1686341,0.1686341,0.1686341,0.8431703,0,0.00,0.618590173,678.6676,0.954969336,208.3332322,285.1823
1.686341,92.74874,1.686341,1.180438,0.1686341,0.3372681,0.8431703,0.1686341,0.1686341,0.1686341,0.8431703,0,0.00,0.618590173,618.0973,0.869739425,208.3332322,284.4643
1.686341,92.74874,1.686341,1.180438,0.1686341,0.3372681,0.8431703,0.1686341,0.1686341,0.1686341,0.8431703,0,0.00,0.618590173,558.4268,0.785775644,208.3332322,283.6691
1.686341,92.74874,1.686341,1.180438,0.1686341,0.3372681,0.8431703,0.1686341,0.1686341,0.1686341,0.8431703,0,0.00,0.618590173,499.7886,0.703264437,208.3332322,282.784
1.686341,92.74874,1.686341,1.180438,0.1686341,0.3372681,0.8431703,0.1686341,0.1686341,0.1686341,0.8431703,0,0.00,0.618590173,442.3445,0.622433476,208.3332322,281.7937
1.686341,92.74874,1.686341,1.180438,0.1686341,0.3372681,0.8431703,0.1686341,0.1686341,0.1686341,0.8431703,0,0.00,0.618590173,386.2936,0.54356292,208.3332322,280.6785
1.686341,92.74874,1.686341,1.180438,0.1686341,0.3372681,0.8431703,0.1686341,0.1686341,0.1686341,0.8431703,0,0.00,0.618590173,331.8839,0.467001736,208.3332322,279.4139
1.686341,92.74874,1.686341,1.180438,0.1686341,0.3372681,0.8431703,0.1686341,0.1686341,0.1686341,0.8431703,0,0.00,0.618590173,279.4271,0.393188524,208.3332322,277.9678
1.686341,92.74874,1.686341,1.180438,0.1686341,0.3372681,0.8431703,0.1686341,0.1686341,0.1686341,0.8431703,0,0.00,0.618590173,229.3193,0.322680646,208.3332322,276.2982
1.686341,92.74874,1.686341,1.180438,0.1686341,0.3372681,0.8431703,0.1686341,0.1686341,0.1686341,0.8431703,0,0.00,0.618590173,182.0678,0.256191936,208.3332322,274.3491
1.686341,92.74874,1.686341,1.180438,0.1686341,0.3372681,0.8431703,0.1686341,0.1686341,0.1686341,0.8431703,0,0.00,0.618590173,158.6961,0.22330506,208.3332322,273.1935
1.686341,92.74874,1.686341,1.180438,0.1686341,0.3372681,0.8431703,0.1686341,0.1686341,0.1686341,0.8431703,0,0.00,0.618590173,157.0421,0.220977677,208.3332322,273.1056
1.686341,92.74874,1.686341,1.180438,0.1686341,0.3372681,0.8431703,0.1686341,0.1686341,0.1686341,0.8431703,0,0.00,0.618590173,156.1214,0.219682138,208.3332322,273.0563
1.686341,92.74874,1.686341,1.180438,0.1686341,0.3372681,0.8431703,0.1686341,0.1686341,0.1686341,0.8431703,0,0.00,0.618590173,155.659,0.219031484,208.3332322,273.0314
1.686341,92.74874,1.686341,1.180438,0.1686341,0.3372681,0.8431703,0.1686341,0.1686341,0.1686341,0.8431703,0,0.00,0.618590173,155.659,0.219031484,208.3332322,273.0314
1.686341,92.74874,1.686341,1.180438,0.1686341,0.3372681,0.8431703,0.1686341,0.1686341,0.1686341,0.8431703,0,0.00,0.618590173,154.6269,0.217579192,208.3332322,272.8932
1.686341,92.74874,1.686341,1.180438,0.1686341,0.3372681,0.8431703,0.1686341,0.1686341,0.1686341,0.8431703,0,0.00,0.618590173,154.1687,0.216934448,208.3332322,272.822
1.686341,92.74874,1.686341,1.180438,0.1686341,0.3372681,0.8431703,0.1686341,0.1686341,0.1686341,0.8431703,0,0.00,0.618590173,153.2751,0.215677042,208.3332322,272.6827
1.686341,92.74874,1.686341,1.180438,0.1686341,0.3372681,0.8431703,0.1686341,0.1686341,0.1686341,0.8431703,0,0.00,0.618590173,151.5023,0.213182493,208.3332322,272.4042
1.686341,92.74874,1.686341,1.180438,0.1686341,0.3372681,0.8431703,0.1686341,0.1686341,0.1686341,0.8431703,0,0.00,0.618590173,148.0142,0.208274304,208.3332322,271.8481
1.686341,92.74874,1.686341,1.180438,0.1686341,0.3372681,0.8431703,0.1686341,0.1686341,0.1686341,0.8431703,0,0.00,0.618590173,141.262,0.198773123,208.3332322,270.7395
1.686341,92.74874,1.686341,1.180438,0.1686341,0.3372681,0.8431703,0.1686341,0.1686341,0.1686341,0.8431703,0,0.00,0.618590173,128.613,0.180974414,208.3332322,268.5369
1.686341,92.74874,1.686341,1.180438,0.1686341,0.3372681,0.8431703,0.1686341,0.1686341,0.1686341,0.8431703,0,0.00,0.618590173,106.427,0.149755965,208.3332322,264.1894
1.686341,92.74874,1.686341,1.180438,0.1686341,0.3372681,0.8431703,0.1686341,0.1686341,0.1686341,0.8431703,0,0.00,0.618590173,87.75824,0.123486709,208.3332322,259.893
1.686341,92.74874,1.686341,1.180438,0.1686341,0.3372681,0.8431703,0.1686341,0.1686341,0.1686341,0.8431703,0,0.00,0.618590173,71.93723,0.101224589,208.3332322,255.5997
1.686341,92.74874,1.686341,1.180438,0.1686341,0.3372681,0.8431703,0.1686341,0.1686341,0.1686341,0.8431703,0,0.00,0.618590173,58.6024,0.082460832,208.3332322,251.3107
1.686341,92.74874,1.686341,1.180438,0.1686341,0.3372681,0.8431703,0.1686341,0.1686341,0.1686341,0.8431703,0,0.00,0.618590173,47.42514,0.066733043,208.3332322,247.0258
1.686341,92.74874,1.686341,1.180438,0.1686341,0.3372681,0.8431703,0.1686341,0.1686341,0.1686341,0.8431703,0,0.00,0.618590173,38.11175,0.053627951,208.3332322,242.7452
1.686341,92.74874,1.686341,1.180438,0.1686341,0.3372681,0.8431703,0.1686341,0.1686341,0.1686341,0.8431703,0,0.00,0.618590173,30.40052,0.042777295,208.3332322,238.4689
1.686341,92.74874,1.686341,1.180438,0.1686341,0.3372681,0.8431703,0.1686341,0.1686341,0.1686341,0.8431703,0,0.00,0.618590173,24.05909,0.033854118,208.3332322,234.197
1.686341,92.74874,1.686341,1.180438,0.1686341,0.3372681,0.8431703,0.1686341,0.1686341,0.1686341,0.8431703,0,0.00,0.618590173,18.88185,0.026569101,208.3332322,229.9296
1.686341,92.74874,1.686341,1.180438,0.1686341,0.3372681,0.8431703,0.1686341,0.1686341,0.1686341,0.8431703,0,0.00,0.618590173,14.6877,0.020667412,208.3332322,225.6669
0.7407407,88.88889,1.851852,2.592593,0.3703704,0.7407407,1.851852,0.3703704,0.3703704,0.3703704,1.851852,0,0.00,0.685139183,2880.152,4.197191905,213.8974128,295.1992
0.7407407,88.88889,1.851852,2.592593,0.3703704,0.7407407,1.851852,0.3703704,0.3703704,0.3703704,1.851852,0,0.00,0.685139183,2811.11,4.096578284,213.8974128,295.0722
0.7407407,88.88889,1.851852,2.592593,0.3703704,0.7407407,1.851852,0.3703704,0.3703704,0.3703704,1.851852,0,0.00,0.685139183,2742.068,3.995964662,213.8974128,294.9433
0.7407407,88.88889,1.851852,2.592593,0.3703704,0.7407407,1.851852,0.3703704,0.3703704,0.3703704,1.851852,0,0.00,0.685139183,2673.109,3.895471995,213.8974128,294.8126
0.7407407,88.88889,1.851852,2.592593,0.3703704,0.7407407,1.851852,0.3703704,0.3703704,0.3703704,1.851852,0,0.00,0.685139183,2604.236,3.795104654,213.8974128,294.6799
0.7407407,88.88889,1.851852,2.592593,0.3703704,0.7407407,1.851852,0.3703704,0.3703704,0.3703704,1.851852,0,0.00,0.685139183,2535.451,3.694865553,213.8974128,294.5452
0.7407407,88.88889,1.851852,2.592593,0.3703704,0.7407407,1.851852,0.3703704,0.3703704,0.3703704,1.851852,0,0.00,0.685139183,2466.761,3.594764895,213.8974128,294.4082
0.7407407,88.88889,1.851852,2.592593,0.3703704,0.7407407,1.851852,0.3703704,0.3703704,0.3703704,1.851852,0,0.00,0.685139183,2398.168,3.494805593,213.8974128,294.2688
0.7407407,88.88889,1.851852,2.592593,0.3703704,0.7407407,1.851852,0.3703704,0.3703704,0.3703704,1.851852,0,0.00,0.685139183,2329.679,3.394997848,213.8974128,294.1269
0.7407407,88.88889,1.851852,2.592593,0.3703704,0.7407407,1.851852,0.3703704,0.3703704,0.3703704,1.851852,0,0.00,0.685139183,2261.299,3.295348946,213.8974128,293.9821
0.7407407,88.88889,1.851852,2.592593,0.3703704,0.7407407,1.851852,0.3703704,0.3703704,0.3703704,1.851852,0,0.00,0.685139183,2193.034,3.195867632,213.8974128,293.8342
0.7407407,88.88889,1.851852,2.592593,0.3703704,0.7407407,1.851852,0.3703704,0.3703704,0.3703704,1.851852,0,0.00,0.685139183,2124.89,3.096562649,213.8974128,293.6828
0.7407407,88.88889,1.851852,2.592593,0.3703704,0.7407407,1.851852,0.3703704,0.3703704,0.3703704,1.851852,0,0.00,0.685139183,2056.873,2.997442741,213.8974128,293.5276
0.7407407,88.88889,1.851852,2.592593,0.3703704,0.7407407,1.851852,0.3703704,0.3703704,0.3703704,1.851852,0,0.00,0.685139183,1988.993,2.898522481,213.8974128,293.3681
0.7407407,88.88889,1.851852,2.592593,0.3703704,0.7407407,1.851852,0.3703704,0.3703704,0.3703704,1.851852,0,0.00,0.685139183,1921.255,2.799809154,213.8974128,293.2037
0.7407407,88.88889,1.851852,2.592593,0.3703704,0.7407407,1.851852,0.3703704,0.3703704,0.3703704,1.851852,0,0.00,0.685139183,1853.67,2.701318791,213.8974128,293.0337
0.7407407,88.88889,1.851852,2.592593,0.3703704,0.7407407,1.851852,0.3703704,0.3703704,0.3703704,1.851852,0,0.00,0.685139183,1819.646,2.651736249,213.8974128,292.9456
0.7407407,88.88889,1.851852,2.592593,0.3703704,0.7407407,1.851852,0.3703704,0.3703704,0.3703704,1.851852,0,0.00,0.685139183,1802.272,2.626417442,213.8974128,292.8999
0.7407407,88.88889,1.851852,2.592593,0.3703704,0.7407407,1.851852,0.3703704,0.3703704,0.3703704,1.851852,0,0.00,0.685139183,1801.722,2.625615938,213.8974128,292.8985
0.7407407,88.88889,1.851852,2.592593,0.3703704,0.7407407,1.851852,0.3703704,0.3703704,0.3703704,1.851852,0,0.00,0.685139183,1801.722,2.625615938,213.8974128,292.8985
0.7407407,88.88889,1.851852,2.592593,0.3703704,0.7407407,1.851852,0.3703704,0.3703704,0.3703704,1.851852,0,0.00,0.685139183,1799.501,2.622379316,213.8974128,292.8931
0.7407407,88.88889,1.851852,2.592593,0.3703704,0.7407407,1.851852,0.3703704,0.3703704,0.3703704,1.851852,0,0.00,0.685139183,1798.392,2.620763191,213.8974128,292.8904
0.7407407,88.88889,1.851852,2.592593,0.3703704,0.7407407,1.851852,0.3703704,0.3703704,0.3703704,1.851852,0,0.00,0.685139183,1796.173,2.617529483,213.8974128,292.885
0.7407407,88.88889,1.851852,2.592593,0.3703704,0.7407407,1.851852,0.3703704,0.3703704,0.3703704,1.851852,0,0.00,0.685139183,1791.74,2.611069355,213.8974128,292.8742
0.7407407,88.88889,1.851852,2.592593,0.3703704,0.7407407,1.851852,0.3703704,0.3703704,0.3703704,1.851852,0,0.00,0.685139183,1782.898,2.598184073,213.8974128,292.8524
0.7407407,88.88889,1.851852,2.592593,0.3703704,0.7407407,1.851852,0.3703704,0.3703704,0.3703704,1.851852,0,0.00,0.685139183,1765.3,2.572538835,213.8974128,292.8087
0.7407407,88.88889,1.851852,2.592593,0.3703704,0.7407407,1.851852,0.3703704,0.3703704,0.3703704,1.851852,0,0.00,0.685139183,1730.458,2.521764237,213.8974128,292.7197
0.7407407,88.88889,1.851852,2.592593,0.3703704,0.7407407,1.851852,0.3703704,0.3703704,0.3703704,1.851852,0,0.00,0.685139183,1662.176,2.422258149,213.8974128,292.536
0.7407407,88.88889,1.851852,2.592593,0.3703704,0.7407407,1.851852,0.3703704,0.3703704,0.3703704,1.851852,0,0.00,0.685139183,1595.32,2.324830145,213.8974128,292.343
0.7407407,88.88889,1.851852,2.592593,0.3703704,0.7407407,1.851852,0.3703704,0.3703704,0.3703704,1.851852,0,0.00,0.685139183,1528.628,2.227641134,213.8974128,292.136
0.7407407,88.88889,1.851852,2.592593,0.3703704,0.7407407,1.851852,0.3703704,0.3703704,0.3703704,1.851852,0,0.00,0.685139183,1462.162,2.130781469,213.8974128,291.9137
0.7407407,88.88889,1.851852,2.592593,0.3703704,0.7407407,1.851852,0.3703704,0.3703704,0.3703704,1.851852,0,0.00,0.685139183,1395.938,2.034274467,213.8974128,291.6745
0.7407407,88.88889,1.851852,2.592593,0.3703704,0.7407407,1.851852,0.3703704,0.3703704,0.3703704,1.851852,0,0.00,0.685139183,1329.975,1.938147815,213.8974128,291.4167
0.7407407,88.88889,1.851852,2.592593,0.3703704,0.7407407,1.851852,0.3703704,0.3703704,0.3703704,1.851852,0,0.00,0.685139183,1264.295,1.842433573,213.8974128,291.1383
0.7407407,88.88889,1.851852,2.592593,0.3703704,0.7407407,1.851852,0.3703704,0.3703704,0.3703704,1.851852,0,0.00,0.685139183,1198.922,1.747166717,213.8974128,290.8373
0.7407407,88.88889,1.851852,2.592593,0.3703704,0.7407407,1.851852,0.3703704,0.3703704,0.3703704,1.851852,0,0.00,0.685139183,1133.883,1.652386593,213.8974128,290.5111
0.7407407,88.88889,1.851852,2.592593,0.3703704,0.7407407,1.851852,0.3703704,0.3703704,0.3703704,1.851852,0,0.00,0.685139183,1069.21,1.558139833,213.8974128,290.1572
0.7407407,88.88889,1.851852,2.592593,0.3703704,0.7407407,1.851852,0.3703704,0.3703704,0.3703704,1.851852,0,0.00,0.685139183,1004.938,1.464477444,213.8974128,289.7723
0.7407407,88.88889,1.851852,2.592593,0.3703704,0.7407407,1.851852,0.3703704,0.3703704,0.3703704,1.851852,0,0.00,0.685139183,941.1079,1.371459027,213.8974128,289.353
0.7407407,88.88889,1.851852,2.592593,0.3703704,0.7407407,1.851852,0.3703704,0.3703704,0.3703704,1.851852,0,0.00,0.685139183,877.7661,1.279152201,213.8974128,288.8951
0.7407407,88.88889,1.851852,2.592593,0.3703704,0.7407407,1.851852,0.3703704,0.3703704,0.3703704,1.851852,0,0.00,0.685139183,814.9673,1.187636678,213.8974128,288.3939
0.7407407,88.88889,1.851852,2.592593,0.3703704,0.7407407,1.851852,0.3703704,0.3703704,0.3703704,1.851852,0,0.00,0.685139183,752.7749,1.097004851,213.8974128,287.8437
0.7407407,88.88889,1.851852,2.592593,0.3703704,0.7407407,1.851852,0.3703704,0.3703704,0.3703704,1.851852,0,0.00,0.685139183,691.2636,1.007365579,213.8974128,287.2378
0.7407407,88.88889,1.851852,2.592593,0.3703704,0.7407407,1.851852,0.3703704,0.3703704,0.3703704,1.851852,0,0.00,0.685139183,630.522,0.918847976,213.8974128,286.5683
0.7407407,88.88889,1.851852,2.592593,0.3703704,0.7407407,1.851852,0.3703704,0.3703704,0.3703704,1.851852,0,0.00,0.685139183,570.6558,0.831606077,213.8974128,285.8255
0.7407407,88.88889,1.851852,2.592593,0.3703704,0.7407407,1.851852,0.3703704,0.3703704,0.3703704,1.851852,0,0.00,0.685139183,511.7925,0.745825685,213.8974128,284.9976
0.7407407,88.88889,1.851852,2.592593,0.3703704,0.7407407,1.851852,0.3703704,0.3703704,0.3703704,1.851852,0,0.00,0.685139183,454.0872,0.661732825,213.8974128,284.07
0.7407407,88.88889,1.851852,2.592593,0.3703704,0.7407407,1.851852,0.3703704,0.3703704,0.3703704,1.851852,0,0.00,0.685139183,397.7304,0.57960511,213.8974128,283.0243
0.7407407,88.88889,1.851852,2.592593,0.3703704,0.7407407,1.851852,0.3703704,0.3703704,0.3703704,1.851852,0,0.00,0.685139183,342.959,0.499787768,213.8974128,281.8372
0.7407407,88.88889,1.851852,2.592593,0.3703704,0.7407407,1.851852,0.3703704,0.3703704,0.3703704,1.851852,0,0.00,0.685139183,290.0701,0.422713758,213.8974128,280.4788
0.7407407,88.88889,1.851852,2.592593,0.3703704,0.7407407,1.851852,0.3703704,0.3703704,0.3703704,1.851852,0,0.00,0.685139183,239.4403,0.348931893,213.8974128,278.9098
0.7407407,88.88889,1.851852,2.592593,0.3703704,0.7407407,1.851852,0.3703704,0.3703704,0.3703704,1.851852,0,0.00,0.685139183,191.5515,0.279144436,213.8974128,277.078
0.7407407,88.88889,1.851852,2.592593,0.3703704,0.7407407,1.851852,0.3703704,0.3703704,0.3703704,1.851852,0,0.00,0.685139183,147.0229,0.214253736,213.8974128,274.9134
0.7407407,88.88889,1.851852,2.592593,0.3703704,0.7407407,1.851852,0.3703704,0.3703704,0.3703704,1.851852,0,0.00,0.685139183,125.2184,0.182478444,213.8974128,273.6108
0.7407407,88.88889,1.851852,2.592593,0.3703704,0.7407407,1.851852,0.3703704,0.3703704,0.3703704,1.851852,0,0.00,0.685139183,119.0972,0.173558133,213.8974128,273.2065
0.7407407,88.88889,1.851852,2.592593,0.3703704,0.7407407,1.851852,0.3703704,0.3703704,0.3703704,1.851852,0,0.00,0.685139183,117.4089,0.171097805,213.8974128,273.0916
0.7407407,88.88889,1.851852,2.592593,0.3703704,0.7407407,1.851852,0.3703704,0.3703704,0.3703704,1.851852,0,0.00,0.685139183,116.9735,0.170463304,213.8974128,273.0617
0.7407407,88.88889,1.851852,2.592593,0.3703704,0.7407407,1.851852,0.3703704,0.3703704,0.3703704,1.851852,0,0.00,0.685139183,116.9735,0.170463304,213.8974128,273.0617
0.7407407,88.88889,1.851852,2.592593,0.3703704,0.7407407,1.851852,0.3703704,0.3703704,0.3703704,1.851852,0,0.00,0.685139183,116.0539,0.169123189,213.8974128,272.9093
0.7407407,88.88889,1.851852,2.592593,0.3703704,0.7407407,1.851852,0.3703704,0.3703704,0.3703704,1.851852,0,0.00,0.685139183,115.7039,0.16861314,213.8974128,272.8384
0.7407407,88.88889,1.851852,2.592593,0.3703704,0.7407407,1.851852,0.3703704,0.3703704,0.3703704,1.851852,0,0.00,0.685139183,115.0195,0.167615777,213.8974128,272.699
0.7407407,88.88889,1.851852,2.592593,0.3703704,0.7407407,1.851852,0.3703704,0.3703704,0.3703704,1.851852,0,0.00,0.685139183,113.6621,0.165637663,213.8974128,272.4205
0.7407407,88.88889,1.851852,2.592593,0.3703704,0.7407407,1.851852,0.3703704,0.3703704,0.3703704,1.851852,0,0.00,0.685139183,110.9925,0.161747305,213.8974128,271.8644
0.7407407,88.88889,1.851852,2.592593,0.3703704,0.7407407,1.851852,0.3703704,0.3703704,0.3703704,1.851852,0,0.00,0.685139183,105.829,0.154222632,213.8974128,270.7557
0.7407407,88.88889,1.851852,2.592593,0.3703704,0.7407407,1.851852,0.3703704,0.3703704,0.3703704,1.851852,0,0.00,0.685139183,96.17183,0.140149418,213.8974128,268.5528
0.7407407,88.88889,1.851852,2.592593,0.3703704,0.7407407,1.851852,0.3703704,0.3703704,0.3703704,1.851852,0,0.00,0.685139183,79.28732,0.115543936,213.8974128,264.2045
0.7407407,88.88889,1.851852,2.592593,0.3703704,0.7407407,1.851852,0.3703704,0.3703704,0.3703704,1.851852,0,0.00,0.685139183,65.1398,0.094927018,213.8974128,259.9072
0.7407407,88.88889,1.851852,2.592593,0.3703704,0.7407407,1.851852,0.3703704,0.3703704,0.3703704,1.851852,0,0.00,0.685139183,53.20036,0.077527894,213.8974128,255.6133
0.7407407,88.88889,1.851852,2.592593,0.3703704,0.7407407,1.851852,0.3703704,0.3703704,0.3703704,1.851852,0,0.00,0.685139183,43.17834,0.062922991,213.8974128,251.3237
0.7407407,88.88889,1.851852,2.592593,0.3703704,0.7407407,1.851852,0.3703704,0.3703704,0.3703704,1.851852,0,0.00,0.685139183,34.81191,0.050730749,213.8974128,247.0386
0.7407407,88.88889,1.851852,2.592593,0.3703704,0.7407407,1.851852,0.3703704,0.3703704,0.3703704,1.851852,0,0.00,0.685139183,27.86878,0.040612654,213.8974128,242.7578
0.7407407,88.88889,1.851852,2.592593,0.3703704,0.7407407,1.851852,0.3703704,0.3703704,0.3703704,1.851852,0,0.00,0.685139183,22.14336,0.032269106,213.8974128,238.4815
0.7407407,88.88889,1.851852,2.592593,0.3703704,0.7407407,1.851852,0.3703704,0.3703704,0.3703704,1.851852,0,0.00,0.685139183,17.45426,0.025435768,213.8974128,234.2097
0.7407407,88.88889,1.851852,2.592593,0.3703704,0.7407407,1.851852,0.3703704,0.3703704,0.3703704,1.851852,0,0.00,0.685139183,13.64192,0.019880116,213.8974128,229.9426
4.520796,86.79928,0.9041591,1.265823,0.1808318,0.3616637,0.9041591,0.1808318,0.1808318,0.1808318,4.520796,0,0.00,0.655660836,2434.909,3.056288894,225.0698109,292.7317
4.520796,86.79928,0.9041591,1.265823,0.1808318,0.3616637,0.9041591,0.1808318,0.1808318,0.1808318,4.520796,0,0.00,0.655660836,2366.467,2.970380746,225.0698109,292.584
4.520796,86.79928,0.9041591,1.265823,0.1808318,0.3616637,0.9041591,0.1808318,0.1808318,0.1808318,4.520796,0,0.00,0.655660836,2298.025,2.884472597,225.0698109,292.4328
4.520796,86.79928,0.9041591,1.265823,0.1808318,0.3616637,0.9041591,0.1808318,0.1808318,0.1808318,4.520796,0,0.00,0.655660836,2229.697,2.79870754,225.0698109,292.278
4.520796,86.79928,0.9041591,1.265823,0.1808318,0.3616637,0.9041591,0.1808318,0.1808318,0.1808318,4.520796,0,0.00,0.655660836,2161.487,2.713090597,225.0698109,292.119
4.520796,86.79928,0.9041591,1.265823,0.1808318,0.3616637,0.9041591,0.1808318,0.1808318,0.1808318,4.520796,0,0.00,0.655660836,2093.401,2.627629298,225.0698109,291.9557
4.520796,86.79928,0.9041591,1.265823,0.1808318,0.3616637,0.9041591,0.1808318,0.1808318,0.1808318,4.520796,0,0.00,0.655660836,2025.446,2.54233243,225.0698109,291.7873
4.520796,86.79928,0.9041591,1.265823,0.1808318,0.3616637,0.9041591,0.1808318,0.1808318,0.1808318,4.520796,0,0.00,0.655660836,1957.631,2.45721129,225.0698109,291.6135
4.520796,86.79928,0.9041591,1.265823,0.1808318,0.3616637,0.9041591,0.1808318,0.1808318,0.1808318,4.520796,0,0.00,0.655660836,1889.963,2.372274663,225.0698109,291.4334
4.520796,86.79928,0.9041591,1.265823,0.1808318,0.3616637,0.9041591,0.1808318,0.1808318,0.1808318,4.520796,0,0.00,0.655660836,1822.451,2.287533847,225.0698109,291.2463
4.520796,86.79928,0.9041591,1.265823,0.1808318,0.3616637,0.9041591,0.1808318,0.1808318,0.1808318,4.520796,0,0.00,0.655660836,1755.107,2.203003904,225.0698109,291.0513
4.520796,86.79928,0.9041591,1.265823,0.1808318,0.3616637,0.9041591,0.1808318,0.1808318,0.1808318,4.520796,0,0.00,0.655660836,1687.941,2.118697386,225.0698109,290.8475
4.520796,86.79928,0.9041591,1.265823,0.1808318,0.3616637,0.9041591,0.1808318,0.1808318,0.1808318,4.520796,0,0.00,0.655660836,1620.964,2.0346281,225.0698109,290.6337
4.520796,86.79928,0.9041591,1.265823,0.1808318,0.3616637,0.9041591,0.1808318,0.1808318,0.1808318,4.520796,0,0.00,0.655660836,1554.192,1.950816129,225.0698109,290.4086
4.520796,86.79928,0.9041591,1.265823,0.1808318,0.3616637,0.9041591,0.1808318,0.1808318,0.1808318,4.520796,0,0.00,0.655660836,1487.638,1.867277791,225.0698109,290.1707
4.520796,86.79928,0.9041591,1.265823,0.1808318,0.3616637,0.9041591,0.1808318,0.1808318,0.1808318,4.520796,0,0.00,0.655660836,1421.319,1.784034424,225.0698109,289.9184
4.520796,86.79928,0.9041591,1.265823,0.1808318,0.3616637,0.9041591,0.1808318,0.1808318,0.1808318,4.520796,0,0.00,0.655660836,1355.253,1.701108622,225.0698109,289.6498
4.520796,86.79928,0.9041591,1.265823,0.1808318,0.3616637,0.9041591,0.1808318,0.1808318,0.1808318,4.520796,0,0.00,0.655660836,1289.462,1.618527998,225.0698109,289.363
4.520796,86.79928,0.9041591,1.265823,0.1808318,0.3616637,0.9041591,0.1808318,0.1808318,0.1808318,4.520796,0,0.00,0.655660836,1256.288,1.576888115,225.0698109,289.2102
4.520796,86.79928,0.9041591,1.265823,0.1808318,0.3616637,0.9041591,0.1808318,0.1808318,0.1808318,4.520796,0,0.00,0.655660836,1239.221,1.555465679,225.0698109,289.1293
4.520796,86.79928,0.9041591,1.265823,0.1808318,0.3616637,0.9041591,0.1808318,0.1808318,0.1808318,4.520796,0,0.00,0.655660836,1237.049,1.552739392,225.0698109,289.1189
4.520796,86.79928,0.9041591,1.265823,0.1808318,0.3616637,0.9041591,0.1808318,0.1808318,0.1808318,4.520796,0,0.00,0.655660836,1235.951,1.551361186,225.0698109,289.1136
4.520796,86.79928,0.9041591,1.265823,0.1808318,0.3616637,0.9041591,0.1808318,0.1808318,0.1808318,4.520796,0,0.00,0.655660836,1235.401,1.550670828,225.0698109,289.1109
4.520796,86.79928,0.9041591,1.265823,0.1808318,0.3616637,0.9041591,0.1808318,0.1808318,0.1808318,4.520796,0,0.00,0.655660836,1235.401,1.550670828,225.0698109,289.1109
4.520796,86.79928,0.9041591,1.265823,0.1808318,0.3616637,0.9041591,0.1808318,0.1808318,0.1808318,4.520796,0,0.00,0.655660836,1233.2,1.547908141,225.0698109,289.1004
4.520796,86.79928,0.9041591,1.265823,0.1808318,0.3616637,0.9041591,0.1808318,0.1808318,0.1808318,4.520796,0,0.00,0.655660836,1232.101,1.54652868,225.0698109,289.0951
4.520796,86.79928,0.9041591,1.265823,0.1808318,0.3616637,0.9041591,0.1808318,0.1808318,0.1808318,4.520796,0,0.00,0.655660836,1229.903,1.543769759,225.0698109,289.0846
4.520796,86.79928,0.9041591,1.265823,0.1808318,0.3616637,0.9041591,0.1808318,0.1808318,0.1808318,4.520796,0,0.00,0.655660836,1225.515,1.538261957,225.0698109,289.0634
4.520796,86.79928,0.9041591,1.265823,0.1808318,0.3616637,0.9041591,0.1808318,0.1808318,0.1808318,4.520796,0,0.00,0.655660836,1216.77,1.527285265,225.0698109,289.0209
4.520796,86.79928,0.9041591,1.265823,0.1808318,0.3616637,0.9041591,0.1808318,0.1808318,0.1808318,4.520796,0,0.00,0.655660836,1199.407,1.505491291,225.0698109,288.9351
4.520796,86.79928,0.9041591,1.265823,0.1808318,0.3616637,0.9041591,0.1808318,0.1808318,0.1808318,4.520796,0,0.00,0.655660836,1165.187,1.462538472,225.0698109,288.7603
4.520796,86.79928,0.9041591,1.265823,0.1808318,0.3616637,0.9041591,0.1808318,0.1808318,0.1808318,4.520796,0,0.00,0.655660836,1098.754,1.379152013,225.0698109,288.3981
4.520796,86.79928,0.9041591,1.265823,0.1808318,0.3616637,0.9041591,0.1808318,0.1808318,0.1808318,4.520796,0,0.00,0.655660836,1034.377,1.298346237,225.0698109,288.0149
4.520796,86.79928,0.9041591,1.265823,0.1808318,0.3616637,0.9041591,0.1808318,0.1808318,0.1808318,4.520796,0,0.00,0.655660836,970.3336,1.217959195,225.0698109,287.598
4.520796,86.79928,0.9041591,1.265823,0.1808318,0.3616637,0.9041591,0.1808318,0.1808318,0.1808318,4.520796,0,0.00,0.655660836,906.7617,1.138163978,225.0698109,287.1439
4.520796,86.79928,0.9041591,1.265823,0.1808318,0.3616637,0.9041591,0.1808318,0.1808318,0.1808318,4.520796,0,0.00,0.655660836,843.7064,1.059017195,225.0698109,286.648
4.520796,86.79928,0.9041591,1.265823,0.1808318,0.3616637,0.9041591,0.1808318,0.1808318,0.1808318,4.520796,0,0.00,0.655660836,781.2272,0.980593532,225.0698109,286.1051
4.520796,86.79928,0.9041591,1.265823,0.1808318,0.3616637,0.9041591,0.1808318,0.1808318,0.1808318,4.520796,0,0.00,0.655660836,719.3934,0.902979971,225.0698109,285.5087
4.520796,86.79928,0.9041591,1.265823,0.1808318,0.3616637,0.9041591,0.1808318,0.1808318,0.1808318,4.520796,0,0.00,0.655660836,658.2867,0.826279064,225.0698109,284.8513
4.520796,86.79928,0.9041591,1.265823,0.1808318,0.3616637,0.9041591,0.1808318,0.1808318,0.1808318,4.520796,0,0.00,0.655660836,598.0045,0.750613067,225.0698109,284.1241
4.520796,86.79928,0.9041591,1.265823,0.1808318,0.3616637,0.9041591,0.1808318,0.1808318,0.1808318,4.520796,0,0.00,0.655660836,538.6637,0.676128711,225.0698109,283.316
4.520796,86.79928,0.9041591,1.265823,0.1808318,0.3616637,0.9041591,0.1808318,0.1808318,0.1808318,4.520796,0,0.00,0.655660836,480.4058,0.603003608,225.0698109,282.4136
4.520796,86.79928,0.9041591,1.265823,0.1808318,0.3616637,0.9041591,0.1808318,0.1808318,0.1808318,4.520796,0,0.00,0.655660836,423.404,0.531455156,225.0698109,281.4003
4.520796,86.79928,0.9041591,1.265823,0.1808318,0.3616637,0.9041591,0.1808318,0.1808318,0.1808318,4.520796,0,0.00,0.655660836,367.8724,0.461752094,225.0698109,280.2551
4.520796,86.79928,0.9041591,1.265823,0.1808318,0.3616637,0.9041591,0.1808318,0.1808318,0.1808318,4.520796,0,0.00,0.655660836,314.0784,0.394230062,225.0698109,278.951
4.520796,86.79928,0.9041591,1.265823,0.1808318,0.3616637,0.9041591,0.1808318,0.1808318,0.1808318,4.520796,0,0.00,0.655660836,262.3594,0.329312562,225.0698109,277.4531
4.520796,86.79928,0.9041591,1.265823,0.1808318,0.3616637,0.9041591,0.1808318,0.1808318,0.1808318,4.520796,0,0.00,0.655660836,213.1454,0.267539329,225.0698109,275.7152
4.520796,86.79928,0.9041591,1.265823,0.1808318,0.3616637,0.9041591,0.1808318,0.1808318,0.1808318,4.520796,0,0.00,0.655660836,166.9881,0.209602854,225.0698109,273.6755
4.520796,86.79928,0.9041591,1.265823,0.1808318,0.3616637,0.9041591,0.1808318,0.1808318,0.1808318,4.520796,0,0.00,0.655660836,155.1996,0.194805972,225.0698109,273.0661
4.520796,86.79928,0.9041591,1.265823,0.1808318,0.3616637,0.9041591,0.1808318,0.1808318,0.1808318,4.520796,0,0.00,0.655660836,154.3274,0.193711189,225.0698109,273.0193
4.520796,86.79928,0.9041591,1.265823,0.1808318,0.3616637,0.9041591,0.1808318,0.1808318,0.1808318,4.520796,0,0.00,0.655660836,153.8659,0.193131916,225.0698109,272.9944
4.520796,86.79928,0.9041591,1.265823,0.1808318,0.3616637,0.9041591,0.1808318,0.1808318,0.1808318,4.520796,0,0.00,0.655660836,153.8659,0.193131916,225.0698109,272.9944
4.520796,86.79928,0.9041591,1.265823,0.1808318,0.3616637,0.9041591,0.1808318,0.1808318,0.1808318,4.520796,0,0.00,0.655660836,152.7767,0.191764757,225.0698109,272.858
4.520796,86.79928,0.9041591,1.265823,0.1808318,0.3616637,0.9041591,0.1808318,0.1808318,0.1808318,4.520796,0,0.00,0.655660836,152.3148,0.191184981,225.0698109,272.786
4.520796,86.79928,0.9041591,1.265823,0.1808318,0.3616637,0.9041591,0.1808318,0.1808318,0.1808318,4.520796,0,0.00,0.655660836,151.424,0.190066852,225.0698109,272.6467
4.520796,86.79928,0.9041591,1.265823,0.1808318,0.3616637,0.9041591,0.1808318,0.1808318,0.1808318,4.520796,0,0.00,0.655660836,149.6568,0.187848669,225.0698109,272.3682
4.520796,86.79928,0.9041591,1.265823,0.1808318,0.3616637,0.9041591,0.1808318,0.1808318,0.1808318,4.520796,0,0.00,0.655660836,146.1804,0.183485105,225.0698109,271.812
4.520796,86.79928,0.9041591,1.265823,0.1808318,0.3616637,0.9041591,0.1808318,0.1808318,0.1808318,4.520796,0,0.00,0.655660836,139.4535,0.175041524,225.0698109,270.7034
4.520796,86.79928,0.9041591,1.265823,0.1808318,0.3616637,0.9041591,0.1808318,0.1808318,0.1808318,4.520796,0,0.00,0.655660836,126.8607,0.159235088,225.0698109,268.5007
4.520796,86.79928,0.9041591,1.265823,0.1808318,0.3616637,0.9041591,0.1808318,0.1808318,0.1808318,4.520796,0,0.00,0.655660836,104.8047,0.131550477,225.0698109,264.1528
4.520796,86.79928,0.9041591,1.265823,0.1808318,0.3616637,0.9041591,0.1808318,0.1808318,0.1808318,4.520796,0,0.00,0.655660836,86.28077,0.108299308,225.0698109,259.8558
4.520796,86.79928,0.9041591,1.265823,0.1808318,0.3616637,0.9041591,0.1808318,0.1808318,0.1808318,4.520796,0,0.00,0.655660836,70.61237,0.088632389,225.0698109,255.562
4.520796,86.79928,0.9041591,1.265823,0.1808318,0.3616637,0.9041591,0.1808318,0.1808318,0.1808318,4.520796,0,0.00,0.655660836,57.43093,0.072087094,225.0698109,251.2724
4.520796,86.79928,0.9041591,1.265823,0.1808318,0.3616637,0.9041591,0.1808318,0.1808318,0.1808318,4.520796,0,0.00,0.655660836,46.4027,0.0582445,225.0698109,246.9871
4.520796,86.79928,0.9041591,1.265823,0.1808318,0.3616637,0.9041591,0.1808318,0.1808318,0.1808318,4.520796,0,0.00,0.655660836,37.23034,0.046731387,225.0698109,242.7061
4.520796,86.79928,0.9041591,1.265823,0.1808318,0.3616637,0.9041591,0.1808318,0.1808318,0.1808318,4.520796,0,0.00,0.655660836,29.64974,0.037216245,225.0698109,238.4294
4.520796,86.79928,0.9041591,1.265823,0.1808318,0.3616637,0.9041591,0.1808318,0.1808318,0.1808318,4.520796,0,0.00,0.655660836,23.42705,0.029405548,225.0698109,234.1572
4.520796,86.79928,0.9041591,1.265823,0.1808318,0.3616637,0.9041591,0.1808318,0.1808318,0.1808318,4.520796,0,0.00,0.655660836,18.35596,0.023040334,225.0698109,229.8895
4.520796,86.79928,0.9041591,1.265823,0.1808318,0.3616637,0.9041591,0.1808318,0.1808318,0.1808318,4.520796,0,0.00,0.655660836,14.25528,0.017893175,225.0698109,225.6265
0.530504,92.8382,1.32626,1.856764,0.265252,0.530504,1.32626,0.265252,0.265252,0.265252,0.530504,0,0.00,0.64017476,2697.33,3.979678302,206.3811754,294.2997
0.530504,92.8382,1.32626,1.856764,0.265252,0.530504,1.32626,0.265252,0.265252,0.265252,0.530504,0,0.00,0.64017476,2628.512,3.878143265,206.3811754,294.1647
0.530504,92.8382,1.32626,1.856764,0.265252,0.530504,1.32626,0.265252,0.265252,0.265252,0.530504,0,0.00,0.64017476,2559.693,3.776606753,206.3811754,294.0272
0.530504,92.8382,1.32626,1.856764,0.265252,0.530504,1.32626,0.265252,0.265252,0.265252,0.530504,0,0.00,0.64017476,2490.969,3.675210405,206.3811754,293.8872
0.530504,92.8382,1.32626,1.856764,0.265252,0.530504,1.32626,0.265252,0.265252,0.265252,0.530504,0,0.00,0.64017476,2422.341,3.573955696,206.3811754,293.7446
0.530504,92.8382,1.32626,1.856764,0.265252,0.530504,1.32626,0.265252,0.265252,0.265252,0.530504,0,0.00,0.64017476,2353.815,3.47285148,206.3811754,293.5989
0.530504,92.8382,1.32626,1.856764,0.265252,0.530504,1.32626,0.265252,0.265252,0.265252,0.530504,0,0.00,0.64017476,2285.396,3.371905133,206.3811754,293.4501
0.530504,92.8382,1.32626,1.856764,0.265252,0.530504,1.32626,0.265252,0.265252,0.265252,0.530504,0,0.00,0.64017476,2217.09,3.271125508,206.3811754,293.2977
0.530504,92.8382,1.32626,1.856764,0.265252,0.530504,1.32626,0.265252,0.265252,0.265252,0.530504,0,0.00,0.64017476,2148.902,3.170519982,206.3811754,293.1415
0.530504,92.8382,1.32626,1.856764,0.265252,0.530504,1.32626,0.265252,0.265252,0.265252,0.530504,0,0.00,0.64017476,2080.84,3.070100358,206.3811754,292.9808
0.530504,92.8382,1.32626,1.856764,0.265252,0.530504,1.32626,0.265252,0.265252,0.265252,0.530504,0,0.00,0.64017476,2012.91,2.969875489,206.3811754,292.8153
0.530504,92.8382,1.32626,1.856764,0.265252,0.530504,1.32626,0.265252,0.265252,0.265252,0.530504,0,0.00,0.64017476,1945.121,2.869858652,206.3811754,292.6444
0.530504,92.8382,1.32626,1.856764,0.265252,0.530504,1.32626,0.265252,0.265252,0.265252,0.530504,0,0.00,0.64017476,1877.482,2.770063128,206.3811754,292.4673
0.530504,92.8382,1.32626,1.856764,0.265252,0.530504,1.32626,0.265252,0.265252,0.265252,0.530504,0,0.00,0.64017476,1810,2.670499245,206.3811754,292.2832
0.530504,92.8382,1.32626,1.856764,0.265252,0.530504,1.32626,0.265252,0.265252,0.265252,0.530504,0,0.00,0.64017476,1742.688,2.571186181,206.3811754,292.0913
0.530504,92.8382,1.32626,1.856764,0.265252,0.530504,1.32626,0.265252,0.265252,0.265252,0.530504,0,0.00,0.64017476,1675.556,2.472138692,206.3811754,291.8905
0.530504,92.8382,1.32626,1.856764,0.265252,0.530504,1.32626,0.265252,0.265252,0.265252,0.530504,0,0.00,0.64017476,1608.616,2.373374482,206.3811754,291.6796
0.530504,92.8382,1.32626,1.856764,0.265252,0.530504,1.32626,0.265252,0.265252,0.265252,0.530504,0,0.00,0.64017476,1574.896,2.323623524,206.3811754,291.5689
0.530504,92.8382,1.32626,1.856764,0.265252,0.530504,1.32626,0.265252,0.265252,0.265252,0.530504,0,0.00,0.64017476,1557.63,2.298149027,206.3811754,291.511
0.530504,92.8382,1.32626,1.856764,0.265252,0.530504,1.32626,0.265252,0.265252,0.265252,0.530504,0,0.00,0.64017476,1548.889,2.285252433,206.3811754,291.4813
0.530504,92.8382,1.32626,1.856764,0.265252,0.530504,1.32626,0.265252,0.265252,0.265252,0.530504,0,0.00,0.64017476,1546.688,2.282005047,206.3811754,291.4738
0.530504,92.8382,1.32626,1.856764,0.265252,0.530504,1.32626,0.265252,0.265252,0.265252,0.530504,0,0.00,0.64017476,1546.136,2.281190619,206.3811754,291.4719
0.530504,92.8382,1.32626,1.856764,0.265252,0.530504,1.32626,0.265252,0.265252,0.265252,0.530504,0,0.00,0.64017476,1546.136,2.281190619,206.3811754,291.4719
0.530504,92.8382,1.32626,1.856764,0.265252,0.530504,1.32626,0.265252,0.265252,0.265252,0.530504,0,0.00,0.64017476,1543.922,2.277924052,206.3811754,291.4645
0.530504,92.8382,1.32626,1.856764,0.265252,0.530504,1.32626,0.265252,0.265252,0.265252,0.530504,0,0.00,0.64017476,1542.817,2.27629372,206.3811754,291.4608
0.530504,92.8382,1.32626,1.856764,0.265252,0.530504,1.32626,0.265252,0.265252,0.265252,0.530504,0,0.00,0.64017476,1540.605,2.273030104,206.3811754,291.4534
0.530504,92.8382,1.32626,1.856764,0.265252,0.530504,1.32626,0.265252,0.265252,0.265252,0.530504,0,0.00,0.64017476,1536.189,2.266514676,206.3811754,291.4387
0.530504,92.8382,1.32626,1.856764,0.265252,0.530504,1.32626,0.265252,0.265252,0.265252,0.530504,0,0.00,0.64017476,1527.381,2.25351923,206.3811754,291.409
0.530504,92.8382,1.32626,1.856764,0.265252,0.530504,1.32626,0.265252,0.265252,0.265252,0.530504,0,0.00,0.64017476,1509.869,2.227681781,206.3811754,291.3492
0.530504,92.8382,1.32626,1.856764,0.265252,0.530504,1.32626,0.265252,0.265252,0.265252,0.530504,0,0.00,0.64017476,1475.254,2.176610327,206.3811754,291.2275
0.530504,92.8382,1.32626,1.856764,0.265252,0.530504,1.32626,0.265252,0.265252,0.265252,0.530504,0,0.00,0.64017476,1407.645,2.076859066,206.3811754,290.9759
0.530504,92.8382,1.32626,1.856764,0.265252,0.530504,1.32626,0.265252,0.265252,0.265252,0.530504,0,0.00,0.64017476,1341.691,1.979549614,206.3811754,290.7111
0.530504,92.8382,1.32626,1.856764,0.265252,0.530504,1.32626,0.265252,0.265252,0.265252,0.530504,0,0.00,0.64017476,1275.957,1.882564754,206.3811754,290.4257
0.530504,92.8382,1.32626,1.856764,0.265252,0.530504,1.32626,0.265252,0.265252,0.265252,0.530504,0,0.00,0.64017476,1210.527,1.786028419,206.3811754,290.1178
0.530504,92.8382,1.32626,1.856764,0.265252,0.530504,1.32626,0.265252,0.265252,0.265252,0.530504,0,0.00,0.64017476,1145.427,1.689978971,206.3811754,289.7851
0.530504,92.8382,1.32626,1.856764,0.265252,0.530504,1.32626,0.265252,0.265252,0.265252,0.530504,0,0.00,0.64017476,1080.686,1.594459197,206.3811754,289.4247
0.530504,92.8382,1.32626,1.856764,0.265252,0.530504,1.32626,0.265252,0.265252,0.265252,0.530504,0,0.00,0.64017476,1016.34,1.499522211,206.3811754,289.0336
0.530504,92.8382,1.32626,1.856764,0.265252,0.530504,1.32626,0.265252,0.265252,0.265252,0.530504,0,0.00,0.64017476,952.4281,1.405225702,206.3811754,288.6083
0.530504,92.8382,1.32626,1.856764,0.265252,0.530504,1.32626,0.265252,0.265252,0.265252,0.530504,0,0.00,0.64017476,888.9956,1.311636507,206.3811754,288.1447
0.530504,92.8382,1.32626,1.856764,0.265252,0.530504,1.32626,0.265252,0.265252,0.265252,0.530504,0,0.00,0.64017476,826.0958,1.218833265,206.3811754,287.638
0.530504,92.8382,1.32626,1.856764,0.265252,0.530504,1.32626,0.265252,0.265252,0.265252,0.530504,0,0.00,0.64017476,763.7904,1.126907009,206.3811754,287.0828
0.530504,92.8382,1.32626,1.856764,0.265252,0.530504,1.32626,0.265252,0.265252,0.265252,0.530504,0,0.00,0.64017476,702.152,1.035964854,206.3811754,286.4724
0.530504,92.8382,1.32626,1.856764,0.265252,0.530504,1.32626,0.265252,0.265252,0.265252,0.530504,0,0.00,0.64017476,641.2663,0.946133243,206.3811754,285.7991
0.530504,92.8382,1.32626,1.856764,0.265252,0.530504,1.32626,0.265252,0.265252,0.265252,0.530504,0,0.00,0.64017476,581.2358,0.857563406,206.3811754,285.0535
0.530504,92.8382,1.32626,1.856764,0.265252,0.530504,1.32626,0.265252,0.265252,0.265252,0.530504,0,0.00,0.64017476,522.1836,0.770436966,206.3811754,284.224
0.530504,92.8382,1.32626,1.856764,0.265252,0.530504,1.32626,0.265252,0.265252,0.265252,0.530504,0,0.00,0.64017476,464.2595,0.684974941,206.3811754,283.2964
0.530504,92.8382,1.32626,1.856764,0.265252,0.530504,1.32626,0.265252,0.265252,0.265252,0.530504,0,0.00,0.64017476,407.647,0.601448069,206.3811754,282.2532
0.530504,92.8382,1.32626,1.856764,0.265252,0.530504,1.32626,0.265252,0.265252,0.265252,0.530504,0,0.00,0.64017476,352.5738,0.520192302,206.3811754,281.0718
0.530504,92.8382,1.32626,1.856764,0.265252,0.530504,1.32626,0.265252,0.265252,0.265252,0.530504,0,0.00,0.64017476,299.325,0.44162828,206.3811754,279.7235
0.530504,92.8382,1.32626,1.856764,0.265252,0.530504,1.32626,0.265252,0.265252,0.265252,0.530504,0,0.00,0.64017476,248.2615,0.36628848,206.3811754,278.1707
0.530504,92.8382,1.32626,1.856764,0.265252,0.530504,1.32626,0.265252,0.265252,0.265252,0.530504,0,0.00,0.64017476,199.8443,0.294853067,206.3811754,276.3638
0.530504,92.8382,1.32626,1.856764,0.265252,0.530504,1.32626,0.265252,0.265252,0.265252,0.530504,0,0.00,0.64017476,154.6655,0.228195636,206.3811754,274.2357
0.530504,92.8382,1.32626,1.856764,0.265252,0.530504,1.32626,0.265252,0.265252,0.265252,0.530504,0,0.00,0.64017476,143.146,0.211199605,206.3811754,273.5967
0.530504,92.8382,1.32626,1.856764,0.265252,0.530504,1.32626,0.265252,0.265252,0.265252,0.530504,0,0.00,0.64017476,136.4288,0.201288954,206.3811754,273.2011
0.530504,92.8382,1.32626,1.856764,0.265252,0.530504,1.32626,0.265252,0.265252,0.265252,0.530504,0,0.00,0.64017476,134.6926,0.198727341,206.3811754,273.0958
0.530504,92.8382,1.32626,1.856764,0.265252,0.530504,1.32626,0.265252,0.265252,0.265252,0.530504,0,0.00,0.64017476,133.7984,0.197408025,206.3811754,273.0411
0.530504,92.8382,1.32626,1.856764,0.265252,0.530504,1.32626,0.265252,0.265252,0.265252,0.530504,0,0.00,0.64017476,133.7819,0.197383681,206.3811754,273.0401
0.530504,92.8382,1.32626,1.856764,0.265252,0.530504,1.32626,0.265252,0.265252,0.265252,0.530504,0,0.00,0.64017476,132.9722,0.196189038,206.3811754,272.8926
0.530504,92.8382,1.32626,1.856764,0.265252,0.530504,1.32626,0.265252,0.265252,0.265252,0.530504,0,0.00,0.64017476,132.5813,0.195612299,206.3811754,272.8231
0.530504,92.8382,1.32626,1.856764,0.265252,0.530504,1.32626,0.265252,0.265252,0.265252,0.530504,0,0.00,0.64017476,131.8016,0.194461919,206.3811754,272.6837
0.530504,92.8382,1.32626,1.856764,0.265252,0.530504,1.32626,0.265252,0.265252,0.265252,0.530504,0,0.00,0.64017476,130.255,0.192180044,206.3811754,272.4052
0.530504,92.8382,1.32626,1.856764,0.265252,0.530504,1.32626,0.265252,0.265252,0.265252,0.530504,0,0.00,0.64017476,127.2128,0.187691539,206.3811754,271.8491
0.530504,92.8382,1.32626,1.856764,0.265252,0.530504,1.32626,0.265252,0.265252,0.265252,0.530504,0,0.00,0.64017476,121.3275,0.179008286,206.3811754,270.7405
0.530504,92.8382,1.32626,1.856764,0.265252,0.530504,1.32626,0.265252,0.265252,0.265252,0.530504,0,0.00,0.64017476,110.3158,0.16276147,206.3811754,268.5377
0.530504,92.8382,1.32626,1.856764,0.265252,0.530504,1.32626,0.265252,0.265252,0.265252,0.530504,0,0.00,0.64017476,91.04729,0.134332442,206.3811754,264.1898
0.530504,92.8382,1.32626,1.856764,0.265252,0.530504,1.32626,0.265252,0.265252,0.265252,0.530504,0,0.00,0.64017476,74.88401,0.110484913,206.3811754,259.8929
0.530504,92.8382,1.32626,1.856764,0.265252,0.530504,1.32626,0.265252,0.265252,0.265252,0.530504,0,0.00,0.64017476,61.22785,0.090336424,206.3811754,255.5993
0.530504,92.8382,1.32626,1.856764,0.265252,0.530504,1.32626,0.265252,0.265252,0.265252,0.530504,0,0.00,0.64017476,49.7517,0.073404352,206.3811754,251.31
0.530504,92.8382,1.32626,1.856764,0.265252,0.530504,1.32626,0.265252,0.265252,0.265252,0.530504,0,0.00,0.64017476,40.16027,0.059253022,206.3811754,247.0251
0.530504,92.8382,1.32626,1.856764,0.265252,0.530504,1.32626,0.265252,0.265252,0.265252,0.530504,0,0.00,0.64017476,32.19113,0.047495242,206.3811754,242.7444
0.530504,92.8382,1.32626,1.856764,0.265252,0.530504,1.32626,0.265252,0.265252,0.265252,0.530504,0,0.00,0.64017476,25.61161,0.037787727,206.3811754,238.4681
0.530504,92.8382,1.32626,1.856764,0.265252,0.530504,1.32626,0.265252,0.265252,0.265252,0.530504,0,0.00,0.64017476,20.21618,0.029827234,206.3811754,234.1963
0.530504,92.8382,1.32626,1.856764,0.265252,0.530504,1.32626,0.265252,0.265252,0.265252,0.530504,0,0.00,0.64017476,15.82376,0.023346596,206.3811754,229.9291
0,52.55,4.74,3.11,1.31,1.88,0,4.01,0,0,31.4,1.12,0.00,1.039269158,86.01,0.109950713,255.23938,273.7
0,52.55,4.74,3.11,1.31,1.88,0,4.01,0,0,31.4,1.12,0.00,1.039269158,122,0.155958459,255.23938,276.5
0,52.55,4.74,3.11,1.31,1.88,0,4.01,0,0,31.4,1.12,0.00,1.039269158,177.05,0.226331517,255.23938,279.3
0,52.55,4.74,3.11,1.31,1.88,0,4.01,0,0,31.4,1.12,0.00,1.039269158,243.77,0.311622897,255.23938,282
0,0,0,0,0,0,0,0,0,0,100,0,0.00,1.519157749,200,0.186741363,304.2,273.93
0,0,0,0,0,0,0,0,0,0,100,0,0.00,1.519157749,239.5,0.223622782,304.2,275.5
0,0,0,0,0,0,0,0,0,0,100,0,0.00,1.519157749,290.1,0.270868347,304.2,277.16
0,0,0,0,0,0,0,0,0,0,100,0,0.00,1.519157749,347.1,0.324089636,304.2,278.7
0,0,0,0,0,0,0,0,0,0,100,0,0.00,1.519157749,380,0.35480859,304.2,279.49
0,0,0,0,0,0,0,0,0,0,100,0,0.00,1.519157749,454,0.423902894,304.2,280.71
0,0,0,0,0,0,0,0,0,0,100,0,0.00,1.519157749,507.6,0.47394958,304.2,281.46
0,0,0,0,0,0,0,0,0,0,100,0,0.00,1.519157749,565.6,0.528104575,304.2,282.41
0,0,0,0,0,0,0,0,0,0,100,0,0.00,1.519157749,648,0.605042017,304.2,283.32
0,0,0,0,0,0,0,0,0,0,100,0,0.00,1.519157749,725.2,0.677124183,304.2,283.26
0,0,0,86,0,0,0,0,0,0,14,0,0.00,1.521740421,49,0.072090628,360.616,275.98
0,0,0,72,0,0,0,0,0,0,28,0,0.00,1.521319986,44,0.059187517,351.432,275.21
0,0,0,60,0,0,0,0,0,0,40,0,0.00,1.520959613,115,0.144110276,343.56,279.71
0,0,0,48,0,0,0,0,0,0,52,0,0.00,1.520599241,155,0.181796857,335.688,281.09
0,0,0,42,0,0,0,0,0,0,58,0,0.00,1.520419054,240,0.272758268,331.752,283.71
0,0,0,26,0,0,0,0,0,0,74,0,0.00,1.519938557,189,0.198383542,321.256,281.82
0,0,0,25,0,0,0,0,0,0,75,0,0.00,1.519908526,278,0.290415252,320.6,283.76
0,0,0,23,0,0,0,0,0,0,77,0,0.00,1.519848464,103,0.10658664,319.288,278.04
0,0,0,21,0,0,0,0,0,0,79,0,0.00,1.519788402,52,0.053308729,317.976,273.98
0,0,0,15,0,0,0,0,0,0,85,0,0.00,1.519608215,120,0.119670905,314.04,275.37
0,85,0,0,0,0,0,0,0,0,15,0,0.00,0.698586469,110,0.151040808,207.64,276.48
0,86,0,0,0,0,0,0,0,0,14,0,0.00,0.688932689,174.99,0.241616131,206.504,279.43
0,87,0,0,0,0,0,0,0,0,13,0,0.00,0.679278909,75,0.104135426,205.368,273.82
0,87,0,0,0,0,0,0,0,0,13,0,0.00,0.679278909,227.99,0.31655781,205.368,280.93
0,90,0,0,0,0,0,0,0,0,10,0,0.00,0.65031757,181.99,0.257004463,201.96,278.32
0,91,0,0,0,0,0,0,0,0,9,0,0.00,0.64066379,210.99,0.299664247,200.824,278.87
0,91,0,0,0,0,0,0,0,0,9,0,0.00,0.64066379,256.99,0.364996989,200.824,280.37
0,91,0,0,0,0,0,0,0,0,9,0,0.00,0.64066379,440.01,0.624936088,200.824,283.48
0,92,0,0,0,0,0,0,0,0,8,0,0.00,0.63101001,98,0.139988801,199.688,273.93
0,92,0,0,0,0,0,0,0,0,8,0,0.00,0.63101001,316.99,0.452806633,199.688,281.71
0,92,0,0,0,0,0,0,0,0,8,0,0.00,0.63101001,460.99,0.658504463,199.688,283.71
0,93,0,0,0,0,0,0,0,0,7,0,0.00,0.621356231,117.99,0.169520017,198.552,273.82
0,94,0,0,0,0,0,0,0,0,6,0,0.00,0.611702451,166.99,0.241317819,197.416,276.26
0,94.5,0,0,0,0,0,0,0,0,5.5,0,0.00,0.606875561,618.99,0.897118161,196.848,284.82
0,11,0,0,0,0,0,0,0,0,89,0,0.00,1.412966172,514.89,0.501525352,291.704,277.15
0,20,0,0,0,0,0,0,0,0,80,0,0.00,1.326082154,290.08,0.292903591,281.48,273.56
0,20,0,0,0,0,0,0,0,0,80,0,0.00,1.326082154,333.59,0.33683711,281.48,274
0,20,0,0,0,0,0,0,0,0,80,0,0.00,1.326082154,350.84,0.354255018,281.48,274.41
0,20,0,0,0,0,0,0,0,0,80,0,0.00,1.326082154,377.1,0.380770629,281.48,275.36
0,20,0,0,0,0,0,0,0,0,80,0,0.00,1.326082154,377.1,0.380770629,281.48,276
0,20,0,0,0,0,0,0,0,0,80,0,0.00,1.326082154,435.11,0.439345289,281.48,277.1
0,20,0,0,0,0,0,0,0,0,80,0,0.00,1.326082154,507.63,0.512571186,281.48,279.06
0,20,0,0,0,0,0,0,0,0,80,0,0.00,1.326082154,493.13,0.497930046,281.48,278.3
0,20,0,0,0,0,0,0,0,0,80,0,0.00,1.326082154,725.19,0.732248879,281.48,281.46
0,20,0,0,0,0,0,0,0,0,80,0,0.00,1.326082154,741.44,0.748657054,281.48,281.51
0,36,0,0,0,0,0,0,0,0,64,0,0.00,1.171621678,406.11,0.438635716,263.304,277.15
0,50,0,0,0,0,0,0,0,0,50,0,0.00,1.036468761,258.16,0.296940419,247.4,273.5
0,50,0,0,0,0,0,0,0,0,50,0,0.00,1.036468761,265.41,0.305279503,247.4,274.2
0,50,0,0,0,0,0,0,0,0,50,0,0.00,1.036468761,297.32,0.341982977,247.4,275.2
0,50,0,0,0,0,0,0,0,0,50,0,0.00,1.036468761,307.47,0.353657695,247.4,275.6
0,50,0,0,0,0,0,0,0,0,50,0,0.00,1.036468761,319.08,0.367011732,247.4,275.7
0,50,0,0,0,0,0,0,0,0,50,0,0.00,1.036468761,348.09,0.400379572,247.4,276.8
0,50,0,0,0,0,0,0,0,0,50,0,0.00,1.036468761,409.73,0.471279043,247.4,278.4
0,50,0,0,0,0,0,0,0,0,50,0,0.00,1.036468761,413.5,0.475615367,247.4,278.7
0,50,0,0,0,0,0,0,0,0,50,0,0.00,1.036468761,478.76,0.550678629,247.4,279.5
0,50,0,0,0,0,0,0,0,0,50,0,0.00,1.036468761,486.01,0.559017713,247.4,279.7
0,50,0,0,0,0,0,0,0,0,50,0,0.00,1.036468761,488.79,0.562215321,247.4,280.1
0,50,0,0,0,0,0,0,0,0,50,0,0.00,1.036468761,639.61,0.735691281,247.4,281.8
0,50,0,0,0,0,0,0,0,0,50,0,0.00,1.036468761,725.19,0.834126984,247.4,283
0,50,0,0,0,0,0,0,0,0,50,0,0.00,1.036468761,735.34,0.845801702,247.4,283.1
0,52,0,0,0,0,0,0,0,0,48,0,0.00,1.017161201,362.61,0.420985539,245.128,277.15
0,60,0,0,0,0,0,0,0,0,40,0,0.00,0.939930963,217.56,0.262411348,236.04,273.56
0,60,0,0,0,0,0,0,0,0,40,0,0.00,0.939930963,290.08,0.349881797,236.04,275.86
0,60,0,0,0,0,0,0,0,0,40,0,0.00,0.939930963,377.1,0.454841511,236.04,277.96
0,60,0,0,0,0,0,0,0,0,40,0,0.00,0.939930963,507.63,0.612281083,236.04,280.16
0,64,0,0,0,0,0,0,0,0,36,0,0.00,0.901315844,342.29,0.421045769,231.496,277.15
0,16,0,0,0,0,0,0,0,0,16,0,0.00,0.331670003,885.7,3.183589257,79.168,273.4
0,16,0,0,0,0,0,0,0,0,16,0,0.00,0.331670003,928.5,3.337430987,79.168,274.5
0,19,0,0,0,0,0,0,0,0,19,0,0.00,0.393858129,928.5,2.810468199,94.012,275.4
0,20,0,0,0,0,0,0,0,0,20,0,0.00,0.414587504,885.7,2.546871406,98.96,276.5
0,22,0,0,0,0,0,0,0,0,22,0,0.00,0.456046255,899.2,2.350628438,108.856,276
0,25,0,0,0,0,0,0,0,0,25,0,0.00,0.51823438,855.15,1.967218772,123.7,273.9
0,26,0,0,0,0,0,0,0,0,26,0,0.00,0.538963756,855.15,1.891556511,128.648,276
0,26,0,0,0,0,0,0,0,0,26,0,0.00,0.538963756,855.15,1.891556511,128.648,274.7
0,27,0,0,0,0,0,0,0,0,27,0,0.00,0.559693131,870.15,1.853449378,133.596,276.9
0,29,0,0,0,0,0,0,0,0,29,0,0.00,0.601151881,913.74,1.812070155,143.492,277.8
0,30,0,0,0,0,0,0,0,0,30,0,0.00,0.621881256,928.5,1.779963193,148.44,278.6
0,30,0,0,0,0,0,0,0,0,30,0,0.00,0.621881256,928.5,1.779963193,148.44,278.1
0,30,0,0,0,0,0,0,0,0,30,0,0.00,0.621881256,928.5,1.779963193,148.44,278.4
0,56,0,0,0,0,0,0,0,0,44,0,0.00,0.978546082,768.24,0.908936025,240.584,280.1
0,59,0,0,0,0,0,0,0,0,42,0,0.00,0.96477632,813.19,0.963698505,240.218,281.1
0,24.42,3.07,0.75,0.92,0,0,0,0,0,66.85,0,0.00,1.212530304,110.03,0.120883192,265.80295,273.7
0,24.42,3.07,0.75,0.92,0,0,0,0,0,66.85,0,0.00,1.212530304,158.05,0.173639811,265.80295,276.5
0,24.42,3.07,0.75,0.92,0,0,0,0,0,66.85,0,0.00,1.212530304,227.05,0.249445866,265.80295,279.3
0,24.42,3.07,0.75,0.92,0,0,0,0,0,66.85,0,0.00,1.212530304,323.09,0.354959105,265.80295,282
0,78,0,2,0,0,0,0,0,0,20,0,0.00,0.766222989,240.76,0.322128327,216.904,277.18
0,78,0,2,0,0,0,0,0,0,20,0,0.00,0.766222989,356.94,0.477573039,216.904,280.56
0,78,0,2,0,0,0,0,0,0,20,0,0.00,0.766222989,492.68,0.659188337,216.904,283.21
0,78,0,2,0,0,0,0,0,0,20,0,0.00,0.766222989,1050.21,1.405143671,216.904,288.62
0,82,11.3,4.2,0.1,0.1,0,0.2,0,0,0.5,0,0.00,0.65191039,221.91,0.335863675,209.6162,281.08
0,82,11.3,4.2,0.1,0.1,0,0.2,0,0,0.5,0,0.00,0.65191039,389.27,0.589165214,209.6162,285.12
0,82,11.3,4.2,0.1,0.1,0,0.2,0,0,0.5,0,0.00,0.65191039,847.16,1.282187692,209.6162,291.29
0,12.38,1.66,0.37,0.48,0,0,0,0,0,83.19,0,0.00,1.364838057,198.05,0.200013064,285.05538,273.7
0,12.38,1.66,0.37,0.48,0,0,0,0,0,83.19,0,0.00,1.364838057,271.07,0.273756836,285.05538,276.5
0,12.38,1.66,0.37,0.48,0,0,0,0,0,83.19,0,0.00,1.364838057,372.1,0.375788241,285.05538,279.3
0,12.38,1.66,0.37,0,0.48,0,0,0,0,83.19,0,0.00,1.364838057,509.13,0.514122645,285.13746,282
0,7.86,1.13,0.86,0,0.33,0,0,0,0,89.62,0,0.00,1.436436873,194.05,0.188871587,295.63853,273.7
0,7.86,1.13,0.86,0,0.33,0,0,0,0,89.62,0,0.00,1.436436873,267.08,0.25995271,295.63853,276.5
0,7.86,1.13,0.86,0,0.33,0,0,0,0,89.62,0,0.00,1.436436873,367.09,0.357293846,295.63853,279.3
0,7.86,1.13,0.86,0,0.33,0,0,0,0,89.62,0,0.00,1.436436873,503.15,0.489722952,295.63853,282
0,46.53,0,0,0,0,0,0,0,0,53.47,0,0.00,1.069967377,258.16,0.292237512,251.34192,273.5
0,82.16,0,0,0,0,0,0,0,0,17.84,0,0.00,0.726003203,333.59,0.450961301,210.86624,274
0,46.6,0,0,0,0,0,0,0,0,53.4,0,0.00,1.069291612,265.41,0.300540545,251.2624,274.2
0,46.97,0,0,0,0,0,0,0,0,53.03,0,0.00,1.065719713,297.32,0.337243966,250.84208,275.2
0,47.01,0,0,0,0,0,0,0,0,52.99,0,0.00,1.065333562,307.47,0.348820714,250.79664,275.6
0,47.29,0,0,0,0,0,0,0,0,52.71,0,0.00,1.062630504,319.08,0.362456339,250.47856,275.7
0,84.21,0,0,0,0,0,0,0,0,15.79,0,0.00,0.706212955,377.1,0.515540533,208.53744,276
0,48.01,0,0,0,0,0,0,0,0,51.99,0,0.00,1.055679783,348.09,0.396718265,249.66064,276.8
0,85.75,0,0,0,0,0,0,0,0,14.25,0,0.00,0.691346134,435.11,0.599939883,206.788,277.1
0,87.56,0,0,0,0,0,0,0,0,12.44,0,0.00,0.673872793,493.13,0.686850686,204.73184,278.3
0,48.61,0,0,0,0,0,0,0,0,51.39,0,0.00,1.049887515,409.73,0.46826046,248.97904,278.4
0,49.6,0,0,0,0,0,0,0,0,50.4,0,0.00,1.040330273,413.5,0.4747347,247.8544,278.7
0,50.02,0,0,0,0,0,0,0,0,49.98,0,0.00,1.036275685,478.76,0.550729711,247.37728,279.5
0,50.4,0,0,0,0,0,0,0,0,49.6,0,0.00,1.032607249,488.79,0.563260209,246.9456,280.1
0,50.42,0,0,0,0,0,0,0,0,49.58,0,0.00,1.032414173,639.61,0.737127077,246.92288,281.8
0,50.58,0,0,0,0,0,0,0,0,49.42,0,0.00,1.030869569,725.19,0.836376716,246.74112,283
0,51.62,0,0,0,0,0,0,0,0,48.38,0,0.00,1.020829638,735.34,0.852204351,245.55968,283.1
0,43.31,0,0,0,0,0,0,0,0,56.69,0,0.00,1.101052547,189.99,0.21195392,254.99984,273.9
0,43.71,0,0,0,0,0,0,0,0,56.29,0,0.00,1.097191036,200.14,0.223679773,254.54544,274.3
0,74.3,0,0,0,0,0,0,0,0,25.7,0,0.00,0.801881912,188.54,0.244405659,219.7952,274.6
0,44.1,0,0,0,0,0,0,0,0,55.9,0,0.00,1.093426061,223.36,0.25007031,254.1024,275.1
0,44.54,0,0,0,0,0,0,0,0,55.46,0,0.00,1.089178398,233.51,0.261954391,253.60256,275.4
0,44.61,0,0,0,0,0,0,0,0,55.39,0,0.00,1.088502634,246.56,0.276681644,253.52304,275.5
0,44.65,0,0,0,0,0,0,0,0,55.35,0,0.00,1.088116483,253.81,0.284868916,253.4776,275.6
0,74.96,0,0,0,0,0,0,0,0,25.04,0,0.00,0.795510418,217.56,0.283000726,219.04544,275.6
0,45.11,0,0,0,0,0,0,0,0,54.89,0,0.00,1.083675744,262.52,0.295259402,252.95504,275.9
0,45.29,0,0,0,0,0,0,0,0,54.71,0,0.00,1.081938064,266.87,0.300397105,252.75056,276.1
0,45.93,0,0,0,0,0,0,0,0,54.07,0,0.00,1.075759644,316.18,0.35693875,252.02352,276.9
0,76.31,0,0,0,0,0,0,0,0,23.69,0,0.00,0.782477815,268.32,0.351517941,217.51184,277.5
0,46.62,0,0,0,0,0,0,0,0,53.38,0,0.00,1.069098536,362.59,0.410621106,251.23968,277.7
0,77.37,0,0,0,0,0,0,0,0,22.63,0,0.00,0.772244808,326.33,0.429922285,216.30768,279.1
0,77.78,0,0,0,0,0,0,0,0,22.22,0,0.00,0.768286759,398.86,0.526623605,215.84192,280.6
0,49.6,0,0,0,0,0,0,0,0,50.4,0,0.00,1.040330273,507.63,0.582804294,247.8544,280.6
0,52.26,0,0,0,0,0,0,0,0,47.74,0,0.00,1.014651219,580.15,0.67436744,244.83264,281.2
0,78.14,0,0,0,0,0,0,0,0,21.86,0,0.00,0.764811398,435.11,0.575588375,215.43296,281.6
0,78.4,0,0,0,0,0,0,0,0,21.6,0,0.00,0.762301415,522.14,0.691675834,215.1376,282.9
0,54.21,0,0,0,0,0,0,0,0,45.79,0,0.00,0.995826348,739.69,0.867747611,242.61744,283.2
0,87.56,0,0,0,0,0,0,0,0,12.44,0,0.00,0.673872793,322,0.448494152,204.73184,274
0,87.56,0,0,0,0,0,0,0,0,12.44,0,0.00,0.673872793,509,0.708955041,204.73184,279.06
0,87.56,0,0,0,0,0,0,0,0,12.44,0,0.00,0.673872793,695,0.968023091,204.73184,284.12
0,87.56,0,0,0,0,0,0,0,0,12.44,0,0.00,0.673872793,882,1.228483981,204.73184,289.18
0,87.56,0,0,0,0,0,0,0,0,12.44,0,0.00,0.673872793,1068,1.487552031,204.73184,294.24
0,87.56,0,0,0,0,0,0,0,0,12.44,0,0.00,0.673872793,1255,1.74801292,204.73184,299.3
0,87.56,0,0,0,0,0,0,0,0,12.44,0,0.00,0.673872793,1441,2.007080971,204.73184,304.36
0,87.56,0,0,0,0,0,0,0,0,12.44,0,0.00,0.673872793,1628,2.26754186,204.73184,309.42
0,87.56,0,0,0,0,0,0,0,0,12.44,0,0.00,0.673872793,1814,2.52660991,204.73184,314.48
0,87.56,0,0,0,0,0,0,0,0,12.44,0,0.00,0.673872793,2000,2.78567796,204.73184,319.55
0,54.21,0,0,0,0,0,0,0,0,45.79,0,0.00,0.995826348,161,0.188872859,242.61744,274.7
0,54.21,0,0,0,0,0,0,0,0,45.79,0,0.00,0.995826348,365,0.428190023,242.61744,279.9
0,54.21,0,0,0,0,0,0,0,0,45.79,0,0.00,0.995826348,570,0.668680309,242.61744,285.09
0,54.21,0,0,0,0,0,0,0,0,45.79,0,0.00,0.995826348,774,0.907997473,242.61744,290.29
0,54.21,0,0,0,0,0,0,0,0,45.79,0,0.00,0.995826348,979,1.14848776,242.61744,295.49
0,54.21,0,0,0,0,0,0,0,0,45.79,0,0.00,0.995826348,1182,1.3866318,242.61744,300.68
0,54.21,0,0,0,0,0,0,0,0,45.79,0,0.00,0.995826348,1387,1.627122086,242.61744,305.88
0,54.21,0,0,0,0,0,0,0,0,45.79,0,0.00,0.995826348,1591,1.86643925,242.61744,311.08
0,54.21,0,0,0,0,0,0,0,0,45.79,0,0.00,0.995826348,1796,2.106929536,242.61744,316.28
0,54.21,0,0,0,0,0,0,0,0,45.79,0,0.00,0.995826348,2000,2.3462467,242.61744,321.47
0,80,0,0,0,0,0,0,0,0,20,0,0.00,0.746855368,377,0.503714393,213.32,276
0,80,0,0,0,0,0,0,0,0,20,0,0.00,0.746855368,558,0.745550746,213.32,280.93
0,80,0,0,0,0,0,0,0,0,20,0,0.00,0.746855368,738,0.986050986,213.32,285.86
0,80,0,0,0,0,0,0,0,0,20,0,0.00,0.746855368,918,1.226551227,213.32,290.79
0,80,0,0,0,0,0,0,0,0,20,0,0.00,0.746855368,1099,1.468387579,213.32,295.72
0,80,0,0,0,0,0,0,0,0,20,0,0.00,0.746855368,1279,1.70888782,213.32,300.65
0,80,0,0,0,0,0,0,0,0,20,0,0.00,0.746855368,1459,1.94938806,213.32,305.58
0,80,0,0,0,0,0,0,0,0,20,0,0.00,0.746855368,1639,2.189888301,213.32,310.51
0,80,0,0,0,0,0,0,0,0,20,0,0.00,0.746855368,1820,2.431724654,213.32,315.44
0,80,0,0,0,0,0,0,0,0,20,0,0.00,0.746855368,2000,2.672224894,213.32,320.37
0,50,0,0,0,0,0,0,0,0,50,0,0.00,1.036468761,261,0.300207039,247.4,273.5
0,50,0,0,0,0,0,0,0,0,50,0,0.00,1.036468761,454,0.522199218,247.4,277.6
0,50,0,0,0,0,0,0,0,0,50,0,0.00,1.036468761,647,0.744191396,247.4,281.7
0,50,0,0,0,0,0,0,0,0,50,0,0.00,1.036468761,840,0.966183575,247.4,285.8
0,50,0,0,0,0,0,0,0,0,50,0,0.00,1.036468761,1034,1.189325972,247.4,289.9
0,50,0,0,0,0,0,0,0,0,50,0,0.00,1.036468761,1227,1.41131815,247.4,294
0,50,0,0,0,0,0,0,0,0,50,0,0.00,1.036468761,1420,1.633310329,247.4,298.1
0,50,0,0,0,0,0,0,0,0,50,0,0.00,1.036468761,1613,1.855302507,247.4,302.2
0,50,0,0,0,0,0,0,0,0,50,0,0.00,1.036468761,1807,2.078444905,247.4,306.3
0,50,0,0,0,0,0,0,0,0,50,0,0.00,1.036468761,2000,2.300437083,247.4,310.4
0,52.55,8.12,4.74,1.31,1.88,0,0,0,0,31.4,0,0.00,0.988463027,86,0.108713038,251.33785,273.7
0,52.55,8.12,4.74,1.31,1.88,0,0,0,0,31.4,0,0.00,0.988463027,299,0.377967422,251.33785,278.12
0,52.55,8.12,4.74,1.31,1.88,0,0,0,0,31.4,0,0.00,0.988463027,511,0.645957701,251.33785,282.54
0,52.55,8.12,4.74,1.31,1.88,0,0,0,0,31.4,0,0.00,0.988463027,724,0.915212085,251.33785,286.96
0,52.55,8.12,4.74,1.31,1.88,0,0,0,0,31.4,0,0.00,0.988463027,937,1.184466469,251.33785,291.38
0,52.55,8.12,4.74,1.31,1.88,0,0,0,0,31.4,0,0.00,0.988463027,1149,1.452456748,251.33785,295.8
0,52.55,8.12,4.74,1.31,1.88,0,0,0,0,31.4,0,0.00,0.988463027,1362,1.721711133,251.33785,300.22
0,52.55,8.12,4.74,1.31,1.88,0,0,0,0,31.4,0,0.00,0.988463027,1575,1.990965517,251.33785,304.64
0,52.55,8.12,4.74,1.31,1.88,0,0,0,0,31.4,0,0.00,0.988463027,1787,2.258955796,251.33785,309.06
0,52.55,8.12,4.74,1.31,1.88,0,0,0,0,31.4,0,0.00,0.988463027,2000,2.52821018,251.33785,313.48
0,24.42,3.99,0.75,0.92,0,0,0,0,0,66.85,0,0.00,1.222079631,110,0.119993368,268.61171,273.7
0,24.42,3.99,0.75,0.92,0,0,0,0,0,66.85,0,0.00,1.222079631,320,0.349071616,268.61171,278.08
0,24.42,3.99,0.75,0.92,0,0,0,0,0,66.85,0,0.00,1.222079631,530,0.578149864,268.61171,282.46
0,24.42,3.99,0.75,0.92,0,0,0,0,0,66.85,0,0.00,1.222079631,740,0.807228113,268.61171,286.84
0,24.42,3.99,0.75,0.92,0,0,0,0,0,66.85,0,0.00,1.222079631,950,1.036306361,268.61171,291.22
0,24.42,3.99,0.75,0.92,0,0,0,0,0,66.85,0,0.00,1.222079631,1160,1.265384609,268.61171,295.6
0,24.42,3.99,0.75,0.92,0,0,0,0,0,66.85,0,0.00,1.222079631,1370,1.494462857,268.61171,299.98
0,24.42,3.99,0.75,0.92,0,0,0,0,0,66.85,0,0.00,1.222079631,1580,1.723541105,268.61171,304.36
0,24.42,3.99,0.75,0.92,0,0,0,0,0,66.85,0,0.00,1.222079631,1790,1.952619353,268.61171,308.74
0,24.42,3.99,0.75,0.92,0,0,0,0,0,66.85,0,0.00,1.222079631,2000,2.181697601,268.61171,313.12
0,12.38,1.96,1.66,0.37,0.48,0,0,0,0,83.15,0,0.00,1.39440368,198,0.197627636,292.21207,273.7
0,12.38,1.96,1.66,0.37,0.48,0,0,0,0,83.15,0,0.00,1.39440368,398,0.397251511,292.21207,278.01
0,12.38,1.96,1.66,0.37,0.48,0,0,0,0,83.15,0,0.00,1.39440368,598,0.596875385,292.21207,282.32
0,12.38,1.96,1.66,0.37,0.48,0,0,0,0,83.15,0,0.00,1.39440368,798,0.79649926,292.21207,286.63
0,12.38,1.96,1.66,0.37,0.48,0,0,0,0,83.15,0,0.00,1.39440368,999,0.997121254,292.21207,290.94
0,12.38,1.96,1.66,0.37,0.48,0,0,0,0,83.15,0,0.00,1.39440368,1199,1.196745129,292.21207,295.25
0,12.38,1.96,1.66,0.37,0.48,0,0,0,0,83.15,0,0.00,1.39440368,1399,1.396369003,292.21207,299.56
0,12.38,1.96,1.66,0.37,0.48,0,0,0,0,83.15,0,0.00,1.39440368,1599,1.595992878,292.21207,303.87
0,12.38,1.96,1.66,0.37,0.48,0,0,0,0,83.15,0,0.00,1.39440368,1799,1.795616753,292.21207,308.18
0,12.38,1.96,1.66,0.37,0.48,0,0,0,0,83.15,0,0.00,1.39440368,2000,1.996238747,292.21207,312.49
0,7.86,1.13,0.86,0.2,0.33,0,0,0,0,89.62,0,0.00,1.440449575,194,0.188628641,296.45473,273.7
0,7.86,1.13,0.86,0.2,0.33,0,0,0,0,89.62,0,0.00,1.440449575,395,0.38406347,296.45473,278
0,7.86,1.13,0.86,0.2,0.33,0,0,0,0,89.62,0,0.00,1.440449575,595,0.578525987,296.45473,282.3
0,7.86,1.13,0.86,0.2,0.33,0,0,0,0,89.62,0,0.00,1.440449575,796,0.773960816,296.45473,286.6
0,7.86,1.13,0.86,0.2,0.33,0,0,0,0,89.62,0,0.00,1.440449575,997,0.969395645,296.45473,290.9
0,7.86,1.13,0.86,0.2,0.33,0,0,0,0,89.62,0,0.00,1.440449575,1197,1.163858161,296.45473,295.2
0,7.86,1.13,0.86,0.2,0.33,0,0,0,0,89.62,0,0.00,1.440449575,1398,1.35929299,296.45473,299.5
0,7.86,1.13,0.86,0.2,0.33,0,0,0,0,89.62,0,0.00,1.440449575,1598,1.553755507,296.45473,303.8
0,7.86,1.13,0.86,0.2,0.33,0,0,0,0,89.62,0,0.00,1.440449575,1799,1.749190336,296.45473,308.1
0,7.86,1.13,0.86,0.2,0.33,0,0,0,0,89.62,0,0.00,1.440449575,2000,1.944625165,296.45473,312.4
0,50,0,0,0,0,0,0,0,0,50,0,0.00,1.036468761,261,0.300207039,247.4,273.5
0,50,0,0,0,0,0,0,0,0,50,0,0.00,1.036468761,454,0.522199218,247.4,277.6
0,50,0,0,0,0,0,0,0,0,50,0,0.00,1.036468761,647,0.744191396,247.4,281.7
0,50,0,0,0,0,0,0,0,0,50,0,0.00,1.036468761,840,0.966183575,247.4,285.8
0,50,0,0,0,0,0,0,0,0,50,0,0.00,1.036468761,1034,1.189325972,247.4,289.9
0,50,0,0,0,0,0,0,0,0,50,0,0.00,1.036468761,1227,1.41131815,247.4,294
0,50,0,0,0,0,0,0,0,0,50,0,0.00,1.036468761,1420,1.633310329,247.4,298.1
0,50,0,0,0,0,0,0,0,0,50,0,0.00,1.036468761,1613,1.855302507,247.4,302.2
0,50,0,0,0,0,0,0,0,0,50,0,0.00,1.036468761,1807,2.078444905,247.4,306.3
0,50,0,0,0,0,0,0,0,0,50,0,0.00,1.036468761,2000,2.300437083,247.4,310.4
0,50,0,0,0,0,0,0,0,0,50,0,0.00,1.036468761,189,0.217391304,247.4,273.9
0,50,0,0,0,0,0,0,0,0,50,0,0.00,1.036468761,390,0.448585231,247.4,277.14
0,50,0,0,0,0,0,0,0,0,50,0,0.00,1.036468761,591,0.679779158,247.4,280.38
0,50,0,0,0,0,0,0,0,0,50,0,0.00,1.036468761,793,0.912123303,247.4,283.62
0,50,0,0,0,0,0,0,0,0,50,0,0.00,1.036468761,994,1.14331723,247.4,286.86
0,50,0,0,0,0,0,0,0,0,50,0,0.00,1.036468761,1195,1.374511157,247.4,290.1
0,50,0,0,0,0,0,0,0,0,50,0,0.00,1.036468761,1396,1.605705084,247.4,293.34
0,50,0,0,0,0,0,0,0,0,50,0,0.00,1.036468761,1598,1.838049229,247.4,296.58
0,50,0,0,0,0,0,0,0,0,50,0,0.00,1.036468761,1799,2.069243156,247.4,299.82
0,50,0,0,0,0,0,0,0,0,50,0,0.00,1.036468761,2000,2.300437083,247.4,303.06
0,0,0,0,0,0,0,0,0,0,23.17,76.83,0.00,1.094908695,1416,2.260591289,167.4426,276.06
0,0,0,0,0,0,0,0,0,0,23.17,76.83,0.00,1.094908695,1480,2.362764907,167.4426,276.3
0,0,0,0,0,0,0,0,0,0,23.17,76.83,0.00,1.094908695,1545,2.466534987,167.4426,276.55
0,0,0,0,0,0,0,0,0,0,23.17,76.83,0.00,1.094908695,1609,2.568708605,167.4426,276.8
0,0,0,0,0,0,0,0,0,0,23.17,76.83,0.00,1.094908695,1673,2.670882222,167.4426,277.05
0,0,0,0,0,0,0,0,0,0,23.17,76.83,0.00,1.094908695,1738,2.774652303,167.4426,277.3
0,0,0,0,0,0,0,0,0,0,23.17,76.83,0.00,1.094908695,1802,2.87682592,167.4426,277.54
0,0,0,0,0,0,0,0,0,0,23.17,76.83,0.00,1.094908695,1866,2.978999538,167.4426,277.79
0,0,0,0,0,0,0,0,0,0,23.17,76.83,0.00,1.094908695,1931,3.082769618,167.4426,278.04
0,0,0,0,0,0,0,0,0,0,23.17,76.83,0.00,1.094908695,2000,3.19292555,167.4426,278.3
0,10.04,0,0,0,0,0,0,0,0,89.96,0,0.00,1.4222338,494,0.479370234,292.79456,280.92
0,10.04,0,0,0,0,0,0,0,0,89.96,0,0.00,1.4222338,662,0.642394929,292.79456,282.95
0,10.04,0,0,0,0,0,0,0,0,89.96,0,0.00,1.4222338,829,0.804449239,292.79456,284.99
0,10.04,0,0,0,0,0,0,0,0,89.96,0,0.00,1.4222338,997,0.967473934,292.79456,287.02
0,10.04,0,0,0,0,0,0,0,0,89.96,0,0.00,1.4222338,1164,1.129528244,292.79456,289.06
0,10.04,0,0,0,0,0,0,0,0,89.96,0,0.00,1.4222338,1332,1.292552939,292.79456,291.09
0,10.04,0,0,0,0,0,0,0,0,89.96,0,0.00,1.4222338,1499,1.454607249,292.79456,293.13
0,10.04,0,0,0,0,0,0,0,0,89.96,0,0.00,1.4222338,1667,1.617631944,292.79456,295.16
0,10.04,0,0,0,0,0,0,0,0,89.96,0,0.00,1.4222338,1834,1.779686254,292.79456,297.2
0,10.04,0,0,0,0,0,0,0,0,89.96,0,0.00,1.4222338,2000,1.940770178,292.79456,299.22
0,46,0,0,0,0,0,0,0,0,14,40,0.00,0.854207111,1403,2.1451025,180.744,282.46
0,46,0,0,0,0,0,0,0,0,14,40,0.00,0.854207111,1469,2.246012525,180.744,282.77
0,46,0,0,0,0,0,0,0,0,14,40,0.00,0.854207111,1535,2.34692255,180.744,283.08
0,46,0,0,0,0,0,0,0,0,14,40,0.00,0.854207111,1602,2.449361515,180.744,283.39
0,46,0,0,0,0,0,0,0,0,14,40,0.00,0.854207111,1668,2.55027154,180.744,283.7
0,46,0,0,0,0,0,0,0,0,14,40,0.00,0.854207111,1734,2.651181565,180.744,284.01
0,46,0,0,0,0,0,0,0,0,14,40,0.00,0.854207111,1801,2.753620529,180.744,284.32
0,46,0,0,0,0,0,0,0,0,14,40,0.00,0.854207111,1867,2.854530554,180.744,284.63
0,46,0,0,0,0,0,0,0,0,14,40,0.00,0.854207111,1933,2.955440579,180.744,284.94
0,46,0,0,0,0,0,0,0,0,14,40,0.00,0.854207111,2000,3.057879544,180.744,285.25
0,48,0,0,0,0,0,0,0,0,14,38,0.00,0.84594339,1590,2.418037648,182.032,283.37
0,48,0,0,0,0,0,0,0,0,14,38,0.00,0.84594339,1636,2.487993455,182.032,283.58
0,48,0,0,0,0,0,0,0,0,14,38,0.00,0.84594339,1681,2.556428482,182.032,283.79
0,48,0,0,0,0,0,0,0,0,14,38,0.00,0.84594339,1727,2.626384289,182.032,284
0,48,0,0,0,0,0,0,0,0,14,38,0.00,0.84594339,1772,2.694819316,182.032,284.21
0,48,0,0,0,0,0,0,0,0,14,38,0.00,0.84594339,1818,2.764775122,182.032,284.42
0,48,0,0,0,0,0,0,0,0,14,38,0.00,0.84594339,1863,2.83321015,182.032,284.63
0,48,0,0,0,0,0,0,0,0,14,38,0.00,0.84594339,1909,2.903165956,182.032,284.84
0,48,0,0,0,0,0,0,0,0,14,38,0.00,0.84594339,1954,2.971600984,182.032,285.05
0,48,0,0,0,0,0,0,0,0,14,38,0.00,0.84594339,2000,3.04155679,182.032,285.26
