Specific Gravity,Pressure (psia),Hydrate Temperature (K),LOWESS_Predicted,Residual,Outlier
0.761791681,2698.844664,296.8420285,296.0345696505294,0.8074588494706063,False
0.668342084,2276.003169,294.1507088,294.5352802177191,0.3845714177190871,False
0.611411069,2144.791765,292.6519191,294.28386169447396,1.6319425944739692,False
0.5900522,1573.007113,290.3769707,292.37314796476375,1.9961772647637304,False
0.603406533,632.7705679,285.0285149,286.6446053462545,1.616090446254475,False
0.514437213,199.7824817,275.1841583,278.19436824494534,3.010209944945359,False
0.735665349,1002.577051,290.4708705,289.4902834438397,0.9805870561602887,False
0.968179905,723.3359115,291.9285874,287.5524259956316,4.376161404368418,False
0.965323108,2110.623859,298.5288605,294.2707899788948,4.258070521105196,False
0.992720055,1178.117565,295.3589734,290.31654247251925,5.04243092748078,False
0.956429431,1353.48346,295.730305,291.6529173278656,4.077387672134364,False
0.56881525,2216.208566,291.907288,294.3831083411187,2.4758203411187196,False
0.548802623,1664.825427,289.7822863,292.8760027569199,3.0937164569198785,False
0.752720276,665.4814529,288.1575139,286.96918994883265,1.1883239511673764,False
0.516292885,1661.983518,288.99061,292.8556250799255,3.865015079925513,False
0.812707552,513.8424097,287.4317645,284.90225284016003,2.5295116598399545,False
0.751715438,2234.685604,295.5776988,294.42333073768975,1.1543680623102546,False
0.91781027,2060.320293,297.7207055,294.22562128921896,3.4950842107810445,False
0.986505253,2040.855929,298.6164112,294.20516587501015,4.4112453249898635,False
0.502678717,1709.695681,288.8149485,293.1728835482161,4.3579350482160635,False
0.901829596,1323.330579,294.8242592,291.4944252424177,3.3298339575822524,False
0.793655765,1271.455965,292.918192,291.0808040943503,1.8373879056496776,False
0.674274465,1754.616133,292.7447028,293.4273189679351,0.6826161679350662,False
0.680063051,2101.322872,293.9135458,294.26677199351957,0.35322619351956064,False
0.551995609,877.8180685,285.9804193,288.6583456802239,2.67792638022388,False
0.81203386,2618.061952,297.5069158,295.7559690211665,1.7509467788335087,False
0.55155134,1880.9261,290.5608806,293.86771111215955,3.306830512159536,False
0.770938541,2454.942082,296.4534634,295.0980446351087,1.355418764891283,False
0.777110359,921.8189431,290.6488238,288.9498499930685,1.6989738069315194,False
0.705873912,357.9157724,283.2020925,281.8774301011999,1.3246623988001147,False
0.798903657,290.1757709,283.2891641,280.5374161078318,2.751747992168191,False
0.526823918,1431.142592,288.3645942,291.9052018818327,3.5406076818326824,False
0.909424209,231.9521946,283.3045243,279.2473526424669,4.057171657533104,False
0.912780882,217.6432938,282.8848146,278.8782336757646,4.006580924235436,False
0.812181748,806.666492,290.3692526,288.22228389431274,2.146968705687243,False
0.766024567,245.0612121,281.5589022,279.5493192977974,2.009582902202567,False
0.75471225,576.7925001,287.2567069,285.92971351943703,1.3269933805629535,False
0.605282654,484.1903391,283.3168131,284.32735801388816,1.0105449138881681,False
0.69505707,1560.249737,292.4395512,292.3164402223115,0.12311097768849777,False
0.841889372,974.7595161,292.0321467,289.33973498994465,2.692411710055353,False
0.880672628,664.1626963,290.1525069,286.9566375612068,3.1958693387932158,False
0.712904494,1264.68562,291.4986849,291.0261548918306,0.4725300081694286,False
0.959829353,1473.400577,296.2961947,291.9674733816692,4.328721318330793,False
0.595081541,842.4644762,286.6751008,288.4644139777299,1.7893131777299232,False
0.891746503,1308.437502,294.6082052,291.3744180338946,3.233787166105401,False
0.83886644,674.8383712,289.6328945,287.06256253853894,2.570331961461079,False
0.713989683,1655.22639,293.14026,292.8077407815171,0.33251921848290067,False
0.852177879,1590.17909,295.2022336,292.4381735474202,2.7640600525797936,False
0.675633722,235.9061602,279.7266309,279.34227783533856,0.3843530646614113,False
0.628305977,202.9846035,277.7446158,278.3306151477884,0.5859993477884018,False
0.733264764,1462.527844,292.743778,291.95061934860286,0.7931586513971638,False
0.560726878,2162.604497,291.5815483,294.2972178923035,2.7156695923034704,False
0.548453142,1904.593465,290.5612635,293.95539458847173,3.394131088471738,False
0.698242588,1050.558409,290.0911243,289.741253899271,0.349870400729003,False
0.726457728,2232.661678,295.1259346,294.4186227603894,0.7073118396106111,False
0.748008816,782.5201161,289.1202037,288.0375974920249,1.0826062079751182,False
0.903291116,677.0104414,290.6033657,287.08597943336065,3.5173862666393347,False
0.825237738,1977.115887,296.0809574,294.119396377771,1.9615610222289774,False
0.505808721,2440.057153,290.9437835,295.04156941796293,4.097785917962938,False
0.536739914,2595.550107,292.0592903,295.67901103407684,3.61972073407685,False
0.622270889,981.0003616,288.193221,289.3827261924199,1.1895051924199151,False
0.803184426,1168.536108,292.5536357,290.2536240503163,2.300011649683654,False
0.898438356,590.1772477,289.632113,286.1164593525194,3.515653647480576,False
0.516960722,2123.074049,290.4293506,294.2708271693318,3.841476569331803,False
0.51723191,291.7915246,277.9321333,280.5738043328159,2.641671032815907,False
0.737419173,1396.865936,292.5394097,291.82196777666485,0.7174419233351728,False
0.901634712,753.7318618,291.277089,287.81470192239334,3.4623870776066497,False
0.88392244,791.2366175,291.3344187,288.10607837877745,3.2283403212225608,False
0.696893402,2580.095605,295.4178609,295.62279248033917,0.2049315803391778,False
0.622182699,2254.860589,293.1672479,294.47410138814683,1.3068534881468281,False
0.99039782,1409.687323,296.4369714,291.85566908529864,4.581302314701361,False
0.591168591,979.3075195,287.5296598,289.3707085307407,1.841048730740738,False
0.635055047,1433.053315,290.7656773,291.9081856227363,1.1425083227363189,False
0.714290493,1395.040394,292.1194505,291.8170849459158,0.3023655540842469,False
0.93066738,1612.376568,296.4387052,292.5330775232645,3.9056276767354916,False
0.502067773,2277.855616,290.4568441,294.54087912337883,4.084035023378817,False
0.633128842,2506.190585,294.0006034,295.31162038389056,1.3110169838905676,False
0.644962724,463.5232601,283.8230456,283.9285499900205,0.10550439002048506,False
0.898563339,2306.816839,298.1059154,294.6332382666287,3.472677133371292,False
0.846415735,1489.523215,294.718733,292.00380353211483,2.714929467885156,False
0.701215948,2057.44211,294.1888539,294.22274061469426,0.03388671469423343,False
0.554389572,280.8691509,278.520359,280.3243133873499,1.8039543873499042,False
0.76384963,579.2354741,287.4374719,285.9673515141404,1.470120385859616,False
0.982763702,2681.0264,300.1666609,295.9753154302653,4.191345469734699,False
0.995781523,1048.294674,294.6681079,289.7293848022958,4.938723097704212,False
0.5876808,1152.970537,288.4571898,290.1760153730947,1.7188255730947049,False
0.515141681,2064.611694,290.2234047,294.2302115215281,4.006806821528073,False
0.620666656,758.2784929,286.5438251,287.8460355944829,1.3022104944828925,False
0.639076584,2371.619351,293.8056843,294.84319086439115,1.0375065643911512,False
0.918971722,1153.768221,294.2224655,290.1804690705291,4.041996429470885,False
0.771168909,1542.863659,293.7194346,292.2296122689654,1.4898223310345884,False
0.865002784,1337.969904,294.3484239,291.5802766997978,2.768147200202179,False
0.692067101,1683.434956,292.8366212,293.00356485863256,0.16694365863253324,False
0.535259746,835.7238255,285.2845992,288.4267262941929,3.142127094192915,False
0.609051128,2287.189095,292.97272,294.5699553158813,1.5972353158813348,False
0.881121701,548.6009126,288.8983204,285.515413750614,3.3829066493859727,False
0.780802926,888.8991344,290.4802227,288.7246003082986,1.7556223917014222,False
0.629269103,1473.911586,290.8164028,291.9684547614045,1.1520519614044815,False
0.50492985,283.0921131,277.4263195,280.375571219262,2.9492517192620085,False
0.960892912,1966.43358,298.0486111,294.0996607914839,3.948950308516089,False
0.878235606,891.1523284,292.0111327,288.7405607703228,3.270571929677203,False
0.98887927,1009.65076,294.3406842,289.5251046478615,4.815579552138502,False
0.99899004,766.8256497,292.7128499,287.91467255338875,4.798177346611226,False
0.701841545,2241.618806,294.6994965,294.43980591069226,0.2596905893077519,False
0.515304888,984.015202,285.8177301,289.3981903885778,3.5804602885777967,False
0.914171575,478.2005839,288.4472251,284.21059959838624,4.236625501613787,False
0.751871351,496.708814,286.2182509,284.57087889278927,1.6473720072107199,False
0.80150802,2200.971257,296.3286523,294.35143675903277,1.9772155409672223,False
0.525518722,216.4849568,276.0219271,278.845772010446,2.8238449104459846,False
0.939894799,182.7341341,281.9533874,277.2543628379429,4.6990245620571045,False
0.521383987,2404.947306,291.2519163,294.93113174745054,3.679215447450531,False
0.779930149,1601.00565,294.0884345,292.4819220108237,1.606512489176282,False
0.585595443,2210.01182,292.2667889,294.37019361915617,2.103404719156174,False
0.901971992,203.8916819,282.2550809,278.3788532452459,3.876227654754075,False
0.721963782,1084.694073,290.7182384,289.939821316618,0.7784170833820099,False
0.809655368,2111.642654,296.2186274,294.2706342611339,1.9479931388660816,False
0.956965611,1784.783983,297.4159874,293.5748609301141,3.8411264698859213,False
0.870579104,858.5566224,291.6609509,288.55366489932254,3.1072860006774476,False
0.787688576,1436.621101,293.5641542,291.9152097859402,1.6489444140598266,False
0.831376521,2314.91447,297.1033701,294.6603059685166,2.4430641314834247,False
0.993130728,941.9594597,293.9568267,289.0979113841051,4.858915315894933,False
0.863660985,199.4828751,281.5522437,278.18270786335887,3.3695358366411483,False
0.928056857,1907.346359,297.4092082,293.9638266490602,3.4453815509398282,False
0.640862483,1599.473776,291.5391492,292.47555696159657,0.9364077615965698,False
0.809192339,2295.202519,296.6983624,294.595292688697,2.1030697113030214,False
0.952991913,1782.395921,297.3532272,293.5613874900226,3.7918397099774097,False
0.601326483,1469.552078,290.2150311,291.9612523213144,1.7462212213144426,False
0.55300381,2133.612927,291.324997,294.27454758272626,2.9495505827262605,False
0.502440994,2295.676461,290.5108511,294.5968145173658,4.085963417365747,False
0.67435937,1147.380972,290.1881022,290.1509207802976,0.037181419702392304,False
0.964387271,829.8120557,292.7657402,288.39264103502165,4.373099164978328,False
0.524648063,741.7583677,284.2825303,287.7151326760806,3.432602376080581,False
0.774064479,716.2674923,288.9901708,287.48436255359525,1.5058082464047402,False
0.957708671,2425.931867,299.242361,294.993174341727,4.249186658273004,False
0.809202949,534.599056,287.6406412,285.2765941737676,2.364047026232413,False
0.704622205,1055.977465,290.239734,289.77329289847404,0.46644110152595886,False
0.515535327,2096.499111,290.3214498,294.263419437997,3.9419696379970333,False
0.779802159,1394.966294,293.2551582,291.8168847234628,1.4382734765371765,False
0.888439784,2619.407951,298.695596,295.76069328264765,2.9349027173523723,False
0.90629093,1388.177547,295.1816812,291.7979725113858,3.383708688614206,False
0.849077831,2200.429323,297.0838818,294.3504000389349,2.733481761065093,False
0.848248873,1628.023119,295.2834097,292.62399030703756,2.659419392962434,False
0.639429915,2593.669629,294.3254663,295.67291171257307,1.3474454125730517,False
0.865994616,2003.163108,296.7903566,294.1625970852121,2.627759514787897,False
0.5305835,722.2952718,284.2557011,287.54260113586815,3.2869000358681433,False
0.932074794,2648.437768,299.3935945,295.8581216864308,3.5354728135691857,False
0.566838414,1231.257299,288.3955603,290.74693463040995,2.3513743304099535,False
0.592866111,393.8681977,281.6755156,282.5870398390133,0.9115242390133176,False
0.914028874,1225.748152,294.5275071,290.6976296435514,3.829877456448571,False
0.891949055,1186.453431,294.0075687,290.3707476715905,3.6368210284094857,False
0.910075367,1644.259325,296.26353,292.73022889356804,3.5333011064319635,False
0.57765721,1712.762602,290.6070473,293.191276287036,2.584228987035999,False
0.922966153,2125.757659,297.9790999,294.26974598102566,3.7093539189743296,False
0.836517533,2233.173367,296.9745241,294.41980550096076,2.5547185990392336,False
0.693036951,603.4416351,286.4709136,286.29579174847345,0.17512185152656912,False
0.544936547,2169.427093,291.2314939,294.30441501490935,3.072921114909377,False
0.91909133,2392.455732,298.6170177,294.89845512319846,3.7185625768015598,False
0.812461556,2256.390606,296.6518523,294.47837836364926,2.1734739363507174,False
0.731875549,1446.614386,292.6532475,291.9321319241403,0.7211155758596988,False
0.955188712,2660.255216,299.7439733,295.8996303173357,3.8443429826642728,False
0.981198394,1318.910658,295.9056686,291.4595064014047,4.446162198595289,False
0.979548531,1959.733408,298.2819021,294.08692629036995,4.19497580963008,False
0.689292552,1810.763477,293.2162105,293.6485237853456,0.43231328534562863,False
0.827629691,1629.402409,294.9672611,292.63236543827054,2.3348956617294334,False
0.564449512,2448.26108,292.3779888,295.0699274038241,2.6919386038240987,False
0.630303797,1660.151955,291.5458578,292.8433645661583,1.2975067661582784,False
0.808598801,2545.135597,297.288191,295.47840016993723,1.8097908300627523,False
0.761446557,1978.637906,295.0337431,294.1234082171717,0.9103348828282947,False
0.695440123,2588.713824,295.4096889,295.65608396371806,0.24639506371806874,False
0.68997753,1692.279539,292.8285682,293.06199811737713,0.23342991737712282,False
0.513058646,950.1552904,285.5468584,289.1619948784628,3.615136478462773,False
0.992411131,1148.083145,295.1938879,290.1529850444692,5.040902855530817,False
0.861463171,1738.191244,295.8780921,293.3377666700387,2.5403254299612854,False
0.668010289,974.7836952,289.0592164,289.3399217390935,0.2807053390934584,False
0.704697908,366.3271129,283.3408769,282.04557808643864,1.2952988135613737,False
0.843891801,2507.177366,297.7635035,295.3159613698397,2.4475421301602864,False
0.826484873,992.4044613,291.9063656,289.44359211788685,2.462773482113164,False
0.575904694,533.655499,283.3342939,285.2593926666746,1.9250987666746369,False
0.811677578,483.5827091,287.0092302,284.3153136237938,2.6939165762061634,False
0.745188327,677.4484596,288.1448423,287.09008403487707,1.0547582651229277,False
0.721023247,595.274135,286.8838394,286.1823649651151,0.7014744348849149,False
0.97018332,188.7586143,282.5923084,277.6075087778616,4.984799622138382,False
0.891218118,1808.588961,296.5602224,293.64810061519034,2.912121784809642,False
0.955614612,421.9658172,288.160812,283.1299554354512,5.030856564548799,False
0.786300649,380.9439128,284.9867982,282.33463832782695,2.6521598721730584,False
0.782445258,1972.799934,295.371562,294.11266293775844,1.2588990622415395,False
0.990611256,2193.051615,299.0969,294.3342388244681,4.762661175531889,False
0.945168229,1374.541654,295.6701146,291.7556558412274,3.9144587587725823,False
0.970837106,241.4989417,284.4188086,279.4707321651681,4.948076434831876,False
0.525148425,767.6558476,284.5110381,287.92050787656734,3.4094697765673345,False
0.696267388,2239.892182,294.5911063,294.43561027892235,0.1554960210776244,False
0.56355167,173.9327407,275.2829576,276.68041915640487,1.3974615564048918,False
0.686054946,1875.303366,293.3614707,293.84489851385956,0.4834278138595778,False
0.783111804,1462.14456,293.5950478,291.9500993243232,1.644948475676756,False
0.885599683,1349.858268,294.7091406,291.64004103814216,3.069099561857854,False
0.711662557,1775.905925,293.5157619,293.53058564206805,0.014823742068074353,False
0.761529445,1225.090338,292.155828,290.6916921287023,1.4641358712976853,False
0.774743363,1146.77306,291.9714865,290.1491894202402,1.822297079759835,False
0.948986678,1590.017299,296.6099342,292.43759812286885,4.172336077131149,False
0.817753748,760.5124966,290.0793295,287.8652152235188,2.2141142764811548,False
0.81232338,2085.425411,296.1884006,294.2535499308064,1.9348506691936223,False
0.50482866,1151.749389,286.5183481,290.16972085590675,3.6513727559067206,False
0.846043287,758.0550599,290.4951806,287.8444777282906,2.650702871709427,False
0.587482766,1245.809312,288.9234266,290.8732113252053,1.9497847252052907,False
0.557986125,826.1419753,285.7375005,288.3686337495811,2.631133249581069,False
0.983670027,588.4808051,290.776414,286.0937599515632,4.682654048436802,False
0.902265813,1005.871655,293.1261242,289.5044731628847,3.621651037115271,False
0.853461506,2611.49214,298.1479124,295.7338825668602,2.414029833139807,False
0.78657092,1796.365975,294.8860206,293.6142157389771,1.271804861022872,False
0.875098475,1469.241997,295.0702806,291.960649026145,3.1096315738549833,False
0.882759719,1699.070553,296.0614435,293.105308611821,2.956134888179008,False
0.549297887,2388.32049,291.8849949,294.887580042064,3.0025851420639924,False
0.83211334,236.4523383,282.332787,279.35612969261916,2.976657307380833,False
0.859449027,2261.0644,297.4026008,294.49135505690487,2.911245743095151,False
0.841829636,2449.394891,297.5960973,295.07509400816093,2.5210032918390652,False
0.747244787,1102.69462,291.2630659,290.01567933729893,1.247386562701081,False
0.701569701,326.8050867,282.4968276,281.2808323962444,1.2159952037555968,False
0.50568535,1398.036728,287.7035379,291.82509866127776,4.121560761277749,False
0.736040407,586.6249964,287.0495739,286.06745275170766,0.9821211482923218,False
0.573558551,818.6922796,286.0286939,288.31621029534045,2.2875163953404467,False
0.640874552,2044.559271,292.9837259,294.20591990321833,1.2221940032183056,False
0.774854428,714.4033792,288.9863975,287.466796154843,1.5196013451570138,False
0.796266712,2513.76083,297.0145502,295.34419376520884,1.670356434791131,False
0.90791256,269.7991654,284.3764018,280.07701430619704,4.2993874938029535,False
0.683491911,361.036115,282.8583812,281.93983943162976,0.9185417683702326,False
0.745321972,200.6075962,279.7642961,278.23904967878804,1.525246421211989,False
0.624231291,2212.974394,293.101659,294.37635843262336,1.274699432623379,False
0.545295558,297.2341281,278.7107914,280.6932253216622,1.9824339216622207,False
0.850478577,2432.008579,297.6893053,295.013510710604,2.6757945893959914,False
0.828295309,449.7758751,286.7776684,283.66340038144364,3.114268018556345,False
0.656694855,766.7694411,287.3307599,287.91427885127797,0.5835189512779948,False
0.512096685,2501.672769,291.2442991,295.2920633831729,4.04776428317291,False
0.930408115,2083.085143,297.9652457,294.2508470955597,3.714398604440305,False
0.787678501,2687.063655,297.2559978,295.99568007273774,1.2603177272622474,False
0.626313441,225.1031502,278.4539702,279.08333294584145,0.6293627458414335,False
0.830718133,1346.719803,293.8621641,291.619226443881,2.2429376561189542,False
0.521524854,2405.106401,291.2557729,294.9315329700792,3.675760070079207,False
0.654388981,2570.062129,294.5744271,295.582535824011,1.0081087240110378,False
0.890693292,2590.298923,298.6643828,295.6613391944251,3.0030436055748737,False
0.970934483,2418.999652,299.407226,294.9715572796711,4.435668720328863,False
0.625495169,1259.409658,289.7916729,290.98364623218947,1.191973332189491,False
0.517117493,330.2280339,278.7820722,281.34487135977463,2.562799159774613,False
0.724895352,1789.571381,293.8004436,293.591334253746,0.2091093462539675,False
0.895259042,719.8605592,290.8879744,287.51903784090877,3.368936559091253,False
0.774383179,239.007048,281.5138679,279.41560809034405,2.0982598096559286,False
0.513081343,2317.061081,290.8331693,294.6675905590715,3.8344212590715188,False
0.805814086,1948.759251,295.6839391,294.06548610624935,1.6184529937506227,False
0.870463647,2112.760928,297.1721006,294.2703836107452,2.901716989254794,False
0.708329936,1718.472884,293.2599969,293.22365357729154,0.03634332270843288,False
0.751931317,1584.405748,293.5508192,292.4168369133179,1.1339822866820555,False
0.967100746,2327.974779,299.1302817,294.70502366172593,4.42525803827408,False
0.755026609,315.4124137,283.1681534,281.0627808946463,2.105372505353671,False
0.566288027,2009.448125,291.2842811,294.1693950582304,2.88511395823042,False
0.666466186,1253.152933,290.5757664,290.93422598147,0.35845958146995827,False
0.644741449,1226.760151,290.0206691,290.70639106572963,0.6857219657296127,False
0.861302766,2336.863193,297.6235178,294.735650458179,2.887867341820993,False
0.898840643,2508.334615,298.5981698,295.32103810055236,3.2771316994476365,False
0.592591529,686.5149712,285.3244024,287.183547308253,1.859144908253029,False
0.573292488,1341.348061,289.0565549,291.59921327998836,2.5426583799883815,False
0.894737551,634.7646693,290.0592475,286.6658030782897,3.393444421710342,False
0.68031348,1063.046969,289.8306322,289.8172313257855,0.013400874214539726,False
0.634063257,921.7696227,288.0448826,288.94956670619683,0.9046841061968394,False
0.884456644,827.788928,291.631866,288.37978766374994,3.252078336250065,False
0.732368491,147.2270241,277.2369754,274.7072019770955,2.5297734229044977,False
0.983588732,2452.80482,299.6598959,295.08841307170235,4.571482828297633,False
0.847349898,1828.180391,295.9629912,293.68184815738334,2.281143042616634,False
0.627325245,1922.45679,292.3478578,294.0078230412638,1.6599652412638193,False
0.5905941,1077.740421,288.1075378,289.9044810913646,1.7969432913645846,False
0.926895486,800.1849075,292.0191883,288.1731344035554,3.846053896444573,False
0.700520828,1703.733485,293.0651142,293.1349553203496,0.06984112034962209,False
0.919785706,2025.891153,297.6493307,294.18928169758095,3.460049002419055,False
0.695723133,575.0996271,286.2052247,285.9061869386068,0.2990377613931514,False
0.978340503,622.5310409,291.0791404,286.52726804735084,4.551872352649184,False
0.978924838,787.516721,292.6224659,288.07786980769157,4.5445960923084385,False
0.934007769,1272.811537,295.042129,291.0919888345437,3.9501401654562756,False
0.866457594,2206.484173,297.3663699,294.3625382427209,3.003831657279079,False
0.900870265,587.2036245,289.6333177,286.0764838379733,3.5568338620267355,False
0.671057983,1288.07496,290.8311398,291.2180530084807,0.3869132084806779,False
0.791032335,2043.091238,295.7202346,294.2056921073434,1.5145424926566307,False
0.639130476,1766.728527,292.0929562,293.4856681553572,1.3927119553571856,False
0.963531229,2226.566903,298.8197476,294.40491349142616,4.414834108573871,False
0.521073255,160.4755975,273.7361162,275.67450050432467,1.938384304324643,False
0.938764577,201.6076339,282.6712019,278.2776145063711,4.393587393628934,False
0.599490962,834.5977316,286.7097763,288.4196710797909,1.7098947797908863,False
0.646761099,1137.23589,289.597821,290.118784352973,0.5209633529730127,False
0.989050211,1506.981556,296.8269241,292.0635802864302,4.763343813569804,False
0.841726338,342.3004642,285.1054684,281.57593950583197,3.5295288941680383,False
0.59258256,424.0488099,282.1669629,283.16947254698437,1.0025096469843788,False
0.876464754,2338.047543,297.8562893,294.7397152465855,3.1165740534145243,False
0.698183057,2475.452368,295.2043397,295.18165308433584,0.022686615664156307,False
0.834671984,2151.719654,296.7279496,294.2895249586213,2.438424641378674,False
0.74582555,1086.38102,291.1463016,289.94779170401915,1.1985098959808624,False
0.982592886,1119.075168,294.9042292,290.06348377690233,4.840745423097644,False
0.994022366,949.7606425,294.0209039,289.158931282825,4.861972617175013,False
0.824090417,966.801159,291.7047201,289.29107248134454,2.413647618655432,False
0.830753525,1151.760151,292.9012013,290.16977881027367,2.7314224897263557,False
0.889267114,1266.748045,294.3728244,291.04257667013593,3.330247729864084,False
0.55432797,2625.751193,292.5416726,295.7824792975259,3.2408066975258976,False
0.955050696,883.0531868,293.0379072,288.69063232013207,4.347274879867939,False
0.500400078,491.7139812,281.043476,284.4736759564219,3.430199956421916,False
0.768204455,218.6452379,280.7688164,278.9086253019451,1.8601910980548837,False
0.944195121,1337.686049,295.4898529,291.5781466168316,3.911706283168428,False
0.615778701,2294.54234,293.1335872,294.59318259085023,1.459595390850211,False
0.518769331,976.2427921,285.8536528,289.3505300888914,3.496877288891369,False
0.917563043,2391.828132,298.5935056,294.8968414972744,3.696664102725606,False
0.622083186,942.9000517,287.9432088,289.1052325271799,1.1620237271799283,False
0.828826918,1765.133095,295.4648507,293.4801769330187,1.9846737669813024,False
0.689423077,1017.658913,289.7307563,289.56642501042353,0.1643312895764666,False
0.575033529,2357.505472,292.4024387,294.8026715204897,2.400232820489691,False
0.830308872,204.7201978,281.2532762,278.43062839195073,2.8226478080492825,False
0.843115285,908.0468811,291.6035039,288.8533658095655,2.7501380904345183,False
0.728122353,2528.733892,295.8756831,295.4083136159825,0.46736948401752443,False
0.507795268,176.7194435,274.1338559,276.874422153544,2.7405662535439888,False
0.689422093,1983.673839,293.7547507,294.13102338369555,0.3762726836955608,False
0.863268276,1277.263735,294.0375458,291.12880304586446,2.908742754135517,False
0.891552646,1872.156934,296.7710443,293.83186046025065,2.9391838397493757,False
0.956873106,696.513246,291.5306939,287.2872066292801,4.243487270719925,False
0.552684164,1467.04836,289.1241006,291.9567481588811,2.832647558881092,False
0.624373925,1383.53803,290.3364337,291.78460124159386,1.4481675415938753,False
0.908140315,1642.775661,296.2302007,292.72036994585,3.509830754150016,False
0.554931305,317.9178716,279.3922848,281.10911476247514,1.716829962475117,False
0.980633059,1759.889157,297.6532081,293.45521767570517,4.197990424294801,False
0.50785998,1094.87098,286.2866914,289.9850833079359,3.6983919079359,False
0.610093255,2372.903348,293.2062494,294.846610458207,1.64036105820702,False
0.612123893,1953.239278,292.1235336,294.0746009781364,1.951067378136429,False
0.874923921,1851.907271,296.4593011,293.7478148994009,2.711486200599097,False
0.8344792,1653.632225,295.163407,292.79584632524364,2.367560674756362,False
0.545263987,875.3490521,285.8076999,288.6440712835978,2.8363713835977933,False
0.697967976,1277.588121,291.287619,291.13157633572837,0.15604266427163793,False
0.942319032,1828.788723,297.3589155,293.6834566324232,3.675458867576822,False
0.698489611,960.3082998,289.5368337,289.2421577374391,0.2946759625609161,False
0.799503311,1754.898741,294.9598462,293.4290864463349,1.5307597536651087,False
0.884234724,1154.277663,293.7241654,290.1833848511201,3.5407805488799227,False
0.818425671,1981.973769,295.9869046,294.12848301315114,1.8584215868488627,False
0.652868376,1427.65385,291.0990005,291.89872423822766,0.7997237382276694,False
0.601357702,1401.801055,289.9331894,291.83504323349376,1.9018538334937602,False
0.729380265,2373.941586,295.5340159,294.8493563767477,0.6846595232522645,False
0.796803057,2250.872247,296.3823288,294.4633381579113,1.9189906420886587,False
0.50649327,1838.416832,289.3348702,293.70575901697316,4.3708888169731495,False
0.660206853,1842.148146,292.7587288,293.71516633862103,0.95643753862106,False
0.931699368,1353.225078,295.3866586,291.6508790801816,3.7357795198183794,False
0.987714261,2404.10112,299.5980755,294.9289076838801,4.669167816119909,False
0.698136017,2393.809751,295.0103362,294.90206445122055,0.1082717487794298,False
0.872703151,1944.111107,296.7145548,294.0558188481597,2.658735951840299,False
0.834992194,2328.649628,297.1948772,294.707355385498,2.4875218145020312,False
0.871808875,1963.511725,296.7599242,294.0941379798126,2.6657862201873854,False
0.820184184,1989.108646,296.0362074,294.13947317704134,1.8967342229586848,False
0.602613363,1031.982505,288.0974272,289.6404745372331,1.5430473372330766,False
0.573026478,215.4102066,277.0447648,278.81221815408867,1.7674533540886728,False
0.561237866,2699.808722,292.8594714,296.0373145139257,3.1778431139256895,False
0.711691634,1474.209349,292.4052357,291.96877640807594,0.4364592919240522,False
0.650037838,2447.783149,294.2083817,295.0677635730478,0.8593818730477665,False
0.698727632,455.1222916,284.7073482,283.76577618785535,0.9415720121446611,False
0.753068811,799.6686472,289.3447851,288.1696008210533,1.1751842789467446,False
0.56017659,2677.348068,292.7877035,295.96124076269535,3.1735372626953335,False
0.547087013,939.2429227,286.2876059,289.0781314313108,2.7905255313107773,False
0.955814385,2488.925295,299.3657262,295.2380978041983,4.1276283958017075,False
0.659020112,2455.145004,294.4042644,295.09899317731947,0.694728777319483,False
0.565933211,668.7600219,284.5765045,287.00109780375897,2.424593303758968,False
0.734010825,342.3930869,283.3857517,281.57764834122366,1.80810335877635,False
0.5798835,2437.829613,292.702687,295.03320056394784,2.330513563947818,False
0.990036041,2015.882149,298.5904864,294.17499439327196,4.415492006728016,False
0.831326529,2250.154318,296.9370317,294.46144474270216,2.4755869572978213,False
0.557029298,1923.158719,290.8171833,294.0097452956385,3.1925619956384708,False
0.644110263,1687.09343,291.9207728,293.02781673025703,1.1070439302570207,False
0.726443905,1001.46171,290.3019104,289.48615293169433,0.8157574683056623,False
0.971723713,902.888112,293.4040827,288.81291900586945,4.591163694130557,False
0.520111135,148.9360469,273.1581251,274.81971061569254,1.6615855156925363,False
0.60348255,935.7342884,287.5093889,289.04926145063706,1.5398725506370852,False
0.837336648,610.2220232,288.9511175,286.3793393167794,2.5717781832206015,False
0.658450154,1430.356053,291.2200053,291.9032891503025,0.6832838503024732,False
0.723452679,1358.663893,292.1241525,291.67628544093816,0.4478670590618208,False
0.828517393,198.7051533,281.0065203,278.13796582141276,2.868554478587214,False
0.532040182,405.3296459,280.5228205,282.80969262275664,2.2868721227566198,False
0.527496939,1202.820125,287.3383362,290.49808789380194,3.1597516938019226,False
0.960272087,2006.254647,298.1591994,294.1639576014312,3.9952417985687703,False
0.531810489,1113.693251,286.9746908,290.0498638171999,3.075173017199859,False
0.621367131,2166.910338,292.9204618,294.3046441277771,1.3841823277771255,False
0.589649057,884.8692254,286.8663487,288.70187588448323,1.835527184483226,False
0.545256506,692.7456003,284.333282,287.244711512702,2.911429512702,False
0.635395025,1958.897524,292.6229469,294.08546499486175,1.462518094861764,False
0.914407581,1201.587083,294.4096934,290.48858117224074,3.921112227759238,False
0.593310507,2553.755763,293.2642593,295.51472004476267,2.2504607447626768,False
0.608063271,1270.078364,289.4806851,291.0694442809915,1.5887591809914738,False
0.683524794,869.3918667,288.6359939,288.6109412113769,0.025052688623134145,False
0.598900463,2694.459961,293.6907888,296.0209861339978,2.3301973339977735,False
0.592588227,331.1393922,280.4859815,281.36204439160036,0.8760628916003839,False
0.732048558,1358.73915,292.2771503,291.67651072654263,0.6006395734573857,False
0.86100939,1664.557475,295.6118419,292.87419891802983,2.7376429819701684,False
0.648176272,251.9875247,279.6847809,279.69816841987097,0.013387519870946107,False
0.682925909,2191.760393,294.2131543,294.3311805330047,0.11802623300474124,False
0.802950767,2400.184233,296.8566959,294.91885990852757,1.9378359914724115,False
0.887407094,2302.193764,297.9294966,294.61793234527886,3.3115642547211337,False
0.832132913,1972.635533,296.176547,294.1123951086205,2.064151891379538,False
0.541626843,2524.84589,292.0197915,295.39140700176966,3.371615501769668,False
0.954017092,717.6512223,291.6870281,287.49754389071705,4.189484209282966,False
0.529359115,1696.15643,289.4297483,293.08685976314194,3.6571114631419164,False
0.535239972,2339.741731,291.4332283,294.74548638564573,3.3122580856457375,False
0.605495527,2162.040913,292.5724052,294.29591845104864,1.7235132510486437,False
0.811520797,558.6103422,287.9685601,285.66556191594816,2.3029981840518303,False
0.762400165,807.2056735,289.5622552,288.2268344921555,1.3354207078444915,False
0.822062471,2519.335517,297.446513,295.36769771471967,2.0788152852803137,False
0.902251277,1232.064479,294.3903555,290.7538176855635,3.636537814436508,False
0.71133386,2339.492773,295.1222253,294.7446413230507,0.37758397694932455,False
0.799939961,799.0764072,290.1138437,288.1655242498228,1.9483194501772232,False
0.993136602,341.9430404,287.1917753,281.56895398326674,5.62282131673328,False
0.65846413,2027.757862,293.2867141,294.1917953059373,0.9050812059373357,False
0.877168443,2346.044883,297.8867901,294.766509928276,3.120280171724005,False
0.962548058,1215.17779,295.1483897,290.6057403700715,4.5426493299285085,False
0.796638465,2230.988406,296.3278685,294.4147679210871,1.9131005789129176,False
0.8798088,1706.618604,296.0441794,293.1531679333043,2.8910114666957156,False
0.548993866,1572.974028,289.4519684,292.373005411625,2.9210370116250033,False
0.875376133,1152.981284,293.5864063,290.17605166543717,3.41035463456285,False
0.636337622,521.6608664,284.43789,285.0471740742167,0.6092840742167027,False
0.98624437,2016.627154,298.542007,294.1747318835335,4.367275116466487,False
0.540436826,860.4965266,285.5886095,288.56398823661175,2.975378736611731,False
0.872574391,609.0791345,289.4661019,286.3626022530486,3.103499646951434,False
0.544150927,938.5025216,286.2145887,289.07205263304627,2.85746393304629,False
0.978051939,965.3160602,293.9133748,289.28164612888537,4.631728671114615,False
0.750316709,1090.420195,291.2466197,289.96586297846875,1.2807567215312474,False
0.732229131,887.0625046,289.6431001,288.7143855169021,0.9287145830979284,False
0.828999095,2605.661105,297.7517469,295.71514262816027,2.0366042718397352,False
0.875631367,515.3066665,288.4004961,284.93000334045274,3.4704927595472554,False
0.802629113,1987.878263,295.7493859,294.13837005147434,1.6110158485256534,False
0.507122774,1561.291151,288.3940846,292.3210886311046,3.927004031104616,False
0.992652789,592.4561429,290.9380875,286.14639480821984,4.791692691780156,False
0.620418435,1463.89784,290.5934754,291.95261251366253,1.3591371136625412,False
0.515505782,2198.429194,290.5933089,294.34647132684864,3.7531624268486325,False
0.899576631,732.1038463,291.0592528,287.6317067469038,3.4275460530962505,False
0.531710447,512.1381224,282.066229,284.8698122671057,2.8035832671056937,False
0.587720466,1248.304052,288.9407081,290.8940032690799,1.9532951690799223,False
0.868449325,1228.46179,293.8755052,290.7220289945856,3.1534762054143926,False
0.518837603,515.0106921,281.7972327,284.9244001623476,3.127167462347586,False
0.78575853,2645.640306,297.1346547,295.8486855287941,1.2859691712059202,False
0.956256651,1260.27786,295.2883804,290.9906043841201,4.29777601587989,False
0.550235026,1270.453041,288.205708,291.0723966916431,2.8666886916431054,False
0.80017102,1460.207188,293.8670117,291.9477277753571,1.9192839246428548,False
0.70585178,1546.732561,292.5868798,292.2484932829358,0.3383865170642366,False
0.982540875,1833.294722,297.9239221,293.6925215252507,4.23140057474933,False
0.94428867,1670.404196,296.8426569,292.9154822627113,3.927174637288715,False
0.5433796,1075.448127,287.0346694,289.89218931002245,2.857519910022461,False
0.798857768,779.9937954,289.9417793,288.0180440304767,1.9237352695233199,False
0.500719872,718.8976687,283.4984456,287.50968055537817,4.011234955378143,False
0.945260682,248.4493213,284.2890983,279.6244274634252,4.664670836574771,False
0.597077044,2055.070269,292.0975578,294.2205780149915,2.1230202149914703,False
0.787999226,1226.051062,292.6025214,290.70020493330793,1.9023164666920707,False
0.884532482,663.4951652,290.2020666,286.9500886895904,3.2519779104096074,False
0.612168913,1353.443025,289.9507333,291.65259886497637,1.7018655649763446,False
0.91008382,1994.398636,297.4169894,294.1486803101998,3.268309089800198,False
0.876978362,2306.365494,297.7843327,294.6317459916922,3.1525867083078083,False
0.764487507,355.1355739,284.14921,281.82222842950557,2.326981570494411,False
0.685989797,1019.402129,289.6774102,289.5741464515578,0.10326374844220254,False
0.862743145,1927.837681,296.5141337,294.02089601408034,2.4932376859196665,False
0.9656803,2069.214255,298.4165016,294.2356468283996,4.180854771600423,False
0.527196755,1375.068286,288.1352928,291.75800031945823,3.622707519458231,False
0.844535021,1012.181263,292.3092712,289.53729637582916,2.7719748241708544,False
0.954661713,2454.684331,299.2689672,295.0968399118728,4.172127288127228,False
0.600900393,932.9363249,287.4362331,289.027775669064,1.5915425690640177,False
0.662558038,1190.026031,290.1849964,290.39719034171145,0.21219394171146178,False
0.796531712,1410.136172,293.5963058,291.8568736404273,1.7394321595726865,False
0.575396122,970.3665977,287.1292084,289.31466253470074,2.1854541347007626,False
0.73938311,2671.589764,296.3921446,295.94097849076775,0.451166109232247,False
0.900451506,583.593797,289.5865321,286.027650999998,3.5588811000019973,False
0.664585955,1794.624721,292.6904184,293.6109861035798,0.9205677035798203,False
0.764482335,778.1769278,289.363331,288.0032952807066,1.3600357192934212,False
0.894971999,2164.983951,297.6810136,294.30127497008795,3.379738629912083,False
0.819937045,1533.618484,294.4809256,292.1830449685937,2.297880631406258,False
0.507839915,2198.675282,290.401439,294.3470573463684,3.9456183463684056,False
0.737732018,866.9227472,289.5940068,288.5974057281038,0.9966010718961797,False
0.787677178,1840.722208,295.0490944,293.711430072248,1.3376643277520088,False
0.514741987,1111.659085,286.5497934,290.0452156295757,3.495422229575695,False
0.775146479,2002.889202,295.3382209,294.1616811998167,1.176539700183298,False
0.819986578,2270.777682,296.8099357,294.5195721790891,2.290363520910887,False
0.810888058,1500.665611,294.2053097,292.03968327555646,2.1656264244435306,False
0.553277358,2352.411157,291.8916675,294.78689766769435,2.895230167694365,False
0.682245905,2636.391758,295.263881,295.8181006003653,0.5542196003652862,False
0.869689663,1035.794099,292.8336131,289.65932007988243,3.1742930201175454,False
0.600920946,965.0999631,287.6472412,289.2802340369544,1.632992836954429,False
0.675089982,587.7541708,285.9667398,286.08443768325685,0.11769788325682384,False
0.561876663,1215.659496,288.2062635,290.60987436838815,2.4036108683881707,False
0.993790289,1600.993045,297.2574918,292.48186171611565,4.77563008388438,False
0.83558044,1868.16012,295.9084671,293.8159775574378,2.092489542562191,False
0.99017596,177.0736309,282.3671904,276.8970939304044,5.470096469595603,False
0.972234625,436.1268298,288.6068517,283.4020679454039,5.204783754596065,False
0.77736773,1392.546683,293.2040665,291.81020912928295,1.3938573707170576,False
0.894401468,814.8456692,291.6751427,288.286547802281,3.388594897718974,False
0.835013368,2172.275877,296.7890556,294.30773227761614,2.481323322383844,False
0.770457934,1950.815881,295.103922,294.0697021680527,1.0342198319473255,False
0.945687423,2120.461115,298.2850809,294.27092552299024,4.014155377009786,False
0.665318554,1367.918015,291.0847511,291.7246272433249,0.6398761433248978,False
0.825111416,1134.54392,292.7196382,290.10957143346644,2.6100667665335777,False
0.936945893,265.2706265,284.6509602,279.9808532713523,4.6701069286476695,False
0.609729609,1716.738053,291.3161216,293.21336635888605,1.8972447588860746,False
0.898217497,1245.772719,294.4003134,290.87291363654674,3.5273997634532748,False
0.76130661,1304.508121,292.5362393,291.34937909404573,1.1868602059542468,False
0.803280663,1434.502643,293.8098407,291.91160837706553,1.8982323229344615,False
0.937415788,2648.498671,299.4694047,295.85834146123335,3.611063238766633,False
0.623991189,346.5722881,281.4409382,281.6574223925189,0.21648419251891937,False
0.5791807,1934.637326,291.3539066,294.0360259545491,2.6821193545490587,False
0.504752004,904.815762,285.0387016,288.8283940102072,3.7896924102071807,False
1.0,62.5,274.8166667,262.41919774149227,12.397468958507716,False
0.9,74.8,274.8166667,269.22651924474724,5.5901474552527475,False
0.8,92.4,274.8166667,273.3341280202914,1.4825386797085685,False
0.7,117.22,274.8166667,273.8986596270885,0.9180070729115073,False
0.6,175.6,274.8166667,276.79877255668345,1.9821058566834608,False
1.0,64.8,275.15,263.75781370626504,11.392186293734937,False
0.9,77.3,275.15,270.3684469544511,4.78155304554889,False
0.8,94.8,275.15,273.44110447826864,1.7088955217313355,False
0.7,119.0,275.15,273.9350004594254,1.2149995405745813,False
0.6,183.4,275.15,277.2949160311878,2.1449160311878472,False
1.0,68.68,275.5111111,265.95089328502564,9.56021781497435,False
0.9,80.0,275.5111111,271.3705739796747,4.140537120325291,False
0.8,97.4,275.5111111,273.54548267812356,1.9656284218764313,False
0.7,124.2,275.5111111,274.0537994163957,1.4573116836043027,False
0.6,191.5,275.5111111,277.7693103626144,2.2581992626144256,False
1.0,72.3,275.8444444,267.98014230362594,7.864302096374047,False
0.9,84.8,275.8444444,272.57984170828365,3.264602691716334,False
0.8,104.4,275.8444444,273.72540286448776,2.119041535512224,False
0.7,129.68,275.8444444,274.17032667768035,1.674117722319636,False
0.6,195.7,275.8444444,277.99213963910194,2.1476952391019495,False
1.0,74.8,276.2055556,269.22651924474724,6.979036355252788,False
0.9,90.0,276.2055556,273.1766581699426,3.028897430057441,False
0.8,109.05,276.2055556,273.78789436749406,2.4176612325059637,False
0.7,135.4,276.2055556,274.2794370316628,1.9261185683372446,False
0.6,200.0,276.2055556,278.2027933996114,1.997237799611355,False
1.0,77.3,276.5388889,270.3684469544511,6.17044194554893,False
0.9,94.87,276.5388889,273.44494346310745,3.093945436892568,False
0.8,113.88,276.5388889,273.8507349295437,2.6881539704563124,False
0.7,141.42,276.5388889,274.4444843985634,2.0944045014365997,False
0.6,210.4,276.5388889,278.65457204580787,2.11568314580785,False
1.0,80.0,276.9,271.3705739796747,5.529426020325275,False
0.9,97.4,276.9,273.54548267812356,3.354517321876415,False
0.8,118.92,276.9,273.9341488752967,2.9658511247032493,False
0.7,147.68,276.9,274.7382468435833,2.161753156416694,False
0.6,221.37,276.9,278.9823951295448,2.082395129544807,False
1.0,84.4,277.2333333,272.50193464731154,4.731398652688483,False
0.9,100.0,277.2333333,273.6288566306842,3.6044766693158294,False
0.8,113.88,277.2333333,273.8507349295437,3.3825983704563214,False
0.7,154.22,277.2333333,275.2139501303898,2.0193831696102507,False
0.6,232.86,277.2333333,279.2671390636419,2.033805763641851,False
1.0,90.0,277.5944444,273.1766581699426,4.417786230057402,False
0.9,109.0,277.5944444,273.7872162902462,3.807228109753794,False
0.8,129.0,277.5944444,274.1601535692603,3.4342908307397124,False
0.7,161.05,277.5944444,275.7134078948487,1.8810365051513145,False
0.6,244.95,277.5944444,279.5468490418723,1.952404641872306,False
1.0,92.4,277.9277778,273.3341280202914,4.593649779708585,False
0.9,110.0,277.9277778,273.7978342759573,4.129943524042687,False
0.8,130.0,277.9277778,274.1765632072593,3.751214592740723,False
0.7,168.18,277.9277778,276.2548724807062,1.6729053192938181,False
0.6,245.5,277.9277778,279.5595213333871,1.631743533387123,False
1.0,94.87,278.2888889,273.44494346310745,4.843945436892568,False
0.9,111.0,278.2888889,273.80783226051153,4.481056639488486,False
0.8,131.0,278.2888889,274.1952108804069,4.093678019593142,False
0.7,175.6,278.2888889,276.79877255668345,1.490116343316572,False
0.6,257.68,278.2888889,279.81993978167435,1.5310508816743322,False
1.0,97.4,278.6222222,273.54548267812356,5.076739521876448,False
0.9,112.0,278.6222222,273.8205316673431,4.801690532656892,False
0.8,135.4,278.6222222,274.2794370316628,4.34278516833723,False
0.7,177.0,278.6222222,276.8924080258707,1.7298141741293307,False
0.6,260.0,278.6222222,279.8696035617217,1.2473813617216933,False
1.0,104.4,278.9833333,273.72540286448776,5.2579304355122645,False
0.9,113.88,278.9833333,273.8507349295437,5.132598370456321,False
0.8,147.42,278.9833333,274.7202559366275,4.263077363372531,False
0.7,183.4,278.9833333,277.2949160311878,1.688417268812202,False
0.6,271.08,278.9833333,280.1044290538383,1.12109575383829,False
1.0,109.05,279.3166667,273.78789436749406,5.528772332505923,False
0.9,129.68,279.3166667,274.17032667768035,5.1463400223196345,False
0.8,154.2,279.3166667,275.21288820735055,4.10377849264944,False
0.7,192.0,279.3166667,277.7926182865485,1.52404841345151,False
0.6,285.17,279.3166667,280.422909725821,1.1062430258210156,False
1.0,118.0,279.6777778,273.91476222678824,5.76301557321176,False
0.9,131.0,279.6777778,274.1952108804069,5.4825669195931255,False
0.8,156.0,279.6777778,275.3535625183558,4.3242152816442285,False
0.7,200.0,279.6777778,278.2027933996114,1.474984400388621,False
0.6,300.0,279.6777778,280.7525493951708,1.0747715951707733,False
1.0,124.0,280.0111111,274.04850342041266,5.962607679587336,False
0.9,141.2,280.0111111,274.4370275779546,5.574083522045385,False
0.8,175.0,280.0111111,276.7577757014546,3.2533353985454028,False
0.7,210.0,280.0111111,278.6430491181058,1.3680619818941864,False
0.6,311.0,280.0111111,280.978842772498,0.9677316724980187,False
1.0,129.68,280.3722222,274.17032667768035,6.20189552231966,False
0.9,147.68,280.3722222,274.7382468435833,5.633975356416727,False
0.8,183.0,280.3722222,277.268647527378,3.103574672622017,False
0.7,221.0,280.3722222,278.9722297614577,1.3999924385423128,False
0.6,322.0,280.3722222,281.1865996952165,0.8143774952164904,False
1.0,135.0,280.7055556,274.270797101882,6.434758498118015,False
0.9,154.0,280.7055556,275.20195560429823,5.503599995701791,False
0.8,191.0,280.7055556,277.74571519760866,2.9598404023913645,False
0.7,232.0,280.7055556,279.24837225803265,1.4571833419673794,False
0.6,330.0,280.7055556,281.3407104240294,0.635154824029371,False
1.0,141.42,281.0666667,274.4444843985634,6.622182301436567,False
0.9,168.0,281.0666667,276.2407000918472,4.8259666081527826,False
0.8,200.0,281.0666667,278.2027933996114,2.8638733003886045,False
0.7,244.0,281.0666667,279.52568521781654,1.5409814821834402,False
0.6,347.0,281.0666667,281.66576530750945,0.5990986075094611,False
1.0,147.68,281.4,274.7382468435833,6.661753156416694,False
0.9,175.6,281.4,276.79877255668345,4.601227443316532,False
0.8,210.0,281.4,278.6430491181058,2.75695088189417,False
0.7,257.0,281.4,279.80545629521976,1.5945437047802216,False
0.6,368.0,281.4,282.07872792067514,0.6787279206751577,False
0.9,183.0,281.7611111,277.268647527378,4.492463572622,False
0.8,223.0,281.7611111,279.0280723540952,2.733038745904821,False
0.7,271.0,281.7611111,280.1026736479538,1.6584374520462006,False
0.6,380.0,281.7611111,282.3158855204032,0.5547744204031915,False
1.0,168.18,282.0944444,276.2548724807062,5.839571919293803,False
0.9,195.0,282.0944444,277.96119017068276,4.133254229317231,False
0.8,232.0,282.0944444,279.24837225803265,2.8460721419673405,False
0.7,285.0,282.0944444,280.41904589803835,1.675398501961638,False
0.6,402.0,282.0944444,282.7450968649091,0.6506524649091148,False
1.0,175.6,282.4555556,276.79877255668345,5.6567830433165796,False
0.9,200.0,282.4555556,278.2027933996114,4.252762200388645,False
0.8,245.0,282.4555556,279.5478889818709,2.907666618129099,False
0.7,300.0,282.4555556,280.7525493951708,1.7030062048292507,False
0.6,423.0,282.4555556,283.1491174789265,0.6935618789264595,False
1.0,183.4,282.7888889,277.2949160311878,5.493972868812193,False
0.9,210.0,282.7888889,278.6430491181058,4.14583978189421,False
0.8,271.0,282.7888889,280.1026736479538,2.6862152520462246,False
0.7,311.0,282.7888889,280.978842772498,1.8100461275020052,False
0.6,445.0,282.7888889,283.57208058170414,0.7831916817041247,False
1.0,195.7,283.15,277.99213963910194,5.157860360898042,False
0.9,221.0,283.15,278.9722297614577,4.17777023854228,False
0.8,285.0,283.15,280.41904589803835,2.730954101961629,False
0.7,322.0,283.15,281.1865996952165,1.9634003047834767,False
0.6,470.0,283.15,284.0536084147526,0.9036084147526253,False
1.0,200.0,283.4833333,278.2027933996114,5.280539900388646,False
0.9,232.0,283.4833333,279.24837225803265,4.234961041967381,False
0.8,300.0,283.4833333,280.7525493951708,2.730783904829252,False
0.7,330.0,283.4833333,281.3407104240294,2.1426228759706305,False
0.6,490.0,283.4833333,284.44045657148274,0.9571232714827147,False
1.0,210.0,283.8444444,278.6430491181058,5.201395281894179,False
0.9,245.0,283.8444444,279.5478889818709,4.29655541812906,False
0.8,311.0,283.8444444,280.978842772498,2.865601627501974,False
0.7,350.0,283.8444444,281.72210142719535,2.1223429728046312,False
0.6,505.0,283.8444444,284.7321255456249,0.8876811456249243,False
1.0,215.0,284.1777778,278.79833523050735,5.379442569492653,False
0.9,257.0,284.1777778,279.80545629521976,4.3723215047802455,False
0.8,322.0,284.1777778,281.1865996952165,2.9911781047835007,False
0.7,372.0,284.1777778,282.1577802543453,2.0199975456546895,False
0.6,538.0,284.1777778,285.33302975547065,1.1552519554706464,False
1.0,221.37,284.5388889,278.9823951295448,5.5564937704552335,False
0.9,271.0,284.5388889,280.1026736479538,4.436215252046225,False
0.8,346.0,284.5388889,281.6468967784702,2.8919921215298245,False
0.7,392.0,284.5388889,282.55000615343897,1.9888827465610461,False
0.6,560.0,284.5388889,285.68564717297215,1.1467582729721357,False
1.0,232.0,284.8722222,279.24837225803265,5.623849941967364,False
0.9,285.0,284.8722222,280.41904589803835,4.453176301961662,False
0.8,372.0,284.8722222,282.1577802543453,2.7144419456546984,False
0.7,420.0,284.8722222,283.09349456823253,1.778727631767481,False
0.6,580.0,284.8722222,285.97882635923213,1.1066041592321199,False
1.0,257.68,285.2333333,279.81993978167435,5.413393518325677,False
0.9,300.0,285.2333333,280.7525493951708,4.480783904829252,False
0.8,385.0,285.2333333,282.41509016839746,2.8182431316025713,False
0.7,430.0,285.2333333,283.28457462302725,1.9487586769727727,False
0.6,604.0,285.2333333,286.3030102357363,1.069676935736254,False
1.0,271.08,285.5666667,280.1044290538383,5.462237646161668,False
0.9,311.0,285.5666667,280.978842772498,4.587823927501972,False
0.8,400.0,285.5666667,282.7083460546261,2.858320645373908,False
0.7,450.0,285.5666667,283.6677892319186,1.8988774680813663,False
0.6,645.0,285.5666667,286.7725987971245,1.2059320971245029,False
1.0,285.17,285.9277778,280.422909725821,5.504868074179001,False
0.9,324.0,285.9277778,281.22686957720356,4.700908222796443,False
0.8,423.0,285.9277778,283.1491174789265,2.7786603210735166,False
0.7,470.0,285.9277778,284.0536084147526,1.8741693852473986,False
0.6,670.0,285.9277778,287.01375184813605,1.0859740481360518,False
1.0,300.0,286.2611111,280.7525493951708,5.508561704829219,False
0.9,346.0,286.2611111,281.6468967784702,4.614214321529801,False
0.8,447.0,286.2611111,283.61014509440764,2.650966005592352,False
0.7,500.0,286.2611111,284.6349435315017,1.6261675684983175,False
0.6,703.0,286.2611111,287.3539467980221,1.0928356980220997,False
1.0,311.0,286.6222222,280.978842772498,5.643379427501998,False
0.9,372.0,286.6222222,282.1577802543453,4.464441945654698,False
0.8,460.0,286.6222222,283.8589510534668,2.7632711465332136,False
0.7,527.0,286.6222222,285.14215068190515,1.48007151809486,False
0.6,745.0,286.6222222,287.74133512793117,1.1191129279311554,False
1.0,322.2,286.9555556,281.1905788464189,5.764976753581152,False
0.9,400.0,286.9555556,282.7083460546261,4.2472095453739485,False
0.8,472.0,286.9555556,284.0908895897166,2.864666010283429,False
0.7,445.0,286.9555556,283.57208058170414,3.383475018295883,False
0.6,770.0,286.9555556,287.9386587816652,0.9831031816651716,False
1.0,346.41,287.3166667,281.6544348814173,5.662231818582711,False
0.9,423.0,287.3166667,283.1491174789265,4.1675492210735,False
0.8,500.0,287.3166667,284.6349435315017,2.6817231684983085,False
0.7,570.0,287.3166667,285.83729156641067,1.4793751335893148,False
0.6,800.0,287.3166667,288.1718708877361,0.8552041877360921,False
1.0,372.24,287.65,282.16248854714223,5.4875114528577456,False
0.9,447.0,287.65,283.61014509440764,4.039854905592335,False
0.8,523.0,287.65,285.07108575853687,2.57891424146311,False
0.7,600.0,287.65,286.25076497455143,1.3992350254485473,False
0.6,820.0,287.65,288.3259622710969,0.6759622710969211,False
1.0,400.0,288.0111111,282.7083460546261,5.302765045373917,False
0.9,472.0,288.0111111,284.0908895897166,3.9202215102833975,False
0.8,547.0,288.0111111,285.48803214470985,2.5230789552901456,False
0.7,645.0,288.0111111,286.7725987971245,1.238512302875506,False
0.6,885.0,288.0111111,288.7028126054361,0.6917015054361286,False
1.0,422.8,288.3444444,283.1454129317827,5.199031468217299,False
0.9,485.0,288.3444444,284.3433185191436,4.001125880856364,False
0.8,573.0,288.3444444,285.87698654162995,2.4674578583700395,False
0.7,670.0,288.3444444,287.01375184813605,1.3306925518639332,False
0.6,920.0,288.3444444,288.93864411567466,0.5941997156746766,False
1.0,447.21,288.7055556,283.61419216875794,5.091363431242087,False
0.9,500.0,288.7055556,284.6349435315017,4.070612068498349,False
0.8,600.0,288.7055556,286.25076497455143,2.454790625448595,False
0.7,700.0,288.7055556,287.32267030469404,1.3828852953059823,False
0.6,960.0,288.7055556,289.23956283245843,0.5340072324584071,False
1.0,472.86,289.0388889,284.1069013949633,4.931987505036716,False
0.9,523.0,289.0388889,285.07108575853687,3.9678031414631505,False
0.8,648.0,289.0388889,286.79914138500743,2.2397475149925867,False
0.7,745.0,289.0388889,287.74133512793117,1.2975537720688521,False
0.6,1020.0,289.0388889,289.5777304023086,0.5388415023085713,False
1.0,485.0,289.4,284.3433185191436,5.056681480856355,False
0.9,547.0,289.4,285.48803214470985,3.911967855290129,False
0.8,700.0,289.4,287.32267030469404,2.0773296953059344,False
0.7,790.0,289.4,288.09690937735894,1.3030906226410366,False
0.6,1090.0,289.4,289.964093453454,0.5640934534540065,False
1.0,523.0,289.7333333,285.07108575853687,4.6622475414631595,False
0.9,573.0,289.7333333,285.87698654162995,3.85634675837008,False
0.8,748.0,289.7333333,287.76642693578947,1.9669063642105584,False
0.7,810.0,289.7333333,288.24928912738227,1.4840441726177573,False
0.6,1120.0,289.7333333,290.06664393827265,0.3333106382726214,False
1.0,573.0,290.0944444,285.87698654162995,4.2174578583700395,False
0.9,623.0,290.0944444,286.5321335076881,3.5623108923118707,False
0.8,773.0,290.0944444,287.96445815974005,2.1299862402599388,False
0.7,845.0,290.0944444,288.4781702756496,1.6162741243504115,False
0.6,1190.0,290.0944444,290.3970213595687,0.3025769595687393,False
1.0,600.0,290.4277778,286.25076497455143,4.177012825448571,False
0.9,673.0,290.4277778,287.0447825966789,3.3829952033211157,False
0.8,800.0,290.4277778,288.1718708877361,2.2559069122639244,False
0.7,870.0,290.4277778,288.6142493490938,1.8135284509061762,False
0.6,1200.0,290.4277778,290.476422856973,0.04864505697298682,False
1.0,648.0,290.7888889,286.79914138500743,3.9897475149925867,False
0.9,700.0,290.7888889,287.32267030469404,3.4662185953059748,False
0.8,848.0,290.7888889,288.4977737770834,2.291115122916608,False
0.7,920.0,290.7888889,288.93864411567466,1.8502447843253549,False
0.6,1300.0,290.7888889,291.31743230431255,0.5285434043125292,False
1.0,673.0,291.1222222,287.0447825966789,4.077439603321125,False
0.9,748.0,291.1222222,287.76642693578947,3.355795264210542,False
0.8,900.0,291.1222222,288.79060683550944,2.331615364490574,False
0.7,970.0,291.1222222,289.3122961149849,1.8099260850150927,False
0.6,1350.0,291.1222222,291.64042442506053,0.51820222506052,False
1.0,775.0,291.4833333,287.9793461937118,3.503987106288207,False
0.9,800.0,291.4833333,288.1718708877361,3.3114624122639498,False
0.8,974.0,291.4833333,289.3348621899093,2.148471110090725,False
0.7,1010.0,291.4833333,289.52637062978636,1.9569626702136702,False
0.6,1420.0,291.4833333,291.88179203064647,0.3984587306464391,False
1.0,848.0,291.8166667,288.4977737770834,3.318892922916575,False
0.9,873.0,291.8166667,288.6305814479946,3.186085252005398,False
0.8,1090.0,291.8166667,289.964093453454,1.852573246546001,False
0.7,1100.0,291.8166667,290.0055909552423,1.8110757447576589,False
0.6,1476.0,291.8166667,291.97263074219586,0.15596404219587612,False
1.0,900.0,292.1777778,288.79060683550944,3.387170964490565,False
0.9,900.0,292.1777778,288.79060683550944,3.387170964490565,False
0.8,1192.0,292.1777778,290.4102539378639,1.7675238621361018,False
0.7,1190.0,292.1777778,290.3970213595687,1.7807564404312757,False
0.6,1560.0,292.1777778,292.3152448023498,0.13746700234980835,False
1.0,948.0,292.5111111,289.1452854390746,3.3658256609253954,False
0.9,974.0,292.5111111,289.3348621899093,3.176248910090692,False
0.8,1280.0,292.5111111,291.15138317695437,1.3597279230456252,False
0.7,1300.0,292.5111111,291.31743230431255,1.1936787956874468,False
0.6,1680.0,292.5111111,292.98114106628964,0.4700299662896441,False
1.0,1000.0,292.8722222,289.4799341495643,3.3922880504356954,False
0.9,1010.0,292.8722222,289.52637062978636,3.3458515702136538,False
0.8,1300.0,292.8722222,291.31743230431255,1.5547898956874633,False
0.7,1350.0,292.8722222,291.64042442506053,1.23179777493948,False
0.6,1830.0,292.8722222,293.6855586353122,0.8133364353121806,False
1.0,1092.0,293.2055556,289.9728795864031,3.2326760135969153,False
0.9,1090.0,293.2055556,289.964093453454,3.2414621465460414,False
0.8,1410.0,293.2055556,291.8565073811778,1.3490482188222472,False
0.7,1470.0,293.2055556,291.9621458839983,1.2434097160017359,False
0.6,1980.0,293.2055556,294.12491754455465,0.9193619445546233,False
1.0,1189.0,293.5666667,290.3883401375091,3.178326562490895,False
0.9,1189.0,293.5666667,290.3883401375091,3.178326562490895,False
0.8,1476.0,293.5666667,291.97263074219586,1.5940359578041239,False
0.7,1550.0,293.5666667,292.26484756313783,1.3018191368621501,False
0.6,2180.0,293.5666667,294.3148857656671,0.748219065667115,False
1.0,1296.0,293.9,291.28493574322664,2.615064256773337,False
0.9,1296.0,293.9,291.28493574322664,2.615064256773337,False
0.8,1542.0,293.9,292.2255961973005,1.6744038026994872,False
0.7,1680.0,293.9,292.98114106628964,0.9188589337103394,False
0.6,2350.0,293.9,294.7791685095297,0.8791685095297339,False
1.0,1414.0,294.2611111,291.86670359059224,2.394407509407756,False
0.9,1414.0,294.2611111,291.86670359059224,2.394407509407756,False
0.8,1681.0,294.2611111,292.98769371653174,1.2734173834682565,False
0.7,1750.0,294.2611111,293.401679312433,0.8594317875670185,False
0.6,2500.0,294.2611111,295.2854123143978,1.0243012143977808,False
1.0,1476.0,294.5944444,291.97263074219586,2.6218136578041253,False
0.9,1418.0,294.5944444,291.87677408417613,2.7176703158238524,False
0.8,1834.0,294.5944444,293.69417507474196,0.900269325258023,False
0.7,1850.0,294.5944444,293.7426219990548,0.8518224009451956,False
0.6,2700.0,294.5944444,296.03785703767113,1.4434126376711447,False
1.0,1681.0,294.9555556,292.98769371653174,1.967861883468288,False
0.9,1542.0,294.9555556,292.2255961973005,2.729959402699535,False
0.8,1915.0,294.9555556,293.9868917201868,0.9686638798132208,False
0.7,1920.0,294.9555556,294.00068838541796,0.954867214582066,False
0.6,2851.0,294.9555556,296.4806636997088,1.5251080997088025,False
1.0,1834.0,295.2888889,293.69417507474196,1.5947138252580544,False
0.9,1681.78,295.2888889,292.9927235860824,2.2961653139176406,False
0.8,2000.0,295.2888889,294.15812177130664,1.1307671286933783,False
0.7,2200.0,295.2888889,294.34965004209806,0.9392388579019553,False
1.0,1915.0,295.65,293.9868917201868,1.6631082798131729,False
0.9,1834.0,295.65,293.69417507474196,1.955824925258014,False
0.8,2180.0,295.65,294.3148857656671,1.3351142343328775,False
0.7,2320.0,295.65,294.67760682260337,0.9723931773966115,False
1.0,2000.0,295.9833333,294.15812177130664,1.8252115286933872,False
0.9,1915.0,295.9833333,293.9868917201868,1.9964415798132222,False
0.8,2328.0,295.9833333,294.70511077283817,1.2782225271618586,False
0.7,2450.0,295.9833333,295.0778670124633,0.9054662875367399,False
1.0,2213.0,296.3444444,294.37641696812864,1.9680274318713487,False
0.9,2213.0,296.3444444,294.37641696812864,1.9680274318713487,False
0.8,2705.0,296.3444444,296.0562238371836,0.2882205628163774,False
0.7,2700.0,296.3444444,296.03785703767113,0.3065873623288553,False
1.0,2449.0,296.6777778,295.0732897883791,1.6044880116209015,False
0.9,2450.0,296.6777778,295.0778670124633,1.5999107875367145,False
0.7,2800.0,296.6777778,296.3335037396479,0.34427406035212016,False
1.0,2710.0,297.0388889,296.0706362286161,0.9682526713839366,False
0.9,2710.0,297.0388889,296.0706362286161,0.9682526713839366,False
0.7,2900.0,297.0388889,296.63529126956627,0.40359763043375096,False
1.0,2850.0,297.3722222,296.4773847037508,0.894837496249238,False
1.0,3000.0,297.7333333,297.0117165094251,0.7216167905748989,False
0.865546229,2725.124,297.3086,296.11386262421144,1.194737375788577,False
0.865546229,2656.269,297.174,295.88538031657544,1.2886196834245425,False
0.865546229,2587.415,297.037,295.65116968537313,1.385830314626844,False
0.865546229,2518.653,296.8975,295.36496066394756,1.532539336052423,False
0.865546229,2449.986,296.7554,295.07780275318066,1.6775972468193459,False
0.865546229,2381.418,296.6104,294.86948749140896,1.740912508591066,False
0.865546229,2312.956,296.4625,294.65368584510816,1.8088141548918202,False
0.865546229,2244.603,296.3115,294.4472104423459,1.8642895576541036,False
0.865546229,2176.367,296.1569,294.31090734889864,1.8459926511013691,False
0.865546229,2108.253,295.9987,294.27018416006405,1.7285158399359375,False
0.865546229,2040.269,295.8364,294.20535452893824,1.6310454710617819,False
0.865546229,1972.422,295.6698,294.1120824733075,1.5577175266924996,False
0.865546229,1904.721,295.4984,293.95588741338014,1.5425125866198641,False
0.865546229,1837.175,295.3217,293.70229786643637,1.6194021335636535,False
0.865546229,1820.093,295.2761,293.66740706948826,1.6086929305117224,False
0.865546229,1811.306,295.2525,293.6486672866457,1.6038327133542793,False
0.865546229,1809.096,295.2465,293.6481841238817,1.5983158761183063,False
0.865546229,1808.645,295.2453,293.6481096086597,1.5971903913402912,False
0.865546229,1806.876,295.2417,293.6451720861426,1.5965279138573578,False
0.865546229,1805.767,295.2393,293.64229209446404,1.5970079055359747,False
0.865546229,1803.504,295.2342,293.63311480943884,1.6010851905611503,False
0.865546229,1798.901,295.2238,293.62352102256983,1.6002789774301505,False
0.865546229,1789.42,295.2023,293.5911110109967,1.6111889890032671,False
0.865546229,1769.58,295.1566,293.5018280862725,1.6547719137275294,False
0.865546229,1727.56,295.0567,293.2774824062222,1.779217593777787,False
0.865546229,1639.059,294.8309,292.6954195162325,2.1354804837674806,False
0.865546229,1554.684,294.5942,292.2890244423992,2.305175557600819,False
0.865546229,1475.896,294.3514,291.9723654780306,2.379034521969402,False
0.865546229,1399.537,294.0934,291.82905370680214,2.264346293197832,False
0.865546229,1324.378,293.815,291.5026926586576,2.3123073413423754,False
0.865546229,1249.867,293.5119,290.907178377121,2.604721622879026,False
0.865546229,1184.981,293.2231,290.3580649165153,2.865035083484713,False
0.865546229,1119.997,292.908,290.06663372677207,2.8413662732279477,False
0.865546229,1055.408,292.5659,289.77039217782584,2.7955078221741587,False
0.865546229,991.2271,292.1936,289.43954921310336,2.7540507868966415,False
0.865546229,927.4972,291.788,288.9889626828688,2.7990373171311944,False
0.865546229,864.2668,291.3448,288.58390221679286,2.760897783207156,False
0.865546229,801.5922,290.8597,288.1839489928182,2.675751007181759,False
0.865546229,739.539,290.3269,287.6979819239071,2.62891807609293,False
0.865546229,678.1846,289.7401,287.0969353535583,2.643164646441676,False
0.865546229,617.621,289.0914,286.4687504801911,2.622649519808931,False
0.865546229,557.958,288.3711,285.65639241756656,2.714707582433448,False
0.865546229,499.3286,287.5676,284.6218513553424,2.9457486446576127,False
0.865546229,441.8947,286.6664,283.51270703600557,3.1536929639944447,False
0.865546229,385.8558,285.649,282.43193335380096,3.2170666461990436,False
0.865546229,331.4603,284.4924,281.36805154279,3.124348457209976,False
0.865546229,279.0204,283.1667,280.28120082783994,2.8854991721600527,False
0.865546229,228.933,281.6328,279.1813182270028,2.4514817729971696,False
0.865546229,181.7065,279.8395,277.19842318180713,2.6410768181928574,False
0.865546229,137.9942,277.7181,274.3444418160268,3.373658183973191,False
0.865546229,98.6308,275.1763,273.58697907843725,1.5893209215627735,False
0.865546229,79.85525,273.6156,271.34019177734734,2.2754082226526293,False
0.865546229,74.53891,273.1138,269.0855878524129,4.028212147587112,False
0.865546229,74.53891,273.1138,269.0855878524129,4.028212147587112,False
0.865546229,73.88584,272.9543,268.76440851958984,4.189891480410154,False
0.865546229,73.66424,272.8839,268.64862110220025,4.235278897799731,False
0.865546229,73.2276,272.7445,268.45796021597215,4.286539784027866,False
0.865546229,72.36158,272.466,268.016148748389,4.449851251610994,False
0.865546229,70.65821,271.9099,267.0845039739035,4.8253960260964845,False
0.865546229,67.36335,270.8013,265.1994194466187,5.6018805533813065,False
0.865546229,61.20002,268.5986,261.690085122211,6.908514877789003,False
0.865546229,50.42152,264.2512,255.26214996616534,8.989050033834644,False
0.865546229,41.38835,259.9552,249.43981641143,10.51538358856999,False
0.865546229,33.76463,255.6627,244.51914366763083,11.143556332369172,False
0.865546229,27.3664,251.3747,240.3916694696783,10.983030530321685,False
0.865546229,22.02746,247.0913,236.94877236900493,10.142527630995062,False
0.865546229,17.59994,242.8125,234.09312631017764,8.719373689822362,False
0.865546229,13.95263,238.5382,231.73933599954674,6.79886400045325,False
0.863260746,2647.555,296.2776,295.85493935955475,0.4226606404452582,False
0.863260746,2578.802,296.1433,295.61744766753503,0.5258523324649786,False
0.863260746,2510.05,296.0065,295.32791269064217,0.6785873093578516,False
0.863260746,2441.395,295.8673,295.045425411192,0.8218745888079866,False
0.863260746,2372.84,295.7255,294.84644241468396,0.8790575853160476,False
0.863260746,2304.391,295.5809,294.6252062352261,0.9556937647739119,False
0.863260746,2236.053,295.4333,294.42651156736997,1.0067884326300032,False
0.863260746,2167.831,295.2826,294.3043371996195,0.9782628003804916,False
0.863260746,2099.733,295.1285,294.26586519819796,0.8626348018020167,False
0.863260746,2031.766,294.9708,294.1997269271968,0.7710730728031763,False
0.863260746,1963.937,294.8091,294.0948798881677,0.714220111832276,False
0.863260746,1896.255,294.6431,293.92518638394785,0.717913616052158,False
0.863260746,1828.729,294.4725,293.68330046616717,0.789199533832857,False
0.863260746,1761.369,294.2967,293.4641543641923,0.8325456358076622,False
0.863260746,1761.369,294.2967,293.4641543641923,0.8325456358076622,False
0.863260746,1759.228,294.2918,293.452173574666,0.8396264253340178,False
0.863260746,1758.119,294.2894,293.44745230997404,0.841947690025961,False
0.863260746,1755.889,294.2844,293.4352804819386,0.8491195180614,False
0.863260746,1751.411,294.2743,293.4103296864341,0.8639703135658579,False
0.863260746,1742.384,294.2539,293.35999714277943,0.893902857220553,False
0.863260746,1724.071,294.212,293.2582951306031,0.9537048693969155,False
0.863260746,1686.549,294.1234,293.02425549687797,1.0991445031220337,False
0.863260746,1608.777,293.9276,292.51597468622066,1.411625313779325,False
0.863260746,1531.295,293.7144,292.1727165978445,1.5416834021555132,False
0.863260746,1455.439,293.4857,291.94304338340964,1.5426566165903637,False
0.863260746,1380.459,293.2376,291.7753003039171,1.46229969608288,False
0.863260746,1305.894,292.9663,291.35875522270254,1.6075447772974485,False
0.863260746,1240.716,292.7065,290.8291331008528,1.877366899147205,False
0.863260746,1175.441,292.4224,290.29591232232656,2.126487677673424,False
0.863260746,1110.532,292.1133,290.0423169893345,2.0709830106654863,False
0.863260746,1045.999,291.7763,289.7183436231846,2.0579563768154117,False
0.863260746,981.8808,291.4083,289.38742701690575,2.0208729830942502,False
0.863260746,918.2207,291.0057,288.9273767303928,2.0783232696072105,False
0.863260746,855.0679,290.5642,288.5370101750735,2.027189824926552,False
0.863260746,792.4798,290.0789,288.11539064624117,1.963509353758809,False
0.863260746,730.5236,289.5439,287.6182408913946,1.92565910860543,False
0.863260746,669.2787,288.9524,287.00634218780414,1.9460578121958747,False
0.863260746,608.8394,288.2958,286.35971471474284,1.9360852852571497,False
0.863260746,549.3186,287.5642,285.52746693068025,2.03673306931978,False
0.863260746,490.8531,286.7451,284.4569710728187,2.288128927181276,False
0.863260746,433.6097,285.8231,283.3536541313446,2.4694458686553844,False
0.863260746,377.7942,284.7788,282.27235221712857,2.506447782871419,False
0.863260746,323.6633,283.5878,281.21997696076954,2.3678230392304727,False
0.863260746,271.5402,282.2184,280.11456965400043,2.1038303459995404,False
0.863260746,221.8363,280.6296,278.9967731494578,1.6328268505421875,False
0.863260746,175.0789,278.7666,276.76329786664337,2.0033021333566126,False
0.863260746,131.9456,276.5565,274.212283041842,2.3442169581580288,False
0.863260746,93.30004,273.9005,273.3767537949222,0.5237462050778277,False
0.863260746,83.62307,273.0776,272.36857620670906,0.7090237932909531,False
0.863260746,83.24821,273.044,272.2802158468347,0.7637841531652612,False
0.863260746,83.24821,273.044,272.2802158468347,0.7637841531652612,False
0.863260746,82.60968,272.8793,272.12539567937,0.7539043206299993,False
0.863260746,82.36462,272.8093,272.06133899436276,0.7479610056372508,False
0.863260746,81.8786,272.6699,271.96203598397653,0.70786401602345,False
0.863260746,80.91461,272.3914,271.6847133654673,0.706686634532673,False
0.863260746,79.01839,271.8353,271.0393352022697,0.7959647977303348,False
0.863260746,75.34997,270.7267,269.5176509239713,1.2090490760286912,False
0.863260746,68.48584,268.5238,265.8587543195235,2.66504568047651,False
0.863260746,56.47459,264.1758,258.9350116620928,5.2407883379071905,False
0.863260746,46.40031,259.879,252.67419711951754,7.204802880482475,False
0.863260746,37.89113,255.5857,247.18241152098807,8.403288479011934,False
0.863260746,30.74361,251.297,242.57001068240046,8.726989317599532,False
0.863260746,24.77388,247.0129,238.71980793370463,8.293092066295372,False
0.863260746,19.81831,242.7333,235.52407442767037,7.209225572329643,False
0.863260746,15.73161,238.4583,232.88760520970553,5.570694790294482,False
0.85224792,2667.651,296.2095,295.9270132410609,0.2824867589391147,False
0.85224792,2598.872,296.0756,295.6914576672892,0.38414233271078047,False
0.85224792,2530.092,295.9392,295.413986750225,0.5252132497750495,False
0.85224792,2461.409,295.8005,295.12582877462637,0.6746712253736291,False
0.85224792,2392.825,295.6593,294.8994216460635,0.7598783539364717,False
0.85224792,2324.344,295.5155,294.6925067803808,0.8229932196191498,False
0.85224792,2255.973,295.3688,294.4772032993121,0.8915967006878986,False
0.85224792,2187.717,295.2191,294.32571131747574,0.8933886825242894,False
0.85224792,2119.582,295.0661,294.26996602383576,0.7961339761642421,False
0.85224792,2051.576,294.9096,294.21558761747997,0.694012382520043,False
0.85224792,1983.706,294.7493,294.1311133787349,0.6181866212651244,False
0.85224792,1915.98,294.5847,293.98976662082026,0.5949333791797358,False
0.85224792,1848.407,294.4154,293.7363528575713,0.6790471424286579,False
0.85224792,1780.997,294.2407,293.55581062967804,0.6848893703219687,False
0.85224792,1747.056,294.1504,293.38594668364965,0.7644533163503411,False
0.85224792,1744.878,294.1446,293.373575675585,0.7710243244150092,False
0.85224792,1743.77,294.1416,293.3672281696164,0.7743718303835863,False
0.85224792,1743.77,294.1416,293.3672281696164,0.7743718303835863,False
0.85224792,1741.551,294.1362,293.35579157845274,0.7804084215472358,False
0.85224792,1740.442,294.1336,293.3499938582628,0.7836061417372093,False
0.85224792,1738.219,294.1284,293.33791650975564,0.7904834902443554,False
0.85224792,1733.766,294.1178,293.31291346678825,0.804886533211743,False
0.85224792,1724.838,294.0964,293.26261391539833,0.8337860846016838,False
0.85224792,1706.889,294.0529,293.15465308081673,0.8982469191832934,False
0.85224792,1670.645,293.9625,292.9170603523081,1.0454396476918646,False
0.85224792,1596.872,293.7669,292.4645891845677,1.3023108154322927,False
0.85224792,1522.982,293.5538,292.1340617119891,1.419738288010933,False
0.85224792,1449.291,293.3219,291.93549537109334,1.3864046289066891,False
0.85224792,1383.418,293.0962,291.7842762327364,1.311923767263636,False
0.85224792,1317.494,292.8508,291.4474297036334,1.4033702963665746,False
0.85224792,1251.87,292.5849,290.92375758511326,1.66114241488674,False
0.85224792,1186.559,292.296,290.3716682381104,1.9243317618896185,False
0.85224792,1121.587,291.9819,290.0715304284574,1.910369571542617,False
0.85224792,1056.987,291.6398,289.77961979961884,1.8601802003811372,False
0.85224792,992.7955,291.2664,289.44499859824606,1.821401401753917,False
0.85224792,929.054,290.8582,288.9989494405285,1.8592505594714908,False
0.85224792,865.8107,290.4109,288.59174471547476,1.8191552845252659,False
0.85224792,803.1217,289.9197,288.1960153296995,1.7236846703004858,False
0.85224792,741.0524,289.3788,287.70993069497996,1.6688693050200527,False
0.85224792,679.6799,288.7814,287.1117309015849,1.6696690984151132,False
0.85224792,619.0956,288.1194,286.4847717808391,1.634628219160902,False
0.85224792,559.4091,287.3827,285.67716377724173,1.705536222758269,False
0.85224792,500.7525,286.5594,284.6496241731243,1.9097758268756593,False
0.85224792,443.2871,285.6344,283.539431454515,2.094968545485017,False
0.85224792,387.2113,284.5891,282.4586019969329,2.130498003067089,False
0.85224792,332.772,283.3998,281.39372171375555,2.006078286244474,False
0.85224792,280.2798,282.036,280.310661325532,1.7253386744679915,False
0.85224792,230.1292,280.4579,279.2079870106154,1.2499129893845975,False
0.85224792,182.8254,278.6131,277.2592727296984,1.353827270301565,False
0.85224792,139.0178,276.4309,274.372859251596,2.0580407484039824,False
0.85224792,99.53614,273.8159,273.61383476512503,0.20206523487496497,False
0.85224792,94.4477,273.4115,273.42331714732353,0.011817147323540667,False
0.85224792,91.27166,273.1489,273.26952736683705,0.12062736683702724,False
0.85224792,90.46274,273.0807,273.20369496942055,0.12299496942057431,False
0.85224792,90.05198,273.0459,273.18136077392927,0.13546077392925326,False
0.85224792,90.05198,273.0459,273.18136077392927,0.13546077392925326,False
0.85224792,89.35445,272.8789,273.13267130894985,0.2537713089498652,False
0.85224792,89.09053,272.8088,273.11963042512247,0.31083042512244674,False
0.85224792,88.56749,272.6695,273.0647372538584,0.39523725385839725,False
0.85224792,87.53002,272.391,272.9387739579126,0.5477739579125682,False
0.85224792,85.48908,271.8349,272.67375307420207,0.8388530742020635,False
0.85224792,81.54,270.7262,271.8871591224154,1.16095912241542,False
0.85224792,74.14817,268.5235,268.90618519438027,0.38268519438025805,False
0.85224792,61.20459,264.1756,261.69252992606687,2.4830700739331064,False
0.85224792,50.33785,259.8789,255.20852957426064,4.67037042573935,False
0.85224792,41.15017,255.5858,249.28607615276007,6.299723847239932,False
0.85224792,33.42481,251.2971,244.29986487191246,6.997235128087539,False
0.85224792,26.96561,247.013,240.13319270428627,6.879807295713732,False
0.85224792,21.59779,242.7334,236.67168834408974,6.061711655910244,False
0.85224792,17.16601,238.4583,233.813170252806,4.645129747194005,False
0.806715049,13.53262,234.188,231.4681690010521,2.7198309989478844,False
0.806715049,2639.683,294.8364,295.8289352562863,0.9925352562862599,False
0.806715049,2570.941,294.7014,295.58576525147544,0.8843652514754581,False
0.806715049,2502.199,294.564,295.2941581093478,0.7301581093477694,False
0.806715049,2433.555,294.4242,295.01777056484957,0.5935705648495855,False
0.806715049,2365.012,294.2818,294.8246883406397,0.5428883406397063,False
0.806715049,2296.575,294.1367,294.59971307043554,0.4630130704355224,False
0.806715049,2228.25,293.9886,294.40855419336884,0.4199541933688238,False
0.806715049,2160.042,293.8373,294.2932254242912,0.45592542429119476,False
0.806715049,2091.959,293.6825,294.2593838790898,0.5768838790897917,False
0.806715049,2024.007,293.5239,294.1869245657107,0.663024565710657,False
0.806715049,1956.195,293.3611,294.08048449253187,0.7193844925318444,False
0.806715049,1888.53,293.1936,293.8973009741159,0.7037009741159181,False
0.806715049,1821.022,293.0208,293.6689487299143,0.6481487299142827,False
0.806715049,1753.682,292.842,293.4230491330279,0.5810491330279319,False
0.806715049,1719.772,292.7492,293.2315165955536,0.48231659555364104,False
0.806715049,1702.439,292.7011,293.1266720062437,0.42557200624372626,False
0.806715049,1702.439,292.7011,293.1266720062437,0.42557200624372626,False
0.806715049,1700.242,292.6954,293.1125498025247,0.4171498025247047,False
0.806715049,1699.134,292.6926,293.1057354402087,0.4131354402086913,False
0.806715049,1696.912,292.687,293.091920985369,0.4049209853689604,False
0.806715049,1692.466,292.6757,293.06324158612256,0.38754158612255196,False
0.806715049,1683.555,292.653,293.0043467660536,0.35134676605355253,False
0.806715049,1665.667,292.6066,292.8821484505084,0.2755484505083814,False
0.806715049,1629.618,292.5104,292.63377024281493,0.12337024281492859,False
0.806715049,1556.379,292.3027,292.29731262346627,0.005387376533747101,False
0.806715049,1490.07,292.099,292.0059767098132,0.09302329018680666,False
0.806715049,1423.732,291.8784,291.89073405223655,0.012334052236553816,False
0.806715049,1357.658,291.6401,291.6718747177667,0.03177471776666607,False
0.806715049,1291.856,291.3822,291.2499185846615,0.13228141533852522,False
0.806715049,1226.351,291.1026,290.7027586407238,0.3998413592761949,False
0.806715049,1161.168,290.7989,290.2143886423358,0.584511357664212,False
0.806715049,1096.337,290.4686,289.99108935201093,0.47751064798904963,False
0.806715049,1031.892,290.1087,289.63997219833385,0.468727801666148,False
0.806715049,967.8711,289.716,289.2981711061163,0.4178288938837227,False
0.806715049,904.3178,289.2864,288.82438665209156,0.46201334790845294,False
0.806715049,841.2837,288.8156,288.45621088756326,0.35938911243675875,False
0.806715049,778.828,288.2983,288.00825676099504,0.29004323900494455,False
0.806715049,717.0207,287.7284,287.49151861883894,0.23688138116108348,False
0.806715049,655.9439,287.0983,286.87968289698694,0.21861710301305948,False
0.806715049,595.6957,286.3994,286.18875795346923,0.21064204653077923,False
0.806715049,536.3939,285.6207,285.3054304236255,0.31526957637447595,False
0.806715049,478.181,284.7491,284.21020715135916,0.5388928486408417,False
0.806715049,421.2317,283.768,283.1163449507936,0.651655049206397,False
0.806715049,365.7619,282.6566,282.03433282281827,0.6222671771817545,False
0.806715049,312.0412,281.3882,280.9994651911942,0.38873480880579336,False
0.806715049,260.4102,279.9284,279.878351916722,0.05004808327799992,False
0.806715049,211.303,278.2316,278.6822230170754,0.45062301707537245,False
0.806715049,165.2768,276.237,276.0327200024187,0.20427999758129545,False
0.806715049,123.0472,273.8626,274.0230132533816,0.1604132533815914,False
0.806715049,112.3502,273.1386,273.8257691554739,0.6871691554738959,False
0.806715049,110.7352,273.0238,273.8055907566582,0.7817907566582107,False
0.806715049,110.3051,272.9929,273.8011739111576,0.8082739111575847,False
0.806715049,110.3051,272.9929,273.8011739111576,0.8082739111575847,False
0.806715049,109.4944,272.8361,273.79247963138505,0.9563796313850617,False
0.806715049,109.1715,272.7658,273.78940936534036,1.0236093653403486,False
0.806715049,108.5339,272.6264,273.7810956949761,1.1546956949761125,False
0.806715049,107.2692,272.3479,273.7642253611386,1.416325361138604,False
0.806715049,104.7809,271.7918,273.73051545720523,1.9387154572052054,False
0.806715049,99.9655,270.6831,273.6274277382455,2.9443277382454767,False
0.806715049,90.94903,268.48,273.2428525380624,4.762852538062361,False
0.806715049,75.14968,264.1308,269.4125549929027,5.281754992902677,False
0.806715049,61.87369,259.8325,262.0483594782918,2.2158594782918044,False
0.806715049,50.63931,255.5377,255.4016387968985,0.13606120310149095,False
0.806715049,41.18392,251.2473,249.30786111165793,1.9394388883420675,False
0.806715049,33.26987,246.9613,244.19988799092286,2.7614120090771337,False
0.806715049,26.68541,242.6798,239.9524909285095,2.7273090714905095,False
0.806715049,21.24226,238.4028,236.44241182842094,1.9603881715790692,False
0.806715049,16.77362,234.1304,233.55999818440185,0.5704018155981601,False
0.806715049,13.13207,229.8627,231.20954202346195,1.34684202346196,False
0.713362403,2688.862,295.2965,296.0028248982287,0.7063248982287291,False
0.713362403,2620.054,295.1603,295.7630025692887,0.6027025692886809,False
0.713362403,2551.247,295.0214,295.50431176668116,0.4829117666811271,False
0.713362403,2482.534,294.8801,295.2102911291486,0.3301911291485453,False
0.713362403,2413.919,294.7361,294.9561883306008,0.22008833060078814,False
0.713362403,2345.406,294.5891,294.76441549197466,0.1753154919746862,False
0.713362403,2277.0,294.439,294.5382976115951,0.09929761159509098,False
0.713362403,2208.708,294.2855,294.36764912130366,0.08214912130364382,False
0.713362403,2140.535,294.1283,294.28083565008865,0.15253565008862324,False
0.713362403,2072.489,293.9669,294.2391727619856,0.27227276198561867,False
0.713362403,2004.576,293.8009,294.16276487067324,0.36186487067323014,False
0.713362403,1936.805,293.6298,294.04051580117016,0.4107158011701699,False
0.713362403,1869.184,293.453,293.8195894867391,0.3665894867391444,False
0.713362403,1801.723,293.2697,293.63075069576774,0.3610506957677444,False
0.713362403,1734.432,293.079,293.3165954271756,0.23759542717562,False
0.713362403,1700.547,292.9796,293.1146069488792,0.13500694887920872,False
0.713362403,1683.222,292.9279,293.0021792694732,0.074279269473152,False
0.713362403,1674.458,292.9015,292.9441425879808,0.0426425879808221,False
0.713362403,1672.252,292.8948,292.9280670528425,0.033267052842518297,False
0.713362403,1672.252,292.8948,292.9280670528425,0.033267052842518297,False
0.713362403,1670.037,292.8885,292.91307633618584,0.024576336185816672,False
0.713362403,1668.929,292.8854,292.9058216807408,0.02042168074081019,False
0.713362403,1666.714,292.8791,292.88980177602207,0.010701776022074228,False
0.713362403,1662.289,292.8665,292.8576706220714,0.008829377928577742,False
0.713362403,1653.463,292.8413,292.794596784302,0.04670321569801672,False
0.713362403,1635.905,292.7903,292.6744389005119,0.11586109948808598,False
0.713362403,1601.17,292.6868,292.48270960525826,0.2040903947417405,False
0.713362403,1533.203,292.4726,292.18106746782485,0.29153253217515385,False
0.713362403,1466.772,292.2471,291.9563208726792,0.29077912732077493,False
0.713362403,1400.528,292.0044,291.8316933401844,0.17270665981556022,False
0.713362403,1334.547,291.743,291.5698943664143,0.17310563358569198,False
0.713362403,1268.846,291.4609,291.0595965473955,0.40130345260450895,False
0.713362403,1203.451,291.1559,290.50298818002057,0.6529118199794084,False
0.713362403,1138.388,290.8256,290.12299416861805,0.702605831381959,False
0.713362403,1073.689,290.4673,289.8822116817515,0.5850883182484949,False
0.713362403,1009.388,290.0779,289.52392244912846,0.5539775508715366,False
0.713362403,945.5251,289.6538,289.12587112073703,0.5279288792629586,False
0.713362403,882.1477,289.1909,288.68642079834655,0.504479201653453,False
0.713362403,819.3093,288.6845,288.32012023814144,0.36437976185857224,False
0.713362403,757.0725,288.1291,287.83765106978973,0.2914489302102652,False
0.713362403,695.5112,287.5179,287.2766074985519,0.24129250144807202,False
0.713362403,634.713,286.8431,286.66531827989206,0.17778172010793014,False
0.713362403,574.7822,286.0952,285.9010972611017,0.19410273889826613,False
0.713362403,515.8446,285.2626,284.9401424997662,0.32245750023383835,False
0.713362403,458.0531,284.3308,283.82137810781404,0.5094218921859692,False
0.713362403,401.5957,283.282,282.7377124395649,0.5442875604350661,False
0.713362403,346.7054,282.0933,281.66000436409155,0.43329563590845055,False
0.713362403,293.6746,280.7356,280.61561015725977,0.1199898427402104,False
0.713362403,242.8737,279.1707,279.50213915635936,0.3314391563593517,False
0.713362403,194.7764,277.3481,277.94691268982564,0.5988126898256496,False
0.713362403,149.991,275.1999,274.90292486920185,0.2969751307981596,False
0.713362403,128.0377,273.9106,274.1399994064849,0.22939940648490165,False
0.713362403,116.0157,273.1137,273.8754873403796,0.7617873403796125,False
0.713362403,115.2051,273.0572,273.86500516553724,0.8078051655372178,False
0.713362403,115.2051,273.0572,273.86500516553724,0.8078051655372178,False
0.713362403,114.2858,272.9043,273.8547642689262,0.9504642689262255,False
0.713362403,113.9464,272.8332,273.852006438512,1.0188064385120015,False
0.713362403,113.2837,272.6938,273.8404688459283,1.146668845928275,False
0.713362403,111.9691,272.4153,273.82008834664595,1.4047883466459439,False
0.713362403,109.3827,271.8592,273.79140575029385,1.9322057502938605,False
0.713362403,104.3765,270.7505,273.725237979215,2.9747379792150355,False
0.713362403,95.00029,268.5476,273.45201709045386,4.904417090453876,False
0.713362403,78.56118,264.1991,270.880354542076,6.681254542076033,False
0.713362403,64.73626,259.9016,263.717643982588,3.8160439825880417,False
0.713362403,53.02721,255.6075,256.91321839689226,1.3057183968922743,False
0.713362403,43.16376,251.3177,250.58576696537068,0.7319330346293214,False
0.713362403,34.90093,247.0323,245.25243136827473,1.7798686317252645,False
0.713362403,28.02011,242.7514,240.81327571515627,1.938124284843724,False
0.713362403,22.32673,238.4748,237.1417622360782,1.3330377639217943,False
0.713362403,17.64817,234.2028,234.12424146388778,0.07855853611221164,False
0.713362403,13.83176,229.9355,231.66130245976996,1.725802459769966,False
0.735715567,2468.812,294.4365,295.15453237173335,0.7180323717333295,False
0.735715567,2400.317,294.2914,294.9191944097239,0.6277944097238901,False
0.735715567,2331.822,294.1429,294.718317223172,0.5754172231719963,False
0.735715567,2263.438,293.9911,294.4980622445784,0.5069622445784034,False
0.735715567,2195.169,293.8357,294.3392226618359,0.5035226618359161,False
0.735715567,2127.021,293.6763,294.27093168970856,0.5946316897085353,False
0.735715567,2059.001,293.5125,294.22452761431725,0.7120276143172646,False
0.735715567,1991.115,293.3438,294.1419862545504,0.7981862545503873,False
0.735715567,1923.373,293.1698,294.0102535980719,0.8404535980719174,False
0.735715567,1855.783,292.9896,293.76573003674787,0.7761300367478725,False
0.735715567,1788.355,292.8026,293.58903724371214,0.7864372437121574,False
0.735715567,1721.099,292.6078,293.2390361007684,0.6312361007683762,False
0.735715567,1654.028,292.4042,292.7987789013772,0.3945789013772014,False
0.735715567,1587.153,292.1906,292.4268138487027,0.23621384870267548,False
0.735715567,1520.489,291.9655,292.1215162691422,0.15601626914218514,False
0.735715567,1486.899,291.8469,291.9971402651241,0.15024026512406863,False
0.735715567,1478.264,291.8158,291.97583752817474,0.16003752817471195,False
0.735715567,1476.066,291.8079,291.97279982511066,0.16489982511063772,False
0.735715567,1476.066,291.8079,291.97279982511066,0.16489982511063772,False
0.735715567,1473.857,291.8001,291.9683952779313,0.16829527793129273,False
0.735715567,1472.753,291.7963,291.96602151072307,0.16972151072309316,False
0.735715567,1470.544,291.7885,291.9629895308437,0.17448953084368668,False
0.735715567,1466.133,291.773,291.9553418890796,0.1823418890795665,False
0.735715567,1457.338,291.7419,291.94498105000434,0.20308105000435717,False
0.735715567,1439.854,291.679,291.9221146776213,0.24311467762134953,False
0.735715567,1405.313,291.551,291.84421797808415,0.29321797808415795,False
0.735715567,1337.928,291.2856,291.57989660270005,0.294296602700058,False
0.735715567,1272.275,291.0051,291.0874768345893,0.08237683458929723,False
0.735715567,1206.86,290.7015,290.53272320807196,0.16877679192805317,False
0.735715567,1141.779,290.3727,290.13380512485503,0.23889487514497887,False
0.735715567,1077.06,290.0158,289.9006019745384,0.11519802546160918,False
0.735715567,1012.737,289.6277,289.54011304600743,0.08758695399257022,False
0.735715567,948.8505,289.2049,289.1518992648035,0.0530007351965196,False
0.735715567,885.4465,288.7432,288.70601774438467,0.037182255615334725,False
0.735715567,822.5783,288.2379,288.3446855910869,0.10678559108686159,False
0.735715567,760.3084,287.6833,287.86380144072416,0.1805014407241856,False
0.735715567,698.7098,287.073,287.31044775864035,0.23744775864037138,False
0.735715567,637.8693,286.399,286.6992010200531,0.3002010200531231,False
0.735715567,577.8903,285.6518,285.94685483888634,0.2950548388863581,False
0.735715567,518.8972,284.82,284.9969382037907,0.17693820379071212,False
0.735715567,461.0416,283.8893,283.8788258172885,0.010474182711504909,False
0.735715567,404.5091,282.842,282.79466389522787,0.04733610477211414,False
0.735715567,349.5303,281.6555,281.71323470791947,0.05773470791945101,False
0.735715567,296.3939,280.3011,280.6750405411591,0.3739405411590724,False
0.735715567,245.4658,278.7411,279.55872931023447,0.8176293102344516,False
0.735715567,197.2135,276.9258,278.05928474562097,1.13348474562099,False
0.735715567,152.2374,274.7885,275.0651619388132,0.2766619388132199,False
0.735715567,130.1737,273.5073,274.179913741079,0.6726137410790329,False
0.735715567,123.9865,273.1112,274.04816051409114,0.9369605140911403,False
0.735715567,122.2826,272.9989,274.00351391802843,1.00461391802844,False
0.735715567,122.2826,272.9989,274.00351391802843,1.00461391802844,False
0.735715567,121.4507,272.8478,273.9838313260641,1.136031326064085,False
0.735715567,121.0979,272.7775,273.9767624919075,1.1992624919075183,False
0.735715567,120.4008,272.6381,273.9591080793268,1.3210080793268162,False
0.735715567,119.0178,272.3596,273.9353351560556,1.5757351560556003,False
0.735715567,116.2962,271.8035,273.8804098239161,2.0769098239161394,False
0.735715567,111.0262,270.6949,273.8081284609942,3.1132284609942076,False
0.735715567,101.1479,268.4919,273.6671311655857,5.175231165585728,False
0.735715567,83.801,264.1432,272.4102969991091,8.267096999109128,False
0.735715567,69.18193,259.8454,266.23661477821935,6.391214778219364,False
0.735715567,56.77447,255.5509,259.1187473520373,3.5678473520372904,False
0.735715567,46.30084,251.2607,252.6100396023092,1.3493396023091861,False
0.735715567,37.5084,246.975,246.93536896857987,0.03963103142012869,False
0.735715567,30.17108,242.6936,242.20068206730167,0.49291793269833306,False
0.735715567,24.08706,238.4166,238.27691599449247,0.1396840055075188,False
0.735715567,19.07678,234.1441,235.0457994561538,0.9016994561537786,False
0.735715567,14.98093,229.8763,232.40312073676296,2.5268207367629714,False
0.700453166,2532.238,294.5508,295.422970136331,0.8721701363310217,False
0.700453166,2463.647,294.4064,295.13497822356953,0.7285782235695137,False
0.700453166,2395.057,294.2588,294.90539346862346,0.6465934686234505,False
0.700453166,2326.573,294.1079,294.7001900173851,0.5922900173851531,False
0.700453166,2258.198,293.9534,294.48339195982334,0.5299919598233487,False
0.700453166,2189.938,293.795,294.32921635062337,0.5342163506233533,False
0.700453166,2121.799,293.6323,294.27180667694824,0.6395066769482582,False
0.700453166,2053.789,293.4649,294.21801009076717,0.7531100907671657,False
0.700453166,1985.914,293.2921,294.13347565923533,0.8413756592353252,False
0.700453166,1918.184,293.1134,293.99576575428534,0.8823657542853311,False
0.700453166,1850.606,292.9281,293.7439774423029,0.8158774423029058,False
0.700453166,1783.191,292.7353,293.5655199102093,0.83021991020928,False
0.700453166,1715.948,292.5341,293.20912086788337,0.6750208678833474,False
0.700453166,1648.891,292.3234,292.76202747365755,0.4386274736575615,False
0.700453166,1582.032,292.1019,292.4083634752985,0.3064634752984716,False
0.700453166,1515.385,291.8683,292.1003428233268,0.2320428233268217,False
0.700453166,1448.966,291.621,291.93526819270045,0.31426819270046735,False
0.700453166,1444.738,291.6047,291.92999159953183,0.3252915995318517,False
0.700453166,1442.535,291.5962,291.92643111988485,0.3302311198848429,False
0.700453166,1442.527,291.5961,291.9264137551035,0.330313755103532,False
0.700453166,1440.328,291.5879,291.9225655707816,0.33466557078162396,False
0.700453166,1439.224,291.5837,291.9207393313502,0.3370393313501836,False
0.700453166,1437.017,291.5753,291.9158520179817,0.340552017981679,False
0.700453166,1432.608,291.5586,291.90760896588347,0.3490089658834563,False
0.700453166,1423.819,291.525,291.89091043627246,0.3659104362724861,False
0.700453166,1406.35,291.4572,291.84691834458357,0.3897183445835708,False
0.700453166,1371.848,291.3191,291.7429097674865,0.4238097674864889,False
0.700453166,1304.577,291.0335,291.34978852709514,0.3162885270951392,False
0.700453166,1239.076,290.7321,290.81529088799397,0.08319088799396468,False
0.700453166,1173.826,290.4063,290.2856418379627,0.12065816203727309,False
0.700453166,1108.924,290.0539,290.03722171414,0.016678285859995867,False
0.700453166,1044.401,289.6718,289.7090281113288,0.037228111328772684,False
0.700453166,980.2942,289.2566,289.37788890361566,0.12128890361566391,False
0.700453166,916.6461,288.8046,288.9143291678207,0.10972916782071707,False
0.700453166,853.5066,288.3113,288.5278285446237,0.21652854462365667,False
0.700453166,790.9333,287.7716,288.10369344724455,0.33209344724457424,False
0.700453166,728.9937,287.1792,287.60456473941395,0.4253647394139648,False
0.700453166,667.7676,286.5271,286.99146467612485,0.46436467612483057,False
0.700453166,607.3497,285.8066,286.3432405461474,0.536640546147396,False
0.700453166,547.8534,285.0071,285.50238044786255,0.4952804478625694,False
0.700453166,489.416,284.1158,284.42918024090267,0.31338024090268846,False
0.700453166,432.2054,283.1167,283.3267620488306,0.21006204883059354,False
0.700453166,376.4284,281.9897,282.2453651347727,0.25566513477269837,False
0.700453166,322.3431,280.7094,281.1932270625594,0.483827062559385,False
0.700453166,270.2747,279.2424,280.0870805545931,0.8446805545931397,False
0.700453166,220.6371,277.5454,278.96276977838386,1.4173697783838861,False
0.700453166,173.9607,275.5603,276.68251643581857,1.1222164358185864,False
0.700453166,130.9275,273.2084,274.19420446744516,0.9858044674451776,False
0.700453166,128.107,273.0297,274.1410271808029,1.1113271808029026,False
0.700453166,128.107,273.0297,274.1410271808029,1.1113271808029026,False
0.700453166,127.2886,272.8809,274.1282332167988,1.2473332167987792,False
0.700453166,126.9197,272.811,274.1211336041011,1.310133604101111,False
0.700453166,126.1873,272.6716,274.1030362470911,1.431436247091085,False
0.700453166,124.7345,272.3931,274.0679604275368,1.6748604275367711,False
0.700453166,121.8755,271.837,273.993258370341,2.1562583703409928,False
0.700453166,116.3402,270.7283,273.8814375377562,3.1531375377562085,False
0.700453166,105.9667,268.5255,273.7491425487656,5.223642548765554,False
0.700453166,87.75792,264.1773,272.970679264441,8.793379264441,False
0.700453166,72.42058,259.88,268.0505997366659,8.170599736665906,False
0.700453166,59.40994,255.586,260.6764533522161,5.090453352216059,False
0.700453166,48.43265,251.2964,253.98411965862493,2.6877196586249283,False
0.700453166,39.22198,247.011,248.04145554944333,1.0304555494433316,False
0.700453166,31.53942,242.73,243.08340385256847,0.3534038525684764,False
0.700453166,25.17216,238.4534,238.97663861787794,0.5232386178779507,False
0.700453166,19.93101,234.1812,235.59676097620874,1.4155609762087522,False
0.700453166,15.64826,229.9137,232.83381517908833,2.9201151790883273,False
0.646084272,2478.415,294.2807,295.192816641748,0.9121166417479571,False
0.646084272,2409.905,294.1314,294.9448575913424,0.8134575913423987,False
0.646084272,2341.395,293.9784,294.7510748909294,0.7726748909293519,False
0.646084272,2272.996,293.8217,294.5262563949752,0.7045563949751568,False
0.646084272,2204.711,293.6609,294.3593559503076,0.6984559503075616,False
0.646084272,2136.545,293.4955,294.27704718516486,0.7815471851648681,False
0.646084272,2068.507,293.3252,294.23493097343555,0.9097309734355576,False
0.646084272,2000.602,293.1493,294.15895539989515,1.0096553998951663,False
0.646084272,1932.839,292.9673,294.0322273793784,1.064927379378389,False
0.646084272,1865.228,292.7784,293.8007509971374,1.022350997137437,False
0.646084272,1797.776,292.5819,293.62031911411594,1.038419114115925,False
0.646084272,1730.496,292.3767,293.2949102621928,0.9182102621927584,False
0.646084272,1663.397,292.1618,292.86575735864693,0.7039573586469032,False
0.646084272,1596.494,291.936,292.4632490753662,0.5272490753662282,False
0.646084272,1529.8,291.698,292.1659461492748,0.46794614927483735,False
0.646084272,1463.33,291.4463,291.95176114110717,0.5054611411071619,False
0.646084272,1397.101,291.179,291.82259846020247,0.6435984602024973,False
0.646084272,1331.134,290.8944,291.5511938520614,0.6567938520613552,False
0.646084272,1326.93,290.8756,291.5175091469749,0.6419091469748537,False
0.646084272,1324.732,290.8657,291.503989729268,0.6382897292680241,False
0.646084272,1323.631,290.8607,291.49734144947524,0.6366414494752348,False
0.646084272,1323.08,290.8582,291.49301760036127,0.6348176003612593,False
0.646084272,1323.08,290.8582,291.49301760036127,0.6348176003612593,False
0.646084272,1320.875,290.8484,291.47752323396463,0.6291232339646058,False
0.646084272,1319.774,290.8435,291.46775302352205,0.6242530235220443,False
0.646084272,1317.572,290.8337,291.4481635522241,0.6144635522240947,False
0.646084272,1313.174,290.814,291.41131743621776,0.597317436217736,False
0.646084272,1304.409,290.7745,291.3487879857777,0.574287985777687,False
0.646084272,1286.997,290.6947,291.2090495143847,0.5143495143846621,False
0.646084272,1252.648,290.5323,290.93028810164293,0.397988101642909,False
0.646084272,1185.829,290.1963,290.3653097117738,0.16900971177381052,False
0.646084272,1120.935,289.8417,290.06960330876126,0.22790330876125608,False
0.646084272,1056.336,289.4576,289.77513929817195,0.31753929817193693,False
0.646084272,992.1487,289.041,289.4427167036023,0.4017167036022897,False
0.646084272,928.412,288.5882,288.9949966185763,0.40679661857632254,False
0.646084272,865.174,288.0948,288.58855128259046,0.49375128259043777,False
0.646084272,802.491,287.5558,288.19115271705306,0.635352717053081,False
0.646084272,740.4283,286.9652,287.7047988125064,0.739598812506415,False
0.646084272,679.0632,286.316,287.1050889517609,0.7890889517609025,False
0.646084272,618.4875,285.5999,286.4773871772976,0.8774871772976098,False
0.646084272,558.8107,284.8066,285.66837099215047,0.8617709921504684,False
0.646084272,500.1653,283.9237,284.63816776748985,0.7144677674898503,False
0.646084272,442.7129,282.9358,283.52843356676703,0.5926335667670628,False
0.646084272,386.6522,281.8237,282.44778094294685,0.6240809429468754,False
0.646084272,332.2309,280.5628,281.38279176840194,0.8199917684019624,False
0.646084272,279.7603,279.1216,280.29850280029586,1.1769028002958635,False
0.646084272,229.6357,277.4584,279.19709212564544,1.738692125645457,False
0.646084272,182.3638,275.518,277.23435761654645,1.7163576165464747,False
0.646084272,138.5954,273.2257,274.3616082215501,1.1359082215500962,False
0.646084272,135.7254,273.0523,274.28691574031814,1.2346157403181337,False
0.646084272,135.7254,273.0523,274.28691574031814,1.2346157403181337,False
0.646084272,134.7761,272.9086,274.2660301294774,1.3574301294773932,False
0.646084272,134.3805,272.8376,274.2584018026779,1.420801802677886,False
0.646084272,133.6072,272.6982,274.2429943535223,1.5447943535223203,False
0.646084272,132.0731,272.4197,274.21535066858456,1.7956506685845852,False
0.646084272,129.0541,271.8636,274.16154201274645,2.2979420127464323,False
0.646084272,123.2085,270.755,274.0275876015498,3.2725876015497875,False
0.646084272,112.2513,268.5522,273.82425087912355,5.272050879123526,False
0.646084272,93.01056,264.2043,273.36932246404905,9.16502246404906,False
0.646084272,76.79523,259.9074,270.1447987372961,10.237398737296132,False
0.646084272,63.03221,255.6138,262.7350578195518,7.121257819551801,False
0.646084272,51.41378,251.3243,255.8965391774825,4.5722391774825155,False
0.646084272,41.65981,247.0392,249.61503734634272,2.5758373463427233,False
0.646084272,33.51953,242.7584,244.3609849129643,1.6025849129643177,False
0.646084272,26.76906,238.4819,240.00643669934337,1.524536699343372,False
0.646084272,21.20918,234.2099,236.42107878178612,2.211178781786117,False
0.646084272,16.66317,229.9424,233.4887323473755,3.546332347375511,False
0.646084272,12.97504,225.6796,231.10814451534642,5.428544515346431,False
0.96008472,2835.926,295.5391,296.43625310053807,0.8971531005380484,False
0.96008472,2766.936,295.4142,296.2377351494779,0.8235351494778911,False
0.96008472,2697.945,295.2872,296.031799683935,0.7445996839350073,False
0.96008472,2629.041,295.1583,295.7935157950653,0.6352157950652781,False
0.96008472,2560.224,295.0273,295.542716258698,0.5154162586979965,False
0.96008472,2491.499,294.8941,295.2485439398682,0.35444393986824707,False
0.96008472,2422.87,294.7585,294.9836280384094,0.22512803840936613,False
0.96008472,2354.344,294.6205,294.7930332668153,0.17253326681532144,False
0.96008472,2285.924,294.4798,294.5659932478715,0.08619324787150617,False
0.96008472,2217.616,294.3362,294.3856547356029,0.04945473560286473,False
0.96008472,2149.428,294.1897,294.2853090545181,0.09560905451809276,False
0.96008472,2081.364,294.0399,294.24915422600867,0.2092542260086816,False
0.96008472,2013.434,293.8866,294.17443615161613,0.2878361516161476,False
0.96008472,1945.644,293.7295,294.0590523726314,0.32955237263144,False
0.96008472,1878.003,293.5683,293.8585843692026,0.29028436920259537,False
0.96008472,1869.432,293.5475,293.820167752036,0.2726677520359999,False
0.96008472,1865.01,293.5368,293.7996109309629,0.2628109309628712,False
0.96008472,1864.456,293.5354,293.79671074152714,0.2613107415271543,False
0.96008472,1863.901,293.5341,293.79494926392675,0.2608492639267297,False
0.96008472,1862.233,293.5318,293.7862394824106,0.2544394824106462,False
0.96008472,1861.123,293.5297,293.78301174765915,0.2533117476591542,False
0.96008472,1858.796,293.5254,293.7745324668437,0.2491324668437187,False
0.96008472,1853.965,293.5163,293.75750042539585,0.24120042539584574,False
0.96008472,1843.762,293.497,293.7202226676819,0.22322266768190957,False
0.96008472,1821.973,293.455,293.6707363160482,0.21573631604820775,False
0.96008472,1775.835,293.3628,293.53039644992424,0.16759644992424683,False
0.96008472,1680.843,293.1576,292.98664555974415,0.17095444025585493,False
0.96008472,1593.553,292.9486,292.45141397537316,0.497186024626842,False
0.96008472,1513.742,292.7376,292.091339268926,0.6462607310739941,False
0.96008472,1436.832,292.514,291.91549955354077,0.5985004464592407,False
0.96008472,1361.313,292.2725,291.6914366846868,0.5810633153132017,False
0.96008472,1286.576,292.0092,291.20558047819577,0.8036195218042508,False
0.96008472,1221.505,291.7577,290.66096289494413,1.0967371050558654,False
0.96008472,1156.327,291.4826,290.1927891987877,1.2898108012122975,False
0.96008472,1091.525,291.183,289.97074490722565,1.2122550927743418,False
0.96008472,1027.11,290.8562,289.6164550021399,1.2397449978601003,False
0.96008472,963.1222,290.499,289.26596301017827,1.2330369898217555,False
0.96008472,899.6057,290.1077,288.7874939553214,1.3202060446786277,False
0.96008472,836.6125,289.678,288.4315269631994,1.2464730368005803,False
0.96008472,774.2026,289.205,287.9735809115374,1.2314190884625873,False
0.96008472,712.4466,288.6826,287.44842395713346,1.2341760428665225,False
0.96008472,651.4279,288.1035,286.83242804632323,1.271071953676767,False
0.96008472,591.2459,287.4593,286.13162127902075,1.327678720979236,False
0.96008472,532.0199,286.7391,285.23095374531107,1.5081462546889384,False
0.96008472,473.8947,285.93,284.1269715211527,1.8030284788472954,False
0.96008472,417.0475,285.0154,283.0365169352281,1.9788830647718783,False
0.96008472,361.6978,283.9748,281.95303589457563,2.0217641054243813,False
0.96008472,308.12,282.7814,280.9216024905588,1.8597975094411936,False
0.96008472,256.6606,281.4006,279.7982118936634,1.6023881063366048,False
0.96008472,207.7619,279.7867,278.5555592031996,1.2311407968003891,False
0.96008472,161.9916,277.8783,275.7881765273029,2.090123472697144,False
0.96008472,120.0784,275.5923,273.9521993064922,1.6401006935078044,False
0.96008472,99.79992,274.1953,273.62053622542925,0.5747637745707266,False
0.96008472,88.68168,273.3122,273.07821403245185,0.2339859675481648,False
0.96008472,85.70551,273.0584,272.6944123565897,0.36398764341032575,False
0.96008472,84.90896,272.9892,272.5972294364725,0.3919705635274795,False
0.96008472,84.90896,272.9892,272.5972294364725,0.3919705635274795,False
0.96008472,84.29445,272.8226,272.4840840258675,0.33851597413251966,False
0.96008472,84.04152,272.7529,272.4591894815621,0.2937105184379334,False
0.96008472,83.53792,272.6135,272.348207038727,0.2652929612729622,False
0.96008472,82.5392,272.335,272.10597533808215,0.22902466191783333,False
0.96008472,80.57526,271.7789,271.5675818974057,0.21131810259430495,False
0.96008472,76.77818,270.6701,270.1365587469251,0.5335412530748727,False
0.96008472,69.68197,268.4668,266.54315785089244,1.9236421491075362,False
0.96008472,57.2944,264.1168,259.42642176399744,4.690378236002573,False
0.96008472,46.93916,259.8177,253.02169776080268,6.796002239197321,False
0.96008472,38.22238,255.5224,247.39622685983744,8.126173140162564,False
0.96008472,30.92485,251.2317,242.68692902453947,8.544770975460523,False
0.96008472,24.84981,246.9456,238.76877118192346,8.176828818076558,False
0.96008472,19.82313,242.6642,235.52718313132112,7.13701686867887,False
0.96008472,15.69107,238.3875,232.86144277540416,5.5260572245958315,False
1.181202806,2556.825,294.0537,295.5279913277348,1.474291327734818,False
1.181202806,2488.199,293.9356,295.2351372883716,1.2995372883715959,False
1.181202806,2419.573,293.8156,294.9732107776678,1.1576107776677986,False
1.181202806,2351.052,293.6938,294.7825082286782,1.088708228678172,False
1.181202806,2282.637,293.57,294.5557140863023,0.9857140863023233,False
1.181202806,2214.335,293.4442,294.3794333144311,0.9352333144310592,False
1.181202806,2146.152,293.3162,294.28626435130917,0.9700643513091904,False
1.181202806,2078.095,293.1859,294.24554743555194,1.0596474355519376,False
1.181202806,2010.171,293.053,294.17172730424744,1.118727304247443,False
1.181202806,1942.388,292.9175,294.0521709916679,1.1346709916678606,False
1.181202806,1874.755,292.7791,293.84209524713646,1.0629952471364277,False
1.181202806,1807.28,292.6374,293.64525744501213,1.007857445012121,False
1.181202806,1739.975,292.4924,293.3475403823195,0.8551403823195187,False
1.181202806,1672.85,292.3434,292.9324544302216,0.5890544302216085,False
1.181202806,1605.918,292.1903,292.5028078310964,0.31250783109641134,False
1.181202806,1539.193,292.0324,292.21203344336317,0.17963344336317277,False
1.181202806,1530.719,292.0119,292.1702755678007,0.15837556780064688,False
1.181202806,1526.321,292.0013,292.1485477035458,0.14724770354575867,False
1.181202806,1525.217,291.9986,292.1433713518035,0.14477135180351297,False
1.181202806,1524.664,291.9973,292.1411633328324,0.14386333283238173,False
1.181202806,1524.664,291.9973,292.1411633328324,0.14386333283238173,False
1.181202806,1522.452,291.9916,292.13165905945687,0.1400590594568598,False
1.181202806,1521.347,291.9887,292.1253819128395,0.13668191283949227,False
1.181202806,1519.111,291.9829,292.116007864648,0.13310786464802504,False
1.181202806,1514.599,291.9712,292.0961194920172,0.12491949201717034,False
1.181202806,1505.418,291.9471,292.0590280683656,0.11192806836561431,False
1.181202806,1486.511,291.8966,291.9963916891344,0.09979168913440617,False
1.181202806,1447.007,291.7876,291.9324179720652,0.14481797206519786,False
1.181202806,1363.821,291.5409,291.7021783529227,0.1612783529226931,False
1.181202806,1282.732,291.2755,291.1738708463356,0.10162915366441894,False
1.181202806,1205.656,290.9972,290.52198204579855,0.47521795420146873,False
1.181202806,1130.614,290.6984,290.0963660445325,0.6020339554675047,False
1.181202806,1056.669,290.373,289.77743004222924,0.5955699577707492,False
1.181202806,992.9783,290.0645,289.4456235596552,0.6188764403448204,False
1.181202806,929.2071,289.7253,288.9998982196644,0.7254017803356305,False
1.181202806,865.9643,289.3543,288.59250627112624,0.7617937288737835,False
1.181202806,803.2738,288.9471,288.1970394812163,0.7500605187836982,False
1.181202806,741.2028,288.4983,287.7110424063811,0.7872575936188468,False
1.181202806,679.8285,288.0015,287.11309401222564,0.8884059877743766,False
1.181202806,619.2422,287.4489,286.4862284498596,0.9626715501403851,False
1.181202806,559.5534,286.8311,285.6793115968556,1.1517884031443941,False
1.181202806,500.8941,286.1364,284.652387467525,1.484012532474992,False
1.181202806,443.4256,285.3502,283.5420792854773,1.8081207145226585,False
1.181202806,387.3461,284.4541,282.4611978921065,1.9929021078934852,False
1.181202806,332.9024,283.425,281.39614031388203,2.0288596861179826,False
1.181202806,280.405,282.2324,280.313439473577,1.9189605264230067,False
1.181202806,230.2482,280.837,279.2105950655605,1.6264049344395062,False
1.181202806,182.9367,279.1861,277.2652513435241,1.9208486564759255,False
1.181202806,139.1197,277.2089,274.3754629364701,2.8334370635299138,False
1.181202806,99.6263,274.8087,273.61491271830664,1.1937872816933464,False
1.181202806,80.77387,273.3201,271.63675399921226,1.6833460007877648,False
1.181202806,78.05951,273.0795,270.7143295080448,2.3651704919552117,False
1.181202806,76.52863,272.9404,270.031256349848,2.909143650152032,False
1.181202806,76.52863,272.9404,270.031256349848,2.909143650152032,False
1.181202806,75.85569,272.7776,269.7726035229156,3.0049964770844326,False
1.181202806,75.62236,272.7072,269.6588917629555,3.048308237044523,False
1.181202806,75.16217,272.5678,269.4191400604692,3.1486599395307735,False
1.181202806,74.2497,272.2893,268.94663414241694,3.3426658575830857,False
1.181202806,72.45591,271.7331,268.0712070498216,3.6618929501783555,False
1.181202806,68.98975,270.6242,266.1192002668516,4.504999733148395,False
1.181202806,62.51936,268.4204,262.4314307089163,5.988969291083663,False
1.181202806,51.24978,264.0688,255.79190220104152,8.276897798958487,False
1.181202806,41.8592,259.7677,249.7437379972947,10.023962002705304,False
1.181202806,33.98049,255.4706,244.65843779829265,10.812162201707338,False
1.181202806,27.40626,251.1784,240.4173763239887,10.76102367601132,False
1.181202806,21.95144,246.8911,236.89974916900033,9.991350830999664,False
1.181202806,17.45304,242.6086,233.99835373148161,8.610246268518381,False
1.181202806,13.76781,238.331,231.6200155641676,6.710984435832387,False
0.677653523,2387.941,292.8672,294.8865841996866,2.019384199686556,False
0.677653523,2319.575,292.7153,294.6761557769056,1.9608557769055892,False
0.677653523,2251.209,292.5594,294.46423306674825,1.9048330667482674,False
0.677653523,2182.961,292.3994,294.31990280710363,1.9205028071036168,False
0.677653523,2114.835,292.235,294.2700886503579,2.0350886503578636,False
0.677653523,2046.838,292.0655,294.21023019614313,2.1447301961431435,False
0.677653523,1978.978,291.8905,294.1238531900056,2.23335319000563,False
0.677653523,1911.262,291.7093,293.97601720166324,2.266717201663255,False
0.677653523,1843.701,291.5212,293.72000310093125,2.1988031009312294,False
0.677653523,1776.303,291.3253,293.53163530235247,2.206335302352443,False
0.677653523,1709.079,291.1207,293.1687633349032,2.0480633349031905,False
0.677653523,1642.041,290.9062,292.7154057179395,1.8092057179395056,False
0.677653523,1575.203,290.6806,292.38212341016447,1.701523410164441,False
0.677653523,1508.578,290.4426,292.0694175360286,1.6268175360285682,False
0.677653523,1442.183,290.1905,291.92566465195586,1.7351646519558699,False
0.677653523,1376.036,289.9226,291.76082805678226,1.8382280567822704,False
0.677653523,1310.156,289.6369,291.38989154539814,1.7529915453981175,False
0.677653523,1244.566,289.3312,290.8624584901177,1.5312584901176933,False
0.677653523,1211.489,289.1681,290.5744173807374,1.4063173807373914,False
0.677653523,1194.457,289.0816,290.43012840913167,1.3485284091316885,False
0.677653523,1185.808,289.0369,290.36512704281216,1.3282270428121592,False
0.677653523,1181.448,289.0143,290.3369436123103,1.3226436123102872,False
0.677653523,1180.352,289.0086,290.3307775174839,1.322177517483908,False
0.677653523,1179.803,289.0057,290.327724877117,1.3220248771170304,False
0.677653523,1179.803,289.0057,290.327724877117,1.3220248771170304,False
0.677653523,1177.605,288.9943,290.31239332804313,1.318093328043119,False
0.677653523,1176.508,288.9885,290.30439028180086,1.3158902818008755,False
0.677653523,1174.313,288.9771,290.289423071554,1.3123230715539762,False
0.677653523,1169.931,288.9541,290.26270613732993,1.3086061373299458,False
0.677653523,1161.201,288.908,290.2145837753684,1.3065837753683809,False
0.677653523,1143.873,288.8148,290.14017370105955,1.3253737010595614,False
0.677653523,1109.745,288.6251,290.0396193100434,1.4145193100434312,False
0.677653523,1043.584,288.2319,289.70432517682224,1.4724251768222416,False
0.677653523,979.5717,287.8158,289.3726404285818,1.5568404285817792,False
0.677653523,915.9239,287.3624,288.9095171285533,1.5471171285533387,False
0.677653523,852.7908,286.8677,288.52374857268444,1.6560485726844263,False
0.677653523,790.2243,286.3266,288.0985453770536,1.771945377053612,False
0.677653523,728.2924,285.7328,287.5984795004514,1.8656795004513924,False
0.677653523,667.075,285.0791,286.9846836565455,1.9055836565455024,False
0.677653523,606.6668,284.3567,286.33578747514133,1.9790874751413412,False
0.677653523,547.1817,283.555,285.49122902003216,1.9362290200321581,False
0.677653523,488.7574,282.661,284.4165000736804,1.7555000736804232,False
0.677653523,431.5618,281.6584,283.31457111313637,1.656171113136395,False
0.677653523,375.8025,280.5272,282.23295568203554,1.7057556820355444,False
0.677653523,321.7382,279.2412,281.1816720469382,1.9404720469382255,False
0.677653523,269.695,277.7669,280.074810083969,2.3079100839689772,False
0.677653523,220.0878,276.0601,278.9484605137941,2.8883605137941117,False
0.677653523,173.4488,274.0617,276.6449764907787,2.583276490778701,False
0.677653523,161.5285,273.4664,275.7511583262606,2.284758326260601,False
0.677653523,154.6272,273.102,275.24570570205015,2.1437057020501697,False
0.677653523,152.8456,273.0055,275.11602829357525,2.110528293575271,False
0.677653523,152.387,272.9804,275.07769366548524,2.0972936654852674,False
0.677653523,152.387,272.9804,275.07769366548524,2.0972936654852674,False
0.677653523,151.4856,272.8382,275.0088274155435,2.1706274155435494,False
0.677653523,151.0453,272.7686,274.98586546741166,2.2172654674116643,False
0.677653523,150.1684,272.6292,274.91727973071363,2.288079730713605,False
0.677653523,148.4289,272.3507,274.7882054444607,2.437505444460669,False
0.677653523,145.0061,271.7946,274.5992886625523,2.80468866255228,False
0.677653523,138.3809,270.686,274.3550805471566,3.669080547156625,False
0.677653523,125.971,268.4832,274.0974858099619,5.614285809961871,False
0.677653523,104.2089,264.1354,273.723191684182,9.58779168418198,False
0.677653523,85.90245,259.8385,272.72243337609785,12.883933376097843,False
0.677653523,70.39346,255.5447,266.94437769895853,11.399677698958527,False
0.677653523,57.32578,251.2552,259.4437701155061,8.188570115506081,False
0.677653523,46.37593,246.9699,252.65847243666073,5.688572436660735,False
0.677653523,37.25499,242.6889,246.77180064331606,4.082900643316066,False
0.677653523,29.70566,238.4123,241.9004604357387,3.488160435738706,False
0.677653523,23.49956,234.14,237.8980693399537,3.758069339953721,False
0.677653523,18.43469,229.8724,234.63162717811642,4.759227178116419,False
0.677653523,14.33322,225.6094,231.9850308064661,6.37563080646612,False
0.629275402,2403.957,293.0597,294.92854770230537,1.8688477023053451,False
0.629275402,2335.565,292.905,294.73118297950754,1.8261829795075641,False
0.629275402,2267.172,292.7463,294.5088437660315,1.762543766031456,False
0.629275402,2198.897,292.5832,294.3475840449088,1.7643840449088088,False
0.629275402,2130.742,292.4155,294.27409830232097,1.8585983023209565,False
0.629275402,2062.714,292.2426,294.22865729347205,1.9860572934720722,False
0.629275402,1994.821,292.064,294.15000863805244,2.0860086380524194,False
0.629275402,1927.071,291.8791,294.01915028726216,2.14005028726217,False
0.629275402,1859.473,291.687,293.77751329565257,2.0905132956525563,False
0.629275402,1792.036,291.487,293.60223245355684,2.115232453556814,False
0.629275402,1724.77,291.2782,293.26226396553017,1.9840639655301402,False
0.629275402,1657.688,291.0594,292.82620803378717,1.7668080337871856,False
0.629275402,1590.802,290.8296,292.44030480331713,1.6107048033171054,False
0.629275402,1524.126,290.5872,292.1388953219139,1.5516953219138827,False
0.629275402,1457.676,290.3309,291.9452610573607,1.6143610573607248,False
0.629275402,1391.469,290.0589,291.80730536454587,1.7484053645458744,False
0.629275402,1325.524,289.7694,291.5073724707733,1.7379724707732862,False
0.629275402,1259.864,289.4602,290.9871255907682,1.526925590768201,False
0.629275402,1194.513,289.129,290.4305205307544,1.3015205307543738,False
0.629275402,1129.498,288.773,290.0941318082199,1.3211318082198886,False
0.629275402,1127.42,288.7611,290.08763439221036,1.3265343922103625,False
0.629275402,1127.42,288.7611,290.08763439221036,1.3265343922103625,False
0.629275402,1125.228,288.7487,290.0803468963017,1.33164689630172,False
0.629275402,1124.132,288.7424,290.0781509710125,1.3357509710125441,False
0.629275402,1121.94,288.7299,290.072128350386,1.3422283503859944,False
0.629275402,1117.565,288.7048,290.059687931389,1.3548879313890438,False
0.629275402,1108.85,288.6543,290.03701204837415,1.3827120483741737,False
0.629275402,1091.557,288.5525,289.970889248456,1.4183892484559806,False
0.629275402,1057.524,288.3452,289.7833017036171,1.4381017036171215,False
0.629275402,991.6428,287.9157,289.4409813342354,1.5252813342353875,False
0.629275402,928.0056,287.4616,288.9925140543324,1.5309140543324133,False
0.629275402,864.7653,286.9663,288.58647094150723,1.62017094150724,False
0.629275402,802.0863,286.4255,288.18808693663027,1.7625869366302709,False
0.629275402,740.0279,285.8332,287.70165258944814,1.868452589448168,False
0.629275402,678.6676,285.1823,287.10144925383497,1.9191492538349735,False
0.629275402,618.0973,284.4643,286.47349903933696,2.009199039336977,False
0.629275402,558.4268,283.6691,285.662985550128,1.9938855501279704,False
0.629275402,499.7886,282.784,284.63082062682656,1.8468206268265703,False
0.629275402,442.3445,281.7937,283.52136043364766,1.7276604336476566,False
0.629275402,386.2936,280.6785,282.44064869567194,1.7621486956719536,False
0.629275402,331.8839,279.4139,281.3758525411167,1.961952541116716,False
0.629275402,279.4271,277.9678,280.290704138789,2.3229041387889993,False
0.629275402,229.3193,276.2982,279.19003136283663,2.8918313628366263,False
0.629275402,182.0678,274.3491,277.21825254442956,2.8691525444295394,False
0.629275402,158.6961,273.1935,275.5417875694396,2.3482875694396057,False
0.629275402,157.0421,273.1056,275.43211259345446,2.3265125934544812,False
0.629275402,156.1214,273.0563,275.36336944840417,2.3070694484041496,False
0.629275402,155.659,273.0314,275.32588093698143,2.294480936981415,False
0.629275402,155.659,273.0314,275.32588093698143,2.294480936981415,False
0.629275402,154.6269,272.8932,275.24568960003063,2.352489600030651,False
0.629275402,154.1687,272.822,275.2112270097546,2.38922700975462,False
0.629275402,153.2751,272.6827,275.151757126967,2.469057126967016,False
0.629275402,151.5023,272.4042,275.0102193424076,2.606019342407592,False
0.629275402,148.0142,271.8481,274.7620496487986,2.9139496487986207,False
0.629275402,141.262,270.7395,274.4387416999023,3.699241699902302,False
0.629275402,128.613,268.5369,274.1503219586363,5.613421958636309,False
0.629275402,106.427,264.1894,273.75513208529696,9.565732085296986,False
0.629275402,87.75824,259.893,272.97072317482366,13.077723174823689,False
0.629275402,71.93723,255.5997,267.7696267732845,12.169926773284459,False
0.629275402,58.6024,251.3107,260.1774999938101,8.866799993810105,False
0.629275402,47.42514,247.0258,253.3350072589656,6.309207258965586,False
0.629275402,38.11175,242.7452,247.3248172136019,4.5796172136018924,False
0.629275402,30.40052,238.4689,242.3486875341393,3.8797875341392967,False
0.629275402,24.05909,234.197,238.25887971922148,4.06187971922148,False
0.629275402,18.88185,229.9296,234.92006594791232,4.990465947912327,False
0.629275402,14.6877,225.6669,232.21385123680517,6.546951236805171,False
0.689969621,2880.152,295.1992,296.57159644745445,1.3723964474544346,False
0.689969621,2811.11,295.0722,296.36384401805884,1.2916440180588324,False
0.689969621,2742.068,294.9433,296.1682473984154,1.2249473984153951,False
0.689969621,2673.109,294.8126,295.9468485171368,1.1342485171368253,False
0.689969621,2604.236,294.6799,295.7103576508394,1.0304576508394234,False
0.689969621,2535.451,294.5452,295.43688845831525,0.8916884583152296,False
0.689969621,2466.761,294.4082,295.1471795451561,0.7389795451560985,False
0.689969621,2398.168,294.2688,294.9136549144431,0.6448549144431013,False
0.689969621,2329.679,294.1269,294.7109157102544,0.5840157102544481,False
0.689969621,2261.299,293.9821,294.4920125048039,0.5099125048038786,False
0.689969621,2193.034,293.8342,294.3341951529981,0.49999515299811037,False
0.689969621,2124.89,293.6828,294.2705780506607,0.5877780506606882,False
0.689969621,2056.873,293.5276,294.22250684909255,0.694906849092547,False
0.689969621,1988.993,293.3681,294.1394078654068,0.7713078654067544,False
0.689969621,1921.255,293.2037,294.00441212490654,0.8007121249065108,False
0.689969621,1853.67,293.0337,293.75609026537927,0.7223902653792607,False
0.689969621,1819.646,292.9456,293.66715494406253,0.7215549440625182,False
0.689969621,1802.272,292.8999,293.63103832294473,0.7311383229447301,False
0.689969621,1801.722,292.8985,293.6307501603751,0.7322501603750879,False
0.689969621,1801.722,292.8985,293.6307501603751,0.7322501603750879,False
0.689969621,1799.501,292.8931,293.62396691687144,0.7308669168714346,False
0.689969621,1798.392,292.8904,293.6209993627514,0.7305993627513772,False
0.689969621,1796.173,292.885,293.61403788739466,0.7290378873946679,False
0.689969621,1791.74,292.8742,293.6006196228059,0.7264196228059063,False
0.689969621,1782.898,292.8524,293.56380060291013,0.7114006029101461,False
0.689969621,1765.3,292.8087,293.48076191775476,0.6720619177547746,False
0.689969621,1730.458,292.7197,293.294682981628,0.5749829816280112,False
0.689969621,1662.176,292.536,292.85691392443533,0.32091392443533096,False
0.689969621,1595.32,292.343,292.4586092851359,0.11560928513586077,False
0.689969621,1528.628,292.136,292.1591836294623,0.02318362946226671,False
0.689969621,1462.162,291.9137,291.95012262455043,0.03642262455042555,False
0.689969621,1395.938,291.6745,291.8194871387612,0.14498713876116653,False
0.689969621,1329.975,291.4167,291.54246895137834,0.12576895137834754,False
0.689969621,1264.295,291.1383,291.0228112166848,0.11548878331524293,False
0.689969621,1198.922,290.8373,290.46723615057044,0.3700638494295845,False
0.689969621,1133.883,290.5111,290.1070060487519,0.40409395124811454,False
0.689969621,1069.21,290.1572,289.8542801852416,0.3029198147584111,False
0.689969621,1004.938,289.7723,289.50004014557084,0.27225985442913725,False
0.689969621,941.1079,289.353,289.09152107508027,0.2614789249197429,False
0.689969621,877.7661,288.8951,288.6580036345838,0.23709636541622103,False
0.689969621,814.9673,288.3939,288.2875888727853,0.10631112721466707,False
0.689969621,752.7749,287.8437,287.80663757456006,0.03706242543995586,False
0.689969621,691.2636,287.2378,287.2288097372244,0.008990262775569136,False
0.689969621,630.522,286.5683,286.61882244397066,0.05052244397063532,False
0.689969621,570.6558,285.8255,285.8460130235294,0.02051302352941775,False
0.689969621,511.7925,284.9976,284.8632167947769,0.13438320522305958,False
0.689969621,454.0872,284.07,283.74628840904563,0.3237115909543604,False
0.689969621,397.7304,283.0243,282.6628092834739,0.36149071652607745,False
0.689969621,342.959,281.8372,281.58807545531886,0.24912454468113765,False
0.689969621,290.0701,280.4788,280.53502602234886,0.05622602234888063,False
0.689969621,239.4403,278.9098,279.4245456547608,0.514745654760759,False
0.689969621,191.5515,277.078,277.7717245380095,0.6937245380095192,False
0.689969621,147.0229,274.9134,274.6936600648578,0.21973993514222911,False
0.689969621,125.2184,273.6108,274.08032783412017,0.4695278341201856,False
0.689969621,119.0972,273.2065,273.9367294881476,0.7302294881475859,False
0.689969621,117.4089,273.0916,273.9025930449623,0.810993044962288,False
0.689969621,116.9735,273.0617,273.8946828444917,0.8329828444917098,False
0.689969621,116.9735,273.0617,273.8946828444917,0.8329828444917098,False
0.689969621,116.0539,272.9093,273.8758810924607,0.9665810924607285,False
0.689969621,115.7039,272.8384,273.87078312525165,1.0323831252516698,False
0.689969621,115.0195,272.699,273.8630028583359,1.1640028583358912,False
0.689969621,113.6621,272.4205,273.8466216604081,1.4261216604081142,False
0.689969621,110.9925,271.8644,273.8077478345213,1.9433478345213189,False
0.689969621,105.829,270.7557,273.74586288675283,2.9901628867528416,False
0.689969621,96.17183,268.5528,273.49251307767065,4.93971307767066,False
0.689969621,79.28732,264.2045,271.13833857701496,6.933838577014967,False
0.689969621,65.1398,259.9072,263.9503931084914,4.043193108491437,False
0.689969621,53.20036,255.6133,257.0134077028047,1.4001077028047177,False
0.689969621,43.17834,251.3237,250.59517725896436,0.728522741035647,False
0.689969621,34.81191,247.0386,245.194981099778,1.8436189002219976,False
0.689969621,27.86878,242.7578,240.71567443842648,2.0421255615735276,False
0.689969621,22.14336,238.4815,237.02351285690509,1.4579871430949254,False
0.689969621,17.45426,234.2097,233.99914082329437,0.21055917670562962,False
0.689969621,13.64192,229.9426,231.53873774136216,1.5961377413621562,False
0.683985312,2434.909,292.7317,295.02256956728525,2.290869567285256,False
0.683985312,2366.467,292.584,294.8288498333662,2.2448498333661746,False
0.683985312,2298.025,292.4328,294.60436177265973,2.171561772659743,False
0.683985312,2229.697,292.278,294.4118858383696,2.133885838369565,False
0.683985312,2161.487,292.119,294.29463631445697,2.1756363144569377,False
0.683985312,2093.401,291.9557,294.2608510475852,2.305151047585241,False
0.683985312,2025.446,291.7873,294.18916327314105,2.401863273141032,False
0.683985312,1957.631,291.6135,294.083180022741,2.469680022740988,False
0.683985312,1889.963,291.4334,293.9009837721222,2.4675837721221683,False
0.683985312,1822.451,291.2463,293.67129075387317,2.4249907538731463,False
0.683985312,1755.107,291.0513,293.4303925987272,2.3790925987271976,False
0.683985312,1687.941,290.8475,293.03338551057305,2.18588551057303,False
0.683985312,1620.964,290.6337,292.581169009268,1.9474690092680476,False
0.683985312,1554.192,290.4086,292.28662776270016,1.8780277627001851,False
0.683985312,1487.638,290.1707,291.99866957941686,1.8279695794168447,False
0.683985312,1421.319,289.9184,291.8853184915327,1.966918491532681,False
0.683985312,1355.253,289.6498,291.6619471476378,2.0121471476377906,False
0.683985312,1289.462,289.363,291.22973772423126,1.8667377242312568,False
0.683985312,1256.288,289.2102,290.95994544571397,1.7497454457139838,False
0.683985312,1239.221,289.1293,290.81650645314807,1.6872064531480646,False
0.683985312,1237.049,289.1189,290.7974015194794,1.6785015194794255,False
0.683985312,1235.951,289.1136,290.7878705767189,1.6742705767188681,False
0.683985312,1235.401,289.1109,290.78292345933687,1.672023459336856,False
0.683985312,1235.401,289.1109,290.78292345933687,1.672023459336856,False
0.683985312,1233.2,289.1004,290.76352293342694,1.663122933426962,False
0.683985312,1232.101,289.0951,290.7541495950864,1.659049595086401,False
0.683985312,1229.903,289.0846,290.7349992155049,1.6503992155048763,False
0.683985312,1225.515,289.0634,290.69548532907936,1.6320853290793593,False
0.683985312,1216.77,289.0209,290.6201304001337,1.599230400133706,False
0.683985312,1199.407,288.9351,290.4716640958541,1.5365640958541462,False
0.683985312,1165.187,288.7603,290.2359679994319,1.4756679994319484,False
0.683985312,1098.754,288.3981,290.0007070392109,1.602607039210909,False
0.683985312,1034.377,288.0149,289.6508334313363,1.6359334313362979,False
0.683985312,970.3336,287.598,289.3143974864516,1.7163974864515694,False
0.683985312,906.7617,287.1439,288.8431525082071,1.6992525082071097,False
0.683985312,843.7064,286.648,288.4717856661934,1.8237856661933733,False
0.683985312,781.2272,286.1051,288.0277433117317,1.9226433117316901,False
0.683985312,719.3934,285.5087,287.51453184975173,2.0058318497517575,False
0.683985312,658.2867,284.8513,286.90187507958825,2.0505750795882705,False
0.683985312,598.0045,284.1241,286.2221583696022,2.0980583696021995,False
0.683985312,538.6637,283.316,285.34397960085494,2.0279796008549624,False
0.683985312,480.4058,282.4136,284.25315682838726,1.8395568283872876,False
0.683985312,423.404,281.4003,283.1570025992225,1.7567025992224785,False
0.683985312,367.8724,280.2551,282.07621684948856,1.8211168494885328,False
0.683985312,314.0784,278.951,281.0379166964972,2.0869166964971555,False
0.683985312,262.3594,277.4531,279.91970835420864,2.4666083542086312,False
0.683985312,213.1454,275.7152,278.73551859519125,3.02031859519127,False
0.683985312,166.9881,273.6755,276.1610851287704,2.485585128770424,False
0.683985312,155.1996,273.0661,275.28828034316734,2.222180343167338,False
0.683985312,154.3274,273.0193,275.22250929820655,2.203209298206559,False
0.683985312,153.8659,272.9944,275.1948711854442,2.2004711854442007,False
0.683985312,153.8659,272.9944,275.1948711854442,2.2004711854442007,False
0.683985312,152.7767,272.858,275.1102790792753,2.252279079275297,False
0.683985312,152.3148,272.786,275.0716467504792,2.285646750479202,False
0.683985312,151.424,272.6467,275.00579573236945,2.3590957323694397,False
0.683985312,149.6568,272.3682,274.8762251665684,2.508025166568416,False
0.683985312,146.1804,271.812,274.6522508258904,2.8402508258903936,False
0.683985312,139.4535,270.7034,274.3840316449873,3.6806316449873293,False
0.683985312,126.8607,268.5007,274.1195196233511,5.618819623351101,False
0.683985312,104.8047,264.1528,273.7306935788684,9.577893578868384,False
0.683985312,86.28077,259.8558,272.78807986305713,12.932279863057147,False
0.683985312,70.61237,255.562,267.0568285628414,11.494828562841406,False
0.683985312,57.43093,251.2724,259.5018485732979,8.229448573297873,False
0.683985312,46.4027,246.9871,252.6757386193057,5.688638619305692,False
0.683985312,37.23034,242.7061,246.75588989554066,4.04978989554067,False
0.683985312,29.64974,238.4294,241.86438964567108,3.434989645671095,False
0.683985312,23.42705,234.1572,237.85131137080728,3.694111370807292,False
0.683985312,18.35596,229.8895,234.58084086524326,4.691340865243262,False
0.683985312,14.25528,225.6265,231.93471732760753,6.308217327607537,False
0.643680935,2697.33,294.2997,296.0293727999393,1.729672799939351,False
0.643680935,2628.512,294.1647,295.7916411610751,1.6269411610751376,False
0.643680935,2559.693,294.0272,295.5406632646294,1.5134632646294222,False
0.643680935,2490.969,293.8872,295.2463749564337,1.3591749564337192,False
0.643680935,2422.341,293.7446,294.9817998128906,1.2371998128905943,False
0.643680935,2353.815,293.5989,294.79137986624875,1.192479866248732,False
0.643680935,2285.396,293.4501,294.56433423302354,1.1142342330235238,False
0.643680935,2217.09,293.2977,294.38468973508776,1.0869897350877409,False
0.643680935,2148.902,293.1415,294.2858129287944,1.1443129287944203,False
0.643680935,2080.84,292.9808,294.24866984943225,1.2678698494322589,False
0.643680935,2012.91,292.8153,294.1736397297933,1.3583397297933288,False
0.643680935,1945.121,292.6444,294.05794476018394,1.4135447601839246,False
0.643680935,1877.482,292.4673,293.8559593265207,1.388659326520667,False
0.643680935,1810.0,292.2832,293.64835221167624,1.365152211676218,False
0.643680935,1742.688,292.0913,293.36151128092075,1.270211280920762,False
0.643680935,1675.556,291.8905,292.9515951954443,1.0610951954443522,False
0.643680935,1608.616,291.6796,292.51528436811986,0.8356843681198711,False
0.643680935,1574.896,291.5689,292.3809575991187,0.8120575991187025,False
0.643680935,1557.63,291.511,292.30381941000314,0.7928194100031192,False
0.643680935,1548.889,291.4813,292.2591217562153,0.7778217562153031,False
0.643680935,1546.688,291.4738,292.24828583020906,0.7744858302090734,False
0.643680935,1546.136,291.4719,292.2457179301078,0.7738179301077821,False
0.643680935,1546.136,291.4719,292.2457179301078,0.7738179301077821,False
0.643680935,1543.922,291.4645,292.23450534303674,0.7700053430367575,False
0.643680935,1542.817,291.4608,292.2293972287124,0.7685972287123946,False
0.643680935,1540.605,291.4534,292.21847330699154,0.7650733069915532,False
0.643680935,1536.189,291.4387,292.19725645465456,0.7585564546545811,False
0.643680935,1527.381,291.409,292.15287877232015,0.7438787723201585,False
0.643680935,1509.869,291.3492,292.0749986954194,0.725798695419428,False
0.643680935,1475.254,291.2275,291.97075996865607,0.7432599686560479,False
0.643680935,1407.645,290.9759,291.85029428971126,0.8743942897112333,False
0.643680935,1341.691,290.7111,291.602232215734,0.8911322157339896,False
0.643680935,1275.957,290.4257,291.11849776095875,0.6927977609587401,False
0.643680935,1210.527,290.1178,290.5657311714345,0.44793117143450445,False
0.643680935,1145.427,289.7851,290.1455424293046,0.36044242930461223,False
0.643680935,1080.686,289.4247,289.92013494118413,0.49543494118415765,False
0.643680935,1016.34,289.0336,289.5610070119892,0.5274070119892258,False
0.643680935,952.4281,288.6083,289.17977149158565,0.5714714915856689,False
0.643680935,888.9956,288.1447,288.725310608712,0.5806106087119929,False
0.643680935,826.0958,287.638,288.36825981061327,0.7302598106132905,False
0.643680935,763.7904,287.0828,287.89190506093803,0.809105060938009,False
0.643680935,702.152,286.4724,287.3461647495594,0.8737647495594274,False
0.643680935,641.2663,285.7991,286.7352131553101,0.9361131553100677,False
0.643680935,581.2358,285.0535,285.99586382600705,0.9423638260070675,False
0.643680935,522.1836,284.224,285.0564705320069,0.832470532006937,False
0.643680935,464.2595,283.2964,283.9435614922601,0.6471614922600679,False
0.643680935,407.647,282.2532,282.85452544645113,0.6013254464511419,False
0.643680935,352.5738,281.0718,281.77169533243625,0.699895332436256,False
0.643680935,299.325,279.7235,280.7381491708664,1.0146491708663916,False
0.643680935,248.2615,278.1707,279.6202231336633,1.4495231336632628,False
0.643680935,199.8443,276.3638,278.19676605398274,1.832966053982716,False
0.643680935,154.6655,274.2357,275.2477620156555,1.0120620156554878,False
0.643680935,143.146,273.5967,274.5151896500244,0.9184896500244122,False
0.643680935,136.4288,273.2011,274.3044479536325,1.1033479536325217,False
0.643680935,134.6926,273.0958,274.26436917214005,1.168569172140053,False
0.643680935,133.7984,273.0411,274.24729307966635,1.2061930796663773,False
0.643680935,133.7819,273.0401,274.24700996600495,1.2069099660049574,False
0.643680935,132.9722,272.8926,274.2315879287851,1.338987928785059,False
0.643680935,132.5813,272.8231,274.22415026654687,1.4010502665468607,False
0.643680935,131.8016,272.6837,274.2088182216491,1.5251182216491088,False
0.643680935,130.255,272.4052,274.18193430254314,1.7767343025431614,False
0.643680935,127.2128,271.8491,274.1269593223653,2.2778593223652592,False
0.643680935,121.3275,270.7405,273.98146589407963,3.240965894079636,False
0.643680935,110.3158,268.5377,273.8012900921779,5.263590092177935,False
0.643680935,91.04729,264.1898,273.2511496091324,9.061349609132435,False
0.643680935,74.88401,259.8929,269.27150541280787,9.378605412807872,False
0.643680935,61.22785,255.5993,261.70497028775077,6.105670287750769,False
0.643680935,49.7517,251.31,254.8324566625299,3.5224566625298905,False
0.643680935,40.16027,247.0251,248.64711146758,1.6220114675799948,False
0.643680935,32.19113,242.7444,243.50386363740623,0.7594636374062134,False
0.643680935,25.61161,238.4681,239.26002107772146,0.7919210777214687,False
0.643680935,20.21618,234.1963,235.78067984308254,1.5843798430825302,False
0.643680935,15.82376,229.9291,232.94707333741442,3.0179733374144178,False
0.6,148.0544439,272.6165374,274.7649658258196,2.1484284258195885,False
0.6,158.2877084,272.981368,275.5121632032382,2.530795203238199,False
0.6,163.6666013,273.1637834,275.9139412199556,2.750157819955575,False
0.6,170.0661658,273.3157961,276.3966323758087,3.0808362758086787,False
0.6,180.8110019,273.528614,277.141479087158,3.6128650871580135,False
0.6,186.5235574,273.7718344,277.4782731517951,3.706438751795133,False
0.6,190.9060446,273.9238472,277.741251362236,3.8174041622360164,False
0.6,200.7614223,274.1366651,278.2448817295361,4.108216629536059,False
0.6,211.4586317,274.3190804,278.6866238012817,4.367543401281694,False
0.6,218.6443654,274.5014957,278.9085944236697,4.407098723669662,False
0.6,227.7673439,274.6535085,279.15283072064454,4.499322220644558,False
0.6,236.1267984,274.8663264,279.34808878562734,4.4817623856273485,False
0.6,243.5358156,275.0487417,279.5159785209321,4.467236820932101,False
0.6,251.7586703,275.1703519,279.69338554548705,4.523033645487033,False
0.6,269.8394802,275.5351825,280.07786746367924,4.542684963679221,False
0.6,289.8273103,275.778403,280.52947584990403,4.751072849904006,False
0.6,293.6594978,275.9304157,280.6152790330376,4.684863333037583,False
0.6,312.2130013,276.1432336,281.0027317563254,4.859498156325401,False
0.6,317.9742779,276.3256489,281.1102748004155,4.784625900415506,False
0.6,327.1253797,276.5080643,281.2873855775493,4.779321277549286,False
0.6,334.7762124,276.6296745,281.43148548844283,4.80181098844281,False
0.6,350.5451957,276.8120898,281.7324455582361,4.920355758236099,False
0.6,369.883551,277.0249077,282.11597752994646,5.091069829946434,False
0.6,384.4272375,277.2377255,282.4039442103084,5.166218710308385,False
0.6,402.6195457,277.480946,282.7568310231041,5.275885023104081,False
0.6,434.6295913,277.7241664,283.37341763044907,5.649251230449067,False
0.6,448.3613091,277.9673868,283.63582733698416,5.668440536984178,False
0.6,462.3810764,278.1193996,283.90536626710053,5.785966667100524,False
0.7,99.16496356,272.6773425,273.6030845139768,0.9257420139767873,False
0.7,99.97061867,272.8293553,273.62763990078037,0.7982846007803914,False
0.7,107.930069,273.1029783,273.7733833984156,0.6704050984155856,False
0.7,111.2932282,273.2245885,273.81126459812253,0.5866760981225525,False
0.7,114.7853072,273.4070038,273.860596267221,0.45359246722102853,False
0.7,120.2173097,273.6502242,273.9547258788848,0.3045016788847761,False
0.7,123.9633459,273.7718344,274.04757408677335,0.27573968677336325,False
0.7,131.5048666,274.07586,274.20245557882396,0.12659557882398076,False
0.7,137.6991479,274.2582753,274.3370838242024,0.07880852420242945,False
0.7,147.557413,274.5623008,274.7297062530834,0.16740545308340415,False
0.7,156.1400293,274.8663264,275.36487210101757,0.49854570101757645,False
0.7,163.4947021,275.0487417,275.9001920589262,0.851450358926229,False
0.7,169.9053987,275.231157,276.3850622700776,1.153905270077587,False
0.7,180.6021163,275.3831698,277.1253104330271,1.742140633027077,False
0.7,195.0222605,275.7175979,277.9621535601359,2.244555660135916,False
0.7,207.9766696,276.0824285,278.56313211915517,2.480703619155179,False
0.7,217.7730067,276.2648438,278.8816886458468,2.616844845846799,False
0.7,224.8659127,276.4168566,279.077288532063,2.660431932062977,False
0.7,236.3750634,276.6296745,279.3541116160218,2.724437116021761,False
0.7,238.2954672,276.7816872,279.39860747187936,2.616920271879337,False
0.7,253.3510531,276.9945051,279.72749307608797,2.7329879760879408,False
0.7,263.3403959,277.2377255,279.94037425189117,2.702648751891161,False
0.7,284.3368823,277.5417511,280.40349146427786,2.861740364277864,False
0.7,294.7415618,277.7241664,280.6390497559214,2.914883355921404,False
0.7,313.0672016,278.0281919,281.0189065207819,2.990714620781887,False
0.7,342.7500251,278.3322175,281.58422754682067,3.252010046820658,False
0.7,362.5335197,278.5146328,281.9698154800369,3.4551826800368985,False
0.7,372.9670088,278.6970481,282.1769181255195,3.4798700255194603,False
0.7,388.5699603,278.8794634,282.48470894919006,3.6052455491900446,False
0.7,393.7491292,279.0618788,282.58467584070155,3.522797040701562,False
0.7,427.2482608,279.3355017,283.23105371253837,3.89555201253836,False
0.7,440.6541501,279.5179171,283.488755214532,3.9708381145320004,False
0.7,467.3147467,279.7307349,284.00179909466306,4.27106419466304,False
0.7,499.5097325,280.0347605,284.6253828189302,4.590622318930173,False
0.7,525.7935816,280.2779809,285.1213154447962,4.843334544796221,False
0.7,558.9546517,280.4603962,285.6703870413849,5.209990841384922,False
0.7,580.932545,280.6732141,285.9916254596305,5.318411359630488,False
0.7,641.7863797,281.0380447,286.7398853294566,5.701840629456626,False
0.7,678.9015594,281.2508626,287.10360376658406,5.852741166584053,False
0.8,77.80828413,272.5557323,270.60203767396774,1.9536946260322452,False
0.8,79.04447742,272.7381476,271.04553926437467,1.692608335625323,False
0.8,81.93693529,272.9205629,271.9710785854069,0.9494843145931213,False
0.8,85.3557698,273.0725757,272.66356842908436,0.4090072709156516,False
0.8,89.39507379,273.3157961,273.1369633517017,0.17883274829830498,False
0.8,91.49546676,273.4678089,273.28648585650615,0.18132304349387596,False
0.8,101.8903024,273.9542498,273.67776825248876,0.27648154751125276,False
0.8,106.9590631,274.1366651,273.761157091222,0.37550800877801294,False
0.8,113.4422546,274.3798855,273.84333608758504,0.5365494124149564,False
0.8,118.1880738,274.5623008,273.9189607186176,0.6433400813824051,False
0.8,122.512905,274.7447162,274.0089120186652,0.7358041813347995,False
0.8,127.638192,274.9271315,274.1338747562804,0.793256743719553,False
0.8,137.4822666,275.2615596,274.33150983479413,0.9300497652058652,False
0.8,147.340487,275.5959877,274.71484675438325,0.881140945616778,False
0.8,151.1990421,275.778403,274.9948932685017,0.7835097314983273,False
0.8,159.1215827,275.9608183,275.5712826094332,0.389535690566845,False
0.8,165.7783815,276.1432336,276.0719970604835,0.07123653951646247,False
0.8,171.8446749,276.3256489,276.52751120279027,0.20186230279028905,False
0.8,182.8939716,276.4776617,277.2629572513619,0.7852955513619122,False
0.8,189.3675483,276.6904796,277.64003792180085,0.9495583218008505,False
0.8,203.908196,276.9337,278.379907144451,1.446207144451023,False
0.8,211.9035229,277.1161153,278.69917586338823,1.5830605633882442,False
0.8,217.9790667,277.2681281,278.8872560801151,1.6191279801150813,False
0.8,223.1006208,277.4201409,279.0306823469789,1.6105414469789139,False
0.8,244.5616514,277.7241664,279.53795092187215,1.813784521872151,False
0.8,257.0518612,277.9065817,279.80656356860663,1.8999818686066305,False
0.8,266.7943276,278.088997,280.0129776499526,1.9239806499525685,False
0.8,276.6152063,278.3322175,280.2277890931367,1.895571593136708,False
0.8,289.6446283,278.5146328,280.52535481044896,2.0107220104489443,False
0.8,296.4500094,278.6666456,280.6762557968009,2.0096101968009066,False
0.8,317.5735576,278.8794634,281.10264149866987,2.223178098669848,False
0.8,332.5322431,279.0618788,281.3888817690406,2.3270029690406204,False
0.8,360.7852892,279.3050992,281.9348390722962,2.629739872296227,False
0.8,378.6935621,279.457112,282.29008634169776,2.8329743416977635,False
0.8,394.6604816,279.7307349,282.6019674979332,2.871232597933158,False
0.8,418.4943749,279.9131503,283.0649967101397,3.15184641013974,False
0.8,436.0019488,280.0955656,283.3996495067158,3.304083906715789,False
0.8,449.6825049,280.2779809,283.66157380492837,3.3835929049283777,False
0.8,473.245008,280.4603962,284.1140398793855,3.653643679385482,False
0.8,459.5231675,280.7036167,283.85007020320177,3.1464535032017693,False
0.8,507.3391453,280.886032,284.7775480237704,3.891516023770407,False
0.8,551.9503578,281.1900575,285.5691542288633,4.37909672886326,False
0.8,595.7076542,281.3724728,286.1889390799425,4.8164662799424605,False
0.8,611.5650681,281.6764984,286.3946591336753,4.71816073367529,False
0.8,653.4232565,281.8589137,286.85388914463016,4.994975444630143,False
0.8,705.3733132,282.1021341,287.3768119396289,5.274677839628907,False
0.8,744.1298872,282.2541469,287.73322515663716,5.479078256637138,False
0.8,775.3417879,282.4669648,287.98204249079083,5.515077690790804,False
0.8,822.1653597,282.6493801,288.34212242060397,5.6927423206039975,False
0.8,855.8405833,282.8317954,288.54049584245263,5.708700442452653,False
0.8,904.4789107,283.0142107,288.8256824895101,5.811471789510108,False
0.9,64.39875996,272.5557323,263.5049812785628,9.05075102143718,False
0.9,65.1680303,272.7077451,263.9647532958094,8.742991804190638,False
0.9,68.15881086,272.9205629,265.6716957197836,7.2488671802163935,False
0.9,72.28257677,273.1333808,267.96994586417605,5.163434935823943,False
0.9,75.11680726,273.3157961,269.39520366320176,3.9205924367982448,False
0.9,77.47376852,273.4982115,270.4492481917386,3.0489633082614205,False
0.9,80.53693359,273.7718344,271.55403518071256,2.2177992192874285,False
0.9,84.75691484,273.9542498,272.57104864842444,1.3832011515755767,False
0.9,88.08026943,274.1366651,273.0107841874296,1.1258809125704374,False
0.9,92.22911943,274.3190804,273.3222185570817,0.9968618429182925,False
0.9,96.57339296,274.5014957,273.50688316213,0.9946125378700117,False
0.9,99.85512558,274.683911,273.62283978923983,1.0610712107601898,False
0.9,106.4209099,274.8663264,273.7550839753807,1.1112424246192631,False
0.9,112.6108384,275.1703519,273.82991303938,1.3404388606199973,False
0.9,117.9399381,275.4135723,273.91351473937726,1.5000575606227358,False
0.9,125.6816469,275.5655851,274.0908602025749,1.4747248974251193,False
0.9,127.678437,275.7480004,274.13453784106173,1.613462558938295,False
0.9,132.3644559,275.9608183,274.220865137693,1.7399531623070175,False
0.9,139.2854626,276.1128311,274.37971011765205,1.7331209823479412,False
0.9,148.2568406,276.2952464,274.7768218098054,1.51842459019457,False
0.9,153.5366931,276.5688694,275.1734071334624,1.3954622665376064,False
0.9,159.5401658,276.7208821,275.602151338131,1.1187307618689601,False
0.9,172.2062216,276.9337,276.55430533697944,0.37939466302054825,False
0.9,178.9396957,277.0857128,277.01820281745836,0.06750998254165097,False
0.9,186.01463,277.3593358,277.44914026717174,0.08980446717174573,False
0.9,201.5223554,277.5417511,278.27443329055535,0.7326821905553516,False
0.9,207.1478246,277.8457766,278.5363327488459,0.6905561488458716,False
0.9,227.0265662,278.088997,279.1323906884712,1.0433936884712125,False
0.9,238.8219162,278.3930226,279.4118066450403,1.01878404504032,False
0.9,250.2814775,278.5754379,279.6626909541781,1.0872530541781202,False
0.9,258.1346301,278.7578532,279.8296636686606,1.0718104686606011,False
0.9,274.0689968,278.9402685,280.16999848039404,1.2297299803940405,False
0.9,293.196973,279.1226839,280.60512583162154,1.4824419316215085,False
0.9,308.5599335,279.3050992,280.9304317581268,1.6253325581268427,False
0.9,315.8761224,279.5179171,281.0713729128405,1.5534558128405251,False
0.9,336.6813358,279.7307349,281.4671181659386,1.7363832659385707,False
0.9,346.4072154,279.9435528,281.6543836414389,1.7108308414389057,False
0.9,376.7486128,280.1563707,282.2517135870719,2.0953428870718653,False
0.9,393.046344,280.3691886,282.5707376735157,2.2015490735157073,False
0.9,419.4630014,280.5820064,283.0835259346098,2.50151953460977,False
0.9,434.8123224,280.7644218,283.37695872116944,2.6125369211694647,False
0.9,458.7511907,280.9468371,283.8350694234837,2.8882323234836917,False
0.9,481.5727934,281.1292524,284.2757836381202,3.1465312381201898,False
0.9,520.0238883,281.4636805,285.0175052325114,3.553824732511373,False
0.9,574.4370525,281.7981086,285.8960742056881,4.097965605688103,False
0.9,579.1040048,281.9501213,285.9654066166097,4.01528531660972,False
0.9,631.4174963,282.1629392,286.62976198630565,4.46682278630567,False
0.9,684.9208628,282.3453545,287.16755011772244,4.822195617722457,False
0.9,728.1178693,282.5277699,287.59695242265536,5.069182522655353,False
0.9,769.4975795,282.7101852,287.9345048303041,5.22431963030408,False
0.9,827.0178831,282.8926005,288.3747237542296,5.4821232542295775,False
0.9,868.159735,283.0750158,288.60404477892877,5.52902897892875,False
0.9,936.1979739,283.2574311,289.0529909178526,5.795559817852563,False
1.0,54.99576968,272.8597578,258.08190597258965,14.777851827410359,False
1.0,57.58018744,273.0117706,259.58415001357054,13.427620586429441,False
1.0,60.30506335,273.254991,261.17384399996786,12.08114700003216,False
1.0,65.58711236,273.4678089,264.2115392639941,9.256269636005925,False
1.0,67.67349767,273.7718344,265.392896819215,8.378937580784964,False
1.0,72.33576718,274.07586,268.00106175049746,6.074798249502521,False
1.0,77.67756995,274.2582753,270.5427709132232,3.715504386776786,False
1.0,83.21248592,274.4710932,272.2712226090616,2.1998705909383602,False
1.0,83.90616959,274.683911,272.43443092134106,2.249480078658962,False
1.0,89.8754594,274.8663264,273.1707678751573,1.6955585248426814,False
1.0,94.86347647,275.1703519,273.44458685935723,1.7257650406427842,False
1.0,102.3732662,275.3223647,273.6919540334807,1.6304106665192535,False
1.0,105.5965571,275.5351825,273.74289019459417,1.7922923054058515,False
1.0,110.5820977,275.7480004,273.8040235944839,1.9439768055161153,False
1.0,115.8030212,275.9608183,273.8714438363088,2.089374463691229,False
1.0,118.2377636,276.1432336,273.9197481988147,2.2234854011852576,False
1.0,123.1842013,276.3256489,274.02684918310655,2.298799716893427,False
1.0,130.2943802,276.5080643,274.1829144735319,2.3251498264680777,False
1.0,138.2791723,276.6904796,274.35204058236974,2.3384390176302645,False
1.0,140.3580617,276.8728949,274.40968580353376,2.463209096466244,False
1.0,154.7027792,277.2985307,275.2497646917181,2.048766008281916,False
1.0,164.8749669,277.480946,276.00374243904247,1.4772035609575482,False
1.0,175.3470919,277.7849715,276.7816651814974,1.0033063185026094,False
1.0,186.4059892,277.9673868,277.4693014097705,0.49808539022950526,False
1.0,198.1623557,278.1498022,278.1110172342846,0.038784965715422004,False
1.0,201.3530103,278.3930226,278.26810185355475,0.1249207464452411,False
1.0,217.8645649,278.5754379,278.8841261480782,0.3086882480782265,False
1.0,232.1898359,278.7578532,279.2528451997317,0.4949919997317238,False
1.0,240.7369,279.0010737,279.4541562442696,0.4530825442695914,False
1.0,245.7467056,279.1226839,279.5652195770121,0.4425356770120743,False
1.0,265.2846623,279.3659043,279.9811473277123,0.6152430277122676,False
1.0,281.9565319,279.4875145,280.34933261603936,0.8618181160393874,False
1.0,293.8138348,279.7307349,280.6186834937535,0.8879485937534923,False
1.0,314.1217339,280.0955656,281.0387280768712,0.9431624768712368,False
1.0,332.6370924,280.2475783,281.39099901139923,1.1434207113992443,False
1.0,354.993642,280.4603962,281.8194211031259,1.359024903125885,False
1.0,370.3113608,280.6428115,282.12450713231385,1.4816956323138584,False
1.0,379.5301825,280.8252269,282.3066275295459,1.481400629545874,False
1.0,422.471135,281.1900575,283.1393201525554,1.949262652555376,False
1.0,436.8274423,281.3724728,283.41555672168965,2.043083921689629,False
1.0,458.5583992,281.5548882,283.8312132314168,2.2763250314168317,False
1.0,486.1489589,281.6764984,284.3656625911404,2.689164191140378,False
1.0,511.2997522,281.9197188,284.85378322463794,2.9340644246379384,False
1.0,551.3706438,282.1021341,285.5607499959369,3.458615895936873,False
1.0,588.6138172,282.2845494,286.09540257368417,3.8108531736841655,False
1.0,637.9536582,282.4669648,286.70022982548704,4.2332650254870146,False
1.0,675.3437859,282.6493801,287.06814652970536,4.418766429705386,False
1.0,715.526607,282.8317954,287.47736541947603,4.645570019476054,False
1.0,776.8097622,283.0142107,287.99288753247384,4.978676832473866,False
1.0,833.4741021,283.196626,288.41188750539044,5.215261505390458,False
1.0,893.5203363,283.3790414,288.7547417174625,5.375700317462474,False
1.0,964.3564786,283.5614567,289.27502044310216,5.713563743102156,False
0.763661339,3558.562112,298.4415994,297.84965296605765,0.5919464339423257,False
0.636592072,2839.586749,294.7824215,296.446963718592,1.6645422185919756,False
0.975798629,3265.84028,301.2070679,297.61860703530084,3.5884608646991865,False
0.60782704,2722.769052,293.9423374,296.1078518402539,2.165514440253901,False
0.719224887,3560.869701,297.6548869,297.8570003020534,0.20211340205338502,False
0.599343515,3472.759728,295.1248222,297.5937277516367,2.4689055516367375,False
0.763580656,3597.426605,298.5010586,297.9560848312984,0.5449737687015954,False
0.758727619,3884.370781,298.8452031,298.61020518803224,0.23499791196775277,False
0.867167062,3492.008947,300.0177328,297.6213508534949,2.3963819465050733,False
0.598054901,2812.128339,293.9144239,296.36626949153754,2.4518455915375625,False
0.881001025,3789.489257,300.6881523,298.33925200928184,2.348900290718177,False
0.770448974,2871.451917,297.3450349,296.5436216053585,0.8014132946414634,False
0.916904822,3607.721688,300.942998,297.97881218634456,2.9641858136554333,False
0.973659778,3006.127123,300.7035297,297.0350943127358,3.6684353872641964,False
0.685227086,3112.786321,296.2638222,297.41432771902566,1.1505055190256712,False
0.898593912,3527.180191,300.5471626,297.74575608802894,2.801406511971038,False
0.61650909,3210.744656,295.0558997,297.5927601012408,2.5368604012408014,False
0.923929671,3255.411793,300.4620353,297.6224957237688,2.839539576231232,False
0.531174628,3721.778663,293.9344867,298.0883834737899,4.153896773789938,False
0.93921275,3932.155727,301.7480236,298.7538983215544,2.9941252784456083,False
0.855164529,3752.104932,300.2369498,298.21051040525515,2.026439394744841,False
0.630412112,3258.18201,295.4292258,297.6202212753227,2.1909954753227225,False
0.582652191,3598.104137,294.9528243,297.958284076168,3.0054597761680384,False
0.904657737,3540.376603,300.6576826,297.78995518672656,2.8677274132734283,False
0.926073808,3208.829776,300.4107377,297.58899180750035,2.8217458924996777,False
0.627217626,3794.909306,296.2109496,298.35628425048856,2.1453346504885644,False
0.690647984,3123.931397,296.3872585,297.444403089134,1.0571445891340545,False
0.830021422,3514.895199,299.4741105,297.7024944544383,1.7716160455617,False
0.530748457,3258.869688,293.1902194,297.61947762827964,4.42925822827965,False
0.796480796,2895.860019,297.8307434,296.62204133584567,1.2087020641543518,False
0.777832089,3303.279226,298.2655901,297.61041138341807,0.6551787165819292,False
0.575063488,3949.058919,295.2946124,298.8100005548768,3.5153881548768027,False
0.988140945,3268.034623,301.3784067,297.6175217556459,3.7608849443541317,False
0.587712143,3974.41003,295.6140756,298.89952741873435,3.285451818734373,False
0.917363271,3232.537744,300.3271192,297.6124501133955,2.7146690866045446,False
0.817567178,3872.787577,299.817456,298.57782002892185,1.239635971078144,False
0.649264117,3647.6238,296.4444224,298.004057391046,1.5596349910459821,False
0.719295786,2723.248662,296.1407654,296.1090771689486,0.031688231051418825,False
0.621664202,3311.684703,295.3377295,297.6075599880697,2.2698304880696583,False
0.907219957,3366.690815,300.4105104,297.5755220085343,2.8349883914657426,False
0.940818183,3392.834723,300.9380477,297.5605353379596,3.37751236204042,False
0.706943137,3104.943952,296.6587142,297.3892825993542,0.7305683993541834,False
0.785529578,3920.317262,299.355755,298.7163600396259,0.6393949603740907,False
0.806220469,3083.619081,298.3488734,297.3151845208106,1.0336888791894125,False
0.512547231,3467.732577,293.0816896,297.5850195402243,4.503329940224319,False
0.555210951,3482.113195,294.1429459,297.60535929774835,3.462413397748378,False
0.713355083,3921.208111,298.0835694,298.71913548337045,0.6355660833704633,False
0.636402088,3872.661025,296.513567,298.5774689820711,2.0639019820710587,False
0.947059176,2730.257458,299.7810011,296.13041935582686,3.6505817441731665,False
0.868162401,3494.549785,300.0370622,297.6273880608193,2.4096741391806518,False
0.931197183,3430.966998,300.8646638,297.55005680392156,3.314606996078453,False
0.504237919,3645.490811,293.1449887,298.0020593350177,4.857070635017692,False
0.934115639,3950.583859,301.7016271,298.81520675550945,2.8864203444905456,False
0.701539612,3131.255853,296.6056735,297.4630950541979,0.857421554197856,False
0.770216425,3334.595422,298.1890147,297.59762984386754,0.5913848561324357,False
0.859555915,3073.961302,299.1775446,297.28198202139487,1.8955625786051087,False
0.727786175,3113.554471,297.0558986,297.41719540665963,0.36129680665965225,False
0.890603586,3758.821187,300.7867279,298.2361341169816,2.550593783018428,False
0.801633826,2724.067682,297.5655488,296.1111680673838,1.4543807326161868,False
0.55629996,3208.903259,293.7145636,297.5891347550724,3.874571155072374,False
0.520682587,3115.121047,292.6911865,297.4219037015341,4.730717201534105,False
0.741827953,2760.122499,296.6219697,296.218103203449,0.4038664965510179,False
0.591075206,2907.153521,293.9493077,296.6582888099907,2.7089811099907024,False
0.724442607,3398.389553,297.4884412,297.55862601667434,0.07018481667432752,False
0.505090165,3859.817817,293.4799616,298.54200801214205,5.062046412142024,False
0.823221995,3500.069111,299.3413732,297.6457482848007,1.695624915199346,False
0.619612531,3372.906866,295.3967867,297.5716055279952,2.174818827995182,False
0.852048915,3723.41192,300.1454169,298.0948160900684,2.050600809931609,False
0.570947642,3770.070688,294.9458111,298.27562130357956,3.329810203579541,False
0.560941245,2728.39466,292.912152,296.1234772284482,3.2113252284482314,False
0.8149604,3677.06785,299.4849741,298.0178992932899,1.4670748067101158,False
0.957958758,3093.381651,300.6513905,297.3522981951969,3.2990923048030822,False
0.990161691,3308.430851,301.4757377,297.6086726007373,3.8670650992627316,False
0.598109833,3033.978918,294.3434205,297.13919363709874,2.795773137098763,False
0.731493491,3325.989016,297.4948994,297.60186044753607,0.1069610475360605,False
0.769281917,3145.831471,297.8437989,297.4987292679291,0.3450696320709312,False
0.847333946,3614.141917,299.9044492,297.99070812329813,1.9137410767018537,False
0.741597858,3492.536758,297.9499312,297.62360155717005,0.3263296428299327,False
0.895980873,3465.647699,300.4089705,297.58098800776673,2.827982492233275,False
0.862792215,3030.120288,299.1453214,297.12492472083636,2.020396679163639,False
0.754519952,3941.984048,298.8535566,298.78615962299483,0.0673969770051599,False
0.683315789,3409.733086,296.7390317,297.5559269756634,0.8168952756633985,False
0.875863612,3592.1006,300.3095999,297.9429361091087,2.366663790891323,False
0.799192097,3815.159723,299.43247,298.41725066949397,1.0152193305060564,False
0.991360618,3704.486962,302.1338202,298.0441937199688,4.0896264800312,False
0.550887115,3872.349133,294.6265928,298.5766040093745,3.950011209374452,False
0.954179057,3138.482647,300.681635,297.4826939396828,3.1989410603172246,False
0.70304385,3135.945369,296.6422187,297.47673774594807,0.8345190459480705,False
0.518256888,2792.415904,292.0189829,296.31127344964466,4.292290549644633,False
0.635016306,3730.724425,296.2784878,298.12527646440014,1.846788664400151,False
0.74789061,2775.955656,296.7614689,296.2634606732533,0.49800822674671963,False
0.571669611,3865.741695,295.1001904,298.5583331014503,3.4581427014502992,False
0.625071667,2837.66587,294.5405642,296.4416977703892,1.90113357038922,False
0.603272921,3858.724286,295.7933697,298.5389970746263,2.745627374626281,False
0.57467736,3045.804429,293.8453583,297.1829138349078,3.3375555349078354,False
0.972220853,3070.258418,300.8049804,297.26890195086133,3.5360784491386426,False
0.526757746,2719.166577,292.0795745,296.095817211936,4.016242711936002,False
0.617923859,3438.599584,295.4686148,297.55392539627235,2.085310596272336,False
0.717269302,2876.697627,296.4162308,296.56056744713766,0.14433664713766348,False
0.80468869,3061.515521,298.2828819,297.2375880279519,1.0452938720480915,False
0.548583094,3557.398769,294.1049908,297.84598102651745,3.7409902265174537,False
0.82173243,2725.204465,297.8940522,296.11406781095025,1.77998438904973,False
0.57726733,3868.084058,295.2307394,298.5648001228192,3.3340607228191743,False
0.67411455,3536.688395,296.7653113,297.7766961148227,1.0113848148226907,False
0.928614255,3006.764486,300.075369,297.0375728170077,3.037796182992338,False
0.543436263,2871.205278,292.7889036,296.54284891792616,3.7539453179261386,False
0.926933016,3579.545057,301.0435389,297.90925727675693,3.134281623243055,False
0.535880576,3354.903365,293.4762404,297.5843499575559,4.108109557555906,False
0.997818787,2948.620525,300.9185659,296.8052061518828,4.113359748117148,False
0.738869268,2789.803546,296.6306247,296.3041184199255,0.3265062800745113,False
0.88769716,2747.199864,298.9595569,296.1834070123951,2.776149887604902,False
0.849226434,2730.462097,298.339109,296.13117676655804,2.2079322334419658,False
0.897085751,2963.403636,299.5340739,296.86350412155446,2.6705697784455538,False
0.556894214,3548.602358,294.2869784,297.81722492797064,3.5302465279706325,False
0.910704647,2797.966754,299.4036615,296.3268907406735,3.0767707593265072,False
0.645996721,2795.086296,294.8841435,296.31805425640874,1.4339107564087499,False
0.645289291,3936.618835,296.7859643,298.76842445142495,1.9824601514249593,False
0.998117087,3063.810025,301.1428773,297.245309465984,3.8975678340160016,False
0.708117044,2900.35509,296.2944377,296.636437531952,0.3419998319520232,False
0.988629623,3909.749103,302.4010526,298.6840196417355,3.7170329582644968,False
0.8628554,3269.937089,299.5797821,297.6166788601067,1.9631032398933144,False
0.903170838,3711.187841,300.9014759,298.0585984105889,2.84287748941108,False
0.52362148,3888.757661,293.9889699,298.6226406281037,4.633670728103709,False
0.919956592,3892.14541,301.4143005,298.6323239914706,2.7819765085293966,False
0.904313809,3964.655088,301.2891539,298.86435332870724,2.424800571292735,False
0.507887546,3661.323651,293.2623205,298.0144375524373,4.752117052437313,False
0.591667867,2977.632836,294.0971495,296.92258093076146,2.825431430761455,False
0.532370603,3409.346808,293.4801089,297.5556739984874,4.075565098487402,False
0.611522505,3304.51442,295.1108365,297.60997041929636,2.499133919296355,False
0.670121369,2788.159385,295.3486548,296.29900832465114,0.9503535246511206,False
0.588420981,3349.492987,294.6839038,297.58834308171225,2.904439281712257,False
0.698245711,3418.531445,297.037293,297.5559736531447,0.5186806531447132,False
0.555189629,3927.332727,294.8053459,298.73843257680124,3.9330866768012243,False
0.631107043,3218.646344,295.375254,297.5998409560508,2.224586956050814,False
0.655443821,3525.78805,296.3796543,297.7408478926792,1.3611935926791716,False
0.905330927,3116.521846,299.9434653,297.4253255915018,2.518139708498211,False
0.564683968,2910.714033,293.3628966,296.66978687607053,3.3068902760705328,False
0.550781199,3314.898663,293.7658613,297.606405204214,3.84054390421403,False
0.556274249,3040.044065,293.4120373,297.1618418711447,3.7498045711446935,False
0.961715056,2990.270893,300.5090307,296.9735976129162,3.5354330870837885,False
0.773662649,2739.747438,297.131343,296.1606690741614,0.9706739258386392,False
0.988856196,3932.142928,302.4362473,298.7538569617026,3.6823903382974095,False
0.589398198,3350.580886,294.7073416,297.58762986199565,2.880288261995645,False
0.654510797,3856.936071,296.8592795,298.5340738990836,1.6747943990835665,False
0.782147332,3909.77578,299.2836326,298.6840999593176,0.5995326406823551,False
0.753501605,3602.496497,298.3335513,297.9683656051471,0.36518569485292574,False
0.51738335,3152.111173,292.6746072,297.5111513817614,4.836544181761383,False
0.57860951,3316.49649,294.4097127,297.6057679066885,3.196055206688527,False
0.886099087,3283.014325,299.9548913,297.617455168142,2.3374361318579986,False
0.926138161,3799.529298,301.3682993,298.37057517277793,2.9977241272220567,False
0.643658514,3437.104362,295.9999326,297.55313995094235,1.5532073509423299,False
0.532913284,2881.812245,292.5564749,296.5769547841445,4.020479884144493,False
0.604462991,3437.947183,295.1798537,297.55296144159456,2.373107741594538,False
0.811716604,3069.075869,298.4116625,297.2642037269874,1.1474587730126018,False
0.668735992,3110.454314,295.9405385,297.4061345215966,1.465596021596582,False
0.712105947,3788.02835,297.8686159,298.3353705067388,0.4667546067387889,False
0.932842225,3404.470497,300.844172,297.5576892687405,3.2864827312595253,False
0.742148615,2735.587015,296.5765971,296.1462810770822,0.43031602291779336,False
0.92750958,3411.1828,300.7790673,297.5564463581466,3.2226209418533927,False
0.8446261,3529.24689,299.7282089,297.752162343745,1.976046556255028,False
0.740305813,2809.397043,296.696053,296.3582984095594,0.3377545904406247,False
0.921540428,3119.582386,300.1846039,297.43323133311463,2.7513725668853795,False
0.584208561,3751.032666,295.2175902,298.20630799452437,2.988717794524348,False
0.799262842,3046.397367,298.1654846,297.1849590382041,0.9805255617959006,False
0.594853048,3794.775833,295.517435,298.35586751790356,2.838432517903584,False
0.702437236,2851.522538,296.092442,296.4822095252286,0.38976752522859215,False
0.626607142,3633.850312,295.9580597,297.9935178261701,2.035458126170113,False
0.658135297,3550.401593,296.4721345,297.8234379783795,1.3513034783795206,False
0.876565848,3854.643099,300.7166194,298.5279552657292,2.188664134270823,False
0.619585436,3446.026482,295.5157255,297.5571639157524,2.0414384157524523,False
0.821640879,3201.002837,298.8112005,297.57837322977,1.2328272702299614,False
0.939354404,3482.996502,301.0660862,297.6056305604803,3.4604556395196937,False
0.972354047,3201.178344,301.0457901,297.5786975789774,3.4670925210225505,False
0.685175817,3955.225758,297.6004377,298.8312006739844,1.2307629739844401,False
0.792313315,3897.880192,299.4376523,298.64889601109644,0.7887562889035848,False
0.719146766,2987.818094,296.6657167,296.9636877749241,0.29797107492407804,False
0.582078051,3868.659924,295.3399529,298.56639151158004,3.226438611580022,False
0.882805204,2954.840708,299.3049756,296.8305290459986,2.4744465540013607,False
0.860541812,3611.126633,300.105002,297.9867442664859,2.118257733514099,False
0.931983521,3958.138551,301.6818464,298.8413482214242,2.8404981785757855,False
0.930653422,2843.463143,299.7836908,296.4579848296194,3.325705970380568,False
0.581358704,2793.022984,293.5080637,296.3128100226128,2.8047463226128,False
0.920832643,2732.710577,299.4140363,296.13732340159186,3.2767128984081637,False
0.792180466,2823.884839,297.6156121,296.40243405525814,1.2131780447418805,False
0.741209397,2749.592152,296.5891801,296.18907210002635,0.4001079999736703,False
0.63990973,3666.048549,296.2821498,298.0167411763686,1.7345913763685985,False
0.843176821,3649.621403,299.8941187,298.0031778396987,1.8909408603012707,False
0.710852552,3057.632453,296.6442953,297.2243034768818,0.5800081768817904,False
0.875258503,2843.292657,298.9707127,296.45741923006204,2.513293469937935,False
0.759170166,3579.651764,298.3968481,297.9094666487099,0.4873814512901049,False
0.888368679,3141.026298,299.7372932,297.489183568412,2.2481096315880222,False
0.527814387,3532.235858,293.564201,297.7612872940999,4.197086294099847,False
0.675000189,3383.891368,296.5358001,297.56561438875445,1.0298142887544373,False
0.703411702,3300.809956,296.9375493,297.6112923243754,0.6737430243754261,False
0.564931821,3536.544182,294.4547347,297.7761509928812,3.3214162928811675,False
0.594901906,3047.785348,294.2989017,297.1894951088056,2.890593408805614,False
0.606004238,2729.3445,293.9169655,296.127027699681,2.2100621996809764,False
0.923781325,3924.512317,301.5160798,298.72949898778245,2.786580812217551,False
0.706942193,2921.001995,296.312949,296.7038392826907,0.39089028269069104,False
0.658897335,3739.724109,296.7760453,298.16330215472567,1.3872568547256492,False
0.750409609,2724.935983,296.6995234,296.1133831458246,0.5861402541753478,False
0.917979781,3193.015675,300.2659565,297.5678712557589,2.698085244241099,False
0.508461456,2771.8834,291.7311711,296.25165584085516,4.520484740855181,False
0.930081768,3925.376524,301.6079795,298.7322277281115,2.875751771888474,False
0.742648248,3585.3525,298.1154758,297.9235216753801,0.1919541246199401,False
0.608212817,3157.390871,294.7853201,297.5200339513265,2.7347138513265463,False
0.982653513,3298.849663,301.357718,297.61200581465846,3.7457121853415174,False
0.836567234,3641.864189,299.777794,297.99644741440727,1.7813465855927006,False
0.607209538,3270.47494,294.9606455,297.6170932304325,2.6564477304324896,False
0.974606977,3424.159998,301.4603381,297.5504564419749,3.9098816580250855,False
0.677131242,3178.590694,296.225911,297.5541185229659,1.3282075229658972,False
0.982382609,2906.247982,300.627777,296.65537280658623,3.9724041934137517,False
0.772546127,2787.418594,297.2111027,296.29705449207796,0.9140482079220646,False
0.755651367,3320.116355,297.9128044,297.6044727928457,0.3083316071543436,False
0.717836831,2910.07808,296.4921765,296.667766828686,0.1755903286859848,False
0.609762746,2855.456718,294.2530075,296.49416655405213,2.2411590540521047,False
0.994200185,3927.319498,302.50145,298.73839048462673,3.763059515373243,False
0.750037593,3876.268464,298.6813576,298.58749560104593,0.09386199895408254,False
0.807508787,3003.572634,298.2202864,297.02545685882285,1.194829541177171,False
0.907312349,2746.748508,299.247765,296.18235230945896,3.065412690541052,False
0.557365179,3073.444395,293.4986077,297.28037552839896,3.7817678283989835,False
0.799665084,3342.331865,298.6973966,297.5931774756126,1.1042191243873845,False
0.596277717,3415.035556,294.9647152,297.55725659116274,2.59254139116274,False
0.737837465,2826.735034,296.6873152,296.41084127891094,0.2764739210890639,False
0.860287459,3179.94901,299.3818043,297.5554366891106,1.826367610889406,False
0.703157277,2917.966077,296.2366966,296.69364636084566,0.45694976084564587,False
0.826267018,3942.899502,300.0580221,298.78921544767155,1.2688066523284647,False
0.645563224,3434.692936,296.0347061,297.5511744766674,1.516468376667433,False
0.578563257,2893.465827,293.6446923,296.61439498197154,2.969702681971569,False
0.753074882,2832.964705,296.9682488,296.4271482076355,0.5411005923645007,False
0.773005069,3241.340575,298.0766065,297.62417571947077,0.4524307805292551,False
0.629642993,2796.93534,294.5536313,296.32347027727695,1.7698389772769474,False
0.755750774,2814.21577,296.9769399,296.3730135645942,0.603926335405788,False
0.98767028,3246.570076,301.334432,297.62151658332147,3.712915416678527,False
0.692371705,3920.323231,297.6889285,298.7163786099303,1.027450109930328,False
0.738094699,3100.185145,297.216412,297.3751178943211,0.15870589432108773,False
0.875778893,3207.112355,299.6666164,297.58614038263266,2.0804760173673458,False
0.61205686,3250.648829,295.0304142,297.6208492151695,2.5904350151695326,False
0.942110701,3251.538037,300.7143432,297.622143390838,3.0921998091619685,False
0.568091562,3475.398843,294.4307902,297.5962670956259,3.1654768956258863,False
0.712150585,3835.151314,297.9381439,298.47418570118157,0.5360418011815682,False
0.983486934,3965.110351,302.4103534,298.86597576982894,3.544377630171084,False
0.796949792,3471.986474,298.8669252,297.5930847889547,1.2738404110453416,False
0.938421357,3009.999914,300.2210081,297.05005655487633,3.170951545123671,False
0.65561411,3834.509327,296.8491313,298.47239096922436,1.6232596692243533,False
0.848038888,3644.238987,299.9621049,297.999583576727,1.9625213232729948,False
0.94452952,3740.130639,301.5417927,298.1649894668797,3.376803233120256,False
0.839832776,3354.896718,299.3668385,297.5843552084161,1.7824832915838442,False
0.842690753,3884.582529,300.2361123,298.6108029372464,1.625309362753626,False
0.547132045,3417.318725,293.8483056,297.55678548956803,3.708479889568025,False
0.697926198,3349.137792,296.9163273,297.58857376081016,0.6722464608101859,False
0.710636009,2729.157942,295.9945254,296.12633209966157,0.1318066996615812,False
0.83602296,3622.609556,299.7393827,297.99939411487645,1.7399885851235695,False
0.710958398,3285.230862,297.0511463,297.61698833749085,0.5658420374908246,False
0.705445307,2774.50107,295.9925323,296.2591575443487,0.2666252443486883,False
0.738654492,3632.03411,298.1166977,297.99586407190293,0.12083362809704568,False
0.966765372,3362.190985,301.2488047,297.5788055397224,3.669999160277598,False
0.629997647,3299.71906,295.4914972,297.6117012183866,2.1202040183865734,False
0.50291219,3539.957036,292.9493415,297.78841134755277,4.839069847552764,False
0.575298719,3584.916544,294.76686,297.9224469793095,3.1555869793094757,False
0.727963033,3941.937755,298.3802146,298.78600532487803,0.40579072487804524,False
0.857002653,3293.133481,299.5296904,297.6139539157564,1.9157364842436095,False
0.941134792,3428.150902,301.0013052,297.54880488943087,3.452500310569121,False
0.690073177,3286.325706,296.6615148,297.61650963971283,0.9549948397128105,False
0.796404642,2903.577968,297.8446793,296.64681564398893,1.1978636560110658,False
0.90994396,3297.152358,300.3318354,297.61257230199766,2.7192630980023296,False
0.518236521,2889.249555,292.2097567,296.6008058263654,4.391049126365374,False
0.771851074,2812.050517,297.2495739,296.36608458181104,0.8834893181889356,False
0.737067294,3124.868819,297.2429618,297.4470154107487,0.20405361074870143,False
0.870009422,3950.638923,300.754426,298.8153951921445,1.939030807855545,False
0.922448083,3350.215018,300.603926,297.58787117905786,3.016054820942145,False
0.584091591,3395.137619,294.6629556,297.56015031050185,2.8971947105018785,False
0.935232344,3797.674007,301.4958359,298.3648667746222,3.13096912537776,False
0.800073236,3692.308791,299.2640183,298.027781095103,1.2362372048969519,False
0.711473614,2742.846194,296.0385049,296.17091469881285,0.1324097988128301,False
0.74421746,2857.472158,296.8619834,296.500406001037,0.3615773989629929,False
0.901963598,3932.755834,301.2092403,298.75583947051047,2.45340082948951,False
0.883158382,3340.948488,300.0100382,297.59408946834503,2.4159487316549644,False
0.503226824,3635.292161,293.1035766,297.9919894125294,4.8884128125293955,False
0.792203358,3731.595817,299.1924146,298.1289846209107,1.0634299790892783,False
0.555167162,3550.97888,294.2502507,297.82539610832384,3.5751454083238627,False
0.648803812,2775.552592,294.9008956,296.2622578809456,1.3613622809455705,False
0.985412826,3571.697246,301.8468554,297.8885068319625,3.9583485680374793,False
0.884839168,3953.246178,300.9830459,298.82435308659785,2.1586928134021264,False
0.867381908,3210.05622,299.5441574,297.5913952965414,1.9527621034586105,False
0.947168387,3246.14754,300.77611,297.6220677419716,3.1540422580284257,False
0.618481445,3979.126544,296.2886037,298.91682692841164,2.6282232284116276,False
0.962160552,3653.250499,301.6558874,298.00688258601866,3.649004813981321,False
0.80082864,2997.410423,298.0990354,297.00144907410936,1.0975863258906315,False
0.842006812,3296.689287,299.3020144,297.6127341508389,1.6892802491611292,False
0.935681167,3553.149612,301.1267961,297.83253142988497,3.2942646701150124,False
0.924655575,3318.157657,300.5810761,297.6051740918731,2.9759020081269227,False
0.929898447,2972.68558,300.0283508,296.901576170913,3.126774629086981,False
0.73014973,3256.195255,297.3513269,297.62155986557,0.27023296557001686,False
0.716624272,2720.229451,296.0856922,296.0999832866519,0.014291086651894602,False
0.603219735,3676.513158,295.5251288,298.01722368143294,2.4920948814329336,False
0.590830217,3655.433872,295.2221908,298.0097044716366,2.7875136716365887,False
0.645803777,3980.397217,296.8574348,298.92151857585156,2.064083775851543,False
0.581620925,3436.021918,294.6742188,297.55335599470726,2.879137194707255,False
0.751243813,3166.202568,297.5678776,297.5367051226088,0.031172477391180564,False
0.614165531,2937.479944,294.5065143,296.7614472467756,2.254932946775625,False
0.565739615,3461.642009,294.3547838,297.5691977131046,3.214413913104579,False
0.706941494,3858.691494,297.8753792,298.53890679012113,0.6635275901211344,False
0.552357368,3838.010265,294.6124293,298.48215832438683,3.8697290243868565,False
0.683161977,2714.88995,295.4488843,296.0842890963542,0.6354047963542371,False
0.643057067,3968.981373,296.7856387,298.8798484604142,2.0942097604142305,False
0.924943523,3487.056487,300.8668735,297.6131653338058,3.253708166194201,False
0.766091083,3638.656203,298.6081942,297.99129718645327,0.6168970135467475,False
0.718545939,3097.868232,296.8595113,297.36787745371015,0.508366153710142,False
0.683243908,3340.589726,296.6229031,297.59432785300925,0.9714247530092734,False
0.592969943,3729.66158,295.3804903,298.1207608759628,2.740270575962768,False
0.922546906,3103.666672,300.1698741,297.38585235773104,2.784021742268976,False
0.755726542,3359.906201,297.9811971,297.58054829337635,0.40064880662362157,False
0.62740411,3478.37365,295.731715,297.6047451648793,1.8730301648793102,False
0.787086826,2712.359938,297.2998994,296.0776103443908,1.2222890556092239,False
0.836947871,2954.572377,298.5990918,296.8295697258042,1.769522074195777,False
0.889820849,3946.431635,301.0481433,298.8010869161163,2.2470563838837165,False
0.670923267,3736.945562,297.0094431,298.1516777369646,1.142234636964588,False
0.500050863,3273.885165,292.4440633,297.6164125403557,5.172349240355743,False
0.571347192,3541.121682,294.6090029,297.7926811108741,3.1836782108741204,False
0.68131699,2785.445449,295.5596475,296.2916465444727,0.7319990444727296,False
0.832482449,2782.728828,298.1853562,296.2830385892444,1.9023176107555742,False
0.501459409,3405.737826,292.6987883,297.5570033268613,4.85821502686133,False
0.882400249,3754.579695,300.6572974,298.2200900697994,2.437207330200579,False
0.808923303,3469.567972,299.0602014,297.59026874872893,1.4699326512710513,False
0.979296889,3278.305299,301.2764838,297.6182168516078,3.6582669483921677,False
0.562512044,3313.87047,294.038108,297.6067567503874,3.5686487503873536,False
0.700228096,2754.971319,295.8551056,296.20435152944884,0.34924592944884125,False
0.722811262,3656.294115,297.868079,298.0105615090732,0.14248250907320426,False
0.750968459,3696.299456,298.4327941,298.03258942441613,0.4002046755838933,False
0.537056912,2771.047988,292.4363585,296.24925740009496,3.8128989000949787,False
0.609999662,3968.044115,296.0923468,298.87647707142327,2.784130271423294,False
0.825320045,3006.491489,298.5137528,297.03644775470474,1.4773050452952816,False
0.881322363,3592.939004,300.3934568,297.94498379830185,2.4484730016981757,False
0.865154899,3327.969054,299.7148003,297.60102137128007,2.11377892871991,False
0.536608802,3987.977258,294.445642,298.9497709715815,4.504128971581451,False
0.688157288,2838.572653,295.7977154,296.4442722703771,0.6465568703770828,False
0.62527042,2781.540657,294.431577,296.27934247743406,1.8477654774340522,False
0.991092491,2797.551562,300.5251358,296.3255086821976,4.199627117802379,False
0.871242078,2724.837409,298.6651632,296.11313174396275,2.5520314560372412,False
0.96758951,2840.416957,300.2940464,296.4491804564656,3.844865943534387,False
0.596731472,3527.823547,295.1551435,297.74744018044197,2.5922966804419616,False
0.898727109,3685.074097,300.7960956,298.0212347440363,2.774860855963709,False
0.938834774,2878.651319,299.9705807,296.566793784208,3.4037869157920113,False
0.924795508,3152.727849,300.2917776,297.5122438820945,2.779533717905508,False
0.955045453,3640.256805,301.5367382,297.9931326314206,3.5436055685793804,False
0.79160137,3261.925517,298.4259961,297.61647033787665,0.8095257621233714,False
0.773322466,3580.058071,298.641366,297.910638173579,0.7307278264210026,False
0.952001849,3856.947679,301.8200785,298.5341058567237,3.2859726432762955,False
0.904887113,3674.696045,300.871108,298.01826152875253,2.85284647124746,False
0.50812065,2900.279172,291.9764068,296.6361923242365,4.659785524236497,False
0.690801616,2999.223675,296.1600686,297.0085049519457,0.8484363519457361,False
0.998706346,3962.322466,302.611879,298.8560712990229,3.7558077009770727,False
0.698077593,3926.426982,297.8056345,298.73555480147945,0.9299203014794557,False
0.535566019,3807.515484,294.1666501,298.39471870990786,4.228068609907837,False
0.860192146,3409.905444,299.776193,297.55604304400066,2.220149955999318,False
0.916099113,3461.765258,300.6978282,297.56954948420423,3.1282787157957728,False
0.91556896,3453.039281,300.6758363,297.5597728525405,3.11606344745951,False
0.641451274,3215.831932,295.5828333,297.5996633033973,2.016830003397274,False
0.628868195,3167.197821,295.2384993,297.5386186994693,2.3001193994692812,False
0.553929526,2811.968243,292.9193718,296.36588901899734,3.4465172189973146,False
0.794335607,3445.425046,298.7802774,297.5559066797814,1.2243707202185874,False
0.518533819,3259.99059,292.8903408,297.61831841359736,4.727977613597375,False
0.552130947,2833.872043,292.9209204,296.43001335826125,3.509092958261249,False
0.522666431,3213.686088,292.9137477,297.5953737130972,4.68162601309723,False
0.526787967,3061.785654,292.7458348,297.23864301987084,4.492808219870824,False
0.822771274,3277.337386,298.9629066,297.618021995764,1.344884604235972,False
0.71182214,3633.721802,297.6317661,297.99372149335176,0.36195539335176363,False
0.547846021,3122.00431,293.362616,297.4391344595563,4.0765184595563255,False
0.611931058,3866.656691,295.9911913,298.56085824252824,2.5696669425282153,False
0.690504593,2741.079677,295.6433647,296.1653007692909,0.5219360692909163,False
0.665364809,3835.450438,297.0443965,298.4750213476647,1.430624847664717,False
0.872327169,3896.564954,300.7127222,298.645074093156,2.06764810684399,False
0.542402378,3495.258521,293.8602715,297.6282127176752,3.7679412176751725,False
0.65368916,3373.590564,296.0982706,297.57109123941746,1.4728206394174777,False
0.908184515,2871.268389,299.5157464,296.5430465386522,2.9726998613477917,False
0.613172825,3679.814625,295.744097,298.0197178454822,2.2756208454821945,False
0.850341836,2915.328599,298.7323733,296.68463786527417,2.047735434725837,False
0.817566741,3123.416961,298.6062485,297.44325958020704,1.1629889197929515,False
0.542601848,3422.183857,293.7481388,297.55241456329406,3.804275763294072,False
0.805557256,2853.88477,297.8965951,296.4893221676912,1.4072729323087856,False
0.731023202,3458.389893,297.70565,297.56318189473916,0.1424681052608321,False
0.751463273,3392.439615,297.9608418,297.56081900003414,0.40002279996588186,False
0.803018778,2913.732523,297.9735933,296.6795815746983,1.2940117253016865,False
0.598960579,3378.464847,294.9633688,297.5682331872773,2.6048643872773027,False
0.711684022,3458.999827,297.3537941,297.5648219442462,0.21102784424618903,False
0.629788352,2853.137624,294.6692896,296.48718278343824,1.8178931834382297,False
0.894541592,3494.375979,300.4342869,297.6271921320927,2.8070947679073015,False
0.790241585,2869.076702,297.6741036,296.5361685986457,1.1379350013543217,False
0.9350244,2865.504671,299.8902852,296.5250517184987,3.3652334815013205,False
0.998377383,3268.85345,301.5172535,297.6175088195374,3.899744680462561,False
0.838517662,3690.637173,299.8833685,298.02600930001125,1.857359199988764,False
0.833948629,3152.712202,298.9214631,297.5122057012709,1.4092573987290962,False
0.711198119,3097.484681,296.7238772,297.36647680720375,0.6425996072037492,False
0.57495393,2729.271096,293.2338182,296.1267541079629,2.892935907962908,False
0.828407863,3096.636955,298.7313224,297.3640663790632,1.367256020936793,False
0.984248925,3130.409078,301.0798264,297.4610150702098,3.618811329790219,False
0.527921308,3040.844945,292.7353491,297.1648486017528,4.429499501752787,False
0.512322323,3231.604085,292.6857382,297.6125492066444,4.926811006644414,False
0.510992148,3083.384617,292.3910574,297.3142383016194,4.923180901619389,False
0.667336186,3861.36654,297.1205562,298.54627316077364,1.4257169607736273,False
0.939487782,3252.686106,300.6792735,297.62356564309886,3.055707856901165,False
0.837610595,2853.020693,298.4094406,296.4868490201013,1.9225915798986648,False
0.883004146,3485.143525,300.2468807,297.6095976346601,2.6372830653399433,False
0.817683097,3332.765594,298.9757324,297.5987028971726,1.3770295028274404,False
0.928033863,3955.92535,301.6220456,298.8336301226195,2.788415477380454,False
0.607232183,3590.724653,295.4810214,297.93943969359105,2.4584182935910803,False
0.843607065,3024.781485,298.8378669,297.106322668328,1.7315442316719896,False
0.941970597,3631.640428,301.3395545,297.9964447193211,3.343109780678901,False
0.682721684,3943.246173,297.5364308,298.79037490928437,1.2539441092843617,False
0.689704714,3643.890382,297.2320783,297.99961891606915,0.7675406160691409,False
0.569034986,3036.23623,293.6995139,297.14771057503907,3.448196675039071,False
0.666232798,3024.69182,295.733807,297.10601729744985,1.3722102974498398,False
0.664914837,2836.447837,295.3442715,296.43797696920177,1.0937054692017796,False
0.777303944,3374.396978,298.3767255,297.5707016426371,0.8060238573629022,False
0.957476787,3452.176017,301.2702363,297.5595477271925,3.7106885728074985,False
0.99283261,3985.968632,302.5663768,298.94224078117065,3.624136018829347,False
0.893609418,3438.21008,300.3287859,297.55342312871323,2.7753627712867797,False
0.517027489,3737.656981,293.6070936,298.1546683307982,4.547574730798203,False
0.805109365,2732.976052,297.6412374,296.13829273917946,1.5029446608205603,False
0.572309086,2958.724906,293.6289513,296.84472488897603,3.215773588976049,False
0.67541778,3832.614077,297.2373924,298.46708227097713,1.229689870977154,False
0.759674315,3914.072981,298.9040613,298.6971233816607,0.20693791833934938,False
0.554979992,3815.426703,294.6417378,298.41802855979944,3.7762907597994513,False
0.568630799,2873.789804,293.3814661,296.55123653642124,3.1697704364212314,False
0.596485496,3029.389798,294.2995154,297.1224232994235,2.8229078994234555,False
0.741082044,3552.854244,298.0366837,297.8315609796006,0.20512272039940171,False
0.561868575,3872.029442,294.8834765,298.57571768950055,3.692241189500578,False
0.863069856,3956.788272,300.6566007,298.83663355197217,1.8199671480278425,False
0.562905695,3573.173382,294.4649262,297.891978668494,3.4270524684940256,False
0.925015726,3744.753328,301.2704326,298.1815009863525,3.088931613647503,False
0.545315356,3354.647941,293.7024626,297.5845517141252,3.882089114125222,False
0.785919217,3216.97865,298.2524617,297.60062568886445,0.6518360111355719,False
0.744981952,3684.444078,298.3092286,298.02057004125044,0.28865855874954605,False
0.714274397,3046.93896,296.6874897,297.1867279499107,0.4992382499106611,False
0.69673694,3802.155984,297.6019586,298.3785905259176,0.7766319259176271,False
0.841748629,3933.577997,300.2912843,298.7585049673838,1.532779332616201,False
0.959249835,3681.463277,301.6589144,298.0200277475382,3.6388866524617924,False
0.721287619,3027.409178,296.7793273,297.11574648371845,0.33641918371847623,False
0.95020661,3655.590326,301.4927386,298.00941421316026,3.4833243868397403,False
0.866831704,2913.615045,298.9828979,296.6791834003536,2.3037144996463894,False
0.890528319,3908.644005,301.0048585,298.6806981462054,2.324160353794639,False
0.545205646,2938.2843,292.9606412,296.76413398739066,3.8034927873906668,False
0.959694217,2883.194791,300.2713792,296.58139160451043,3.6899875954895833,False
0.73031123,3568.087164,297.8676744,297.8792257603396,0.011551360339581151,False
0.616889012,3825.658026,296.0380398,298.4474472724789,2.409407472478904,False
0.55703181,3426.4248,294.0962264,297.54783810077816,3.4516117007781872,False
0.56750305,2907.069769,293.4204788,296.65801728391557,3.237538483915557,False
0.800047513,3892.165198,299.5581604,298.63238077366117,0.9257796263388514,False
0.568414219,3184.755714,293.9524217,297.5601457574354,3.607724057435405,False
0.832410557,2863.185226,298.347621,296.5179951020868,1.8296258979132176,False
0.735132571,3143.169516,297.2414175,297.49306794516707,0.2516504451670585,False
0.894044287,3924.577449,301.0801119,298.7297043780273,2.350407521972727,False
0.993393546,3151.841415,301.242093,297.51074964252985,3.731343357470166,False
0.622230083,3182.070672,295.1262149,297.5579594272399,2.431744527239914,False
0.792123397,3178.22659,298.2875879,297.55390350041137,0.7336843995886397,False
0.79716906,3708.066494,299.2397254,298.05073120076764,1.1889941992323543,False
0.857951091,3395.771005,299.718119,297.55962170499043,2.1584972950095676,False
0.892291712,3705.69484,300.731895,298.04621270569913,2.685682294300875,False
0.95525715,3671.691864,301.5882609,298.01739828583476,3.5708626141652644,False
0.986027156,3140.99835,301.123205,297.48913244670064,3.6340725532993474,False
0.824169112,3175.581034,298.8065702,297.5504104954597,1.2561597045403232,False
0.912534713,3873.077039,301.2787726,298.57862315262736,2.7001494473726666,False
0.636466848,2889.62879,294.8787067,296.6020338296741,1.7233271296740895,False
0.703604519,3920.478085,297.9011317,298.7168605031328,0.8157288031327994,False
0.668551741,3454.985505,296.5261441,297.5630956928477,1.0369515928476858,False
0.88728008,2763.205146,298.9868064,296.2265893357387,2.760217064261269,False
0.581442376,3278.069494,294.4083867,297.61815924570476,3.209772545704766,False
0.505631952,3400.404037,292.7974318,297.55788861041873,4.760456810418702,False
0.663953899,2978.501332,295.6020815,296.9261757517811,1.324094251781105,False
0.507163794,3732.302605,293.3491871,298.13199359697006,4.782806496970068,False
0.831979683,3919.746417,300.1166095,298.714585694065,1.4020238059349595,False
0.511128704,3931.299881,293.7345893,298.7511364016233,5.016547101623303,False
0.605748524,3563.030046,295.406114,297.8636999216079,2.4575859216079152,False
0.597611555,2879.766058,294.038968,296.5703510032702,2.531383003270207,False
0.693605458,3109.860727,296.417817,297.40461531259956,0.9867983125995465,False
0.724071509,3475.793507,297.6079816,297.597410745232,0.010570854767991023,False
0.68670804,3677.380829,297.2257589,298.0179814598023,0.7922225598022692,False
0.558231404,3814.004366,294.7158281,298.4138776672364,3.69804956723641,False
0.768230189,3700.032553,298.7385732,298.0369723037187,0.7016008962813203,False
0.85627026,3319.784166,299.5640381,297.6045950959658,1.959443004034199,False
0.50785398,3508.239188,293.0264927,297.67482015240256,4.648327452402555,False
0.798728,3018.318335,298.1039767,297.08232565491676,1.0216510450832175,False
0.927260567,2795.099173,299.636435,296.31808589587934,3.3183491041206707,False
0.673922773,3667.783008,296.9642528,298.0179542380512,1.0537014380511778,False
0.590968898,3231.151374,294.539629,297.61182534492394,3.0721963449239524,False
0.779948707,3293.37755,298.2844989,297.6138565046719,0.670642395328116,False
0.998881051,2870.871295,300.7786763,296.54178182585866,4.236894474141309,False
0.890420685,3076.862228,299.6501386,297.29213189940793,2.358006700592057,False
0.588991878,3549.609229,295.0188848,297.82072202970045,2.801837229700425,False
0.718334424,3448.639704,297.4593468,297.562172001509,0.10282520150900609,False
0.758493943,2836.547703,297.069661,296.43830644981847,0.631354550181527,False
0.716081685,3787.089461,297.9406006,298.3325423510966,0.3919417510966241,False
0.7023726,2972.066437,296.3262338,296.8989069749639,0.5726731749638816,False
0.887523304,3536.984981,300.3980836,297.77781492929756,2.620268670702444,False
0.958187091,3491.055624,301.3436485,297.6172880711224,3.7263604288775696,False
0.900793055,2828.323136,299.3208726,296.414961712376,2.9059108876239748,False
0.747599198,3192.576223,297.5507478,297.5675627034885,0.01681490348846637,False
0.802156598,3579.330481,299.1241865,297.9088334188831,1.2153530811169162,False
0.765261972,3938.778655,299.035961,298.77552812466513,0.2604328753348568,False
