Specific Gravity,Pressure (psia),Hydrate Temperature (K)
0.762785109,2698.844664,296.8420285
0.668065555,2276.003169,294.1507088
0.612706446,2144.791765,292.6519191
0.59309826,1573.007113,290.3769707
0.602938226,632.7705679,285.0285149
0.55,199.7824817,275.1841583
0.738823775,1002.577051,290.4708705
0.969714774,723.3359115,291.9285874
0.964384159,2110.623859,298.5288605
0.993805175,1178.117565,295.3589734
0.955502596,1353.48346,295.730305
0.56788379,2216.208566,291.907288
0.55,1664.825427,289.7822863
0.748893716,665.4814529,288.1575139
0.55,1661.983518,288.99061
0.811582977,513.8424097,287.4317645
0.749689776,2234.685604,295.5776988
0.918438765,2060.320293,297.7207055
0.984689205,2040.855929,298.6164112
0.55,1709.695681,288.8149485
0.904760894,1323.330579,294.8242592
0.793204212,1271.455965,292.918192
0.674409521,1754.616133,292.7447028
0.677213555,2101.322872,293.9135458
0.550906844,877.8180685,285.9804193
0.812255705,2618.061952,297.5069158
0.55,1880.9261,290.5608806
0.771689937,2454.942082,296.4534634
0.775909082,921.8189431,290.6488238
0.705290525,357.9157724,283.2020925
0.797700244,290.1757709,283.2891641
0.55,1431.142592,288.3645942
0.909397215,231.9521946,283.3045243
0.91066546,217.6432938,282.8848146
0.813826838,806.666492,290.3692526
0.76358288,245.0612121,281.5589022
0.755129977,576.7925001,287.2567069
0.601363314,484.1903391,283.3168131
0.692400698,1560.249737,292.4395512
0.842283094,974.7595161,292.0321467
0.882149561,664.1626963,290.1525069
0.713247231,1264.68562,291.4986849
0.959598056,1473.400577,296.2961947
0.594479334,842.4644762,286.6751008
0.888789459,1308.437502,294.6082052
0.837426752,674.8383712,289.6328945
0.713068405,1655.22639,293.14026
0.854292123,1590.17909,295.2022336
0.676320959,235.9061602,279.7266309
0.624779897,202.9846035,277.7446158
0.733912932,1462.527844,292.743778
0.559956713,2162.604497,291.5815483
0.55,1904.593465,290.5612635
0.699465941,1050.558409,290.0911243
0.728519727,2232.661678,295.1259346
0.749871376,782.5201161,289.1202037
0.901612681,677.0104414,290.6033657
0.824619313,1977.115887,296.0809574
0.55,2440.057153,290.9437835
0.55,2595.550107,292.0592903
0.621312541,981.0003616,288.193221
0.802813108,1168.536108,292.5536357
0.896225686,590.1772477,289.632113
0.55,2123.074049,290.4293506
0.55,291.7915246,277.9321333
0.740131653,1396.865936,292.5394097
0.901490692,753.7318618,291.277089
0.885929506,791.2366175,291.3344187
0.697616674,2580.095605,295.4178609
0.620892459,2254.860589,293.1672479
0.991120611,1409.687323,296.4369714
0.594244664,979.3075195,287.5296598
0.634983395,1433.053315,290.7656773
0.71741978,1395.040394,292.1194505
0.92542789,1612.376568,296.4387052
0.55,2277.855616,290.4568441
0.633302936,2506.190585,294.0006034
0.644364709,463.5232601,283.8230456
0.898746861,2306.816839,298.1059154
0.842440597,1489.523215,294.718733
0.700776604,2057.44211,294.1888539
0.555103797,280.8691509,278.520359
0.766805418,579.2354741,287.4374719
0.981727162,2681.0264,300.1666609
0.994164536,1048.294674,294.6681079
0.586677286,1152.970537,288.4571898
0.55,2064.611694,290.2234047
0.621324158,758.2784929,286.5438251
0.638017064,2371.619351,293.8056843
0.919998257,1153.768221,294.2224655
0.771363064,1542.863659,293.7194346
0.866940074,1337.969904,294.3484239
0.690662995,1683.434956,292.8366212
0.55,835.7238255,285.2845992
0.608266912,2287.189095,292.97272
0.878194671,548.6009126,288.8983204
0.781395167,888.8991344,290.4802227
0.629791214,1473.911586,290.8164028
0.55,283.0921131,277.4263195
0.960423738,1966.43358,298.0486111
0.875404865,891.1523284,292.0111327
0.988037979,1009.65076,294.3406842
0.998304611,766.8256497,292.7128499
0.70023699,2241.618806,294.6994965
0.55,984.015202,285.8177301
0.914979677,478.2005839,288.4472251
0.755643723,496.708814,286.2182509
0.801857176,2200.971257,296.3286523
0.55,216.4849568,276.0219271
0.939745907,182.7341341,281.9533874
0.55,2404.947306,291.2519163
0.779877121,1601.00565,294.0884345
0.585715903,2210.01182,292.2667889
0.906898476,203.8916819,282.2550809
0.72157906,1084.694073,290.7182384
0.810258463,2111.642654,296.2186274
0.956896187,1784.783983,297.4159874
0.868241748,858.5566224,291.6609509
0.789974222,1436.621101,293.5641542
0.832880387,2314.91447,297.1033701
0.994712792,941.9594597,293.9568267
0.86184221,199.4828751,281.5522437
0.930862446,1907.346359,297.4092082
0.638058781,1599.473776,291.5391492
0.810366053,2295.202519,296.6983624
0.957372824,1782.395921,297.3532272
0.59934541,1469.552078,290.2150311
0.551871215,2133.612927,291.324997
0.55,2295.676461,290.5108511
0.673352419,1147.380972,290.1881022
0.961285944,829.8120557,292.7657402
0.55,741.7583677,284.2825303
0.771939872,716.2674923,288.9901708
0.958655856,2425.931867,299.242361
0.807364101,534.599056,287.6406412
0.707722074,1055.977465,290.239734
0.55,2096.499111,290.3214498
0.779158036,1394.966294,293.2551582
0.890066818,2619.407951,298.695596
0.903829201,1388.177547,295.1816812
0.849532751,2200.429323,297.0838818
0.850863159,1628.023119,295.2834097
0.636214949,2593.669629,294.3254663
0.866363884,2003.163108,296.7903566
0.55,722.2952718,284.2557011
0.93363844,2648.437768,299.3935945
0.564364513,1231.257299,288.3955603
0.590225198,393.8681977,281.6755156
0.915072757,1225.748152,294.5275071
0.892543024,1186.453431,294.0075687
0.910576353,1644.259325,296.26353
0.578350106,1712.762602,290.6070473
0.921606104,2125.757659,297.9790999
0.83698204,2233.173367,296.9745241
0.693623096,603.4416351,286.4709136
0.55,2169.427093,291.2314939
0.922822879,2392.455732,298.6170177
0.813409222,2256.390606,296.6518523
0.729492942,1446.614386,292.6532475
0.956501819,2660.255216,299.7439733
0.979249031,1318.910658,295.9056686
0.9811227,1959.733408,298.2819021
0.691609743,1810.763477,293.2162105
0.825988326,1629.402409,294.9672611
0.566376264,2448.26108,292.3779888
0.631129359,1660.151955,291.5458578
0.810242921,2545.135597,297.288191
0.765240143,1978.637906,295.0337431
0.694949347,2588.713824,295.4096889
0.688470058,1692.279539,292.8285682
0.55,950.1552904,285.5468584
0.99077951,1148.083145,295.1938879
0.861308968,1738.191244,295.8780921
0.668692593,974.7836952,289.0592164
0.70525129,366.3271129,283.3408769
0.845546167,2507.177366,297.7635035
0.826510877,992.4044613,291.9063656
0.578811762,533.655499,283.3342939
0.811148264,483.5827091,287.0092302
0.750628665,677.4484596,288.1448423
0.722274582,595.274135,286.8838394
0.968469005,188.7586143,282.5923084
0.889076333,1808.588961,296.5602224
0.956579557,421.9658172,288.160812
0.785853723,380.9439128,284.9867982
0.783873259,1972.799934,295.371562
0.991557731,2193.051615,299.0969
0.945022571,1374.541654,295.6701146
0.969143519,241.4989417,284.4188086
0.55,767.6558476,284.5110381
0.695374358,2239.892182,294.5911063
0.565264468,173.9327407,275.2829576
0.686483133,1875.303366,293.3614707
0.780620326,1462.14456,293.5950478
0.885946045,1349.858268,294.7091406
0.712433192,1775.905925,293.5157619
0.75976173,1225.090338,292.155828
0.775050813,1146.77306,291.9714865
0.949103095,1590.017299,296.6099342
0.815467807,760.5124966,290.0793295
0.813038955,2085.425411,296.1884006
0.55,1151.749389,286.5183481
0.848209389,758.0550599,290.4951806
0.58959037,1245.809312,288.9234266
0.555230786,826.1419753,285.7375005
0.981794377,588.4808051,290.776414
0.903295884,1005.871655,293.1261242
0.854489078,2611.49214,298.1479124
0.787601015,1796.365975,294.8860206
0.882803938,1469.241997,295.0702806
0.8839015,1699.070553,296.0614435
0.551569018,2388.32049,291.8849949
0.834021344,236.4523383,282.332787
0.86075181,2261.0644,297.4026008
0.841199098,2449.394891,297.5960973
0.748762725,1102.69462,291.2630659
0.700024051,326.8050867,282.4968276
0.55,1398.036728,287.7035379
0.73506968,586.6249964,287.0495739
0.573722299,818.6922796,286.0286939
0.645503869,2044.559271,292.9837259
0.771119898,714.4033792,288.9863975
0.797639232,2513.76083,297.0145502
0.904687128,269.7991654,284.3764018
0.682548047,361.036115,282.8583812
0.747499873,200.6075962,279.7642961
0.624359851,2212.974394,293.101659
0.55,297.2341281,278.7107914
0.84904797,2432.008579,297.6893053
0.829654504,449.7758751,286.7776684
0.655234122,766.7694411,287.3307599
0.55,2501.672769,291.2442991
0.930499259,2083.085143,297.9652457
0.7863753,2687.063655,297.2559978
0.630601329,225.1031502,278.4539702
0.831985971,1346.719803,293.8621641
0.55,2405.106401,291.2557729
0.65476189,2570.062129,294.5744271
0.889369719,2590.298923,298.6643828
0.97263935,2418.999652,299.407226
0.623910128,1259.409658,289.7916729
0.55,330.2280339,278.7820722
0.725905327,1789.571381,293.8004436
0.896990552,719.8605592,290.8879744
0.771982586,239.007048,281.5138679
0.55,2317.061081,290.8331693
0.804864195,1948.759251,295.6839391
0.869156989,2112.760928,297.1721006
0.711860844,1718.472884,293.2599969
0.75274128,1584.405748,293.5508192
0.964578978,2327.974779,299.1302817
0.756862333,315.4124137,283.1681534
0.570532339,2009.448125,291.2842811
0.668531117,1253.152933,290.5757664
0.641702709,1226.760151,290.0206691
0.860334298,2336.863193,297.6235178
0.901374465,2508.334615,298.5981698
0.59117619,686.5149712,285.3244024
0.574180127,1341.348061,289.0565549
0.896286819,634.7646693,290.0592475
0.678459619,1063.046969,289.8306322
0.633944206,921.7696227,288.0448826
0.877974109,827.788928,291.631866
0.730319716,147.2270241,277.2369754
0.983083596,2452.80482,299.6598959
0.844854332,1828.180391,295.9629912
0.630590068,1922.45679,292.3478578
0.587733817,1077.740421,288.1075378
0.926015397,800.1849075,292.0191883
0.700782309,1703.733485,293.0651142
0.922668253,2025.891153,297.6493307
0.692851409,575.0996271,286.2052247
0.980666831,622.5310409,291.0791404
0.978945304,787.516721,292.6224659
0.932044752,1272.811537,295.042129
0.867381801,2206.484173,297.3663699
0.901268384,587.2036245,289.6333177
0.669857549,1288.07496,290.8311398
0.791171939,2043.091238,295.7202346
0.638359849,1766.728527,292.0929562
0.963758264,2226.566903,298.8197476
0.55,160.4755975,273.7361162
0.941936611,201.6076339,282.6712019
0.597015331,834.5977316,286.7097763
0.651027166,1137.23589,289.597821
0.985146035,1506.981556,296.8269241
0.841422768,342.3004642,285.1054684
0.593759194,424.0488099,282.1669629
0.877026738,2338.047543,297.8562893
0.696937658,2475.452368,295.2043397
0.834255739,2151.719654,296.7279496
0.744839548,1086.38102,291.1463016
0.981414156,1119.075168,294.9042292
0.99572157,949.7606425,294.0209039
0.824804448,966.801159,291.7047201
0.829367706,1151.760151,292.9012013
0.891066314,1266.748045,294.3728244
0.554942569,2625.751193,292.5416726
0.95667642,883.0531868,293.0379072
0.55,491.7139812,281.043476
0.766546465,218.6452379,280.7688164
0.943074759,1337.686049,295.4898529
0.617273288,2294.54234,293.1335872
0.55,976.2427921,285.8536528
0.91752124,2391.828132,298.5935056
0.622317841,942.9000517,287.9432088
0.831382248,1765.133095,295.4648507
0.688239934,1017.658913,289.7307563
0.576127724,2357.505472,292.4024387
0.829904487,204.7201978,281.2532762
0.842679923,908.0468811,291.6035039
0.730319907,2528.733892,295.8756831
0.55,176.7194435,274.1338559
0.691049112,1983.673839,293.7547507
0.865879234,1277.263735,294.0375458
0.891594654,1872.156934,296.7710443
0.958237012,696.513246,291.5306939
0.55206363,1467.04836,289.1241006
0.625022258,1383.53803,290.3364337
0.907880029,1642.775661,296.2302007
0.555125297,317.9178716,279.3922848
0.981823373,1759.889157,297.6532081
0.55,1094.87098,286.2866914
0.61427803,2372.903348,293.2062494
0.610111858,1953.239278,292.1235336
0.872495544,1851.907271,296.4593011
0.836795422,1653.632225,295.163407
0.55,875.3490521,285.8076999
0.699216216,1277.588121,291.287619
0.943575723,1828.788723,297.3589155
0.698465117,960.3082998,289.5368337
0.797708802,1754.898741,294.9598462
0.884386333,1154.277663,293.7241654
0.817071348,1981.973769,295.9869046
0.654818615,1427.65385,291.0990005
0.601063587,1401.801055,289.9331894
0.727729271,2373.941586,295.5340159
0.796160285,2250.872247,296.3823288
0.55,1838.416832,289.3348702
0.659079404,1842.148146,292.7587288
0.930054927,1353.225078,295.3866586
0.988201635,2404.10112,299.5980755
0.69862595,2393.809751,295.0103362
0.871689265,1944.111107,296.7145548
0.834050117,2328.649628,297.1948772
0.872272975,1963.511725,296.7599242
0.817288015,1989.108646,296.0362074
0.599798435,1031.982505,288.0974272
0.57158959,215.4102066,277.0447648
0.560810972,2699.808722,292.8594714
0.712313449,1474.209349,292.4052357
0.65298855,2447.783149,294.2083817
0.700442951,455.1222916,284.7073482
0.752748934,799.6686472,289.3447851
0.560138558,2677.348068,292.7877035
0.55,939.2429227,286.2876059
0.955777359,2488.925295,299.3657262
0.658442795,2455.145004,294.4042644
0.566578648,668.7600219,284.5765045
0.732356363,342.3930869,283.3857517
0.580922193,2437.829613,292.702687
0.993101519,2015.882149,298.5904864
0.831109009,2250.154318,296.9370317
0.557832721,1923.158719,290.8171833
0.645490551,1687.09343,291.9207728
0.725641464,1001.46171,290.3019104
0.972171898,902.888112,293.4040827
0.55,148.9360469,273.1581251
0.603677902,935.7342884,287.5093889
0.835790628,610.2220232,288.9511175
0.658499174,1430.356053,291.2200053
0.724448676,1358.663893,292.1241525
0.83141968,198.7051533,281.0065203
0.55,405.3296459,280.5228205
0.55,1202.820125,287.3383362
0.958737392,2006.254647,298.1591994
0.55,1113.693251,286.9746908
0.621733815,2166.910338,292.9204618
0.594028663,884.8692254,286.8663487
0.55,692.7456003,284.333282
0.633715581,1958.897524,292.6229469
0.913208796,1201.587083,294.4096934
0.589062716,2553.755763,293.2642593
0.607011761,1270.078364,289.4806851
0.682006529,869.3918667,288.6359939
0.599201251,2694.459961,293.6907888
0.593271739,331.1393922,280.4859815
0.7358009,1358.73915,292.2771503
0.862910238,1664.557475,295.6118419
0.647022465,251.9875247,279.6847809
0.68112908,2191.760393,294.2131543
0.803934605,2400.184233,296.8566959
0.884766628,2302.193764,297.9294966
0.835795831,1972.635533,296.176547
0.55,2524.84589,292.0197915
0.953078741,717.6512223,291.6870281
0.55,1696.15643,289.4297483
0.55,2339.741731,291.4332283
0.605266447,2162.040913,292.5724052
0.81399643,558.6103422,287.9685601
0.75921131,807.2056735,289.5622552
0.820863721,2519.335517,297.446513
0.902261764,1232.064479,294.3903555
0.711427821,2339.492773,295.1222253
0.79903983,799.0764072,290.1138437
0.65970983,2027.757862,293.2867141
0.875033202,2346.044883,297.8867901
0.962263299,1215.17779,295.1483897
0.796879056,2230.988406,296.3278685
0.880837678,1706.618604,296.0441794
0.550417096,1572.974028,289.4519684
0.873126849,1152.981284,293.5864063
0.633269394,521.6608664,284.43789
0.988799724,2016.627154,298.542007
0.55,860.4965266,285.5886095
0.871077418,609.0791345,289.4661019
0.55,938.5025216,286.2145887
0.978283288,965.3160602,293.9133748
0.752675303,1090.420195,291.2466197
0.732364168,887.0625046,289.6431001
0.833120591,2605.661105,297.7517469
0.879142049,515.3066665,288.4004961
0.802131185,1987.878263,295.7493859
0.55,1561.291151,288.3940846
0.993943541,592.4561429,290.9380875
0.623155698,1463.89784,290.5934754
0.55,2198.429194,290.5933089
0.900948734,732.1038463,291.0592528
0.55,512.1381224,282.066229
0.584202987,1248.304052,288.9407081
0.866082808,1228.46179,293.8755052
0.55,515.0106921,281.7972327
0.785219716,2645.640306,297.1346547
0.957691736,1260.27786,295.2883804
0.55323974,1270.453041,288.205708
0.80031921,1460.207188,293.8670117
0.709109011,1546.732561,292.5868798
0.979780672,1833.294722,297.9239221
0.940881905,1670.404196,296.8426569
0.55,1075.448127,287.0346694
0.799625899,779.9937954,289.9417793
0.55,718.8976687,283.4984456
0.941125798,248.4493213,284.2890983
0.596898804,2055.070269,292.0975578
0.785390287,1226.051062,292.6025214
0.885871827,663.4951652,290.2020666
0.612902109,1353.443025,289.9507333
0.90820406,1994.398636,297.4169894
0.875950628,2306.365494,297.7843327
0.76236908,355.1355739,284.14921
0.685864439,1019.402129,289.6774102
0.86465343,1927.837681,296.5141337
0.963708848,2069.214255,298.4165016
0.55,1375.068286,288.1352928
0.843474506,1012.181263,292.3092712
0.953075967,2454.684331,299.2689672
0.600686332,932.9363249,287.4362331
0.660487553,1190.026031,290.1849964
0.795424413,1410.136172,293.5963058
0.573000366,970.3665977,287.1292084
0.74331256,2671.589764,296.3921446
0.900522033,583.593797,289.5865321
0.663186504,1794.624721,292.6904184
0.764910295,778.1769278,289.363331
0.894747343,2164.983951,297.6810136
0.819495106,1533.618484,294.4809256
0.55,2198.675282,290.401439
0.739247033,866.9227472,289.5940068
0.786616176,1840.722208,295.0490944
0.55,1111.659085,286.5497934
0.774596376,2002.889202,295.3382209
0.815382736,2270.777682,296.8099357
0.807857676,1500.665611,294.2053097
0.556011107,2352.411157,291.8916675
0.68553584,2636.391758,295.263881
0.869191591,1035.794099,292.8336131
0.60207406,965.0999631,287.6472412
0.675712482,587.7541708,285.9667398
0.568034425,1215.659496,288.2062635
0.996029439,1600.993045,297.2574918
0.835324605,1868.16012,295.9084671
0.988264879,177.0736309,282.3671904
0.969021732,436.1268298,288.6068517
0.777774657,1392.546683,293.2040665
0.892888767,814.8456692,291.6751427
0.832168861,2172.275877,296.7890556
0.769164788,1950.815881,295.103922
0.943524327,2120.461115,298.2850809
0.668692837,1367.918015,291.0847511
0.826874696,1134.54392,292.7196382
0.936929948,265.2706265,284.6509602
0.612689497,1716.738053,291.3161216
0.898372234,1245.772719,294.4003134
0.759584042,1304.508121,292.5362393
0.806326911,1434.502643,293.8098407
0.938493608,2648.498671,299.4694047
0.621916697,346.5722881,281.4409382
0.578800023,1934.637326,291.3539066
0.55,904.815762,285.0387016
0.997234401,62.5,274.8166667
0.901852355,74.8,274.8166667
0.803818833,92.4,274.8166667
0.697202865,117.22,274.8166667
0.601125938,175.6,274.8166667
0.998698715,64.8,275.15
0.899025749,77.3,275.15
0.798815212,94.8,275.15
0.698272018,119,275.15
0.600097043,183.4,275.15
0.9983381,68.68,275.5111111
0.900540914,80,275.5111111
0.799899524,97.4,275.5111111
0.699522104,124.2,275.5111111
0.598184873,191.5,275.5111111
0.998846457,72.3,275.8444444
0.901510782,84.8,275.8444444
0.801001834,104.4,275.8444444
0.69804489,129.68,275.8444444
0.600198665,195.7,275.8444444
1.001502774,74.8,276.2055556
0.896661189,90,276.2055556
0.80108672,109.05,276.2055556
0.698674752,135.4,276.2055556
0.601141197,200,276.2055556
0.998473482,77.3,276.5388889
0.896390236,94.87,276.5388889
0.796744915,113.88,276.5388889
0.70009617,141.42,276.5388889
0.600519445,210.4,276.5388889
0.998191367,80,276.9
0.901277185,97.4,276.9
0.79667696,118.92,276.9
0.69986784,147.68,276.9
0.597577968,221.37,276.9
0.998696328,84.4,277.2333333
0.900094797,100,277.2333333
0.798279173,113.88,277.2333333
0.699230889,154.22,277.2333333
0.602012586,232.86,277.2333333
0.998846216,90,277.5944444
0.901671384,109,277.5944444
0.797740586,129,277.5944444
0.701059608,161.05,277.5944444
0.602883137,244.95,277.5944444
0.995056711,92.4,277.9277778
0.898406209,110,277.9277778
0.801154144,130,277.9277778
0.699593909,168.18,277.9277778
0.600742292,245.5,277.9277778
0.99879203,94.87,278.2888889
0.90017318,111,278.2888889
0.799688646,131,278.2888889
0.702335564,175.6,278.2888889
0.600508842,257.68,278.2888889
1.000675205,97.4,278.6222222
0.899176246,112,278.6222222
0.799024788,135.4,278.6222222
0.699134884,177,278.6222222
0.600788904,260,278.6222222
0.999158031,104.4,278.9833333
0.90057955,113.88,278.9833333
0.804150802,147.42,278.9833333
0.701742249,183.4,278.9833333
0.599347953,271.08,278.9833333
1.002402428,109.05,279.3166667
0.899183849,129.68,279.3166667
0.795923751,154.2,279.3166667
0.697983827,192,279.3166667
0.596258416,285.17,279.3166667
0.999296973,118,279.6777778
0.900036837,131,279.6777778
0.803352875,156,279.6777778
0.700653855,200,279.6777778
0.599561799,300,279.6777778
1.001658811,124,280.0111111
0.895577729,141.2,280.0111111
0.800471229,175,280.0111111
0.70154173,210,280.0111111
0.597042828,311,280.0111111
1.002287508,129.68,280.3722222
0.900676993,147.68,280.3722222
0.799169424,183,280.3722222
0.701265564,221,280.3722222
0.604541386,322,280.3722222
1.000363733,135,280.7055556
0.900496441,154,280.7055556
0.799081278,191,280.7055556
0.698300311,232,280.7055556
0.601660672,330,280.7055556
0.998287832,141.42,281.0666667
0.900143132,168,281.0666667
0.799044685,200,281.0666667
0.70095796,244,281.0666667
0.600667324,347,281.0666667
1.00207508,147.68,281.4
0.898979967,175.6,281.4
0.79946025,210,281.4
0.698042473,257,281.4
0.599111413,368,281.4
0.900754601,183,281.7611111
0.801513977,223,281.7611111
0.698155669,271,281.7611111
0.601739212,380,281.7611111
0.902711276,195,282.0944444
0.80082687,232,282.0944444
0.703753592,285,282.0944444
0.598452422,402,282.0944444
0.997510691,175.6,282.4555556
0.89644256,200,282.4555556
0.802992089,245,282.4555556
0.701308731,300,282.4555556
0.599888831,423,282.4555556
1.000559937,183.4,282.7888889
0.897749022,210,282.7888889
0.804891504,271,282.7888889
0.700258442,311,282.7888889
0.60021879,445,282.7888889
1.001451533,195.7,283.15
0.900962018,221,283.15
0.800447768,285,283.15
0.698419051,322,283.15
0.600942937,470,283.15
1.003764049,200,283.4833333
0.90269084,232,283.4833333
0.803186373,300,283.4833333
0.698977569,330,283.4833333
0.59802079,490,283.4833333
0.999748426,210,283.8444444
0.90011145,245,283.8444444
0.802188383,311,283.8444444
0.696615071,350,283.8444444
0.603059101,505,283.8444444
0.999683984,215,284.1777778
0.899146238,257,284.1777778
0.797975791,322,284.1777778
0.696690287,372,284.1777778
0.601646341,538,284.1777778
1.000146636,221.37,284.5388889
0.897420078,271,284.5388889
0.797409842,346,284.5388889
0.699328431,392,284.5388889
0.603338043,560,284.5388889
0.999480817,232,284.8722222
0.896993714,285,284.8722222
0.799508514,372,284.8722222
0.699454553,420,284.8722222
0.594606227,580,284.8722222
0.99989141,257.68,285.2333333
0.899538131,300,285.2333333
0.801392413,385,285.2333333
0.703697912,430,285.2333333
0.60225313,604,285.2333333
0.999462223,271.08,285.5666667
0.897786948,311,285.5666667
0.80514672,400,285.5666667
0.700118437,450,285.5666667
0.600027859,645,285.5666667
0.99995175,285.17,285.9277778
0.90039617,324,285.9277778
0.799711279,423,285.9277778
0.698852676,470,285.9277778
0.598906282,670,285.9277778
0.999934493,300,286.2611111
0.89891315,346,286.2611111
0.798574308,447,286.2611111
0.70021286,500,286.2611111
0.599490046,703,286.2611111
0.903007986,372,286.6222222
0.79469806,460,286.6222222
0.702183014,527,286.6222222
0.60249217,745,286.6222222
0.89585322,400,286.9555556
0.799314625,472,286.9555556
0.699257118,445,286.9555556
0.597184977,770,286.9555556
0.898444367,423,287.3166667
0.797778848,500,287.3166667
0.703504541,570,287.3166667
0.601871357,800,287.3166667
1.00254311,372.24,287.65
0.901443344,447,287.65
0.797741896,523,287.65
0.698950959,600,287.65
0.600978749,820,287.65
0.997555744,400,288.0111111
0.901425997,472,288.0111111
0.799519349,547,288.0111111
0.699250358,645,288.0111111
0.60142192,885,288.0111111
1.000888527,422.8,288.3444444
0.899278068,485,288.3444444
0.80231866,573,288.3444444
0.697837873,670,288.3444444
0.601231871,920,288.3444444
1.001186203,447.21,288.7055556
0.899380907,500,288.7055556
0.800652266,600,288.7055556
0.697497773,700,288.7055556
0.601848054,960,288.7055556
0.999630196,472.86,289.0388889
0.898954554,523,289.0388889
0.802098018,648,289.0388889
0.698591313,745,289.0388889
0.597183077,1020,289.0388889
0.996886742,485,289.4
0.90121202,547,289.4
0.797439141,700,289.4
0.703509588,790,289.4
0.595836141,1090,289.4
1.003392913,523,289.7333333
0.900422035,573,289.7333333
0.799806574,748,289.7333333
0.698910162,810,289.7333333
0.600798272,1120,289.7333333
0.999924731,573,290.0944444
0.902206604,623,290.0944444
0.800228455,773,290.0944444
0.700300604,845,290.0944444
0.599272776,1190,290.0944444
0.999886109,600,290.4277778
0.900615604,673,290.4277778
0.796579663,800,290.4277778
0.697303629,870,290.4277778
0.601486528,1200,290.4277778
1.000341731,648,290.7888889
0.899632033,700,290.7888889
0.800036868,848,290.7888889
0.700695163,920,290.7888889
0.598920481,1300,290.7888889
0.998443391,673,291.1222222
0.900391691,748,291.1222222
0.798043254,900,291.1222222
0.700816506,970,291.1222222
0.596594833,1350,291.1222222
1.002058311,775,291.4833333
0.900945195,800,291.4833333
0.800512059,974,291.4833333
0.701965382,1010,291.4833333
0.603330949,1420,291.4833333
1.00202874,848,291.8166667
0.896318252,873,291.8166667
0.797440846,1090,291.8166667
0.698750363,1100,291.8166667
0.600052182,1476,291.8166667
1.001035318,900,292.1777778
0.898548512,900,292.1777778
0.800373534,1192,292.1777778
0.698489234,1190,292.1777778
0.598776964,1560,292.1777778
0.997186678,948,292.5111111
0.898153534,974,292.5111111
0.797296631,1280,292.5111111
0.698048253,1300,292.5111111
0.602107284,1680,292.5111111
0.998101202,1000,292.8722222
0.905264764,1010,292.8722222
0.800986636,1300,292.8722222
0.700369672,1350,292.8722222
0.598283284,1830,292.8722222
1.00140062,1092,293.2055556
0.898848724,1090,293.2055556
0.80024402,1410,293.2055556
0.705120169,1470,293.2055556
0.59980788,1980,293.2055556
1.002298547,1189,293.5666667
0.898593647,1189,293.5666667
0.799930023,1476,293.5666667
0.703541601,1550,293.5666667
0.598746066,2180,293.5666667
1.003624897,1296,293.9
0.901415504,1296,293.9
0.798875066,1542,293.9
0.701264815,1680,293.9
0.601945109,2350,293.9
1.00124362,1414,294.2611111
0.896859551,1414,294.2611111
0.798545726,1681,294.2611111
0.699504963,1750,294.2611111
0.599851133,2500,294.2611111
1.001241344,1476,294.5944444
0.900355402,1418,294.5944444
0.797329311,1834,294.5944444
0.700760396,1850,294.5944444
0.601221171,2700,294.5944444
1.001119581,1681,294.9555556
0.902161561,1542,294.9555556
0.801667844,1915,294.9555556
0.70091836,1920,294.9555556
0.599859669,2851,294.9555556
0.996678078,1834,295.2888889
0.900859236,1681.78,295.2888889
0.800415375,2000,295.2888889
0.700543158,2200,295.2888889
0.997446503,1915,295.65
0.897837887,1834,295.65
0.802106306,2180,295.65
0.69992089,2320,295.65
1.001363001,2000,295.9833333
0.900056637,1915,295.9833333
0.800059512,2328,295.9833333
0.701876568,2450,295.9833333
0.998967911,2213,296.3444444
0.900192242,2213,296.3444444
0.799075449,2705,296.3444444
0.699131008,2700,296.3444444
0.999381656,2449,296.6777778
0.900444268,2450,296.6777778
0.699042503,2800,296.6777778
1.002511512,2710,297.0388889
0.898210785,2710,297.0388889
0.699626257,2900,297.0388889
0.999120538,2850,297.3722222
1.002893956,3000,297.7333333
0.865939339,2725.124,297.3086
0.867609918,2656.269,297.174
0.862575108,2587.415,297.037
0.86608033,2518.653,296.8975
0.867325491,2449.986,296.7554
0.865710797,2381.418,296.6104
0.86767719,2312.956,296.4625
0.864511652,2244.603,296.3115
0.868364924,2176.367,296.1569
0.870144025,2108.253,295.9987
0.864820552,2040.269,295.8364
0.864655224,1972.422,295.6698
0.868452998,1904.721,295.4984
0.868705373,1837.175,295.3217
0.864500509,1820.093,295.2761
0.864705855,1811.306,295.2525
0.86498266,1809.096,295.2465
0.862857328,1808.645,295.2453
0.863708925,1806.876,295.2417
0.863537947,1805.767,295.2393
0.864010634,1803.504,295.2342
0.865476859,1798.901,295.2238
0.866014658,1789.42,295.2023
0.86864723,1769.58,295.1566
0.863549521,1727.56,295.0567
0.867514874,1639.059,294.8309
0.865118251,1554.684,294.5942
0.865447302,1475.896,294.3514
0.866895868,1399.537,294.0934
0.863300785,1324.378,293.815
0.866311048,1249.867,293.5119
0.865879133,1184.981,293.2231
0.866531132,1119.997,292.908
0.866124566,1055.408,292.5659
0.870456829,991.2271,292.1936
0.864270749,927.4972,291.788
0.864484235,864.2668,291.3448
0.864299948,801.5922,290.8597
0.864435275,739.539,290.3269
0.864271455,678.1846,289.7401
0.867924262,617.621,289.0914
0.868387237,557.958,288.3711
0.864404736,499.3286,287.5676
0.863881518,441.8947,286.6664
0.86648906,385.8558,285.649
0.864441783,331.4603,284.4924
0.866812093,279.0204,283.1667
0.865952075,228.933,281.6328
0.862514741,181.7065,279.8395
0.868641239,137.9942,277.7181
0.869137984,98.6308,275.1763
0.864320652,79.85525,273.6156
0.864770826,74.53891,273.1138
0.86611796,74.53891,273.1138
0.866215143,73.88584,272.9543
0.866863318,73.66424,272.8839
0.869566638,73.2276,272.7445
0.865192335,72.36158,272.466
0.863949635,70.65821,271.9099
0.862787591,67.36335,270.8013
0.864084369,61.20002,268.5986
0.865479975,50.42152,264.2512
0.869135345,41.38835,259.9552
0.864511006,33.76463,255.6627
0.865993805,27.3664,251.3747
0.865513383,22.02746,247.0913
0.867923016,17.59994,242.8125
0.870600094,13.95263,238.5382
0.862199008,2647.555,296.2776
0.862281867,2578.802,296.1433
0.865349068,2510.05,296.0065
0.864624529,2441.395,295.8673
0.866954161,2372.84,295.7255
0.864428602,2304.391,295.5809
0.862542162,2236.053,295.4333
0.864442056,2167.831,295.2826
0.865478153,2099.733,295.1285
0.86490171,2031.766,294.9708
0.864275294,1963.937,294.8091
0.865394095,1896.255,294.6431
0.865599337,1828.729,294.4725
0.866025064,1761.369,294.2967
0.864558166,1761.369,294.2967
0.86292651,1759.228,294.2918
0.863554173,1758.119,294.2894
0.865673764,1755.889,294.2844
0.861626875,1751.411,294.2743
0.863998093,1742.384,294.2539
0.862474068,1724.071,294.212
0.863318236,1686.549,294.1234
0.86581765,1608.777,293.9276
0.863642944,1531.295,293.7144
0.863353619,1455.439,293.4857
0.860541034,1380.459,293.2376
0.864753253,1305.894,292.9663
0.864551714,1240.716,292.7065
0.867587255,1175.441,292.4224
0.86264519,1110.532,292.1133
0.863699047,1045.999,291.7763
0.863759513,981.8808,291.4083
0.866415653,918.2207,291.0057
0.863070155,855.0679,290.5642
0.863818789,792.4798,290.0789
0.864476539,730.5236,289.5439
0.863633964,669.2787,288.9524
0.862367879,608.8394,288.2958
0.863648926,549.3186,287.5642
0.865408009,490.8531,286.7451
0.861207715,433.6097,285.8231
0.863526685,377.7942,284.7788
0.861860504,323.6633,283.5878
0.865650839,271.5402,282.2184
0.860214372,221.8363,280.6296
0.862142902,175.0789,278.7666
0.86401517,131.9456,276.5565
0.866391794,93.30004,273.9005
0.863129245,83.62307,273.0776
0.862150347,83.24821,273.044
0.86702306,83.24821,273.044
0.860364718,82.60968,272.8793
0.858863134,82.36462,272.8093
0.864140775,81.8786,272.6699
0.862256638,80.91461,272.3914
0.86121828,79.01839,271.8353
0.864677459,75.34997,270.7267
0.863748347,68.48584,268.5238
0.862132589,56.47459,264.1758
0.860700137,46.40031,259.879
0.865005661,37.89113,255.5857
0.864561148,30.74361,251.297
0.863062394,24.77388,247.0129
0.86695402,19.81831,242.7333
0.861120576,15.73161,238.4583
0.84919687,2667.651,296.2095
0.850864104,2598.872,296.0756
0.852156748,2530.092,295.9392
0.852734599,2461.409,295.8005
0.851765448,2392.825,295.6593
0.852952031,2324.344,295.5155
0.849744841,2255.973,295.3688
0.855135449,2187.717,295.2191
0.852083618,2119.582,295.0661
0.854482512,2051.576,294.9096
0.852933371,1983.706,294.7493
0.853161426,1915.98,294.5847
0.853387455,1848.407,294.4154
0.853143337,1780.997,294.2407
0.853533366,1747.056,294.1504
0.854906225,1744.878,294.1446
0.852640962,1743.77,294.1416
0.853665928,1743.77,294.1416
0.852068449,1741.551,294.1362
0.855128154,1740.442,294.1336
0.850895135,1738.219,294.1284
0.855849801,1733.766,294.1178
0.852167604,1724.838,294.0964
0.84938637,1706.889,294.0529
0.852504129,1670.645,293.9625
0.850885817,1596.872,293.7669
0.853929207,1522.982,293.5538
0.850942672,1449.291,293.3219
0.851355553,1383.418,293.0962
0.848468839,1317.494,292.8508
0.851343307,1251.87,292.5849
0.847400161,1186.559,292.296
0.849080114,1121.587,291.9819
0.853768749,1056.987,291.6398
0.85381952,992.7955,291.2664
0.853098835,929.054,290.8582
0.850313968,865.8107,290.4109
0.852152497,803.1217,289.9197
0.852240715,741.0524,289.3788
0.849931191,679.6799,288.7814
0.855254717,619.0956,288.1194
0.854002645,559.4091,287.3827
0.851805992,500.7525,286.5594
0.852301692,443.2871,285.6344
0.852664686,387.2113,284.5891
0.84816445,332.772,283.3998
0.851753565,280.2798,282.036
0.850883952,230.1292,280.4579
0.85024468,182.8254,278.6131
0.851685719,139.0178,276.4309
0.855843293,99.53614,273.8159
0.853529606,94.4477,273.4115
0.851105562,91.27166,273.1489
0.853393086,90.46274,273.0807
0.855046631,90.05198,273.0459
0.854097187,90.05198,273.0459
0.852367181,89.35445,272.8789
0.850954046,89.09053,272.8088
0.853644367,88.56749,272.6695
0.853034891,87.53002,272.391
0.854038306,85.48908,271.8349
0.853518264,81.54,270.7262
0.854347025,74.14817,268.5235
0.85117745,61.20459,264.1756
0.854882708,50.33785,259.8789
0.852643119,41.15017,255.5858
0.856398442,33.42481,251.2971
0.850869544,26.96561,247.013
0.855719848,21.59779,242.7334
0.852643742,17.16601,238.4583
0.805412213,13.53262,234.188
0.805747277,2639.683,294.8364
0.806074354,2570.941,294.7014
0.807563381,2502.199,294.564
0.80776072,2433.555,294.4242
0.805567649,2365.012,294.2818
0.80666634,2296.575,294.1367
0.81099959,2228.25,293.9886
0.810170135,2160.042,293.8373
0.807587696,2091.959,293.6825
0.806791056,2024.007,293.5239
0.806955112,1956.195,293.3611
0.807942085,1888.53,293.1936
0.804669464,1821.022,293.0208
0.806200296,1753.682,292.842
0.803377881,1719.772,292.7492
0.807513495,1702.439,292.7011
0.808009441,1702.439,292.7011
0.805748676,1700.242,292.6954
0.809863023,1699.134,292.6926
0.804263518,1696.912,292.687
0.803786299,1692.466,292.6757
0.807163953,1683.555,292.653
0.808809246,1665.667,292.6066
0.810082904,1629.618,292.5104
0.80579728,1556.379,292.3027
0.808872411,1490.07,292.099
0.806638032,1423.732,291.8784
0.806369794,1357.658,291.6401
0.808482369,1291.856,291.3822
0.808019695,1226.351,291.1026
0.803562265,1161.168,290.7989
0.80966813,1096.337,290.4686
0.809475232,1031.892,290.1087
0.805463924,967.8711,289.716
0.807506656,904.3178,289.2864
0.807703109,841.2837,288.8156
0.807236397,778.828,288.2983
0.805614439,717.0207,287.7284
0.805371802,655.9439,287.0983
0.806663941,595.6957,286.3994
0.809060507,536.3939,285.6207
0.807802249,478.181,284.7491
0.80597382,421.2317,283.768
0.808258446,365.7619,282.6566
0.801017964,312.0412,281.3882
0.80901258,260.4102,279.9284
0.803235621,211.303,278.2316
0.805990167,165.2768,276.237
0.804475709,123.0472,273.8626
0.804125686,112.3502,273.1386
0.809036703,110.7352,273.0238
0.805779647,110.3051,272.9929
0.807408057,110.3051,272.9929
0.806621208,109.4944,272.8361
0.807669131,109.1715,272.7658
0.806868693,108.5339,272.6264
0.804149065,107.2692,272.3479
0.808707583,104.7809,271.7918
0.805727536,99.9655,270.6831
0.803601885,90.94903,268.48
0.805858819,75.14968,264.1308
0.809716569,61.87369,259.8325
0.808415492,50.63931,255.5377
0.806017745,41.18392,251.2473
0.806016534,33.26987,246.9613
0.806071779,26.68541,242.6798
0.810868545,21.24226,238.4028
0.80747892,16.77362,234.1304
0.807575132,13.13207,229.8627
0.71542297,2688.862,295.2965
0.713839981,2620.054,295.1603
0.712844319,2551.247,295.0214
0.712969703,2482.534,294.8801
0.7132192,2413.919,294.7361
0.713287959,2345.406,294.5891
0.714817662,2277,294.439
0.713466295,2208.708,294.2855
0.714827683,2140.535,294.1283
0.71320097,2072.489,293.9669
0.713519673,2004.576,293.8009
0.709366002,1936.805,293.6298
0.715195058,1869.184,293.453
0.71405538,1801.723,293.2697
0.715358423,1734.432,293.079
0.707569892,1700.547,292.9796
0.717539152,1683.222,292.9279
0.713083224,1674.458,292.9015
0.715578769,1672.252,292.8948
0.711282591,1672.252,292.8948
0.714587951,1670.037,292.8885
0.711255572,1668.929,292.8854
0.712114865,1666.714,292.8791
0.717190466,1662.289,292.8665
0.712981038,1653.463,292.8413
0.713797269,1635.905,292.7903
0.715102538,1601.17,292.6868
0.714353767,1533.203,292.4726
0.713663241,1466.772,292.2471
0.714092325,1400.528,292.0044
0.718169234,1334.547,291.743
0.713247165,1268.846,291.4609
0.713764601,1203.451,291.1559
0.715463712,1138.388,290.8256
0.715573455,1073.689,290.4673
0.715736464,1009.388,290.0779
0.714639863,945.5251,289.6538
0.711076393,882.1477,289.1909
0.716629266,819.3093,288.6845
0.711069712,757.0725,288.1291
0.713967674,695.5112,287.5179
0.711853851,634.713,286.8431
0.713234126,574.7822,286.0952
0.714019928,515.8446,285.2626
0.714005117,458.0531,284.3308
0.714206245,401.5957,283.282
0.716589826,346.7054,282.0933
0.714269472,293.6746,280.7356
0.71287409,242.8737,279.1707
0.715290577,194.7764,277.3481
0.715741344,149.991,275.1999
0.710907187,128.0377,273.9106
0.714557203,116.0157,273.1137
0.714764748,115.2051,273.0572
0.712767276,115.2051,273.0572
0.716113817,114.2858,272.9043
0.713062292,113.9464,272.8332
0.713613556,113.2837,272.6938
0.713016259,111.9691,272.4153
0.713393561,109.3827,271.8592
0.711169853,104.3765,270.7505
0.710482301,95.00029,268.5476
0.716551413,78.56118,264.1991
0.71166848,64.73626,259.9016
0.711379618,53.02721,255.6075
0.709055623,43.16376,251.3177
0.71208448,34.90093,247.0323
0.710716223,28.02011,242.7514
0.716646433,22.32673,238.4748
0.715382037,17.64817,234.2028
0.711986102,13.83176,229.9355
0.740220439,2468.812,294.4365
0.737679098,2400.317,294.2914
0.735065904,2331.822,294.1429
0.730716756,2263.438,293.9911
0.740297452,2195.169,293.8357
0.732936422,2127.021,293.6763
0.73242477,2059.001,293.5125
0.737760708,1991.115,293.3438
0.740595072,1923.373,293.1698
0.738484113,1855.783,292.9896
0.736843385,1788.355,292.8026
0.736905076,1721.099,292.6078
0.737422398,1654.028,292.4042
0.737233424,1587.153,292.1906
0.73627795,1520.489,291.9655
0.735923969,1486.899,291.8469
0.735590381,1478.264,291.8158
0.734207638,1476.066,291.8079
0.735154217,1476.066,291.8079
0.732329653,1473.857,291.8001
0.735518888,1472.753,291.7963
0.733738385,1470.544,291.7885
0.733508388,1466.133,291.773
0.736075355,1457.338,291.7419
0.738499572,1439.854,291.679
0.7375522,1405.313,291.551
0.732574566,1337.928,291.2856
0.733736311,1272.275,291.0051
0.737597109,1206.86,290.7015
0.733750592,1141.779,290.3727
0.735266301,1077.06,290.0158
0.736815671,1012.737,289.6277
0.733778878,948.8505,289.2049
0.735926318,885.4465,288.7432
0.733047516,822.5783,288.2379
0.734512832,760.3084,287.6833
0.736355131,698.7098,287.073
0.73252958,637.8693,286.399
0.736596516,577.8903,285.6518
0.735676291,518.8972,284.82
0.736820547,461.0416,283.8893
0.736163395,404.5091,282.842
0.738443848,349.5303,281.6555
0.735966016,296.3939,280.3011
0.734856756,245.4658,278.7411
0.735960162,197.2135,276.9258
0.736802163,152.2374,274.7885
0.735813287,130.1737,273.5073
0.73579675,123.9865,273.1112
0.734311584,122.2826,272.9989
0.734389765,122.2826,272.9989
0.732910356,121.4507,272.8478
0.73921472,121.0979,272.7775
0.733227841,120.4008,272.6381
0.734329757,119.0178,272.3596
0.734278752,116.2962,271.8035
0.737505416,111.0262,270.6949
0.735125668,101.1479,268.4919
0.738211051,83.801,264.1432
0.734368586,69.18193,259.8454
0.736273555,56.77447,255.5509
0.734044873,46.30084,251.2607
0.740005865,37.5084,246.975
0.73334037,30.17108,242.6936
0.736335208,24.08706,238.4166
0.736983121,19.07678,234.1441
0.736543165,14.98093,229.8763
0.700082591,2532.238,294.5508
0.700193525,2463.647,294.4064
0.700540789,2395.057,294.2588
0.700159162,2326.573,294.1079
0.702380924,2258.198,293.9534
0.704874212,2189.938,293.795
0.699338182,2121.799,293.6323
0.69771356,2053.789,293.4649
0.700276602,1985.914,293.2921
0.705612585,1918.184,293.1134
0.698845817,1850.606,292.9281
0.7037314,1783.191,292.7353
0.703808568,1715.948,292.5341
0.69934599,1648.891,292.3234
0.701591132,1582.032,292.1019
0.703709959,1515.385,291.8683
0.699694911,1448.966,291.621
0.700046005,1444.738,291.6047
0.699289804,1442.535,291.5962
0.698423653,1442.527,291.5961
0.699154611,1440.328,291.5879
0.698005285,1439.224,291.5837
0.700521333,1437.017,291.5753
0.69891322,1432.608,291.5586
0.700920738,1423.819,291.525
0.697341375,1406.35,291.4572
0.701114926,1371.848,291.3191
0.702120224,1304.577,291.0335
0.696465695,1239.076,290.7321
0.701201279,1173.826,290.4063
0.702908504,1108.924,290.0539
0.698033884,1044.401,289.6718
0.703798311,980.2942,289.2566
0.701291204,916.6461,288.8046
0.699043142,853.5066,288.3113
0.700341628,790.9333,287.7716
0.70156982,728.9937,287.1792
0.700605177,667.7676,286.5271
0.701530678,607.3497,285.8066
0.698611819,547.8534,285.0071
0.700791888,489.416,284.1158
0.697625737,432.2054,283.1167
0.700230714,376.4284,281.9897
0.698645351,322.3431,280.7094
0.698982106,270.2747,279.2424
0.702925352,220.6371,277.5454
0.702635786,173.9607,275.5603
0.701671442,130.9275,273.2084
0.69826854,128.107,273.0297
0.699820349,128.107,273.0297
0.702879361,127.2886,272.8809
0.7007366,126.9197,272.811
0.705091825,126.1873,272.6716
0.701239802,124.7345,272.3931
0.700837264,121.8755,271.837
0.699834933,116.3402,270.7283
0.700720248,105.9667,268.5255
0.700148226,87.75792,264.1773
0.701869383,72.42058,259.88
0.702366571,59.40994,255.586
0.698881187,48.43265,251.2964
0.6977907,39.22198,247.011
0.696780755,31.53942,242.73
0.701469149,25.17216,238.4534
0.698246433,19.93101,234.1812
0.696147385,15.64826,229.9137
0.646861429,2478.415,294.2807
0.651070271,2409.905,294.1314
0.64607213,2341.395,293.9784
0.647761254,2272.996,293.8217
0.646247931,2204.711,293.6609
0.645886493,2136.545,293.4955
0.647922425,2068.507,293.3252
0.645503723,2000.602,293.1493
0.646619057,1932.839,292.9673
0.646727668,1865.228,292.7784
0.644748091,1797.776,292.5819
0.648068357,1730.496,292.3767
0.645734352,1663.397,292.1618
0.644572782,1596.494,291.936
0.647157292,1529.8,291.698
0.644287336,1463.33,291.4463
0.646140634,1397.101,291.179
0.646066034,1331.134,290.8944
0.648256063,1326.93,290.8756
0.647033668,1324.732,290.8657
0.646034218,1323.631,290.8607
0.647719805,1323.08,290.8582
0.648864687,1323.08,290.8582
0.647199893,1320.875,290.8484
0.646104977,1319.774,290.8435
0.6434606,1317.572,290.8337
0.643954045,1313.174,290.814
0.645473823,1304.409,290.7745
0.644865248,1286.997,290.6947
0.645710329,1252.648,290.5323
0.646197572,1185.829,290.1963
0.647143658,1120.935,289.8417
0.645943274,1056.336,289.4576
0.647057275,992.1487,289.041
0.646213221,928.412,288.5882
0.642133339,865.174,288.0948
0.644205601,802.491,287.5558
0.645796097,740.4283,286.9652
0.643664883,679.0632,286.316
0.647284129,618.4875,285.5999
0.649145774,558.8107,284.8066
0.648521796,500.1653,283.9237
0.645657386,442.7129,282.9358
0.649065724,386.6522,281.8237
0.646381607,332.2309,280.5628
0.6454101,279.7603,279.1216
0.644857467,229.6357,277.4584
0.645479333,182.3638,275.518
0.645307918,138.5954,273.2257
0.646425104,135.7254,273.0523
0.64640542,135.7254,273.0523
0.646090364,134.7761,272.9086
0.646958148,134.3805,272.8376
0.648465565,133.6072,272.6982
0.64798338,132.0731,272.4197
0.643114476,129.0541,271.8636
0.64097643,123.2085,270.755
0.647952912,112.2513,268.5522
0.643350515,93.01056,264.2043
0.645634741,76.79523,259.9074
0.643744046,63.03221,255.6138
0.642480311,51.41378,251.3243
0.647167197,41.65981,247.0392
0.647602582,33.51953,242.7584
0.644931251,26.76906,238.4819
0.640902187,21.20918,234.2099
0.644991783,16.66317,229.9424
0.64686788,12.97504,225.6796
0.957126897,2835.926,295.5391
0.96045144,2766.936,295.4142
0.9600541,2697.945,295.2872
0.961243303,2629.041,295.1583
0.960323881,2560.224,295.0273
0.958138582,2491.499,294.8941
0.962477863,2422.87,294.7585
0.959767661,2354.344,294.6205
0.960030111,2285.924,294.4798
0.958218184,2217.616,294.3362
0.959198155,2149.428,294.1897
0.958315115,2081.364,294.0399
0.959738828,2013.434,293.8866
0.963508137,1945.644,293.7295
0.957340918,1878.003,293.5683
0.956857597,1869.432,293.5475
0.963027061,1865.01,293.5368
0.959666073,1864.456,293.5354
0.958746575,1863.901,293.5341
0.962164529,1862.233,293.5318
0.958873489,1861.123,293.5297
0.963736739,1858.796,293.5254
0.961440572,1853.965,293.5163
0.959108897,1843.762,293.497
0.964399336,1821.973,293.455
0.95887329,1775.835,293.3628
0.961568911,1680.843,293.1576
0.960683305,1593.553,292.9486
0.962688203,1513.742,292.7376
0.963207742,1436.832,292.514
0.960148728,1361.313,292.2725
0.958577884,1286.576,292.0092
0.961004664,1221.505,291.7577
0.958729289,1156.327,291.4826
0.964111494,1091.525,291.183
0.960357791,1027.11,290.8562
0.959354077,963.1222,290.499
0.960454081,899.6057,290.1077
0.957390467,836.6125,289.678
0.958141492,774.2026,289.205
0.962485548,712.4466,288.6826
0.958770931,651.4279,288.1035
0.957990898,591.2459,287.4593
0.961158026,532.0199,286.7391
0.962456128,473.8947,285.93
0.961522627,417.0475,285.0154
0.962076815,361.6978,283.9748
0.95857113,308.12,282.7814
0.957241099,256.6606,281.4006
0.963087387,207.7619,279.7867
0.95943936,161.9916,277.8783
0.959583054,120.0784,275.5923
0.962741108,99.79992,274.1953
0.96119718,88.68168,273.3122
0.960996496,85.70551,273.0584
0.964414725,84.90896,272.9892
0.958797684,84.90896,272.9892
0.9619404,84.29445,272.8226
0.960198746,84.04152,272.7529
0.960621905,83.53792,272.6135
0.963141657,82.5392,272.335
0.961100392,80.57526,271.7789
0.961161312,76.77818,270.6701
0.962229735,69.68197,268.4668
0.959354815,57.2944,264.1168
0.958406301,46.93916,259.8177
0.957995102,38.22238,255.5224
0.956152007,30.92485,251.2317
0.964197134,24.84981,246.9456
0.957878303,19.82313,242.6642
0.959642213,15.69107,238.3875
1.180649179,2556.825,294.0537
1.181817619,2488.199,293.9356
1.18283428,2419.573,293.8156
1.182923753,2351.052,293.6938
1.180036651,2282.637,293.57
1.180868563,2214.335,293.4442
1.181767966,2146.152,293.3162
1.180705424,2078.095,293.1859
1.184417497,2010.171,293.053
1.182184756,1942.388,292.9175
1.182672562,1874.755,292.7791
1.182528569,1807.28,292.6374
1.183549754,1739.975,292.4924
1.181564849,1672.85,292.3434
1.178609142,1605.918,292.1903
1.182002182,1539.193,292.0324
1.179900092,1530.719,292.0119
1.180145573,1526.321,292.0013
1.182375534,1525.217,291.9986
1.183679372,1524.664,291.9973
1.181245349,1524.664,291.9973
1.181820472,1522.452,291.9916
1.184607236,1521.347,291.9887
1.181684312,1519.111,291.9829
1.186406172,1514.599,291.9712
1.182333825,1505.418,291.9471
1.17768128,1486.511,291.8966
1.182709489,1447.007,291.7876
1.181965123,1363.821,291.5409
1.183782312,1282.732,291.2755
1.182549169,1205.656,290.9972
1.180925894,1130.614,290.6984
1.17875421,1056.669,290.373
1.180784759,992.9783,290.0645
1.179501765,929.2071,289.7253
1.180041759,865.9643,289.3543
1.182379963,803.2738,288.9471
1.184542615,741.2028,288.4983
1.181992149,679.8285,288.0015
1.17881104,619.2422,287.4489
1.182092011,559.5534,286.8311
1.183596069,500.8941,286.1364
1.17998324,443.4256,285.3502
1.180934772,387.3461,284.4541
1.181232182,332.9024,283.425
1.179633009,280.405,282.2324
1.182499367,230.2482,280.837
1.18096091,182.9367,279.1861
1.182041871,139.1197,277.2089
1.179427822,99.6263,274.8087
1.180327889,80.77387,273.3201
1.182647569,78.05951,273.0795
1.18045714,76.52863,272.9404
1.184656734,76.52863,272.9404
1.180403534,75.85569,272.7776
1.181652175,75.62236,272.7072
1.183067988,75.16217,272.5678
1.178366075,74.2497,272.2893
1.177681188,72.45591,271.7331
1.178151493,68.98975,270.6242
1.183727974,62.51936,268.4204
1.18009909,51.24978,264.0688
1.186319205,41.8592,259.7677
1.180074311,33.98049,255.4706
1.181571909,27.40626,251.1784
1.184287026,21.95144,246.8911
1.185214992,17.45304,242.6086
1.185325813,13.76781,238.331
0.680070255,2387.941,292.8672
0.679701648,2319.575,292.7153
0.678838577,2251.209,292.5594
0.679210245,2182.961,292.3994
0.676551152,2114.835,292.235
0.676017125,2046.838,292.0655
0.677646774,1978.978,291.8905
0.677313154,1911.262,291.7093
0.676747067,1843.701,291.5212
0.679046298,1776.303,291.3253
0.679564133,1709.079,291.1207
0.677830337,1642.041,290.9062
0.680608583,1575.203,290.6806
0.675370145,1508.578,290.4426
0.677266204,1442.183,290.1905
0.676219878,1376.036,289.9226
0.67392045,1310.156,289.6369
0.677488162,1244.566,289.3312
0.677410028,1211.489,289.1681
0.680680422,1194.457,289.0816
0.678915146,1185.808,289.0369
0.675605149,1181.448,289.0143
0.681361708,1180.352,289.0086
0.68009559,1179.803,289.0057
0.678817718,1179.803,289.0057
0.677200555,1177.605,288.9943
0.675734645,1176.508,288.9885
0.676909109,1174.313,288.9771
0.67983102,1169.931,288.9541
0.681422696,1161.201,288.908
0.68074001,1143.873,288.8148
0.676675824,1109.745,288.6251
0.675414288,1043.584,288.2319
0.677935295,979.5717,287.8158
0.674116644,915.9239,287.3624
0.678299858,852.7908,286.8677
0.677358318,790.2243,286.3266
0.67672145,728.2924,285.7328
0.674464117,667.075,285.0791
0.678680723,606.6668,284.3567
0.676588121,547.1817,283.555
0.675313689,488.7574,282.661
0.671908999,431.5618,281.6584
0.677598493,375.8025,280.5272
0.681198026,321.7382,279.2412
0.680976041,269.695,277.7669
0.67673933,220.0878,276.0601
0.676449099,173.4488,274.0617
0.678591072,161.5285,273.4664
0.675656752,154.6272,273.102
0.678257107,152.8456,273.0055
0.679185684,152.387,272.9804
0.680107389,152.387,272.9804
0.677453215,151.4856,272.8382
0.677246175,151.0453,272.7686
0.675897558,150.1684,272.6292
0.675999762,148.4289,272.3507
0.677200565,145.0061,271.7946
0.678388254,138.3809,270.686
0.679480692,125.971,268.4832
0.676047165,104.2089,264.1354
0.6806389,85.90245,259.8385
0.677111276,70.39346,255.5447
0.677610788,57.32578,251.2552
0.6761591,46.37593,246.9699
0.672805042,37.25499,242.6889
0.679421614,29.70566,238.4123
0.679127211,23.49956,234.14
0.677090868,18.43469,229.8724
0.677787504,14.33322,225.6094
0.63030728,2403.957,293.0597
0.62615031,2335.565,292.905
0.628217297,2267.172,292.7463
0.630863931,2198.897,292.5832
0.626766823,2130.742,292.4155
0.629862518,2062.714,292.2426
0.626562238,1994.821,292.064
0.630208262,1927.071,291.8791
0.629204119,1859.473,291.687
0.626045138,1792.036,291.487
0.631604881,1724.77,291.2782
0.627806219,1657.688,291.0594
0.627654897,1590.802,290.8296
0.62967654,1524.126,290.5872
0.631572677,1457.676,290.3309
0.627243758,1391.469,290.0589
0.629398762,1325.524,289.7694
0.630133035,1259.864,289.4602
0.630661613,1194.513,289.129
0.629628285,1129.498,288.773
0.628541346,1127.42,288.7611
0.627620222,1127.42,288.7611
0.62944769,1125.228,288.7487
0.627131124,1124.132,288.7424
0.623432701,1121.94,288.7299
0.630148522,1117.565,288.7048
0.631083272,1108.85,288.6543
0.624549537,1091.557,288.5525
0.627255941,1057.524,288.3452
0.630513711,991.6428,287.9157
0.633390393,928.0056,287.4616
0.629316989,864.7653,286.9663
0.627819396,802.0863,286.4255
0.628909609,740.0279,285.8332
0.632025155,678.6676,285.1823
0.627983474,618.0973,284.4643
0.627677018,558.4268,283.6691
0.628309915,499.7886,282.784
0.627368745,442.3445,281.7937
0.629520743,386.2936,280.6785
0.632524759,331.8839,279.4139
0.629921561,279.4271,277.9678
0.628770695,229.3193,276.2982
0.628691779,182.0678,274.3491
0.62614902,158.6961,273.1935
0.631041622,157.0421,273.1056
0.629119728,156.1214,273.0563
0.628914442,155.659,273.0314
0.635661617,155.659,273.0314
0.629872908,154.6269,272.8932
0.62777182,154.1687,272.822
0.628422687,153.2751,272.6827
0.631572293,151.5023,272.4042
0.629501943,148.0142,271.8481
0.626398846,141.262,270.7395
0.63111386,128.613,268.5369
0.627939114,106.427,264.1894
0.633021998,87.75824,259.893
0.631435498,71.93723,255.5997
0.628380758,58.6024,251.3107
0.631837435,47.42514,247.0258
0.629411113,38.11175,242.7452
0.630980949,30.40052,238.4689
0.630244868,24.05909,234.197
0.627582689,18.88185,229.9296
0.627988302,14.6877,225.6669
0.692029543,2880.152,295.1992
0.68930007,2811.11,295.0722
0.689162324,2742.068,294.9433
0.688059376,2673.109,294.8126
0.690816819,2604.236,294.6799
0.694094671,2535.451,294.5452
0.687834555,2466.761,294.4082
0.69001806,2398.168,294.2688
0.692794062,2329.679,294.1269
0.689810338,2261.299,293.9821
0.690874365,2193.034,293.8342
0.687844834,2124.89,293.6828
0.690826235,2056.873,293.5276
0.689595332,1988.993,293.3681
0.691941081,1921.255,293.2037
0.692344393,1853.67,293.0337
0.695148748,1819.646,292.9456
0.691128887,1802.272,292.8999
0.690621214,1801.722,292.8985
0.69035839,1801.722,292.8985
0.689263288,1799.501,292.8931
0.690646589,1798.392,292.8904
0.689378818,1796.173,292.885
0.690306543,1791.74,292.8742
0.692604816,1782.898,292.8524
0.687956536,1765.3,292.8087
0.692249378,1730.458,292.7197
0.692603851,1662.176,292.536
0.689733484,1595.32,292.343
0.685725911,1528.628,292.136
0.688753977,1462.162,291.9137
0.69256361,1395.938,291.6745
0.689923885,1329.975,291.4167
0.687971017,1264.295,291.1383
0.688960071,1198.922,290.8373
0.691650861,1133.883,290.5111
0.691063088,1069.21,290.1572
0.689491757,1004.938,289.7723
0.689235972,941.1079,289.353
0.689186105,877.7661,288.8951
0.688124801,814.9673,288.3939
0.693200372,752.7749,287.8437
0.68932498,691.2636,287.2378
0.692403938,630.522,286.5683
0.693012253,570.6558,285.8255
0.691966243,511.7925,284.9976
0.68910638,454.0872,284.07
0.690777081,397.7304,283.0243
0.68992123,342.959,281.8372
0.688162217,290.0701,280.4788
0.69061834,239.4403,278.9098
0.687611541,191.5515,277.078
0.69234498,147.0229,274.9134
0.689040386,125.2184,273.6108
0.69037194,119.0972,273.2065
0.690536197,117.4089,273.0916
0.689451811,116.9735,273.0617
0.691143009,116.9735,273.0617
0.689019814,116.0539,272.9093
0.691712216,115.7039,272.8384
0.687277662,115.0195,272.699
0.69022238,113.6621,272.4205
0.693847479,110.9925,271.8644
0.687968958,105.829,270.7557
0.688614131,96.17183,268.5528
0.690997437,79.28732,264.2045
0.690328785,65.1398,259.9072
0.690670881,53.20036,255.6133
0.690947995,43.17834,251.3237
0.691239064,34.81191,247.0386
0.692189021,27.86878,242.7578
0.690789258,22.14336,238.4815
0.689487106,17.45426,234.2097
0.691314768,13.64192,229.9426
0.687785076,2434.909,292.7317
0.683720045,2366.467,292.584
0.682036253,2298.025,292.4328
0.686199473,2229.697,292.278
0.68374455,2161.487,292.119
0.679639973,2093.401,291.9557
0.685680155,2025.446,291.7873
0.682914656,1957.631,291.6135
0.683804245,1889.963,291.4334
0.684649273,1822.451,291.2463
0.684366311,1755.107,291.0513
0.685404216,1687.941,290.8475
0.683114339,1620.964,290.6337
0.685011524,1554.192,290.4086
0.683466219,1487.638,290.1707
0.685462933,1421.319,289.9184
0.685216047,1355.253,289.6498
0.682114435,1289.462,289.363
0.686157276,1256.288,289.2102
0.682913385,1239.221,289.1293
0.685601428,1237.049,289.1189
0.684719887,1235.951,289.1136
0.687661679,1235.401,289.1109
0.68353838,1235.401,289.1109
0.683286678,1233.2,289.1004
0.683946473,1232.101,289.0951
0.683378952,1229.903,289.0846
0.685585196,1225.515,289.0634
0.680752691,1216.77,289.0209
0.681877947,1199.407,288.9351
0.681849706,1165.187,288.7603
0.685885927,1098.754,288.3981
0.687406539,1034.377,288.0149
0.683776414,970.3336,287.598
0.683647669,906.7617,287.1439
0.684125416,843.7064,286.648
0.686309069,781.2272,286.1051
0.682130606,719.3934,285.5087
0.68446205,658.2867,284.8513
0.685935707,598.0045,284.1241
0.6849875,538.6637,283.316
0.684364475,480.4058,282.4136
0.685987404,423.404,281.4003
0.678578847,367.8724,280.2551
0.685341063,314.0784,278.951
0.682677161,262.3594,277.4531
0.680324046,213.1454,275.7152
0.685007717,166.9881,273.6755
0.686732629,155.1996,273.0661
0.683710415,154.3274,273.0193
0.685891061,153.8659,272.9944
0.687209869,153.8659,272.9944
0.686615141,152.7767,272.858
0.687265241,152.3148,272.786
0.685469567,151.424,272.6467
0.684136179,149.6568,272.3682
0.68078138,146.1804,271.812
0.683493187,139.4535,270.7034
0.682298819,126.8607,268.5007
0.688327197,104.8047,264.1528
0.68363354,86.28077,259.8558
0.684231722,70.61237,255.562
0.685088283,57.43093,251.2724
0.684072517,46.4027,246.9871
0.687375414,37.23034,242.7061
0.682740013,29.64974,238.4294
0.684374527,23.42705,234.1572
0.682500371,18.35596,229.8895
0.681345267,14.25528,225.6265
0.642457397,2697.33,294.2997
0.643606861,2628.512,294.1647
0.642822331,2559.693,294.0272
0.642296093,2490.969,293.8872
0.6408683,2422.341,293.7446
0.643514724,2353.815,293.5989
0.640671494,2285.396,293.4501
0.645201047,2217.09,293.2977
0.643845815,2148.902,293.1415
0.640765832,2080.84,292.9808
0.643062517,2012.91,292.8153
0.642176622,1945.121,292.6444
0.644319284,1877.482,292.4673
0.646361836,1810,292.2832
0.63993059,1742.688,292.0913
0.643910987,1675.556,291.8905
0.643360669,1608.616,291.6796
0.645023615,1574.896,291.5689
0.644107328,1557.63,291.511
0.642176996,1548.889,291.4813
0.643042827,1546.688,291.4738
0.642088883,1546.136,291.4719
0.645832949,1546.136,291.4719
0.643723558,1543.922,291.4645
0.647483316,1542.817,291.4608
0.643559613,1540.605,291.4534
0.642264121,1536.189,291.4387
0.640653506,1527.381,291.409
0.640074656,1509.869,291.3492
0.640512663,1475.254,291.2275
0.644215188,1407.645,290.9759
0.644698385,1341.691,290.7111
0.640518554,1275.957,290.4257
0.645471012,1210.527,290.1178
0.642714813,1145.427,289.7851
0.643974521,1080.686,289.4247
0.646905376,1016.34,289.0336
0.645474614,952.4281,288.6083
0.643143874,888.9956,288.1447
0.641898551,826.0958,287.638
0.639377304,763.7904,287.0828
0.642242628,702.152,286.4724
0.643258675,641.2663,285.7991
0.641706576,581.2358,285.0535
0.643418421,522.1836,284.224
0.643834639,464.2595,283.2964
0.643231223,407.647,282.2532
0.64238093,352.5738,281.0718
0.644018244,299.325,279.7235
0.644564816,248.2615,278.1707
0.641500137,199.8443,276.3638
0.6465028,154.6655,274.2357
0.643483759,143.146,273.5967
0.643718634,136.4288,273.2011
0.645097364,134.6926,273.0958
0.644147367,133.7984,273.0411
0.645587208,133.7819,273.0401
0.644255183,132.9722,272.8926
0.64245606,132.5813,272.8231
0.644403942,131.8016,272.6837
0.641393483,130.255,272.4052
0.643898054,127.2128,271.8491
0.643614475,121.3275,270.7405
0.643264701,110.3158,268.5377
0.64342386,91.04729,264.1898
0.639917237,74.88401,259.8929
0.642583485,61.22785,255.5993
0.643866625,49.7517,251.31
0.644000648,40.16027,247.0251
0.641625585,32.19113,242.7444
0.646212351,25.61161,238.4681
0.641948585,20.21618,234.1963
0.645619849,15.82376,229.9291
0.600854389,148.0544439,272.6165374
0.598707545,158.2877084,272.981368
0.603550622,163.6666013,273.1637834
0.597612726,170.0661658,273.3157961
0.601838308,180.8110019,273.528614
0.602001165,186.5235574,273.7718344
0.59865876,190.9060446,273.9238472
0.602784931,200.7614223,274.1366651
0.599499907,211.4586317,274.3190804
0.600577387,218.6443654,274.5014957
0.600520644,227.7673439,274.6535085
0.599731383,236.1267984,274.8663264
0.601621617,243.5358156,275.0487417
0.601586977,251.7586703,275.1703519
0.596502936,269.8394802,275.5351825
0.60260868,289.8273103,275.778403
0.596675016,293.6594978,275.9304157
0.602065092,312.2130013,276.1432336
0.60225341,317.9742779,276.3256489
0.597818067,327.1253797,276.5080643
0.599178371,334.7762124,276.6296745
0.597788591,350.5451957,276.8120898
0.599570158,369.883551,277.0249077
0.599383931,384.4272375,277.2377255
0.601559321,402.6195457,277.480946
0.602620617,434.6295913,277.7241664
0.602791368,448.3613091,277.9673868
0.598875664,462.3810764,278.1193996
0.599581556,487.8377599,278.3018149
0.596633124,530.6784123,278.5754379
0.59838826,554.2753154,278.7578532
0.701929703,99.16496356,272.6773425
0.703231166,99.97061867,272.8293553
0.697531302,107.930069,273.1029783
0.698815071,111.2932282,273.2245885
0.699947188,114.7853072,273.4070038
0.700560322,120.2173097,273.6502242
0.698380793,123.9633459,273.7718344
0.700848122,131.5048666,274.07586
0.699052321,137.6991479,274.2582753
0.699971095,147.557413,274.5623008
0.701092568,156.1400293,274.8663264
0.700012845,163.4947021,275.0487417
0.699127228,169.9053987,275.231157
0.69978078,180.6021163,275.3831698
0.699823274,195.0222605,275.7175979
0.699259978,207.9766696,276.0824285
0.699482408,217.7730067,276.2648438
0.703197294,224.8659127,276.4168566
0.701121839,236.3750634,276.6296745
0.699409039,238.2954672,276.7816872
0.701393909,253.3510531,276.9945051
0.699332361,263.3403959,277.2377255
0.702346249,284.3368823,277.5417511
0.700739284,294.7415618,277.7241664
0.699785396,313.0672016,278.0281919
0.700895434,342.7500251,278.3322175
0.696858248,362.5335197,278.5146328
0.697746465,372.9670088,278.6970481
0.69761215,388.5699603,278.8794634
0.700285886,393.7491292,279.0618788
0.70346503,427.2482608,279.3355017
0.7044626,440.6541501,279.5179171
0.701276102,467.3147467,279.7307349
0.701001689,499.5097325,280.0347605
0.696397885,525.7935816,280.2779809
0.698914652,558.9546517,280.4603962
0.698424432,580.932545,280.6732141
0.698758305,641.7863797,281.0380447
0.699663712,678.9015594,281.2508626
0.699055819,736.4285035,281.4332779
0.6960414,777.6265041,281.8589137
0.701495821,814.1695284,282.0109265
0.697854514,852.6089945,282.2237443
0.800478494,77.80828413,272.5557323
0.804148165,79.04447742,272.7381476
0.798161231,81.93693529,272.9205629
0.794939425,85.3557698,273.0725757
0.799427992,89.39507379,273.3157961
0.802201919,91.49546676,273.4678089
0.803916695,101.8903024,273.9542498
0.797540901,106.9590631,274.1366651
0.800993398,113.4422546,274.3798855
0.799069379,118.1880738,274.5623008
0.799788103,122.512905,274.7447162
0.805288687,127.638192,274.9271315
0.796994059,137.4822666,275.2615596
0.800507479,147.340487,275.5959877
0.800935386,151.1990421,275.778403
0.802171573,159.1215827,275.9608183
0.800195966,165.7783815,276.1432336
0.800616101,171.8446749,276.3256489
0.799216703,182.8939716,276.4776617
0.800538254,189.3675483,276.6904796
0.799313615,203.908196,276.9337
0.801243144,211.9035229,277.1161153
0.799260779,217.9790667,277.2681281
0.800754201,223.1006208,277.4201409
0.799941474,244.5616514,277.7241664
0.802252101,257.0518612,277.9065817
0.799897213,266.7943276,278.088997
0.796453935,276.6152063,278.3322175
0.802523843,289.6446283,278.5146328
0.798188535,296.4500094,278.6666456
0.798692467,317.5735576,278.8794634
0.798808677,332.5322431,279.0618788
0.802748876,360.7852892,279.3050992
0.795728652,378.6935621,279.457112
0.806275497,394.6604816,279.7307349
0.802112114,418.4943749,279.9131503
0.800446478,436.0019488,280.0955656
0.799890212,449.6825049,280.2779809
0.800571108,473.245008,280.4603962
0.801042245,459.5231675,280.7036167
0.801290431,507.3391453,280.886032
0.801111209,551.9503578,281.1900575
0.800179161,595.7076542,281.3724728
0.799605323,611.5650681,281.6764984
0.799697453,653.4232565,281.8589137
0.799610183,705.3733132,282.1021341
0.80226754,744.1298872,282.2541469
0.801187113,775.3417879,282.4669648
0.794119223,822.1653597,282.6493801
0.801311802,855.8405833,282.8317954
0.800389472,904.4789107,283.0142107
0.799962582,965.5733219,283.196626
0.899222963,64.39875996,272.5557323
0.902248225,65.1680303,272.7077451
0.901895053,68.15881086,272.9205629
0.898454245,72.28257677,273.1333808
0.900814105,75.11680726,273.3157961
0.898056687,77.47376852,273.4982115
0.897240764,80.53693359,273.7718344
0.898746566,84.75691484,273.9542498
0.901724787,88.08026943,274.1366651
0.90190625,92.22911943,274.3190804
0.901026171,96.57339296,274.5014957
0.901450192,99.85512558,274.683911
0.901032357,106.4209099,274.8663264
0.898717037,112.6108384,275.1703519
0.900863845,117.9399381,275.4135723
0.901600819,125.6816469,275.5655851
0.901508583,127.678437,275.7480004
0.902377827,132.3644559,275.9608183
0.901416608,139.2854626,276.1128311
0.900702896,148.2568406,276.2952464
0.9021403,153.5366931,276.5688694
0.899946957,159.5401658,276.7208821
0.898236251,172.2062216,276.9337
0.899673866,178.9396957,277.0857128
0.898510195,186.01463,277.3593358
0.898649643,201.5223554,277.5417511
0.899710963,207.1478246,277.8457766
0.89841516,227.0265662,278.088997
0.899384077,238.8219162,278.3930226
0.896212771,250.2814775,278.5754379
0.900426587,258.1346301,278.7578532
0.900002411,274.0689968,278.9402685
0.898365823,293.196973,279.1226839
0.901318491,308.5599335,279.3050992
0.90187514,315.8761224,279.5179171
0.89678488,336.6813358,279.7307349
0.89847455,346.4072154,279.9435528
0.898461715,376.7486128,280.1563707
0.898120194,393.046344,280.3691886
0.90165895,419.4630014,280.5820064
0.899612348,434.8123224,280.7644218
0.89947097,458.7511907,280.9468371
0.895992275,481.5727934,281.1292524
0.901270836,520.0238883,281.4636805
0.897521483,574.4370525,281.7981086
0.900119865,579.1040048,281.9501213
0.900554754,631.4174963,282.1629392
0.902721317,684.9208628,282.3453545
0.897382359,728.1178693,282.5277699
0.893960976,769.4975795,282.7101852
0.900367699,827.0178831,282.8926005
0.903601022,868.159735,283.0750158
0.902477893,936.1979739,283.2574311
0.900419319,998.804941,283.5006516
0.999016728,54.99576968,272.8597578
1.001614245,57.58018744,273.0117706
0.998052908,60.30506335,273.254991
1.000952716,65.58711236,273.4678089
1.00101094,67.67349767,273.7718344
1.00212042,72.33576718,274.07586
1.00551932,77.67756995,274.2582753
1.000784832,83.21248592,274.4710932
0.998982073,83.90616959,274.683911
0.999948851,89.8754594,274.8663264
0.996461848,94.86347647,275.1703519
0.998610574,102.3732662,275.3223647
0.999181435,105.5965571,275.5351825
0.998951823,110.5820977,275.7480004
1.00030471,115.8030212,275.9608183
0.99835516,118.2377636,276.1432336
1.002242061,123.1842013,276.3256489
1.000000414,130.2943802,276.5080643
0.999981399,138.2791723,276.6904796
0.999344211,140.3580617,276.8728949
1.000310381,154.7027792,277.2985307
1.001650197,164.8749669,277.480946
0.99826574,175.3470919,277.7849715
0.998683767,186.4059892,277.9673868
0.999392548,198.1623557,278.1498022
0.997308258,201.3530103,278.3930226
0.998361484,217.8645649,278.5754379
0.999047558,232.1898359,278.7578532
1.001748778,240.7369,279.0010737
1.000525123,245.7467056,279.1226839
1.00038718,265.2846623,279.3659043
1.001701796,281.9565319,279.4875145
0.999725256,293.8138348,279.7307349
1.00078093,314.1217339,280.0955656
0.999793556,332.6370924,280.2475783
1.000530725,354.993642,280.4603962
0.998834483,370.3113608,280.6428115
0.995122366,379.5301825,280.8252269
0.999731442,422.471135,281.1900575
1.002845496,436.8274423,281.3724728
1.001852431,458.5583992,281.5548882
1.001930795,486.1489589,281.6764984
1.002472261,511.2997522,281.9197188
1.000177315,551.3706438,282.1021341
1.000394631,588.6138172,282.2845494
0.998764696,637.9536582,282.4669648
0.999367854,675.3437859,282.6493801
1.001231542,715.526607,282.8317954
1.002407769,776.8097622,283.0142107
0.999721107,833.4741021,283.196626
0.999099621,893.5203363,283.3790414
1.000001056,964.3564786,283.5614567
1.001202413,1124.265874,283.9262873
0.99711229,1161.249449,284.0478975
0.759068977,3558.562112,298.4415994
0.635490998,2839.586749,294.7824215
0.973357204,3265.84028,301.2070679
0.60681076,2722.769052,293.9423374
0.718929326,3560.869701,297.6548869
0.598437018,3472.759728,295.1248222
0.766485591,3597.426605,298.5010586
0.759381109,3884.370781,298.8452031
0.867768011,3492.008947,300.0177328
0.599299315,2812.128339,293.9144239
0.878723359,3789.489257,300.6881523
0.772527198,2871.451917,297.3450349
0.916753293,3607.721688,300.942998
0.975000739,3006.127123,300.7035297
0.683083372,3112.786321,296.2638222
0.895486394,3527.180191,300.5471626
0.618144869,3210.744656,295.0558997
0.92468249,3255.411793,300.4620353
0.55,3721.778663,293.9344867
0.937473424,3932.155727,301.7480236
0.857415399,3752.104932,300.2369498
0.628033288,3258.18201,295.4292258
0.585937537,3598.104137,294.9528243
0.902856496,3540.376603,300.6576826
0.927350592,3208.829776,300.4107377
0.626560389,3794.909306,296.2109496
0.691854359,3123.931397,296.3872585
0.828933194,3514.895199,299.4741105
0.55,3258.869688,293.1902194
0.796562634,2895.860019,297.8307434
0.775827714,3303.279226,298.2655901
0.576545137,3949.058919,295.2946124
0.987114518,3268.034623,301.3784067
0.587254943,3974.41003,295.6140756
0.915374572,3232.537744,300.3271192
0.812442511,3872.787577,299.817456
0.648882061,3647.6238,296.4444224
0.724121017,2723.248662,296.1407654
0.623233411,3311.684703,295.3377295
0.907181436,3366.690815,300.4105104
0.940292401,3392.834723,300.9380477
0.706988069,3104.943952,296.6587142
0.786623816,3920.317262,299.355755
0.803858843,3083.619081,298.3488734
0.55,3467.732577,293.0816896
0.556641714,3482.113195,294.1429459
0.714791454,3921.208111,298.0835694
0.637279039,3872.661025,296.513567
0.947098409,2730.257458,299.7810011
0.869508123,3494.549785,300.0370622
0.932380811,3430.966998,300.8646638
0.55,3645.490811,293.1449887
0.932968435,3950.583859,301.7016271
0.701743325,3131.255853,296.6056735
0.773314465,3334.595422,298.1890147
0.857077701,3073.961302,299.1775446
0.724851124,3113.554471,297.0558986
0.890933108,3758.821187,300.7867279
0.801735601,2724.067682,297.5655488
0.556646643,3208.903259,293.7145636
0.55,3115.121047,292.6911865
0.741381548,2760.122499,296.6219697
0.594054933,2907.153521,293.9493077
0.721240799,3398.389553,297.4884412
0.55,3859.817817,293.4799616
0.823015485,3500.069111,299.3413732
0.616326153,3372.906866,295.3967867
0.851697206,3723.41192,300.1454169
0.574270582,3770.070688,294.9458111
0.560983018,2728.39466,292.912152
0.815421802,3677.06785,299.4849741
0.955438428,3093.381651,300.6513905
0.988928968,3308.430851,301.4757377
0.59735944,3033.978918,294.3434205
0.730858061,3325.989016,297.4948994
0.771845205,3145.831471,297.8437989
0.848449328,3614.141917,299.9044492
0.739374942,3492.536758,297.9499312
0.896473883,3465.647699,300.4089705
0.863788658,3030.120288,299.1453214
0.75680025,3941.984048,298.8535566
0.68647687,3409.733086,296.7390317
0.873833424,3592.1006,300.3095999
0.797570382,3815.159723,299.43247
0.988845462,3704.486962,302.1338202
0.550419075,3872.349133,294.6265928
0.955111774,3138.482647,300.681635
0.705018519,3135.945369,296.6422187
0.55,2792.415904,292.0189829
0.634376611,3730.724425,296.2784878
0.748194126,2775.955656,296.7614689
0.569999325,3865.741695,295.1001904
0.629250744,2837.66587,294.5405642
0.600057599,3858.724286,295.7933697
0.575046841,3045.804429,293.8453583
0.976268065,3070.258418,300.8049804
0.55,2719.166577,292.0795745
0.617543781,3438.599584,295.4686148
0.716554411,2876.697627,296.4162308
0.804327907,3061.515521,298.2828819
0.551328791,3557.398769,294.1049908
0.817308706,2725.204465,297.8940522
0.580334197,3868.084058,295.2307394
0.671266636,3536.688395,296.7653113
0.92808095,3006.764486,300.075369
0.55,2871.205278,292.7889036
0.928110123,3579.545057,301.0435389
0.55,3354.903365,293.4762404
0.998743132,2948.620525,300.9185659
0.742917887,2789.803546,296.6306247
0.884970812,2747.199864,298.9595569
0.849605846,2730.462097,298.339109
0.895761787,2963.403636,299.5340739
0.557745988,3548.602358,294.2869784
0.910742943,2797.966754,299.4036615
0.644713747,2795.086296,294.8841435
0.646265036,3936.618835,296.7859643
1.001725783,3063.810025,301.1428773
0.707735236,2900.35509,296.2944377
0.990069139,3909.749103,302.4010526
0.860268854,3269.937089,299.5797821
0.901257965,3711.187841,300.9014759
0.55,3888.757661,293.9889699
0.922924824,3892.14541,301.4143005
0.905025036,3964.655088,301.2891539
0.55,3661.323651,293.2623205
0.59166645,2977.632836,294.0971495
0.55,3409.346808,293.4801089
0.612731536,3304.51442,295.1108365
0.671886035,2788.159385,295.3486548
0.5875168,3349.492987,294.6839038
0.697305627,3418.531445,297.037293
0.555721385,3927.332727,294.8053459
0.630233604,3218.646344,295.375254
0.655311556,3525.78805,296.3796543
0.909530371,3116.521846,299.9434653
0.564189917,2910.714033,293.3628966
0.550064519,3314.898663,293.7658613
0.554979165,3040.044065,293.4120373
0.96320344,2990.270893,300.5090307
0.773300201,2739.747438,297.131343
0.98755745,3932.142928,302.4362473
0.592040806,3350.580886,294.7073416
0.657350003,3856.936071,296.8592795
0.780946485,3909.77578,299.2836326
0.749768525,3602.496497,298.3335513
0.55,3152.111173,292.6746072
0.57724025,3316.49649,294.4097127
0.887680338,3283.014325,299.9548913
0.922197953,3799.529298,301.3682993
0.645443709,3437.104362,295.9999326
0.55,2881.812245,292.5564749
0.605924519,3437.947183,295.1798537
0.81174515,3069.075869,298.4116625
0.666828113,3110.454314,295.9405385
0.711291874,3788.02835,297.8686159
0.934214862,3404.470497,300.844172
0.742360404,2735.587015,296.5765971
0.928678406,3411.1828,300.7790673
0.848578981,3529.24689,299.7282089
0.73717733,2809.397043,296.696053
0.924774853,3119.582386,300.1846039
0.584417273,3751.032666,295.2175902
0.797465274,3046.397367,298.1654846
0.592192421,3794.775833,295.517435
0.702058995,2851.522538,296.092442
0.628450442,3633.850312,295.9580597
0.657880199,3550.401593,296.4721345
0.879588158,3854.643099,300.7166194
0.616683085,3446.026482,295.5157255
0.821616701,3201.002837,298.8112005
0.936849617,3482.996502,301.0660862
0.973081311,3201.178344,301.0457901
0.686949592,3955.225758,297.6004377
0.791471791,3897.880192,299.4376523
0.713938338,2987.818094,296.6657167
0.582475947,3868.659924,295.3399529
0.883678681,2954.840708,299.3049756
0.861350402,3611.126633,300.105002
0.934455085,3958.138551,301.6818464
0.928511315,2843.463143,299.7836908
0.582719136,2793.022984,293.5080637
0.923217658,2732.710577,299.4140363
0.788623291,2823.884839,297.6156121
0.741848701,2749.592152,296.5891801
0.63890137,3666.048549,296.2821498
0.843013776,3649.621403,299.8941187
0.711547905,3057.632453,296.6442953
0.874284046,2843.292657,298.9707127
0.75781875,3579.651764,298.3968481
0.888436984,3141.026298,299.7372932
0.55,3532.235858,293.564201
0.672828539,3383.891368,296.5358001
0.704770449,3300.809956,296.9375493
0.562634233,3536.544182,294.4547347
0.596234531,3047.785348,294.2989017
0.606929421,2729.3445,293.9169655
0.920329712,3924.512317,301.5160798
0.705587064,2921.001995,296.312949
0.661285554,3739.724109,296.7760453
0.748447278,2724.935983,296.6995234
0.917050972,3193.015675,300.2659565
0.55,2771.8834,291.7311711
0.931648549,3925.376524,301.6079795
0.74214517,3585.3525,298.1154758
0.607017797,3157.390871,294.7853201
0.985498253,3298.849663,301.357718
0.840045033,3641.864189,299.777794
0.609167254,3270.47494,294.9606455
0.974777613,3424.159998,301.4603381
0.675514711,3178.590694,296.225911
0.98072172,2906.247982,300.627777
0.773591155,2787.418594,297.2111027
0.756488163,3320.116355,297.9128044
0.720640028,2910.07808,296.4921765
0.611063646,2855.456718,294.2530075
0.991194024,3927.319498,302.50145
0.752141488,3876.268464,298.6813576
0.805512666,3003.572634,298.2202864
0.906544406,2746.748508,299.247765
0.557865579,3073.444395,293.4986077
0.803656419,3342.331865,298.6973966
0.602497554,3415.035556,294.9647152
0.739050911,2826.735034,296.6873152
0.859921066,3179.94901,299.3818043
0.704226288,2917.966077,296.2366966
0.828042329,3942.899502,300.0580221
0.644921889,3434.692936,296.0347061
0.58215368,2893.465827,293.6446923
0.753535024,2832.964705,296.9682488
0.774000555,3241.340575,298.0766065
0.630974842,2796.93534,294.5536313
0.756593947,2814.21577,296.9769399
0.989348161,3246.570076,301.334432
0.691137199,3920.323231,297.6889285
0.736978095,3100.185145,297.216412
0.873578585,3207.112355,299.6666164
0.612935862,3250.648829,295.0304142
0.943668574,3251.538037,300.7143432
0.569007108,3475.398843,294.4307902
0.71549957,3835.151314,297.9381439
0.983475742,3965.110351,302.4103534
0.798287275,3471.986474,298.8669252
0.936237955,3009.999914,300.2210081
0.654839911,3834.509327,296.8491313
0.849429964,3644.238987,299.9621049
0.946227724,3740.130639,301.5417927
0.839244842,3354.896718,299.3668385
0.842547554,3884.582529,300.2361123
0.55,3417.318725,293.8483056
0.69721214,3349.137792,296.9163273
0.712416775,2729.157942,295.9945254
0.83717337,3622.609556,299.7393827
0.711959729,3285.230862,297.0511463
0.705544854,2774.50107,295.9925323
0.738668618,3632.03411,298.1166977
0.96544473,3362.190985,301.2488047
0.631395304,3299.71906,295.4914972
0.55,3539.957036,292.9493415
0.576282757,3584.916544,294.76686
0.726910963,3941.937755,298.3802146
0.852695967,3293.133481,299.5296904
0.943329097,3428.150902,301.0013052
0.689115502,3286.325706,296.6615148
0.79467909,2903.577968,297.8446793
0.911330918,3297.152358,300.3318354
0.55,2889.249555,292.2097567
0.773970947,2812.050517,297.2495739
0.738301306,3124.868819,297.2429618
0.871376561,3950.638923,300.754426
0.919716172,3350.215018,300.603926
0.586515479,3395.137619,294.6629556
0.935754845,3797.674007,301.4958359
0.799334682,3692.308791,299.2640183
0.711760391,2742.846194,296.0385049
0.74066499,2857.472158,296.8619834
0.902780904,3932.755834,301.2092403
0.881099639,3340.948488,300.0100382
0.55,3635.292161,293.1035766
0.78915864,3731.595817,299.1924146
0.557392539,3550.97888,294.2502507
0.647545285,2775.552592,294.9008956
0.988480281,3571.697246,301.8468554
0.883767565,3953.246178,300.9830459
0.863967192,3210.05622,299.5441574
0.944935338,3246.14754,300.77611
0.620953068,3979.126544,296.2886037
0.961848756,3653.250499,301.6558874
0.799732065,2997.410423,298.0990354
0.842326848,3296.689287,299.3020144
0.936684732,3553.149612,301.1267961
0.926890373,3318.157657,300.5810761
0.932795445,2972.68558,300.0283508
0.729430193,3256.195255,297.3513269
0.713972177,2720.229451,296.0856922
0.602392805,3676.513158,295.5251288
0.591350778,3655.433872,295.2221908
0.643876259,3980.397217,296.8574348
0.579706623,3436.021918,294.6742188
0.751931389,3166.202568,297.5678776
0.614068226,2937.479944,294.5065143
0.565805209,3461.642009,294.3547838
0.705424503,3858.691494,297.8753792
0.551896567,3838.010265,294.6124293
0.681313511,2714.88995,295.4488843
0.644837464,3968.981373,296.7856387
0.927014022,3487.056487,300.8668735
0.762398707,3638.656203,298.6081942
0.716686917,3097.868232,296.8595113
0.680250849,3340.589726,296.6229031
0.591669895,3729.66158,295.3804903
0.92238003,3103.666672,300.1698741
0.752827252,3359.906201,297.9811971
0.62556039,3478.37365,295.731715
0.785078911,2712.359938,297.2998994
0.837362406,2954.572377,298.5990918
0.889959538,3946.431635,301.0481433
0.669479792,3736.945562,297.0094431
0.55,3273.885165,292.4440633
0.570253832,3541.121682,294.6090029
0.68077368,2785.445449,295.5596475
0.835829353,2782.728828,298.1853562
0.55,3405.737826,292.6987883
0.879801087,3754.579695,300.6572974
0.810582768,3469.567972,299.0602014
0.980919682,3278.305299,301.2764838
0.560215517,3313.87047,294.038108
0.701865651,2754.971319,295.8551056
0.725887126,3656.294115,297.868079
0.748723369,3696.299456,298.4327941
0.55,2771.047988,292.4363585
0.612034985,3968.044115,296.0923468
0.825863036,3006.491489,298.5137528
0.882425316,3592.939004,300.3934568
0.865836077,3327.969054,299.7148003
0.55,3987.977258,294.445642
0.685504344,2838.572653,295.7977154
0.627365055,2781.540657,294.431577
0.993431671,2797.551562,300.5251358
0.870783297,2724.837409,298.6651632
0.967502556,2840.416957,300.2940464
0.593669257,3527.823547,295.1551435
0.899755619,3685.074097,300.7960956
0.939978889,2878.651319,299.9705807
0.924671126,3152.727849,300.2917776
0.95729416,3640.256805,301.5367382
0.790933216,3261.925517,298.4259961
0.774451678,3580.058071,298.641366
0.94996252,3856.947679,301.8200785
0.904840009,3674.696045,300.871108
0.55,2900.279172,291.9764068
0.691252232,2999.223675,296.1600686
0.997967292,3962.322466,302.611879
0.697814648,3926.426982,297.8056345
0.55,3807.515484,294.1666501
0.859318618,3409.905444,299.776193
0.912885959,3461.765258,300.6978282
0.919068128,3453.039281,300.6758363
0.644214182,3215.831932,295.5828333
0.62628367,3167.197821,295.2384993
0.555308942,2811.968243,292.9193718
0.793329657,3445.425046,298.7802774
0.55,3259.99059,292.8903408
0.552719395,2833.872043,292.9209204
0.55,3213.686088,292.9137477
0.55,3061.785654,292.7458348
0.821390192,3277.337386,298.9629066
0.709989756,3633.721802,297.6317661
0.55,3122.00431,293.362616
0.611796701,3866.656691,295.9911913
0.689073073,2741.079677,295.6433647
0.666728913,3835.450438,297.0443965
0.875301661,3896.564954,300.7127222
0.55,3495.258521,293.8602715
0.654167969,3373.590564,296.0982706
0.909183885,2871.268389,299.5157464
0.61411683,3679.814625,295.744097
0.850493747,2915.328599,298.7323733
0.819052106,3123.416961,298.6062485
0.55,3422.183857,293.7481388
0.803081931,2853.88477,297.8965951
0.732761514,3458.389893,297.70565
0.753237855,3392.439615,297.9608418
0.801492206,2913.732523,297.9735933
0.599036455,3378.464847,294.9633688
0.71305068,3458.999827,297.3537941
0.629369724,2853.137624,294.6692896
0.896687548,3494.375979,300.4342869
0.79496933,2869.076702,297.6741036
0.933452428,2865.504671,299.8902852
0.995615294,3268.85345,301.5172535
0.839125299,3690.637173,299.8833685
0.835391754,3152.712202,298.9214631
0.710736386,3097.484681,296.7238772
0.577860451,2729.271096,293.2338182
0.825730651,3096.636955,298.7313224
0.985634762,3130.409078,301.0798264
0.55,3040.844945,292.7353491
0.55,3231.604085,292.6857382
0.55,3083.384617,292.3910574
0.665802873,3861.36654,297.1205562
0.938388668,3252.686106,300.6792735
0.839329771,2853.020693,298.4094406
0.882229885,3485.143525,300.2468807
0.817592275,3332.765594,298.9757324
0.92808464,3955.92535,301.6220456
0.603392837,3590.724653,295.4810214
0.84357939,3024.781485,298.8378669
0.940591141,3631.640428,301.3395545
0.681735438,3943.246173,297.5364308
0.692591978,3643.890382,297.2320783
0.566521972,3036.23623,293.6995139
0.667859208,3024.69182,295.733807
0.664356911,2836.447837,295.3442715
0.776744424,3374.396978,298.3767255
0.959057531,3452.176017,301.2702363
0.993512713,3985.968632,302.5663768
0.894750644,3438.21008,300.3287859
0.55,3737.656981,293.6070936
0.804446748,2732.976052,297.6412374
0.571084613,2958.724906,293.6289513
0.673247479,3832.614077,297.2373924
0.758023494,3914.072981,298.9040613
0.560878181,3815.426703,294.6417378
0.571120158,2873.789804,293.3814661
0.593783347,3029.389798,294.2995154
0.738437128,3552.854244,298.0366837
0.562832307,3872.029442,294.8834765
0.864164386,3956.788272,300.6566007
0.564003463,3573.173382,294.4649262
0.924505814,3744.753328,301.2704326
0.55,3354.647941,293.7024626
0.786574976,3216.97865,298.2524617
0.745153738,3684.444078,298.3092286
0.709835796,3046.93896,296.6874897
0.696277341,3802.155984,297.6019586
0.840045816,3933.577997,300.2912843
0.959600258,3681.463277,301.6589144
0.727258137,3027.409178,296.7793273
0.950941573,3655.590326,301.4927386
0.866204645,2913.615045,298.9828979
0.892371922,3908.644005,301.0048585
0.55,2938.2843,292.9606412
0.960534406,2883.194791,300.2713792
0.731524931,3568.087164,297.8676744
0.621002099,3825.658026,296.0380398
0.554770033,3426.4248,294.0962264
0.568450314,2907.069769,293.4204788
0.798194751,3892.165198,299.5581604
0.569525244,3184.755714,293.9524217
0.830573184,2863.185226,298.347621
0.734297837,3143.169516,297.2414175
0.893454107,3924.577449,301.0801119
0.995345179,3151.841415,301.242093
0.624066992,3182.070672,295.1262149
0.789631962,3178.22659,298.2875879
0.797278928,3708.066494,299.2397254
0.856531931,3395.771005,299.718119
0.889774702,3705.69484,300.731895
0.954823116,3671.691864,301.5882609
0.98541019,3140.99835,301.123205
0.829022545,3175.581034,298.8065702
0.913400633,3873.077039,301.2787726
0.633711613,2889.62879,294.8787067
0.702474971,3920.478085,297.9011317
0.670594508,3454.985505,296.5261441
0.891456966,2763.205146,298.9868064
0.578270409,3278.069494,294.4083867
0.55,3400.404037,292.7974318
0.667695829,2978.501332,295.6020815
0.55,3732.302605,293.3491871
0.830243098,3919.746417,300.1166095
0.55,3931.299881,293.7345893
0.600477029,3563.030046,295.406114
0.597618306,2879.766058,294.038968
0.6942611,3109.860727,296.417817
0.725920049,3475.793507,297.6079816
0.684680248,3677.380829,297.2257589
0.558402778,3814.004366,294.7158281
0.76637934,3700.032553,298.7385732
0.856781028,3319.784166,299.5640381
0.55,3508.239188,293.0264927
0.797911798,3018.318335,298.1039767
0.925268936,2795.099173,299.636435
0.675225045,3667.783008,296.9642528
0.5926858,3231.151374,294.539629
0.779479466,3293.37755,298.2844989
0.998957527,2870.871295,300.7786763
0.887523502,3076.862228,299.6501386
0.588392525,3549.609229,295.0188848
0.718234015,3448.639704,297.4593468
0.763735529,2836.547703,297.069661
0.713857751,3787.089461,297.9406006
0.705300954,2972.066437,296.3262338
0.889517022,3536.984981,300.3980836
0.958748364,3491.055624,301.3436485
0.904310296,2828.323136,299.3208726
0.748343409,3192.576223,297.5507478
0.802934916,3579.330481,299.1241865
0.765155731,3938.778655,299.035961
1.041747138,86.01,273.7
1.041462096,122,276.5
1.038017803,177.05,279.3
1.036630664,243.77,282
1.038863197,200,273.93
1.2,239.5,275.5
1.2,290.1,277.16
1.2,347.1,278.7
1.2,380,279.49
1.2,454,280.71
1.2,507.6,281.46
1.2,565.6,282.41
1.2,648,283.32
1.2,725.2,283.26
1.2,49,275.98
1.2,44,275.21
1.2,115,279.71
1.2,240,283.71
1.2,189,281.82
1.2,278,283.76
1.2,103,278.04
1.2,52,273.98
1.2,120,275.37
1.2,110,276.48
0.694175337,174.99,279.43
0.690726821,75,273.82
0.681828659,227.99,280.93
0.680581953,181.99,278.32
0.648042199,210.99,278.87
0.640260807,256.99,280.37
0.640650747,440.01,283.48
0.641861379,98,273.93
0.632346691,316.99,281.71
0.629541662,460.99,283.71
0.631174001,117.99,273.82
0.622270792,166.99,276.26
0.614614096,618.99,284.82
1.2,290.08,273.56
1.2,377.1,275.36
1.2,377.1,276
1.2,435.11,277.1
1.2,507.63,279.06
1.2,493.13,278.3
1.2,725.19,281.46
1.2,741.44,281.51
1.2,406.11,277.15
1.170662692,258.16,273.5
1.037061912,265.41,274.2
1.037395131,297.32,275.2
1.036863346,307.47,275.6
1.037091378,319.08,275.7
1.039868676,348.09,276.8
1.038611847,409.73,278.4
1.036850032,413.5,278.7
1.038351382,478.76,279.5
1.034403713,486.01,279.7
1.037264615,488.79,280.1
1.040087374,639.61,281.8
1.036032669,725.19,283
1.034773493,735.34,283.1
1.035164583,362.61,277.15
1.014981935,217.56,273.56
0.938361439,290.08,275.86
0.939189947,377.1,277.96
0.937119829,507.63,280.16
0.9399622,342.29,277.15
0.966580874,110.03,273.7
1.2,158.05,276.5
1.2,227.05,279.3
1.2,323.09,282
1.2,240.76,277.18
0.76490732,356.94,280.56
0.767932039,492.68,283.21
0.764039121,1050.21,288.62
0.768003484,221.91,281.08
0.652254069,389.27,285.12
0.653016892,847.16,291.29
0.649559201,198.05,273.7
1.2,271.07,276.5
1.2,372.1,279.3
1.2,509.13,282
1.2,194.05,273.7
1.2,267.08,276.5
1.2,367.09,279.3
1.2,503.15,282
1.2,258.16,273.5
0.727254465,265.41,274.2
1.067898068,297.32,275.2
1.066883766,307.47,275.6
1.065854447,319.08,275.7
1.06155282,377.1,276
0.704195846,348.09,276.8
1.051754532,435.11,277.1
0.692045434,493.13,278.3
0.670743187,409.73,278.4
1.050078203,413.5,278.7
1.039803377,478.76,279.5
1.037633971,488.79,280.1
1.032003158,639.61,281.8
1.031755277,725.19,283
1.03233331,735.34,283.1
1.021499754,189.99,273.9
1.101684859,200.14,274.3
1.098129571,188.54,274.6
0.798810768,223.36,275.1
1.094939638,233.51,275.4
1.090403336,246.56,275.5
1.086469268,253.81,275.6
1.087628322,217.56,275.6
0.795431803,262.52,275.9
1.08340675,266.87,276.1
1.082605784,316.18,276.9
1.078622378,268.32,277.5
0.784641348,362.59,277.7
1.066474098,326.33,279.1
0.773488948,398.86,280.6
0.770944626,507.63,280.6
1.04110389,580.15,281.2
1.01683318,435.11,281.6
0.768835939,522.14,282.9
0.764348834,739.69,283.2
0.67437141,509,279.06
0.67596297,695,284.12
0.674162569,882,289.18
0.673920599,1068,294.24
0.673169965,161,274.7
0.998953175,365,279.9
0.994189491,570,285.09
0.998891083,774,290.29
0.996826076,979,295.49
0.993027736,377,276
0.747590667,558,280.93
0.742655315,738,285.86
0.748106384,918,290.79
0.748625831,1099,295.72
0.745670656,261,273.5
1.036715856,454,277.6
1.040377076,647,281.7
1.035457268,840,285.8
1.034350946,1034,289.9
1.039432088,1227,294
1.040393935,1420,298.1
1.036476152,86,273.7
0.990485953,299,278.12
0.991145979,511,282.54
0.986978059,724,286.96
0.987492415,937,291.38
0.990924776,1149,295.8
0.991833056,110,273.7
1.2,320,278.08
1.2,530,282.46
1.2,740,286.84
1.2,950,291.22
1.2,1160,295.6
1.2,198,273.7
1.2,398,278.01
1.2,598,282.32
1.2,798,286.63
1.2,999,290.94
1.2,1199,295.25
1.2,194,273.7
1.2,395,278
1.2,595,282.3
1.2,796,286.6
1.2,997,290.9
1.2,1197,295.2
1.2,261,273.5
1.039979712,454,277.6
1.0396148,647,281.7
1.03553715,840,285.8
1.036167086,1034,289.9
1.036320866,1227,294
1.035565442,1420,298.1
1.036858811,189,273.9
1.034952197,390,277.14
1.03420753,591,280.38
1.037714183,793,283.62
1.03772782,994,286.86
1.034860129,1195,290.1
1.038259472,1396,293.34
1.035205606,1598,296.58
1.036975091,1799,299.82
1.096549383,494,280.92
1.2,662,282.95
1.2,829,284.99
1.2,997,287.02
1.2,1164,289.06
1.2,1332,291.09
1.2,1499,293.13
1.2,1667,295.16
1.2,1834,297.2
1.2,2000,299.22
0.793634461,2725.124,297.3086
0.793691852,2656.269,297.174
0.793721217,2587.415,297.037
0.794080684,2518.653,296.8975
0.795163095,2449.986,296.7554
0.795953246,2381.418,296.6104
0.792904682,2312.956,296.4625
0.79179781,2244.603,296.3115
0.792120123,2176.367,296.1569
0.793229806,2108.253,295.9987
0.793500369,2040.269,295.8364
0.79266422,1972.422,295.6698
0.791611979,1904.721,295.4984
0.79329197,1837.175,295.3217
0.794567065,1820.093,295.2761
0.795394271,1811.306,295.2525
0.793089366,1809.096,295.2465
0.793378216,1808.645,295.2453
0.792350815,1806.876,295.2417
0.794141334,1805.767,295.2393
0.792507355,1803.504,295.2342
0.795350468,1798.901,295.2238
0.790632479,1789.42,295.2023
0.793484953,1769.58,295.1566
0.794806427,1727.56,295.0567
0.794571881,1639.059,294.8309
0.799590279,1554.684,294.5942
0.794903812,1475.896,294.3514
0.792196103,1399.537,294.0934
0.794013284,1324.378,293.815
0.790651719,1249.867,293.5119
0.794043013,1184.981,293.2231
0.7925381,1119.997,292.908
0.796034993,1055.408,292.5659
0.793105131,991.2271,292.1936
0.79397068,927.4972,291.788
0.792933096,864.2668,291.3448
0.797681915,801.5922,290.8597
0.793561726,739.539,290.3269
0.797869326,678.1846,289.7401
0.795832516,617.621,289.0914
0.795168345,557.958,288.3711
0.794941678,499.3286,287.5676
0.794991807,441.8947,286.6664
0.790348867,385.8558,285.649
0.793646445,331.4603,284.4924
0.795894528,279.0204,283.1667
0.794106418,228.933,281.6328
0.791393832,181.7065,279.8395
0.794099403,137.9942,277.7181
0.797612423,98.6308,275.1763
0.796697995,79.85525,273.6156
0.794080204,74.53891,273.1138
0.796107111,74.53891,273.1138
0.793471198,73.88584,272.9543
0.790796469,73.66424,272.8839
0.79235528,73.2276,272.7445
0.79732999,72.36158,272.466
0.793656226,70.65821,271.9099
0.793717444,67.36335,270.8013
0.793604536,61.20002,268.5986
0.798012485,50.42152,264.2512
0.79745613,41.38835,259.9552
0.798641772,33.76463,255.6627
0.793886122,27.3664,251.3747
0.794795461,22.02746,247.0913
0.791170927,17.59994,242.8125
0.797158081,13.95263,238.5382
0.806176647,2647.555,296.2776
0.808945757,2578.802,296.1433
0.806317601,2510.05,296.0065
0.807334472,2441.395,295.8673
0.806837681,2372.84,295.7255
0.807296455,2304.391,295.5809
0.807433961,2236.053,295.4333
0.807415668,2167.831,295.2826
0.810178874,2099.733,295.1285
0.80630248,2031.766,294.9708
0.808953289,1963.937,294.8091
0.810948124,1896.255,294.6431
0.807485813,1828.729,294.4725
0.807076368,1761.369,294.2967
0.808051157,1761.369,294.2967
0.810871656,1759.228,294.2918
0.808900421,1758.119,294.2894
0.807449777,1755.889,294.2844
0.809479959,1751.411,294.2743
0.806307622,1742.384,294.2539
0.809874925,1724.071,294.212
0.809329421,1686.549,294.1234
0.807896589,1608.777,293.9276
0.806835034,1531.295,293.7144
0.806738844,1455.439,293.4857
0.809581841,1380.459,293.2376
0.810970167,1305.894,292.9663
0.807237591,1240.716,292.7065
0.809428979,1175.441,292.4224
0.804338152,1110.532,292.1133
0.807342971,1045.999,291.7763
0.808450088,981.8808,291.4083
0.806692839,918.2207,291.0057
0.806639193,855.0679,290.5642
0.807176647,792.4798,290.0789
0.809096591,730.5236,289.5439
0.808137548,669.2787,288.9524
0.804035744,608.8394,288.2958
0.804270806,549.3186,287.5642
0.807298476,490.8531,286.7451
0.809427579,433.6097,285.8231
0.803017196,377.7942,284.7788
0.807512746,323.6633,283.5878
0.80745971,271.5402,282.2184
0.811288882,221.8363,280.6296
0.807742162,175.0789,278.7666
0.809278184,131.9456,276.5565
0.80879472,93.30004,273.9005
0.804251073,83.62307,273.0776
0.81004862,83.24821,273.044
0.808942999,83.24821,273.044
0.809528743,82.60968,272.8793
0.816364681,82.36462,272.8093
0.80434398,81.8786,272.6699
0.811961599,80.91461,272.3914
0.807937311,79.01839,271.8353
0.809086864,75.34997,270.7267
0.808421182,68.48584,268.5238
0.807663733,56.47459,264.1758
0.80737254,46.40031,259.879
0.809171223,37.89113,255.5857
0.805477859,30.74361,251.297
0.810013364,24.77388,247.0129
0.807679817,19.81831,242.7333
0.806252067,15.73161,238.4583
0.683936355,2667.651,296.2095
0.687350679,2598.872,296.0756
0.683765711,2530.092,295.9392
0.685553288,2461.409,295.8005
0.683374468,2392.825,295.6593
0.686352225,2324.344,295.5155
0.686207396,2255.973,295.3688
0.688533599,2187.717,295.2191
0.684485253,2119.582,295.0661
0.686173691,2051.576,294.9096
0.685032516,1983.706,294.7493
0.687428125,1915.98,294.5847
0.683398716,1848.407,294.4154
0.686326392,1780.997,294.2407
0.684446986,1747.056,294.1504
0.684708005,1744.878,294.1446
0.685019886,1743.77,294.1416
0.685340862,1743.77,294.1416
0.684603923,1741.551,294.1362
0.685265807,1740.442,294.1336
0.687992617,1738.219,294.1284
0.68680728,1733.766,294.1178
0.68657469,1724.838,294.0964
0.683925302,1706.889,294.0529
0.683057899,1670.645,293.9625
0.686746982,1596.872,293.7669
0.686588475,1522.982,293.5538
0.687781722,1449.291,293.3219
0.68362842,1383.418,293.0962
0.684377284,1317.494,292.8508
0.681557413,1251.87,292.5849
0.684051439,1186.559,292.296
0.686829522,1121.587,291.9819
0.68390339,1056.987,291.6398
0.686117341,992.7955,291.2664
0.684455375,929.054,290.8582
0.685484495,865.8107,290.4109
0.682540998,803.1217,289.9197
0.6850068,741.0524,289.3788
0.678854109,679.6799,288.7814
0.684462589,619.0956,288.1194
0.681575435,559.4091,287.3827
0.68724837,500.7525,286.5594
0.686391196,443.2871,285.6344
0.685769723,387.2113,284.5891
0.687878393,332.772,283.3998
0.682938548,280.2798,282.036
0.688331107,230.1292,280.4579
0.686700764,182.8254,278.6131
0.68436327,139.0178,276.4309
0.687107621,99.53614,273.8159
0.682623794,94.4477,273.4115
0.683187353,91.27166,273.1489
0.683619202,90.46274,273.0807
0.683778426,90.05198,273.0459
0.682723266,90.05198,273.0459
0.687282547,89.35445,272.8789
0.684318672,89.09053,272.8088
0.685541391,88.56749,272.6695
0.683695678,87.53002,272.391
0.681195174,85.48908,271.8349
0.685376496,81.54,270.7262
0.681011871,74.14817,268.5235
0.684699113,61.20459,264.1756
0.682099751,50.33785,259.8789
0.688810933,41.15017,255.5858
0.686659106,33.42481,251.2971
0.685047889,26.96561,247.013
0.687363794,21.59779,242.7334
0.683143749,17.16601,238.4583
0.68592334,13.53262,234.188
0.751985921,2639.683,294.8364
0.75211434,2570.941,294.7014
0.754131007,2502.199,294.564
0.753051284,2433.555,294.4242
0.752163747,2365.012,294.2818
0.748276525,2296.575,294.1367
0.749666207,2228.25,293.9886
0.751340882,2160.042,293.8373
0.751773045,2091.959,293.6825
0.749325893,2024.007,293.5239
0.756409653,1956.195,293.3611
0.754619088,1888.53,293.1936
0.752790537,1821.022,293.0208
0.751730374,1753.682,292.842
0.751161882,1719.772,292.7492
0.749682463,1702.439,292.7011
0.751741261,1702.439,292.7011
0.752101805,1700.242,292.6954
0.749102779,1699.134,292.6926
0.752254653,1696.912,292.687
0.751275782,1692.466,292.6757
0.747770685,1683.555,292.653
0.74986553,1665.667,292.6066
0.750759089,1629.618,292.5104
0.755361675,1556.379,292.3027
0.752699406,1490.07,292.099
0.748915337,1423.732,291.8784
0.752558373,1357.658,291.6401
0.748491692,1291.856,291.3822
0.753751682,1226.351,291.1026
0.750644051,1161.168,290.7989
0.751399028,1096.337,290.4686
0.754237893,1031.892,290.1087
0.749011973,967.8711,289.716
0.748792064,904.3178,289.2864
0.750419101,841.2837,288.8156
0.753663058,778.828,288.2983
0.748547608,717.0207,287.7284
0.745921989,655.9439,287.0983
0.750683982,595.6957,286.3994
0.752689782,536.3939,285.6207
0.753986823,478.181,284.7491
0.750659977,421.2317,283.768
0.750763447,365.7619,282.6566
0.753894101,312.0412,281.3882
0.747846817,260.4102,279.9284
0.750809258,211.303,278.2316
0.751967148,165.2768,276.237
0.752484737,123.0472,273.8626
0.750566687,112.3502,273.1386
0.751655182,110.7352,273.0238
0.746609645,110.3051,272.9929
0.750269803,110.3051,272.9929
0.752493317,109.4944,272.8361
0.749621712,109.1715,272.7658
0.751704268,108.5339,272.6264
0.752480045,107.2692,272.3479
0.750901202,104.7809,271.7918
0.751927228,99.9655,270.6831
0.749660835,90.94903,268.48
0.751173077,75.14968,264.1308
0.752806732,61.87369,259.8325
0.751900246,50.63931,255.5377
0.750413237,41.18392,251.2473
0.752034733,33.26987,246.9613
0.75301552,26.68541,242.6798
0.747486417,21.24226,238.4028
0.753904448,16.77362,234.1304
0.750913791,13.13207,229.8627
0.693115376,2688.862,295.2965
0.69465889,2620.054,295.1603
0.689521049,2551.247,295.0214
0.690845514,2482.534,294.8801
0.691687299,2413.919,294.7361
0.690696889,2345.406,294.5891
0.695734269,2277,294.439
0.690550852,2208.708,294.2855
0.691153302,2140.535,294.1283
0.692673174,2072.489,293.9669
0.689860097,2004.576,293.8009
0.691473035,1936.805,293.6298
0.692899303,1869.184,293.453
0.691598675,1801.723,293.2697
0.692077622,1734.432,293.079
0.691205732,1700.547,292.9796
0.689235455,1683.222,292.9279
0.692907582,1674.458,292.9015
0.695774262,1672.252,292.8948
0.692301199,1672.252,292.8948
0.692714924,1670.037,292.8885
0.693649842,1668.929,292.8854
0.689725735,1666.714,292.8791
0.695669425,1662.289,292.8665
0.692669054,1653.463,292.8413
0.69552811,1635.905,292.7903
0.69079833,1601.17,292.6868
0.69590052,1533.203,292.4726
0.693814707,1466.772,292.2471
0.693370476,1400.528,292.0044
0.692732445,1334.547,291.743
0.691767339,1268.846,291.4609
0.694665459,1203.451,291.1559
0.692545116,1138.388,290.8256
0.688330257,1073.689,290.4673
0.690030023,1009.388,290.0779
0.691892704,945.5251,289.6538
0.692884394,882.1477,289.1909
0.692151219,819.3093,288.6845
0.694702338,757.0725,288.1291
0.688362192,695.5112,287.5179
0.692551572,634.713,286.8431
0.688628438,574.7822,286.0952
0.693783821,515.8446,285.2626
0.692075479,458.0531,284.3308
0.693103616,401.5957,283.282
0.69053663,346.7054,282.0933
0.694823326,293.6746,280.7356
0.694347845,242.8737,279.1707
0.693431485,194.7764,277.3481
0.692005362,149.991,275.1999
0.693424111,128.0377,273.9106
0.690850611,116.0157,273.1137
0.693975507,115.2051,273.0572
0.695563358,115.2051,273.0572
0.694405617,114.2858,272.9043
0.690805191,113.9464,272.8332
0.692987231,113.2837,272.6938
0.689678113,111.9691,272.4153
0.693409177,109.3827,271.8592
0.693165603,104.3765,270.7505
0.688524763,95.00029,268.5476
0.689940828,78.56118,264.1991
0.691698118,64.73626,259.9016
0.691662677,53.02721,255.6075
0.689845442,43.16376,251.3177
0.693042353,34.90093,247.0323
0.692767343,28.02011,242.7514
0.691875858,22.32673,238.4748
0.690752813,17.64817,234.2028
0.69436181,13.83176,229.9355
0.722113007,2468.812,294.4365
0.71783507,2400.317,294.2914
0.717577859,2331.822,294.1429
0.719784608,2263.438,293.9911
0.718086134,2195.169,293.8357
0.718523399,2127.021,293.6763
0.720281499,2059.001,293.5125
0.714983481,1991.115,293.3438
0.721438798,1923.373,293.1698
0.718947554,1855.783,292.9896
0.717979207,1788.355,292.8026
0.718623725,1721.099,292.6078
0.718727052,1654.028,292.4042
0.71533979,1587.153,292.1906
0.721792069,1520.489,291.9655
0.718884844,1486.899,291.8469
0.719688197,1478.264,291.8158
0.720705293,1476.066,291.8079
0.716759868,1476.066,291.8079
0.719749137,1473.857,291.8001
0.718266911,1472.753,291.7963
0.720495735,1470.544,291.7885
0.714547738,1466.133,291.773
0.718604004,1457.338,291.7419
0.717596552,1439.854,291.679
0.719666719,1405.313,291.551
0.719742281,1337.928,291.2856
0.717386941,1272.275,291.0051
0.717377845,1206.86,290.7015
0.718580862,1141.779,290.3727
0.717008909,1077.06,290.0158
0.72048616,1012.737,289.6277
0.718063779,948.8505,289.2049
0.712988217,885.4465,288.7432
0.718052549,822.5783,288.2379
0.716725105,760.3084,287.6833
0.715539641,698.7098,287.073
0.71632734,637.8693,286.399
0.71902101,577.8903,285.6518
0.721459475,518.8972,284.82
0.719428562,461.0416,283.8893
0.717589186,404.5091,282.842
0.719714001,349.5303,281.6555
0.717884012,296.3939,280.3011
0.717412992,245.4658,278.7411
0.716493468,197.2135,276.9258
0.715298535,152.2374,274.7885
0.718022346,130.1737,273.5073
0.7191183,123.9865,273.1112
0.718608946,122.2826,272.9989
0.717970259,122.2826,272.9989
0.716910701,121.4507,272.8478
0.720018685,121.0979,272.7775
0.716167929,120.4008,272.6381
0.720354249,119.0178,272.3596
0.716797759,116.2962,271.8035
0.717297323,111.0262,270.6949
0.715868623,101.1479,268.4919
0.717799389,83.801,264.1432
0.720752818,69.18193,259.8454
0.719833449,56.77447,255.5509
0.720759037,46.30084,251.2607
0.719846478,37.5084,246.975
0.716594853,30.17108,242.6936
0.718140615,24.08706,238.4166
0.717241795,19.07678,234.1441
0.721463343,14.98093,229.8763
0.63833606,2532.238,294.5508
0.642517032,2463.647,294.4064
0.642515545,2395.057,294.2588
0.644388877,2326.573,294.1079
0.639910264,2258.198,293.9534
0.642154281,2189.938,293.795
0.645292941,2121.799,293.6323
0.639494354,2053.789,293.4649
0.637659557,1985.914,293.2921
0.636969617,1918.184,293.1134
0.642155061,1850.606,292.9281
0.636963337,1783.191,292.7353
0.639984999,1715.948,292.5341
0.641604263,1648.891,292.3234
0.641099988,1582.032,292.1019
0.641580527,1515.385,291.8683
0.641174217,1448.966,291.621
0.643287369,1444.738,291.6047
0.638825004,1442.535,291.5962
0.639375647,1442.527,291.5961
0.639184318,1440.328,291.5879
0.642390021,1439.224,291.5837
0.642530434,1437.017,291.5753
0.641632088,1432.608,291.5586
0.643096624,1423.819,291.525
0.638373555,1406.35,291.4572
0.644064085,1371.848,291.3191
0.643776114,1304.577,291.0335
0.642200881,1239.076,290.7321
0.644293235,1173.826,290.4063
0.637416391,1108.924,290.0539
0.639680741,1044.401,289.6718
0.63925903,980.2942,289.2566
0.642172596,916.6461,288.8046
0.638629356,853.5066,288.3113
0.642244627,790.9333,287.7716
0.643470709,728.9937,287.1792
0.642120043,667.7676,286.5271
0.641297139,607.3497,285.8066
0.63875389,547.8534,285.0071
0.639035935,489.416,284.1158
0.643228875,432.2054,283.1167
0.642288335,376.4284,281.9897
0.640651598,322.3431,280.7094
0.639893818,270.2747,279.2424
0.636678021,220.6371,277.5454
0.638587932,173.9607,275.5603
0.644552475,130.9275,273.2084
0.638168726,128.107,273.0297
0.641108597,128.107,273.0297
0.642744525,127.2886,272.8809
0.638219792,126.9197,272.811
0.641099058,126.1873,272.6716
0.642605468,124.7345,272.3931
0.640754636,121.8755,271.837
0.646466443,116.3402,270.7283
0.637392438,105.9667,268.5255
0.642847094,87.75792,264.1773
0.640384034,72.42058,259.88
0.642273477,59.40994,255.586
0.641612251,48.43265,251.2964
0.639263325,39.22198,247.011
0.64118763,31.53942,242.73
0.637013834,25.17216,238.4534
0.641936132,19.93101,234.1812
0.641325954,15.64826,229.9137
0.639112376,2478.415,294.2807
0.639951293,2409.905,294.1314
0.638570296,2341.395,293.9784
0.638131235,2272.996,293.8217
0.636072919,2204.711,293.6609
0.636410614,2136.545,293.4955
0.640208525,2068.507,293.3252
0.640707727,2000.602,293.1493
0.637358835,1932.839,292.9673
0.637927061,1865.228,292.7784
0.636025827,1797.776,292.5819
0.64018057,1730.496,292.3767
0.63916589,1663.397,292.1618
0.641717491,1596.494,291.936
0.63607841,1529.8,291.698
0.63707904,1463.33,291.4463
0.638297948,1397.101,291.179
0.639128035,1331.134,290.8944
0.637403721,1326.93,290.8756
0.636089134,1324.732,290.8657
0.639597871,1323.631,290.8607
0.639277327,1323.08,290.8582
0.636002508,1323.08,290.8582
0.640545942,1320.875,290.8484
0.640175453,1319.774,290.8435
0.638103649,1317.572,290.8337
0.637994252,1313.174,290.814
0.638943172,1304.409,290.7745
0.63611165,1286.997,290.6947
0.637895119,1252.648,290.5323
0.633530289,1185.829,290.1963
0.639587967,1120.935,289.8417
0.63471207,1056.336,289.4576
0.640841896,992.1487,289.041
0.637174816,928.412,288.5882
0.637411722,865.174,288.0948
0.636579588,802.491,287.5558
0.637258978,740.4283,286.9652
0.640672119,679.0632,286.316
0.632859439,618.4875,285.5999
0.640388987,558.8107,284.8066
0.638511103,500.1653,283.9237
0.635421013,442.7129,282.9358
0.635684431,386.6522,281.8237
0.641187842,332.2309,280.5628
0.635944042,279.7603,279.1216
0.635528355,229.6357,277.4584
0.640109685,182.3638,275.518
0.638512162,138.5954,273.2257
0.635959205,135.7254,273.0523
0.638268306,135.7254,273.0523
0.635783551,134.7761,272.9086
0.640036699,134.3805,272.8376
0.639957798,133.6072,272.6982
0.638899068,132.0731,272.4197
0.638558378,129.0541,271.8636
0.641357432,123.2085,270.755
0.637834429,112.2513,268.5522
0.635471308,93.01056,264.2043
0.638734004,76.79523,259.9074
0.64200715,63.03221,255.6138
0.635805537,51.41378,251.3243
0.63711213,41.65981,247.0392
0.638667948,33.51953,242.7584
0.637727246,26.76906,238.4819
0.635870449,21.20918,234.2099
0.640078772,16.66317,229.9424
0.642475137,12.97504,225.6796
0.931229581,2835.926,295.5391
0.929029181,2766.936,295.4142
0.927739397,2697.945,295.2872
0.93135327,2629.041,295.1583
0.933045073,2560.224,295.0273
0.931787653,2491.499,294.8941
0.93083251,2422.87,294.7585
0.929658775,2354.344,294.6205
0.928652991,2285.924,294.4798
0.932506821,2217.616,294.3362
0.932664861,2149.428,294.1897
0.927745858,2081.364,294.0399
0.934016996,2013.434,293.8866
0.93198546,1945.644,293.7295
0.933636507,1878.003,293.5683
0.928153063,1869.432,293.5475
0.92810567,1865.01,293.5368
0.930539379,1864.456,293.5354
0.931842887,1863.901,293.5341
0.93443004,1862.233,293.5318
0.932249476,1861.123,293.5297
0.930351955,1858.796,293.5254
0.92878458,1853.965,293.5163
0.933297319,1843.762,293.497
0.928907907,1821.973,293.455
0.934094255,1775.835,293.3628
0.930268549,1680.843,293.1576
0.934018482,1593.553,292.9486
0.932195181,1513.742,292.7376
0.930563327,1436.832,292.514
0.929798525,1361.313,292.2725
0.930155502,1286.576,292.0092
0.931693951,1221.505,291.7577
0.930991631,1156.327,291.4826
0.929649695,1091.525,291.183
0.930506055,1027.11,290.8562
0.930994472,963.1222,290.499
0.92657985,899.6057,290.1077
0.931753654,836.6125,289.678
0.928877876,774.2026,289.205
0.928530653,712.4466,288.6826
0.927462629,651.4279,288.1035
0.927249533,591.2459,287.4593
0.928126423,532.0199,286.7391
0.929419276,473.8947,285.93
0.934743836,417.0475,285.0154
0.929785559,361.6978,283.9748
0.931192818,308.12,282.7814
0.931638281,256.6606,281.4006
0.931099448,207.7619,279.7867
0.930682431,161.9916,277.8783
0.92844673,120.0784,275.5923
0.933739173,99.79992,274.1953
0.934451711,88.68168,273.3122
0.927472001,85.70551,273.0584
0.928789261,84.90896,272.9892
0.930277697,84.90896,272.9892
0.928908242,84.29445,272.8226
0.931849249,84.04152,272.7529
0.929380774,83.53792,272.6135
0.93516743,82.5392,272.335
0.933218415,80.57526,271.7789
0.931262466,76.77818,270.6701
0.932891291,69.68197,268.4668
0.933049119,57.2944,264.1168
0.929709423,46.93916,259.8177
0.929204884,38.22238,255.5224
0.930993604,30.92485,251.2317
0.93256059,24.84981,246.9456
0.931115439,19.82313,242.6642
0.927683325,15.69107,238.3875
0.959110466,2556.825,294.0537
0.960568169,2488.199,293.9356
0.960564784,2419.573,293.8156
0.964661199,2351.052,293.6938
0.957944139,2282.637,293.57
0.961727293,2214.335,293.4442
0.963694341,2146.152,293.3162
0.965259014,2078.095,293.1859
0.95990732,2010.171,293.053
0.961698974,1942.388,292.9175
0.961855636,1874.755,292.7791
0.961107078,1807.28,292.6374
0.960518425,1739.975,292.4924
0.961588066,1672.85,292.3434
0.955651623,1605.918,292.1903
0.962080254,1539.193,292.0324
0.960968471,1530.719,292.0119
0.960271165,1526.321,292.0013
0.964809839,1525.217,291.9986
0.959366247,1524.664,291.9973
0.959909963,1524.664,291.9973
0.964699222,1522.452,291.9916
0.959051992,1521.347,291.9887
0.959615884,1519.111,291.9829
0.960422064,1514.599,291.9712
0.962397584,1505.418,291.9471
0.96113172,1486.511,291.8966
0.958130864,1447.007,291.7876
0.959651778,1363.821,291.5409
0.959501406,1282.732,291.2755
0.960561673,1205.656,290.9972
0.961567802,1130.614,290.6984
0.961552527,1056.669,290.373
0.957164091,992.9783,290.0645
0.962843997,929.2071,289.7253
0.961221253,865.9643,289.3543
0.963485179,803.2738,288.9471
0.961604512,741.2028,288.4983
0.962918761,679.8285,288.0015
0.961649206,619.2422,287.4489
0.963408567,559.5534,286.8311
0.961760616,500.8941,286.1364
0.960520285,443.4256,285.3502
0.965260984,387.3461,284.4541
0.962494189,332.9024,283.425
0.961863604,280.405,282.2324
0.958163506,230.2482,280.837
0.9581395,182.9367,279.1861
0.961301546,139.1197,277.2089
0.961007157,99.6263,274.8087
0.95948787,80.77387,273.3201
0.96099808,78.05951,273.0795
0.963893369,76.52863,272.9404
0.96210692,76.52863,272.9404
0.958434098,75.85569,272.7776
0.960493097,75.62236,272.7072
0.959106182,75.16217,272.5678
0.959940715,74.2497,272.2893
0.959888884,72.45591,271.7331
0.959760824,68.98975,270.6242
0.958205844,62.51936,268.4204
0.960460806,51.24978,264.0688
0.9595949,41.8592,259.7677
0.954857218,33.98049,255.4706
0.964822059,27.40626,251.1784
0.962893654,21.95144,246.8911
0.959963514,17.45304,242.6086
0.960753753,13.76781,238.331
0.631687416,2387.941,292.8672
0.637422171,2319.575,292.7153
0.637825302,2251.209,292.5594
0.634344112,2182.961,292.3994
0.636077786,2114.835,292.235
0.634381299,2046.838,292.0655
0.631357274,1978.978,291.8905
0.633207078,1911.262,291.7093
0.634294581,1843.701,291.5212
0.63312163,1776.303,291.3253
0.633593418,1709.079,291.1207
0.633847926,1642.041,290.9062
0.633868968,1575.203,290.6806
0.634135242,1508.578,290.4426
0.631909515,1442.183,290.1905
0.632596693,1376.036,289.9226
0.631461556,1310.156,289.6369
0.635986356,1244.566,289.3312
0.629819431,1211.489,289.1681
0.636337906,1194.457,289.0816
0.636803424,1185.808,289.0369
0.633426364,1181.448,289.0143
0.628824451,1180.352,289.0086
0.633308104,1179.803,289.0057
0.633902357,1179.803,289.0057
0.632009529,1177.605,288.9943
0.633000288,1176.508,288.9885
0.637091115,1174.313,288.9771
0.635360579,1169.931,288.9541
0.632181597,1161.201,288.908
0.630835527,1143.873,288.8148
0.63337669,1109.745,288.6251
0.633603811,1043.584,288.2319
0.635023123,979.5717,287.8158
0.632960092,915.9239,287.3624
0.635053724,852.7908,286.8677
0.637901033,790.2243,286.3266
0.635661727,728.2924,285.7328
0.633934548,667.075,285.0791
0.633664424,606.6668,284.3567
0.633317379,547.1817,283.555
0.636392007,488.7574,282.661
0.632776098,431.5618,281.6584
0.63412117,375.8025,280.5272
0.634133121,321.7382,279.2412
0.633027157,269.695,277.7669
0.631285794,220.0878,276.0601
0.634676674,173.4488,274.0617
0.633908717,161.5285,273.4664
0.635031206,154.6272,273.102
0.632963524,152.8456,273.0055
0.636472368,152.387,272.9804
0.632277177,152.387,272.9804
0.637454806,151.4856,272.8382
0.630535452,151.0453,272.7686
0.634900265,150.1684,272.6292
0.634981586,148.4289,272.3507
0.632439611,145.0061,271.7946
0.634879513,138.3809,270.686
0.636589762,125.971,268.4832
0.629597087,104.2089,264.1354
0.635036215,85.90245,259.8385
0.629044183,70.39346,255.5447
0.632099395,57.32578,251.2552
0.637289058,46.37593,246.9699
0.632867161,37.25499,242.6889
0.631682965,29.70566,238.4123
0.63363485,23.49956,234.14
0.638166538,18.43469,229.8724
0.630367361,14.33322,225.6094
0.606001038,2403.957,293.0597
0.611098521,2335.565,292.905
0.611819063,2267.172,292.7463
0.607896796,2198.897,292.5832
0.605625553,2130.742,292.4155
0.612295345,2062.714,292.2426
0.611292543,1994.821,292.064
0.609461552,1927.071,291.8791
0.606478853,1859.473,291.687
0.608005599,1792.036,291.487
0.607782938,1724.77,291.2782
0.608765361,1657.688,291.0594
0.611005661,1590.802,290.8296
0.609862492,1524.126,290.5872
0.605948906,1457.676,290.3309
0.610856651,1391.469,290.0589
0.608729922,1325.524,289.7694
0.60947779,1259.864,289.4602
0.61103674,1194.513,289.129
0.605880498,1129.498,288.773
0.608032007,1127.42,288.7611
0.607040749,1127.42,288.7611
0.604967939,1125.228,288.7487
0.608797078,1124.132,288.7424
0.613126771,1121.94,288.7299
0.604423503,1117.565,288.7048
0.608039097,1108.85,288.6543
0.609384744,1091.557,288.5525
0.608349814,1057.524,288.3452
0.607877402,991.6428,287.9157
0.605505225,928.0056,287.4616
0.608569231,864.7653,286.9663
0.60659013,802.0863,286.4255
0.603723815,740.0279,285.8332
0.610492842,678.6676,285.1823
0.61002043,618.0973,284.4643
0.60820698,558.4268,283.6691
0.608561807,499.7886,282.784
0.610252294,442.3445,281.7937
0.608552337,386.2936,280.6785
0.609911693,331.8839,279.4139
0.607508694,279.4271,277.9678
0.610727625,229.3193,276.2982
0.608745229,182.0678,274.3491
0.608491762,158.6961,273.1935
0.605563536,157.0421,273.1056
0.60867757,156.1214,273.0563
0.606439748,155.659,273.0314
0.606827093,155.659,273.0314
0.606472907,154.6269,272.8932
0.605971188,154.1687,272.822
0.612353201,153.2751,272.6827
0.610766336,151.5023,272.4042
0.611944393,148.0142,271.8481
0.605657868,141.262,270.7395
0.608246165,128.613,268.5369
0.605516643,106.427,264.1894
0.606712268,87.75824,259.893
0.606267404,71.93723,255.5997
0.610582826,58.6024,251.3107
0.607311199,47.42514,247.0258
0.610240417,38.11175,242.7452
0.6093119,30.40052,238.4689
0.612710936,24.05909,234.197
0.60514477,18.88185,229.9296
0.610622124,14.6877,225.6669
0.682825767,2880.152,295.1992
0.678586127,2811.11,295.0722
0.682547152,2742.068,294.9433
0.681205175,2673.109,294.8126
0.680077932,2604.236,294.6799
0.678885014,2535.451,294.5452
0.679094666,2466.761,294.4082
0.684632509,2398.168,294.2688
0.680534251,2329.679,294.1269
0.682097145,2261.299,293.9821
0.678951086,2193.034,293.8342
0.678973179,2124.89,293.6828
0.682696855,2056.873,293.5276
0.677833733,1988.993,293.3681
0.679702457,1921.255,293.2037
0.68060094,1853.67,293.0337
0.68075563,1819.646,292.9456
0.680174698,1802.272,292.8999
0.681324525,1801.722,292.8985
0.681918597,1801.722,292.8985
0.68200216,1799.501,292.8931
0.678561277,1798.392,292.8904
0.679964575,1796.173,292.885
0.682922411,1791.74,292.8742
0.682322179,1782.898,292.8524
0.677787166,1765.3,292.8087
0.681235845,1730.458,292.7197
0.676576435,1662.176,292.536
0.680626755,1595.32,292.343
0.684328419,1528.628,292.136
0.6786371,1462.162,291.9137
0.678864239,1395.938,291.6745
0.682060945,1329.975,291.4167
0.677447282,1264.295,291.1383
0.679267375,1198.922,290.8373
0.681725767,1133.883,290.5111
0.679264313,1069.21,290.1572
0.680060945,1004.938,289.7723
0.682021256,941.1079,289.353
0.681375977,877.7661,288.8951
0.681066522,814.9673,288.3939
0.67985464,752.7749,287.8437
0.681273007,691.2636,287.2378
0.68028542,630.522,286.5683
0.681448496,570.6558,285.8255
0.679539021,511.7925,284.9976
0.680167747,454.0872,284.07
0.678552969,397.7304,283.0243
0.68046287,342.959,281.8372
0.678910883,290.0701,280.4788
0.678304792,239.4403,278.9098
0.681050207,191.5515,277.078
0.680958365,147.0229,274.9134
0.682098632,125.2184,273.6108
0.679670634,119.0972,273.2065
0.681348991,117.4089,273.0916
0.68163448,116.9735,273.0617
0.681422433,116.9735,273.0617
0.678881578,116.0539,272.9093
0.680831612,115.7039,272.8384
0.681261166,115.0195,272.699
0.680547242,113.6621,272.4205
0.67635993,110.9925,271.8644
0.680853864,105.829,270.7557
0.684957947,96.17183,268.5528
0.679812806,79.28732,264.2045
0.679076731,65.1398,259.9072
0.681279582,53.20036,255.6133
0.681157641,43.17834,251.3237
0.682918355,34.81191,247.0386
0.678017149,27.86878,242.7578
0.681995646,22.14336,238.4815
0.681713729,17.45426,234.2097
0.680248592,13.64192,229.9426
0.628225633,2434.909,292.7317
0.629607173,2366.467,292.584
0.629292889,2298.025,292.4328
0.625262219,2229.697,292.278
0.629188574,2161.487,292.119
0.627418881,2093.401,291.9557
0.627694006,2025.446,291.7873
0.627694652,1957.631,291.6135
0.627247772,1889.963,291.4334
0.629931673,1822.451,291.2463
0.627380822,1755.107,291.0513
0.625309166,1687.941,290.8475
0.626761198,1620.964,290.6337
0.627905647,1554.192,290.4086
0.630006688,1487.638,290.1707
0.628754447,1421.319,289.9184
0.625847187,1355.253,289.6498
0.632518638,1289.462,289.363
0.628077809,1256.288,289.2102
0.630099039,1239.221,289.1293
0.627244829,1237.049,289.1189
0.628614976,1235.951,289.1136
0.629227195,1235.401,289.1109
0.629984647,1235.401,289.1109
0.629662995,1233.2,289.1004
0.629292652,1232.101,289.0951
0.626918085,1229.903,289.0846
0.626404766,1225.515,289.0634
0.628213473,1216.77,289.0209
0.629414514,1199.407,288.9351
0.627102817,1165.187,288.7603
0.629678602,1098.754,288.3981
0.630453491,1034.377,288.0149
0.625715616,970.3336,287.598
0.625874417,906.7617,287.1439
0.627267508,843.7064,286.648
0.628163483,781.2272,286.1051
0.626499124,719.3934,285.5087
0.630252663,658.2867,284.8513
0.628396392,598.0045,284.1241
0.627627152,538.6637,283.316
0.624676439,480.4058,282.4136
0.624916626,423.404,281.4003
0.628110277,367.8724,280.2551
0.623283067,314.0784,278.951
0.629573533,262.3594,277.4531
0.62723195,213.1454,275.7152
0.634034444,166.9881,273.6755
0.632164091,155.1996,273.0661
0.62718536,154.3274,273.0193
0.627335584,153.8659,272.9944
0.629539421,153.8659,272.9944
0.630954603,152.7767,272.858
0.6242722,152.3148,272.786
0.623975507,151.424,272.6467
0.626304188,149.6568,272.3682
0.628713733,146.1804,271.812
0.628542005,139.4535,270.7034
0.629687801,126.8607,268.5007
0.625148863,104.8047,264.1528
0.62291597,86.28077,259.8558
0.629264286,70.61237,255.562
0.625891865,57.43093,251.2724
0.623511282,46.4027,246.9871
0.627838385,37.23034,242.7061
0.629134609,29.64974,238.4294
0.627304144,23.42705,234.1572
0.626632561,18.35596,229.8895
0.627229534,14.25528,225.6265
0.636134654,2697.33,294.2997
0.634179726,2628.512,294.1647
0.635446459,2559.693,294.0272
0.63791838,2490.969,293.8872
0.637519177,2422.341,293.7446
0.63721194,2353.815,293.5989
0.634885523,2285.396,293.4501
0.636512814,2217.09,293.2977
0.63252169,2148.902,293.1415
0.637232773,2080.84,292.9808
0.639733535,2012.91,292.8153
0.633927556,1945.121,292.6444
0.635703965,1877.482,292.4673
0.637534034,1810,292.2832
0.639381505,1742.688,292.0913
0.635979371,1675.556,291.8905
0.635491319,1608.616,291.6796
0.632937974,1574.896,291.5689
0.637082696,1557.63,291.511
0.640959972,1548.889,291.4813
0.637430537,1546.688,291.4738
0.636831262,1546.136,291.4719
0.637519985,1546.136,291.4719
0.636853636,1543.922,291.4645
0.635249791,1542.817,291.4608
0.63852238,1540.605,291.4534
0.637327343,1536.189,291.4387
0.636911047,1527.381,291.409
0.634925088,1509.869,291.3492
0.639482836,1475.254,291.2275
0.638205225,1407.645,290.9759
0.635769978,1341.691,290.7111
0.63887947,1275.957,290.4257
0.635880678,1210.527,290.1178
0.635311813,1145.427,289.7851
0.635356414,1080.686,289.4247
0.633333683,1016.34,289.0336
0.637818905,952.4281,288.6083
0.63321353,888.9956,288.1447
0.634418932,826.0958,287.638
0.632724644,763.7904,287.0828
0.636703681,702.152,286.4724
0.636575179,641.2663,285.7991
0.636222428,581.2358,285.0535
0.634790665,522.1836,284.224
0.634531352,464.2595,283.2964
0.63780456,407.647,282.2532
0.635774716,352.5738,281.0718
0.637508537,299.325,279.7235
0.635105323,248.2615,278.1707
0.637237945,199.8443,276.3638
0.639482376,154.6655,274.2357
0.638048152,143.146,273.5967
0.636050992,136.4288,273.2011
0.637390218,134.6926,273.0958
0.63639449,133.7984,273.0411
0.63689158,133.7819,273.0401
0.636224598,132.9722,272.8926
0.63654715,132.5813,272.8231
0.637300007,131.8016,272.6837
0.634889103,130.255,272.4052
0.634844062,127.2128,271.8491
0.634098735,121.3275,270.7405
0.633675278,110.3158,268.5377
0.634441255,91.04729,264.1898
0.637194745,74.88401,259.8929
0.635090245,61.22785,255.5993
0.637903049,49.7517,251.31
0.636945247,40.16027,247.0251
0.632938812,32.19113,242.7444
0.638185771,25.61161,238.4681
0.638497417,20.21618,234.1963
0.634888095,15.82376,229.9291
