Specific Gravity,Pressure (psia),LOG P,Hydrate Temperature (K)
0.761791681,2698.844664,7.900579058,296.8420285
0.668342084,2276.003169,7.730176188,294.1507088
0.611411069,2144.791765,7.670797747,292.6519191
0.5900522,1573.007113,7.360744425,290.3769707
0.603406533,632.7705679,6.450107904,285.0285149
0.514437213,199.7824817,5.297229183,275.1841583
0.735665349,1002.577051,6.910329015,290.4708705
0.968179905,723.3359115,6.583873722,291.9285874
0.965323108,2110.623859,7.654738851,298.5288605
0.992720055,1178.117565,7.07167316,295.3589734
0.956429431,1353.48346,7.210436889,295.730305
0.56881525,2216.208566,7.703553162,291.907288
0.548802623,1664.825427,7.417475548,289.7822863
0.752720276,665.4814529,6.500510768,288.1575139
0.516292885,1661.983518,7.415767058,288.99061
0.812707552,513.8424097,6.241916623,287.4317645
0.751715438,2234.685604,7.711855828,295.5776988
0.91781027,2060.320293,7.630616732,297.7207055
0.986505253,2040.855929,7.621124572,298.6164112
0.502678717,1709.695681,7.444070669,288.8149485
0.901829596,1323.330579,7.187907004,294.8242592
0.793655765,1271.455965,7.147917952,292.918192
0.674274465,1754.616133,7.470005384,292.7447028
0.680063051,2101.322872,7.650322364,293.9135458
0.551995609,877.8180685,6.777439361,285.9804193
0.81203386,2618.061952,7.87018961,297.5069158
0.55155134,1880.9261,7.539519541,290.5608806
0.770938541,2454.942082,7.805858448,296.4534634
0.777110359,921.8189431,6.82634883,290.6488238
0.705873912,357.9157724,5.880297686,283.2020925
0.798903657,290.1757709,5.670486846,283.2891641
0.526823918,1431.142592,7.26622842,288.3645942
0.909424209,231.9521946,5.446531293,283.3045243
0.912780882,217.6432938,5.382857456,282.8848146
0.812181748,806.666492,6.692910314,290.3692526
0.766024567,245.0612121,5.501508025,281.5589022
0.75471225,576.7925001,6.357482583,287.2567069
0.605282654,484.1903391,6.182478092,283.3168131
0.69505707,1560.249737,7.352601175,292.4395512
0.841889372,974.7595161,6.88219079,292.0321467
0.880672628,664.1626963,6.498527144,290.1525069
0.712904494,1264.68562,7.142578849,291.4986849
0.959829353,1473.400577,7.295328326,296.2961947
0.595081541,842.4644762,6.736331497,286.6751008
0.891746503,1308.437502,7.176588958,294.6082052
0.83886644,674.8383712,6.514473212,289.6328945
0.713989683,1655.22639,7.41169307,293.14026
0.852177879,1590.17909,7.371601924,295.2022336
0.675633722,235.9061602,5.4634341,279.7266309
0.628305977,202.9846035,5.313130131,277.7446158
0.733264764,1462.527844,7.287921618,292.743778
0.560726878,2162.604497,7.67906856,291.5815483
0.548453142,1904.593465,7.552023861,290.5612635
0.698242588,1050.558409,6.95707712,290.0911243
0.726457728,2232.661678,7.71094973,295.1259346
0.748008816,782.5201161,6.66251963,289.1202037
0.903291116,677.0104414,6.517686696,290.6033657
0.825237738,1977.115887,7.589394439,296.0809574
0.505808721,2440.057153,7.799776741,290.9437835
0.536739914,2595.550107,7.86155376,292.0592903
0.622270889,981.0003616,6.888572828,288.193221
0.803184426,1168.536108,7.063507055,292.5536357
0.898438356,590.1772477,6.380422912,289.632113
0.516960722,2123.074049,7.660620341,290.4293506
0.51723191,291.7915246,5.67603959,277.9321333
0.737419173,1396.865936,7.241986389,292.5394097
0.901634712,753.7318618,6.625036684,291.277089
0.88392244,791.2366175,6.67359706,291.3344187
0.696893402,2580.095605,7.855581733,295.4178609
0.622182699,2254.860589,7.720843427,293.1672479
0.99039782,1409.687323,7.251123202,296.4369714
0.591168591,979.3075195,6.886845709,287.5296598
0.635055047,1433.053315,7.267562632,290.7656773
0.714290493,1395.040394,7.24067865,292.1194505
0.93066738,1612.376568,7.385464499,296.4387052
0.502067773,2277.855616,7.73098976,290.4568441
0.633128842,2506.190585,7.826519184,294.0006034
0.644962724,463.5232601,6.138856567,283.8230456
0.898563339,2306.816839,7.743623861,298.1059154
0.846415735,1489.523215,7.306211358,294.718733
0.701215948,2057.44211,7.629218796,294.1888539
0.554389572,280.8691509,5.637888906,278.520359
0.76384963,579.2354741,6.361709086,287.4374719
0.982763702,2681.0264,7.893954985,300.1666609
0.995781523,1048.294674,6.954920003,294.6681079
0.5876808,1152.970537,7.050096967,288.4571898
0.515141681,2064.611694,7.632697446,290.2234047
0.620666656,758.2784929,6.631050723,286.5438251
0.639076584,2371.619351,7.771328271,293.8056843
0.918971722,1153.768221,7.050788579,294.2224655
0.771168909,1542.863659,7.341395487,293.7194346
0.865002784,1337.969904,7.198908747,294.3484239
0.692067101,1683.434956,7.428591602,292.8366212
0.535259746,835.7238255,6.728298206,285.2845992
0.609051128,2287.189095,7.735078873,292.97272
0.881121701,548.6009126,6.307371242,288.8983204
0.780802926,888.8991344,6.789983769,290.4802227
0.629269103,1473.911586,7.295675089,290.8164028
0.50492985,283.0921131,5.645772333,277.4263195
0.960892912,1966.43358,7.583976816,298.0486111
0.878235606,891.1523284,6.792515376,292.0111327
0.98887927,1009.65076,6.917359768,294.3406842
0.99899004,766.8256497,6.642259461,292.7128499
0.701841545,2241.618806,7.714953565,294.6994965
0.515304888,984.015202,6.891641346,285.8177301
0.914171575,478.2005839,6.170030276,288.4472251
0.751871351,496.708814,6.208003967,286.2182509
0.80150802,2200.971257,7.696654022,296.3286523
0.525518722,216.4849568,5.377521061,276.0219271
0.939894799,182.7341341,5.208032277,281.9533874
0.521383987,2404.947306,7.785283272,291.2519163
0.779930149,1601.00565,7.378387242,294.0884345
0.585595443,2210.01182,7.700753143,292.2667889
0.901971992,203.8916819,5.317588882,282.2550809
0.721963782,1084.694073,6.989053266,290.7182384
0.809655368,2111.642654,7.655221433,296.2186274
0.956965611,1784.783983,7.487052669,297.4159874
0.870579104,858.5566224,6.755252633,291.6609509
0.787688576,1436.621101,7.270049178,293.5641542
0.831376521,2314.91447,7.74712802,297.1033701
0.993130728,941.9594597,6.847962237,293.9568267
0.863660985,199.4828751,5.295728394,281.5522437
0.928056857,1907.346359,7.553468214,297.4092082
0.640862483,1599.473776,7.377429964,291.5391492
0.809192339,2295.202519,7.738576362,296.6983624
0.952991913,1782.395921,7.485713761,297.3532272
0.601326483,1469.552078,7.292712924,290.2150311
0.55300381,2133.612927,7.665572032,291.324997
0.502440994,2295.676461,7.738782833,290.5108511
0.67435937,1147.380972,7.045237208,290.1881022
0.964387271,829.8120557,6.721199236,292.7657402
0.524648063,741.7583677,6.60902354,284.2825303
0.774064479,716.2674923,6.57405369,288.9901708
0.957708671,2425.931867,7.793971005,299.242361
0.809202949,534.599056,6.281517038,287.6406412
0.704622205,1055.977465,6.962222124,290.239734
0.515535327,2096.499111,7.648024143,290.3214498
0.779802159,1394.966294,7.240625532,293.2551582
0.888439784,2619.407951,7.870703598,298.695596
0.90629093,1388.177547,7.235747049,295.1816812
0.849077831,2200.429323,7.696407767,297.0838818
0.848248873,1628.023119,7.395121747,295.2834097
0.639429915,2593.669629,7.860828997,294.3254663
0.865994616,2003.163108,7.602482764,296.7903566
0.5305835,722.2952718,6.582434019,284.2557011
0.932074794,2648.437768,7.881725224,299.3935945
0.566838414,1231.257299,7.115791121,288.3955603
0.592866111,393.8681977,5.97601633,281.6755156
0.914028874,1225.748152,7.111306673,294.5275071
0.891949055,1186.453431,7.078723826,294.0075687
0.910075367,1644.259325,7.405045303,296.26353
0.57765721,1712.762602,7.445862903,290.6070473
0.922966153,2125.757659,7.661883563,297.9790999
0.836517533,2233.173367,7.711178887,296.9745241
0.693036951,603.4416351,6.402649325,286.4709136
0.544936547,2169.427093,7.682218399,291.2314939
0.91909133,2392.455732,7.78007562,298.6170177
0.812461556,2256.390606,7.721521739,296.6518523
0.731875549,1446.614386,7.276981199,292.6532475
0.955188712,2660.255216,7.886177343,299.7439733
0.981198394,1318.910658,7.184561416,295.9056686
0.979548531,1959.733408,7.580563727,298.2819021
0.689292552,1810.763477,7.501503846,293.2162105
0.827629691,1629.402409,7.395968606,294.9672611
0.564449512,2448.26108,7.803133288,292.3779888
0.630303797,1660.151955,7.414664416,291.5458578
0.808598801,2545.135597,7.841939207,297.288191
0.761446557,1978.637906,7.590163961,295.0337431
0.695440123,2588.713824,7.858916438,295.4096889
0.68997753,1692.279539,7.433831739,292.8285682
0.513058646,950.1552904,6.856625435,285.5468584
0.992411131,1148.083145,7.045849,295.1938879
0.861463171,1738.191244,7.460600337,295.8780921
0.668010289,974.7836952,6.882215595,289.0592164
0.704697908,366.3271129,5.903526685,283.3408769
0.843891801,2507.177366,7.826912844,297.7635035
0.826484873,992.4044613,6.900130747,291.9063656
0.575904694,533.655499,6.279750498,283.3342939
0.811677578,483.5827091,6.181222364,287.0092302
0.745188327,677.4484596,6.518333475,288.1448423
0.721023247,595.274135,6.389022031,286.8838394
0.97018332,188.7586143,5.240469026,282.5923084
0.891218118,1808.588961,7.500302241,296.5602224
0.955614612,421.9658172,6.044924309,288.160812
0.786300649,380.9439128,5.942652154,284.9867982
0.782445258,1972.799934,7.587209099,295.371562
0.990611256,2193.051615,7.693049284,299.0969
0.945168229,1374.541654,7.225875612,295.6701146
0.970837106,241.4989417,5.486865091,284.4188086
0.525148425,767.6558476,6.643341518,284.5110381
0.696267388,2239.892182,7.714183011,294.5911063
0.56355167,173.9327407,5.158668677,275.2829576
0.686054946,1875.303366,7.536525721,293.3614707
0.783111804,1462.14456,7.287659514,293.5950478
0.885599683,1349.858268,7.207754879,294.7091406
0.711662557,1775.905925,7.482065952,293.5157619
0.761529445,1225.090338,7.110769866,292.155828
0.774743363,1146.77306,7.044707242,291.9714865
0.948986678,1590.017299,7.371500175,296.6099342
0.817753748,760.5124966,6.633992544,290.0793295
0.81232338,2085.425411,7.642728147,296.1884006
0.50482866,1151.749389,7.049037273,286.5183481
0.846043287,758.0550599,6.630756021,290.4951806
0.587482766,1245.809312,7.127540648,288.9234266
0.557986125,826.1419753,6.716766642,285.7375005
0.983670027,588.4808051,6.37754431,290.776414
0.902265813,1005.871655,6.913609763,293.1261242
0.853461506,2611.49214,7.867677038,298.1479124
0.78657092,1796.365975,7.493521,294.8860206
0.875098475,1469.241997,7.292501898,295.0702806
0.882759719,1699.070553,7.437836647,296.0614435
0.549297887,2388.32049,7.778345674,291.8849949
0.83211334,236.4523383,5.465746658,282.332787
0.859449027,2261.0644,7.723590955,297.4026008
0.841829636,2449.394891,7.80359629,297.5960973
0.747244787,1102.69462,7.005512118,291.2630659
0.701569701,326.8050867,5.789363928,282.4968276
0.50568535,1398.036728,7.242824194,287.7035379
0.736040407,586.6249964,6.374385768,287.0495739
0.573558551,818.6922796,6.707708286,286.0286939
0.640874552,2044.559271,7.62293753,292.9837259
0.774854428,714.4033792,6.57144776,288.9863975
0.796266712,2513.76083,7.829535249,297.0145502
0.90791256,269.7991654,5.59767785,284.3764018
0.683491911,361.036115,5.888977995,282.8583812
0.745321972,200.6075962,5.301350742,279.7642961
0.624231291,2212.974394,7.702092769,293.101659
0.545295558,297.2341281,5.694520138,278.7107914
0.850478577,2432.008579,7.796472771,297.6893053
0.828295309,449.7758751,6.108749403,286.7776684
0.656694855,766.7694411,6.642186158,287.3307599
0.512096685,2501.672769,7.824714895,291.2442991
0.930408115,2083.085143,7.641605316,297.9652457
0.787678501,2687.063655,7.896204298,297.2559978
0.626313441,225.1031502,5.416558742,278.4539702
0.830718133,1346.719803,7.205427139,293.8621641
0.521524854,2405.106401,7.785349423,291.2557729
0.654388981,2570.062129,7.851685352,294.5744271
0.890693292,2590.298923,7.859528562,298.6643828
0.970934483,2418.999652,7.791109367,299.407226
0.625495169,1259.409658,7.138398365,289.7916729
0.517117493,330.2280339,5.799783428,278.7820722
0.724895352,1789.571381,7.489731418,293.8004436
0.895259042,719.8605592,6.579057525,290.8879744
0.774383179,239.007048,5.476493041,281.5138679
0.513081343,2317.061081,7.748054886,290.8331693
0.805814086,1948.759251,7.574948168,295.6839391
0.870463647,2112.760928,7.655750868,297.1721006
0.708329936,1718.472884,7.449191317,293.2599969
0.751931317,1584.405748,7.367964694,293.5508192
0.967100746,2327.974779,7.752753975,299.1302817
0.755026609,315.4124137,5.753881032,283.1681534
0.566288027,2009.448125,7.605615399,291.2842811
0.666466186,1253.152933,7.133418001,290.5757664
0.644741449,1226.760151,7.11213195,290.0206691
0.861302766,2336.863193,7.756564793,297.6235178
0.898840643,2508.334615,7.827374312,298.5981698
0.592591529,686.5149712,6.531628033,285.3244024
0.573292488,1341.348061,7.201430403,289.0565549
0.894737551,634.7646693,6.453254331,290.0592475
0.68031348,1063.046969,6.968894563,289.8306322
0.634063257,921.7696227,6.826295325,288.0448826
0.884456644,827.788928,6.718758204,291.631866
0.732368491,147.2270241,4.991975777,277.2369754
0.983588732,2452.80482,7.804987473,299.6598959
0.847349898,1828.180391,7.511076429,295.9629912
0.627325245,1922.45679,7.561359225,292.3478578
0.5905941,1077.740421,6.982621926,288.1075378
0.926895486,800.1849075,6.684842835,292.0191883
0.700520828,1703.733485,7.44057729,293.0651142
0.919785706,2025.891153,7.613764958,297.6493307
0.695723133,575.0996271,6.35454329,286.2052247
0.978340503,622.5310409,6.433793492,291.0791404
0.978924838,787.516721,6.668884603,292.6224659
0.934007769,1272.811537,7.148983541,295.042129
0.866457594,2206.484173,7.699155656,297.3663699
0.900870265,587.2036245,6.37537165,289.6333177
0.671057983,1288.07496,7.160904104,290.8311398
0.791032335,2043.091238,7.622219253,295.7202346
0.639130476,1766.728527,7.476884826,292.0929562
0.963531229,2226.566903,7.708216173,298.8197476
0.521073255,160.4755975,5.078141891,273.7361162
0.938764577,201.6076339,5.306323402,282.6712019
0.599490962,834.5977316,6.72694985,286.7097763
0.646761099,1137.23589,7.036355939,289.597821
0.989050211,1506.981556,7.31786396,296.8269241
0.841726338,342.3004642,5.835688902,285.1054684
0.59258256,424.0488099,6.049848566,282.1669629
0.876464754,2338.047543,7.757071477,297.8562893
0.698183057,2475.452368,7.814178433,295.2043397
0.834671984,2151.719654,7.67402264,296.7279496
0.74582555,1086.38102,6.990607286,291.1463016
0.982592886,1119.075168,7.02025788,294.9042292
0.994022366,949.7606425,6.856209998,294.0209039
0.824090417,966.801159,6.873992848,291.7047201
0.830753525,1151.760151,7.049046617,292.9012013
0.889267114,1266.748045,7.144208301,294.3728244
0.55432797,2625.751193,7.873122303,292.5416726
0.955050696,883.0531868,6.783385433,293.0379072
0.500400078,491.7139812,6.197897208,281.043476
0.768204455,218.6452379,5.387450498,280.7688164
0.944195121,1337.686049,7.198696571,295.4898529
0.615778701,2294.54234,7.738288686,293.1335872
0.518769331,976.2427921,6.883711318,285.8536528
0.917563043,2391.828132,7.779813261,298.5935056
0.622083186,942.9000517,6.848960287,287.9432088
0.828826918,1765.133095,7.475981374,295.4648507
0.689423077,1017.658913,6.925260085,289.7307563
0.575033529,2357.505472,7.765359336,292.4024387
0.830308872,204.7201978,5.321644158,281.2532762
0.843115285,908.0468811,6.811296008,291.6035039
0.728122353,2528.733892,7.835474019,295.8756831
0.507795268,176.7194435,5.17456341,274.1338559
0.689422093,1983.673839,7.592705879,293.7547507
0.863268276,1277.263735,7.152475362,294.0375458
0.891552646,1872.156934,7.534846486,296.7710443
0.956873106,696.513246,6.546086811,291.5306939
0.552684164,1467.04836,7.291007743,289.1241006
0.624373925,1383.53803,7.232399287,290.3364337
0.908140315,1642.775661,7.404142566,296.2302007
0.554931305,317.9178716,5.761793084,279.3922848
0.980633059,1759.889157,7.473006107,297.6532081
0.50785998,1094.87098,6.998391809,286.2866914
0.610093255,2372.903348,7.771869526,293.2062494
0.612123893,1953.239278,7.577244442,292.1235336
0.874923921,1851.907271,7.523971344,296.4593011
0.8344792,1653.632225,7.410729496,295.163407
0.545263987,875.3490521,6.774622723,285.8076999
0.697967976,1277.588121,7.152729299,291.287619
0.942319032,1828.788723,7.511409127,297.3589155
0.698489611,960.3082998,6.867254379,289.5368337
0.799503311,1754.898741,7.470166437,294.9598462
0.884234724,1154.277663,7.051230027,293.7241654
0.818425671,1981.973769,7.59184848,295.9869046
0.652868376,1427.65385,7.263787712,291.0990005
0.601357702,1401.801055,7.245513157,289.9331894
0.729380265,2373.941586,7.772306969,295.5340159
0.796803057,2250.872247,7.719073085,296.3823288
0.50649327,1838.416832,7.516660063,289.3348702
0.660206853,1842.148146,7.51868764,292.7587288
0.931699368,1353.225078,7.210245969,295.3866586
0.987714261,2404.10112,7.784931358,299.5980755
0.698136017,2393.809751,7.780641414,295.0103362
0.872703151,1944.111107,7.572560137,296.7145548
0.834992194,2328.649628,7.75304382,297.1948772
0.871808875,1963.511725,7.582489845,296.7599242
0.820184184,1989.108646,7.595441901,296.0362074
0.602613363,1031.982505,6.939236993,288.0974272
0.573026478,215.4102066,5.372544148,277.0447648
0.561237866,2699.808722,7.900936206,292.8594714
0.711691634,1474.209349,7.29587709,292.4052357
0.650037838,2447.783149,7.802938057,294.2083817
0.698727632,455.1222916,6.120566156,284.7073482
0.753068811,799.6686472,6.684197451,289.3447851
0.56017659,2677.348068,7.892582057,292.7877035
0.547087013,939.2429227,6.845074149,286.2876059
0.955814385,2488.925295,7.819606288,299.3657262
0.659020112,2455.145004,7.805941103,294.4042644
0.565933211,668.7600219,6.505425284,284.5765045
0.734010825,342.3930869,5.835959454,283.3857517
0.5798835,2437.829613,7.79886342,292.702687
0.990036041,2015.882149,7.60881217,298.5904864
0.831326529,2250.154318,7.718754079,296.9370317
0.557029298,1923.158719,7.561724279,290.8171833
0.644110263,1687.09343,7.430762463,291.9207728
0.726443905,1001.46171,6.909215922,290.3019104
0.971723713,902.888112,6.805598639,293.4040827
0.520111135,148.9360469,5.003516998,273.1581251
0.60348255,935.7342884,6.841331556,287.5093889
0.837336648,610.2220232,6.413822863,288.9511175
0.658450154,1430.356053,7.26567868,291.2200053
0.723452679,1358.663893,7.214257064,292.1241525
0.828517393,198.7051533,5.291822084,281.0065203
0.532040182,405.3296459,6.004700677,280.5228205
0.527496939,1202.820125,7.092424183,287.3383362
0.960272087,2006.254647,7.604024903,298.1591994
0.531810489,1113.693251,7.015437024,286.9746908
0.621367131,2166.910338,7.681057625,292.9204618
0.589649057,884.8692254,6.785439866,286.8663487
0.545256506,692.7456003,6.540662833,284.333282
0.635395025,1958.897524,7.580137106,292.6229469
0.914407581,1201.587083,7.091398531,294.4096934
0.593310507,2553.755763,7.845320403,293.2642593
0.608063271,1270.078364,7.146833881,289.4806851
0.683524794,869.3918667,6.767793963,288.6359939
0.598900463,2694.459961,7.898953078,293.6907888
0.592588227,331.1393922,5.802539411,280.4859815
0.732048558,1358.73915,7.214312453,292.2771503
0.86100939,1664.557475,7.417314586,295.6118419
0.648176272,251.9875247,5.529379581,279.6847809
0.682925909,2191.760393,7.692460332,294.2131543
0.802950767,2400.184233,7.783300777,296.8566959
0.887407094,2302.193764,7.741617758,297.9294966
0.832132913,1972.635533,7.587125762,296.176547
0.541626843,2524.84589,7.833935306,292.0197915
0.954017092,717.6512223,6.575983688,291.6870281
0.529359115,1696.15643,7.436120047,289.4297483
0.535239972,2339.741731,7.757795831,291.4332283
0.605495527,2162.040913,7.678807922,292.5724052
0.811520797,558.6103422,6.325452168,287.9685601
0.762400165,807.2056735,6.693578498,289.5622552
0.822062471,2519.335517,7.831750462,297.446513
0.902251277,1232.064479,7.11644648,294.3903555
0.71133386,2339.492773,7.757689421,295.1222253
0.799939961,799.0764072,6.68345657,290.1138437
0.993136602,341.9430404,5.834644175,287.1917753
0.65846413,2027.757862,7.61468596,293.2867141
0.877168443,2346.044883,7.760486161,297.8867901
0.962548058,1215.17779,7.102645674,295.1483897
0.796638465,2230.988406,7.710199998,296.3278685
0.8798088,1706.618604,7.442269267,296.0441794
0.548993866,1572.974028,7.360723392,289.4519684
0.875376133,1152.981284,7.050106288,293.5864063
0.636337622,521.6608664,6.257017696,284.43789
0.98624437,2016.627154,7.609181669,298.542007
0.540436826,860.4965266,6.757509579,285.5886095
0.872574391,609.0791345,6.411948201,289.4661019
0.544150927,938.5025216,6.844285543,286.2145887
0.978051939,965.3160602,6.872455571,293.9133748
0.750316709,1090.420195,6.994318401,291.2466197
0.732229131,887.0625046,6.787915447,289.6431001
0.828999095,2605.661105,7.865441705,297.7517469
0.875631367,515.3066665,6.244762192,288.4004961
0.802629113,1987.878263,7.594823149,295.7493859
0.507122774,1561.291151,7.353268419,288.3940846
0.992652789,592.4561429,6.38427685,290.9380875
0.620418435,1463.89784,7.288857911,290.5934754
0.515505782,2198.429194,7.695498382,290.5933089
0.899576631,732.1038463,6.59592237,291.0592528
0.531710447,512.1381224,6.238594359,282.066229
0.587720466,1248.304052,7.129541151,288.9407081
0.868449325,1228.46179,7.113518089,293.8755052
0.518837603,515.0106921,6.244187662,281.7972327
0.78575853,2645.640306,7.880668397,297.1346547
0.956256651,1260.27786,7.139087499,295.2883804
0.550235026,1270.453041,7.147128841,288.205708
0.80017102,1460.207188,7.286333614,293.8670117
0.70585178,1546.732561,7.34389996,292.5868798
0.982540875,1833.294722,7.513870022,297.9239221
0.94428867,1670.404196,7.42082091,296.8426569
0.5433796,1075.448127,6.980492716,287.0346694
0.798857768,779.9937954,6.659285965,289.9417793
0.500719872,718.8976687,6.577719023,283.4984456
0.945260682,248.4493213,5.515238886,284.2890983
0.597077044,2055.070269,7.628065321,292.0975578
0.787999226,1226.051062,7.111553765,292.6025214
0.884532482,663.4951652,6.497521567,290.2020666
0.612168913,1353.443025,7.210407014,289.9507333
0.91008382,1994.398636,7.598097848,297.4169894
0.876978362,2306.365494,7.743428185,297.7843327
0.764487507,355.1355739,5.872499615,284.14921
0.685989797,1019.402129,6.926971586,289.6774102
0.862743145,1927.837681,7.564154281,296.5141337
0.9656803,2069.214255,7.634924227,298.4165016
0.527196755,1375.068286,7.226258671,288.1352928
0.844535021,1012.181263,6.919862947,292.3092712
0.954661713,2454.684331,7.80575345,299.2689672
0.600900393,932.9363249,6.838336951,287.4362331
0.662558038,1190.026031,7.081730461,290.1849964
0.796531712,1410.136172,7.251441555,293.5963058
0.575396122,970.3665977,6.877673936,287.1292084
0.73938311,2671.589764,7.890428991,296.3921446
0.900451506,583.593797,6.369205188,289.5865321
0.664585955,1794.624721,7.49255121,292.6904184
0.764482335,778.1769278,6.656953912,289.363331
0.894971999,2164.983951,7.680168227,297.6810136
0.819937045,1533.618484,7.335385244,294.4809256
0.507839915,2198.675282,7.695610313,290.401439
0.737732018,866.9227472,6.764949869,289.5940068
0.787677178,1840.722208,7.517913278,295.0490944
0.514741987,1111.659085,7.01360885,286.5497934
0.775146479,2002.889202,7.602346018,295.3382209
0.819986578,2270.777682,7.727877643,296.8099357
0.810888058,1500.665611,7.313664029,294.2053097
0.553277358,2352.411157,7.763196105,291.8916675
0.682245905,2636.391758,7.877166503,295.263881
0.869689663,1035.794099,6.942923657,292.8336131
0.600920946,965.0999631,6.872231685,287.6472412
0.675089982,587.7541708,6.376308784,285.9667398
0.561876663,1215.659496,7.103042004,288.2062635
0.993790289,1600.993045,7.378379369,297.2574918
0.83558044,1868.16012,7.532709332,295.9084671
0.99017596,177.0736309,5.17656564,282.3671904
0.972234625,436.1268298,6.077933095,288.6068517
0.77736773,1392.546683,7.238889496,293.2040665
0.894401468,814.8456692,6.702998732,291.6751427
0.835013368,2172.275877,7.683530688,296.7890556
0.770457934,1950.815881,7.576002965,295.103922
0.945687423,2120.461115,7.659388851,298.2850809
0.665318554,1367.918015,7.221045166,291.0847511
0.825111416,1134.54392,7.033986017,292.7196382
0.936945893,265.2706265,5.580750537,284.6509602
0.609729609,1716.738053,7.448181288,291.3161216
0.898217497,1245.772719,7.127511274,294.4003134
0.76130661,1304.508121,7.17358133,292.5362393
0.803280663,1434.502643,7.268573478,293.8098407
0.937415788,2648.498671,7.881748219,299.4694047
0.623991189,346.5722881,5.848091421,281.4409382
0.5791807,1934.637326,7.567675159,291.3539066
0.504752004,904.815762,6.807731345,285.0387016
1,62.5,4.135166557,274.8166667
0.9,74.8,4.314817885,274.8166667
0.8,92.4,4.526126979,274.8166667
0.7,117.22,4.764052511,274.8166667
0.6,175.6,5.168208681,274.8166667
1,64.8,4.171305603,275.15
0.9,77.3,4.347693956,275.15
0.8,94.8,4.551769409,275.15
0.7,119,4.779123493,275.15
0.6,183.4,5.21166956,275.15
1,68.68,4.229458036,275.5111111
0.9,80,4.382026635,275.5111111
0.8,97.4,4.578826211,275.5111111
0.7,124.2,4.821893169,275.5111111
0.6,191.5,5.254887809,275.5111111
1,72.3,4.280824129,275.8444444
0.9,84.8,4.440295543,275.8444444
0.8,104.4,4.648229675,275.8444444
0.7,129.68,4.865069877,275.8444444
0.6,195.7,5.276582874,275.8444444
1,74.8,4.314817885,276.2055556
0.9,90,4.49980967,276.2055556
0.8,109.05,4.691806493,276.2055556
0.7,135.4,4.90823336,276.2055556
0.6,200,5.298317367,276.2055556
1,77.3,4.347693956,276.5388889
0.9,94.87,4.552507533,276.5388889
0.8,113.88,4.735145262,276.5388889
0.7,141.42,4.951734186,276.5388889
0.6,210.4,5.349010481,276.5388889
1,80,4.382026635,276.9
0.9,97.4,4.578826211,276.9
0.8,118.92,4.778450998,276.9
0.7,147.68,4.995047771,276.9
0.6,221.37,5.39983551,276.9
1,84.4,4.435567402,277.2333333
0.9,100,4.605170186,277.2333333
0.8,113.88,4.735145262,277.2333333
0.7,154.22,5.038380154,277.2333333
0.6,232.86,5.450437415,277.2333333
1,90,4.49980967,277.5944444
0.9,109,4.691347882,277.5944444
0.8,129,4.859812404,277.5944444
0.7,161.05,5.081714876,277.5944444
0.6,244.95,5.501054108,277.5944444
1,92.4,4.526126979,277.9277778
0.9,110,4.700480366,277.9277778
0.8,130,4.86753445,277.9277778
0.7,168.18,5.125034834,277.9277778
0.6,245.5,5.503296947,277.9277778
1,94.87,4.552507533,278.2888889
0.9,111,4.709530201,278.2888889
0.8,131,4.875197323,278.2888889
0.7,175.6,5.168208681,278.2888889
0.6,257.68,5.551718505,278.2888889
1,97.4,4.578826211,278.6222222
0.9,112,4.718498871,278.6222222
0.8,135.4,4.90823336,278.6222222
0.7,177,5.176149733,278.6222222
0.6,260,5.560681631,278.6222222
1,104.4,4.648229675,278.9833333
0.9,113.88,4.735145262,278.9833333
0.8,147.42,4.993285656,278.9833333
0.7,183.4,5.21166956,278.9833333
0.6,271.08,5.60241398,278.9833333
1,109.05,4.691806493,279.3166667
0.9,129.68,4.865069877,279.3166667
0.8,154.2,5.038250461,279.3166667
0.7,192,5.257495372,279.3166667
0.6,285.17,5.653085494,279.3166667
1,118,4.770684624,279.6777778
0.9,131,4.875197323,279.6777778
0.8,156,5.049856007,279.6777778
0.7,200,5.298317367,279.6777778
0.6,300,5.703782475,279.6777778
1,124,4.820281566,280.0111111
0.9,141.2,4.950177325,280.0111111
0.8,175,5.164785974,280.0111111
0.7,210,5.347107531,280.0111111
0.6,311,5.739792912,280.0111111
1,129.68,4.865069877,280.3722222
0.9,147.68,4.995047771,280.3722222
0.8,183,5.209486153,280.3722222
0.7,221,5.398162702,280.3722222
0.6,322,5.774551546,280.3722222
1,135,4.905274778,280.7055556
0.9,154,5.036952602,280.7055556
0.8,191,5.252273428,280.7055556
0.7,232,5.446737372,280.7055556
0.6,330,5.799092654,280.7055556
1,141.42,4.951734186,281.0666667
0.9,168,5.123963979,281.0666667
0.8,200,5.298317367,281.0666667
0.7,244,5.497168225,281.0666667
0.6,347,5.84932478,281.0666667
1,147.68,4.995047771,281.4
0.9,175.6,5.168208681,281.4
0.8,210,5.347107531,281.4
0.7,257,5.549076085,281.4
0.6,368,5.908082938,281.4
1,154.22,5.038380154,281.7611111
0.9,183,5.209486153,281.7611111
0.8,223,5.407171771,281.7611111
0.7,271,5.602118821,281.7611111
0.6,380,5.940171253,281.7611111
1,168.18,5.125034834,282.0944444
0.9,195,5.272999559,282.0944444
0.8,232,5.446737372,282.0944444
0.7,285,5.65248918,282.0944444
0.6,402,5.996452089,282.0944444
1,175.6,5.168208681,282.4555556
0.9,200,5.298317367,282.4555556
0.8,245,5.501258211,282.4555556
0.7,300,5.703782475,282.4555556
0.6,423,6.047372179,282.4555556
1,183.4,5.21166956,282.7888889
0.9,210,5.347107531,282.7888889
0.8,271,5.602118821,282.7888889
0.7,311,5.739792912,282.7888889
0.6,445,6.098074282,282.7888889
1,195.7,5.276582874,283.15
0.9,221,5.398162702,283.15
0.8,285,5.65248918,283.15
0.7,322,5.774551546,283.15
0.6,470,6.152732695,283.15
1,200,5.298317367,283.4833333
0.9,232,5.446737372,283.4833333
0.8,300,5.703782475,283.4833333
0.7,330,5.799092654,283.4833333
0.6,490,6.194405391,283.4833333
1,210,5.347107531,283.8444444
0.9,245,5.501258211,283.8444444
0.8,311,5.739792912,283.8444444
0.7,350,5.857933154,283.8444444
0.6,505,6.224558429,283.8444444
1,215,5.370638028,284.1777778
0.9,257,5.549076085,284.1777778
0.8,322,5.774551546,284.1777778
0.7,372,5.918893854,284.1777778
0.6,538,6.28785856,284.1777778
1,221.37,5.39983551,284.5388889
0.9,271,5.602118821,284.5388889
0.8,346,5.846438775,284.5388889
0.7,392,5.97126184,284.5388889
0.6,560,6.327936784,284.5388889
1,232,5.446737372,284.8722222
0.9,285,5.65248918,284.8722222
0.8,372,5.918893854,284.8722222
0.7,420,6.040254711,284.8722222
0.6,580,6.363028104,284.8722222
1,257.68,5.551718505,285.2333333
0.9,300,5.703782475,285.2333333
0.8,385,5.953243334,285.2333333
0.7,430,6.063785209,285.2333333
0.6,604,6.403574198,285.2333333
1,271.08,5.60241398,285.5666667
0.9,311,5.739792912,285.5666667
0.8,400,5.991464547,285.5666667
0.7,450,6.109247583,285.5666667
0.6,645,6.469250317,285.5666667
1,285.17,5.653085494,285.9277778
0.9,324,5.780743516,285.9277778
0.8,423,6.047372179,285.9277778
0.7,470,6.152732695,285.9277778
0.6,670,6.507277712,285.9277778
1,300,5.703782475,286.2611111
0.9,346,5.846438775,286.2611111
0.8,447,6.102558595,286.2611111
0.7,500,6.214608098,286.2611111
0.6,703,6.555356892,286.2611111
1,311,5.739792912,286.6222222
0.9,372,5.918893854,286.6222222
0.8,460,6.131226489,286.6222222
0.7,527,6.267200549,286.6222222
0.6,745,6.613384218,286.6222222
1,322.2,5.775172471,286.9555556
0.9,400,5.991464547,286.9555556
0.8,472,6.156978986,286.9555556
0.7,445,6.098074282,286.9555556
0.6,770,6.646390515,286.9555556
1,346.41,5.847623045,287.3166667
0.9,423,6.047372179,287.3166667
0.8,500,6.214608098,287.3166667
0.7,570,6.345636361,287.3166667
0.6,800,6.684611728,287.3166667
1,372.24,5.919538808,287.65
0.9,447,6.102558595,287.65
0.8,523,6.259581464,287.65
0.7,600,6.396929655,287.65
0.6,820,6.70930434,287.65
1,400,5.991464547,288.0111111
0.9,472,6.156978986,288.0111111
0.8,547,6.304448802,288.0111111
0.7,645,6.469250317,288.0111111
0.6,885,6.785587645,288.0111111
1,422.8,6.046899254,288.3444444
0.9,485,6.184148891,288.3444444
0.8,573,6.350885717,288.3444444
0.7,670,6.507277712,288.3444444
0.6,920,6.82437367,288.3444444
1,447.21,6.103028283,288.7055556
0.9,500,6.214608098,288.7055556
0.8,600,6.396929655,288.7055556
0.7,700,6.551080335,288.7055556
0.6,960,6.866933284,288.7055556
1,472.86,6.158799362,289.0388889
0.9,523,6.259581464,289.0388889
0.8,648,6.473890696,289.0388889
0.7,745,6.613384218,289.0388889
0.6,1020,6.927557906,289.0388889
1,485,6.184148891,289.4
0.9,547,6.304448802,289.4
0.8,700,6.551080335,289.4
0.7,790,6.672032945,289.4
0.6,1090,6.993932975,289.4
1,523,6.259581464,289.7333333
0.9,573,6.350885717,289.7333333
0.8,748,6.617402978,289.7333333
0.7,810,6.697034248,289.7333333
0.6,1120,7.021083964,289.7333333
1,573,6.350885717,290.0944444
0.9,623,6.434546519,290.0944444
0.8,773,6.650279049,290.0944444
0.7,845,6.739336627,290.0944444
0.6,1190,7.081708586,290.0944444
1,600,6.396929655,290.4277778
0.9,673,6.51174533,290.4277778
0.8,800,6.684611728,290.4277778
0.7,870,6.768493212,290.4277778
0.6,1200,7.090076836,290.4277778
1,648,6.473890696,290.7888889
0.9,700,6.551080335,290.7888889
0.8,848,6.742880636,290.7888889
0.7,920,6.82437367,290.7888889
0.6,1300,7.170119543,290.7888889
1,673,6.51174533,291.1222222
0.9,748,6.617402978,291.1222222
0.8,900,6.802394763,291.1222222
0.7,970,6.877296071,291.1222222
0.6,1350,7.207859871,291.1222222
1,775,6.652863029,291.4833333
0.9,800,6.684611728,291.4833333
0.8,974,6.881411304,291.4833333
0.7,1010,6.91770561,291.4833333
0.6,1420,7.258412151,291.4833333
1,848,6.742880636,291.8166667
0.9,873,6.771935556,291.8166667
0.8,1090,6.993932975,291.8166667
0.7,1100,7.003065459,291.8166667
0.6,1476,7.297091005,291.8166667
1,900,6.802394763,292.1777778
0.9,900,6.802394763,292.1777778
0.8,1192,7.083387848,292.1777778
0.7,1190,7.081708586,292.1777778
0.6,1560,7.3524411,292.1777778
1,948,6.854354502,292.5111111
0.9,974,6.881411304,292.5111111
0.8,1280,7.154615357,292.5111111
0.7,1300,7.170119543,292.5111111
0.6,1680,7.426549072,292.5111111
1,1000,6.907755279,292.8722222
0.9,1010,6.91770561,292.8722222
0.8,1300,7.170119543,292.8722222
0.7,1350,7.207859871,292.8722222
0.6,1830,7.512071246,292.8722222
1,1092,6.995766156,293.2055556
0.9,1090,6.993932975,293.2055556
0.8,1410,7.251344983,293.2055556
0.7,1470,7.29301768,293.2055556
0.6,1980,7.590852124,293.2055556
1,1189,7.080867897,293.5666667
0.9,1189,7.080867897,293.5666667
0.8,1476,7.297091005,293.5666667
0.7,1550,7.34601021,293.5666667
0.6,2180,7.687080156,293.5666667
1,1296,7.167037877,293.9
0.9,1296,7.167037877,293.9
0.8,1542,7.340835554,293.9
0.7,1680,7.426549072,293.9
0.6,2350,7.762170607,293.9
1,1414,7.254177846,294.2611111
0.9,1414,7.254177846,294.2611111
0.8,1681,7.427144133,294.2611111
0.7,1750,7.467371067,294.2611111
0.6,2500,7.824046011,294.2611111
1,1476,7.297091005,294.5944444
0.9,1418,7.257002707,294.5944444
0.8,1834,7.514254653,294.5944444
0.7,1850,7.522940918,294.5944444
0.6,2700,7.901007052,294.5944444
1,1681,7.427144133,294.9555556
0.9,1542,7.340835554,294.9555556
0.8,1915,7.557472902,294.9555556
0.7,1920,7.560080465,294.9555556
0.6,2851,7.955425089,294.9555556
1,1834,7.514254653,295.2888889
0.9,1681.78,7.427608035,295.2888889
0.8,2000,7.60090246,295.2888889
0.7,2200,7.696212639,295.2888889
1,1915,7.557472902,295.65
0.9,1834,7.514254653,295.65
0.8,2180,7.687080156,295.65
0.7,2320,7.749322465,295.65
1,2000,7.60090246,295.9833333
0.9,1915,7.557472902,295.9833333
0.8,2328,7.752764809,295.9833333
0.7,2450,7.803843304,295.9833333
1,2213,7.70210434,296.3444444
0.9,2213,7.70210434,296.3444444
0.8,2705,7.902857191,296.3444444
0.7,2700,7.901007052,296.3444444
1,2449,7.803435057,296.6777778
0.9,2450,7.803843304,296.6777778
0.7,2800,7.937374696,296.6777778
1,2710,7.904703914,297.0388889
0.9,2710,7.904703914,297.0388889
0.7,2900,7.972466016,297.0388889
1,2850,7.955074273,297.3722222
1,3000,8.006367568,297.7333333
0.865546229,2725.124,7.910269211,297.3086
0.865546229,2656.269,7.884677786,297.174
0.865546229,2587.415,7.858414587,297.037
0.865546229,2518.653,7.831479514,296.8975
0.865546229,2449.986,7.803837589,296.7554
0.865546229,2381.418,7.775451388,296.6104
0.865546229,2312.956,7.746281639,296.4625
0.865546229,2244.603,7.716283947,296.3115
0.865546229,2176.367,7.685412252,296.1569
0.865546229,2108.253,7.653614921,295.9987
0.865546229,2040.269,7.620836941,295.8364
0.865546229,1972.422,7.587017508,295.6698
0.865546229,1904.721,7.55209082,295.4984
0.865546229,1837.175,7.515984345,295.3217
0.865546229,1820.093,7.506642878,295.2761
0.865546229,1811.306,7.501803411,295.2525
0.865546229,1809.096,7.500582552,295.2465
0.865546229,1808.645,7.500333225,295.2453
0.865546229,1806.876,7.499354666,295.2417
0.865546229,1805.767,7.498740711,295.2393
0.865546229,1803.504,7.497486718,295.2342
0.865546229,1798.901,7.494931202,295.2238
0.865546229,1789.42,7.489646824,295.2023
0.865546229,1769.58,7.478497509,295.1566
0.865546229,1727.56,7.454465287,295.0567
0.865546229,1639.059,7.401877576,294.8309
0.865546229,1554.684,7.349027589,294.5942
0.865546229,1475.896,7.297020542,294.3514
0.865546229,1399.537,7.243896747,294.0934
0.865546229,1324.378,7.188698194,293.815
0.865546229,1249.867,7.130792425,293.5119
0.865546229,1184.981,7.07748202,293.2231
0.865546229,1119.997,7.021081286,292.908
0.865546229,1055.408,6.961682701,292.5659
0.865546229,991.2271,6.898943671,292.1936
0.865546229,927.4972,6.832489776,291.788
0.865546229,864.2668,6.761881517,291.3448
0.865546229,801.5922,6.6866,290.8597
0.865546229,739.539,6.606027019,290.3269
0.865546229,678.1846,6.519419522,289.7401
0.865546229,617.621,6.425875001,289.0914
0.865546229,557.958,6.324283691,288.3711
0.865546229,499.3286,6.213264396,287.5676
0.865546229,441.8947,6.091071618,286.6664
0.865546229,385.8558,5.955463725,285.649
0.865546229,331.4603,5.803508044,284.4924
0.865546229,279.0204,5.631284897,283.1667
0.865546229,228.933,5.433429384,281.6328
0.865546229,181.7065,5.202392748,279.8395
0.865546229,137.9942,4.927211655,277.7181
0.865546229,98.6308,4.591383586,275.1763
0.865546229,79.85525,4.380215621,273.6156
0.865546229,74.53891,4.311321271,273.1138
0.865546229,74.53891,4.311321271,273.1138
0.865546229,73.88584,4.302521199,272.9543
0.865546229,73.66424,4.299517471,272.8839
0.865546229,73.2276,4.293572399,272.7445
0.865546229,72.36158,4.281675496,272.466
0.865546229,70.65821,4.257854309,271.9099
0.865546229,67.36335,4.210101101,270.8013
0.865546229,61.20002,4.114147516,268.5986
0.865546229,50.42152,3.920418068,264.2512
0.865546229,41.38835,3.72299944,259.9552
0.865546229,33.76463,3.519413805,255.6627
0.865546229,27.3664,3.309315984,251.3747
0.865546229,22.02746,3.092289857,247.0913
0.865546229,17.59994,2.867895493,242.8125
0.865546229,13.95263,2.635668021,238.5382
0.863260746,2647.555,7.881391852,296.2776
0.863260746,2578.802,7.855080229,296.1433
0.863260746,2510.05,7.828057952,296.0065
0.863260746,2441.395,7.800324876,295.8673
0.863260746,2372.84,7.771842829,295.7255
0.863260746,2304.391,7.742571712,295.5809
0.863260746,2236.053,7.712467537,295.4333
0.863260746,2167.831,7.681482407,295.2826
0.863260746,2099.733,7.649565473,295.1285
0.863260746,2031.766,7.616660645,294.9708
0.863260746,1963.937,7.582706411,294.8091
0.863260746,1896.255,7.547636167,294.6431
0.863260746,1828.729,7.511376469,294.4725
0.863260746,1761.369,7.473846627,294.2967
0.863260746,1761.369,7.473846627,294.2967
0.863260746,1759.228,7.472630355,294.2918
0.863260746,1758.119,7.471999767,294.2894
0.863260746,1755.889,7.47073056,294.2844
0.863260746,1751.411,7.468177028,294.2743
0.863260746,1742.384,7.463009569,294.2539
0.863260746,1724.071,7.452443634,294.212
0.863260746,1686.549,7.430439708,294.1234
0.863260746,1608.777,7.383229542,293.9276
0.863260746,1531.295,7.333869062,293.7144
0.863260746,1455.439,7.283062852,293.4857
0.863260746,1380.459,7.230171332,293.2376
0.863260746,1305.894,7.174643143,292.9663
0.863260746,1240.716,7.123443911,292.7065
0.863260746,1175.441,7.069398675,292.4224
0.863260746,1110.532,7.012594459,292.1133
0.863260746,1045.999,6.952727689,291.7763
0.863260746,981.8808,6.889469916,291.4083
0.863260746,918.2207,6.822437776,291.0057
0.863260746,855.0679,6.751180881,290.5642
0.863260746,792.4798,6.675167016,290.0789
0.863260746,730.5236,6.593761537,289.5439
0.863260746,669.2787,6.506200565,288.9524
0.863260746,608.8394,6.411554522,288.2958
0.863260746,549.3186,6.308678601,287.5642
0.863260746,490.8531,6.196144898,286.7451
0.863260746,433.6097,6.072144821,285.8231
0.863260746,377.7942,5.934349603,284.7788
0.863260746,323.6633,5.779703778,283.5878
0.863260746,271.5402,5.604110195,282.2184
0.863260746,221.8363,5.401939722,280.6296
0.863260746,175.0789,5.165236729,278.7666
0.863260746,131.9456,4.882389716,276.5565
0.863260746,93.30004,4.535820537,273.9005
0.863260746,83.62307,4.426319439,273.0776
0.863260746,83.24821,4.421826627,273.044
0.863260746,83.24821,4.421826627,273.044
0.863260746,82.60968,4.414126865,272.8793
0.863260746,82.36462,4.411155976,272.8093
0.863260746,81.8786,4.405237662,272.6699
0.863260746,80.91461,4.393394401,272.3914
0.863260746,79.01839,4.36968061,271.8353
0.863260746,75.34997,4.322143527,270.7267
0.863260746,68.48584,4.226627009,268.5238
0.863260746,56.47459,4.033790802,264.1758
0.863260746,46.40031,3.83730614,259.879
0.863260746,37.89113,3.634717048,255.5857
0.863260746,30.74361,3.425682168,251.297
0.863260746,24.77388,3.209789872,247.0129
0.863260746,19.81831,2.986606258,242.7333
0.863260746,15.73161,2.755672064,238.4583
0.85224792,2667.651,7.888953589,296.2095
0.85224792,2598.872,7.862832784,296.0756
0.85224792,2530.092,7.836010945,295.9392
0.85224792,2461.409,7.808489229,295.8005
0.85224792,2392.825,7.780229955,295.6593
0.85224792,2324.344,7.751193128,295.5155
0.85224792,2255.973,7.721336644,295.3688
0.85224792,2187.717,7.690613813,295.2191
0.85224792,2119.582,7.658974178,295.0661
0.85224792,2051.576,7.626363557,294.9096
0.85224792,1983.706,7.592722091,294.7493
0.85224792,1915.98,7.55798452,294.5847
0.85224792,1848.407,7.522079466,294.4154
0.85224792,1780.997,7.484928599,294.2407
0.85224792,1747.056,7.465687365,294.1504
0.85224792,1744.878,7.464439918,294.1446
0.85224792,1743.77,7.463804715,294.1416
0.85224792,1743.77,7.463804715,294.1416
0.85224792,1741.551,7.462531374,294.1362
0.85224792,1740.442,7.461894383,294.1336
0.85224792,1738.219,7.460616305,294.1284
0.85224792,1733.766,7.4580512,294.1178
0.85224792,1724.838,7.452888412,294.0964
0.85224792,1706.889,7.442427694,294.0529
0.85224792,1670.645,7.420965058,293.9625
0.85224792,1596.872,7.375801995,293.7669
0.85224792,1522.982,7.328425534,293.5538
0.85224792,1449.291,7.27882975,293.3219
0.85224792,1383.418,7.232312528,293.0962
0.85224792,1317.494,7.183486726,292.8508
0.85224792,1251.87,7.132393712,292.5849
0.85224792,1186.559,7.078812801,292.296
0.85224792,1121.587,7.022499926,291.9819
0.85224792,1056.987,6.963177687,291.6398
0.85224792,992.7955,6.900524701,291.2664
0.85224792,929.054,6.834166864,290.8582
0.85224792,865.8107,6.763666293,290.4109
0.85224792,803.1217,6.688506259,289.9197
0.85224792,741.0524,6.608071338,289.3788
0.85224792,679.6799,6.521621952,288.7814
0.85224792,619.0956,6.428259703,288.1194
0.85224792,559.4091,6.326881048,287.3827
0.85224792,500.7525,6.216111967,286.5594
0.85224792,443.2871,6.094217641,285.6344
0.85224792,387.2113,5.958970539,284.5891
0.85224792,332.772,5.807457571,283.3998
0.85224792,280.2798,5.63578839,282.036
0.85224792,230.1292,5.43864089,280.4579
0.85224792,182.8254,5.208531599,278.6131
0.85224792,139.0178,4.934601982,276.4309
0.85224792,99.53614,4.600520794,273.8159
0.85224792,94.4477,4.548046242,273.4115
0.85224792,91.27166,4.513840334,273.1489
0.85224792,90.46274,4.504938053,273.0807
0.85224792,90.05198,4.500387059,273.0459
0.85224792,90.05198,4.500387059,273.0459
0.85224792,89.35445,4.492611045,272.8789
0.85224792,89.09053,4.489653044,272.8088
0.85224792,88.56749,4.48376486,272.6695
0.85224792,87.53002,4.47198182,272.391
0.85224792,85.48908,4.448388648,271.8349
0.85224792,81.54,4.401093697,270.7262
0.85224792,74.14817,4.306065389,268.5235
0.85224792,61.20459,4.114222187,264.1756
0.85224792,50.33785,3.918757279,259.8789
0.85224792,41.15017,3.717228058,255.5858
0.85224792,33.42481,3.509298439,251.2971
0.85224792,26.96561,3.29456235,247.013
0.85224792,21.59779,3.072590995,242.7334
0.85224792,17.16601,2.842931266,238.4583
0.806715049,13.53262,2.605103067,234.188
0.806715049,2639.683,7.878414113,294.8364
0.806715049,2570.941,7.852027259,294.7014
0.806715049,2502.199,7.824925224,294.564
0.806715049,2433.555,7.79710843,294.4242
0.806715049,2365.012,7.768538375,294.2818
0.806715049,2296.575,7.739174162,294.1367
0.806715049,2228.25,7.708971803,293.9886
0.806715049,2160.042,7.677882945,293.8373
0.806715049,2091.959,7.645856227,293.6825
0.806715049,2024.007,7.612834489,293.5239
0.806715049,1956.195,7.578756539,293.3611
0.806715049,1888.53,7.543554028,293.1936
0.806715049,1821.022,7.507153161,293.0208
0.806715049,1753.682,7.469472857,292.842
0.806715049,1719.772,7.449947003,292.7492
0.806715049,1702.439,7.439817208,292.7011
0.806715049,1702.439,7.439817208,292.7011
0.806715049,1700.242,7.438525873,292.6954
0.806715049,1699.134,7.437873988,292.6926
0.806715049,1696.912,7.436565408,292.687
0.806715049,1692.466,7.433941916,292.6757
0.806715049,1683.555,7.428662908,292.653
0.806715049,1665.667,7.417980923,292.6066
0.806715049,1629.618,7.396100911,292.5104
0.806715049,1556.379,7.350117248,292.3027
0.806715049,1490.07,7.306578378,292.099
0.806715049,1423.732,7.261036872,291.8784
0.806715049,1357.658,7.213516435,291.6401
0.806715049,1291.856,7.163835223,291.3822
0.806715049,1226.351,7.111798372,291.1026
0.806715049,1161.168,7.057181674,290.7989
0.806715049,1096.337,6.999729902,290.4686
0.806715049,1031.892,6.939149289,290.1087
0.806715049,967.8711,6.875098917,289.716
0.806715049,904.3178,6.807180847,289.2864
0.806715049,841.2837,6.73492894,288.8156
0.806715049,778.828,6.657790226,288.2983
0.806715049,717.0207,6.57510471,287.7284
0.806715049,655.9439,6.486075267,287.0983
0.806715049,595.6957,6.389729966,286.3994
0.806715049,536.3939,6.284868779,285.6207
0.806715049,478.181,6.169989322,284.7491
0.806715049,421.2317,6.043183039,283.768
0.806715049,365.7619,5.901982575,282.6566
0.806715049,312.0412,5.74313523,281.3882
0.806715049,260.4102,5.56225808,279.9284
0.806715049,211.303,5.353293122,278.2316
0.806715049,165.2768,5.107621644,276.237
0.806715049,123.0472,4.812568022,273.8626
0.806715049,112.3502,4.721620779,273.1386
0.806715049,110.7352,4.707141766,273.0238
0.806715049,110.3051,4.703250163,272.9929
0.806715049,110.3051,4.703250163,272.9929
0.806715049,109.4944,4.695873406,272.8361
0.806715049,109.1715,4.69292004,272.7658
0.806715049,108.5339,4.687062567,272.6264
0.806715049,107.2692,4.675341563,272.3479
0.806715049,104.7809,4.651871503,271.7918
0.806715049,99.9655,4.604825126,270.6831
0.806715049,90.94903,4.51029924,268.48
0.806715049,75.14968,4.319481858,264.1308
0.806715049,61.87369,4.125095049,259.8325
0.806715049,50.63931,3.924728152,255.5377
0.806715049,41.18392,3.718047889,251.2473
0.806715049,33.26987,3.504652183,246.9613
0.806715049,26.68541,3.284116974,242.6798
0.806715049,21.24226,3.055992594,238.4028
0.806715049,16.77362,2.819807414,234.1304
0.806715049,13.13207,2.57505733,229.8627
0.713362403,2688.862,7.896873335,295.2965
0.713362403,2620.054,7.870950207,295.1603
0.713362403,2551.247,7.844337538,295.0214
0.713362403,2482.534,7.817035092,294.8801
0.713362403,2413.919,7.789006847,294.7361
0.713362403,2345.406,7.7602138,294.5891
0.713362403,2277,7.730614066,294.439
0.713362403,2208.708,7.700163008,294.2855
0.713362403,2140.535,7.668811077,294.1283
0.713362403,2072.489,7.636505579,293.9669
0.713362403,2004.576,7.603187846,293.8009
0.713362403,1936.805,7.568794987,293.6298
0.713362403,1869.184,7.533257251,293.453
0.713362403,1801.723,7.496498708,293.2697
0.713362403,1734.432,7.458435261,293.079
0.713362403,1700.547,7.438705243,292.9796
0.713362403,1683.222,7.428465093,292.9279
0.713362403,1674.458,7.42324481,292.9015
0.713362403,1672.252,7.4219265,292.8948
0.713362403,1672.252,7.4219265,292.8948
0.713362403,1670.037,7.420601061,292.8885
0.713362403,1668.929,7.419937382,292.8854
0.713362403,1666.714,7.418609302,292.8791
0.713362403,1662.289,7.415950847,292.8665
0.713362403,1653.463,7.410627155,292.8413
0.713362403,1635.905,7.399951447,292.7903
0.713362403,1601.17,7.378489891,292.6868
0.713362403,1533.203,7.33511429,292.4726
0.713362403,1466.772,7.290819347,292.2471
0.713362403,1400.528,7.244604587,292.0044
0.713362403,1334.547,7.196347187,291.743
0.713362403,1268.846,7.145863105,291.4609
0.713362403,1203.451,7.092948542,291.1559
0.713362403,1138.388,7.037368506,290.8256
0.713362403,1073.689,6.978855661,290.4673
0.713362403,1009.388,6.917099486,290.0779
0.713362403,945.5251,6.851740435,289.6538
0.713362403,882.1477,6.782359502,289.1909
0.713362403,819.3093,6.708461668,288.6845
0.713362403,757.0725,6.629459022,288.1291
0.713362403,695.5112,6.544647115,287.5179
0.713362403,634.713,6.453172928,286.8431
0.713362403,574.7822,6.353991186,286.0952
0.713362403,515.8446,6.245805557,285.2626
0.713362403,458.0531,6.126985116,284.3308
0.713362403,401.5957,5.995445861,283.282
0.713362403,346.7054,5.848475428,282.0933
0.713362403,293.6746,5.682472352,280.7356
0.713362403,242.8737,5.492541555,279.1707
0.713362403,194.7764,5.271852234,277.3481
0.713362403,149.991,5.010575292,275.1999
0.713362403,128.0377,4.852324752,273.9106
0.713362403,116.0157,4.753725527,273.1137
0.713362403,115.2051,4.746714018,273.0572
0.713362403,115.2051,4.746714018,273.0572
0.713362403,114.2858,4.738702329,272.9043
0.713362403,113.9464,4.735728162,272.8332
0.713362403,113.2837,4.729895292,272.6938
0.713362403,111.9691,4.71822294,272.4153
0.713362403,109.3827,4.694852742,271.8592
0.713362403,104.3765,4.648004554,270.7505
0.713362403,95.00029,4.553879944,268.5476
0.713362403,78.56118,4.363877684,264.1991
0.713362403,64.73626,4.170321477,259.9016
0.713362403,53.02721,3.970805178,255.6075
0.713362403,43.16376,3.765001254,251.3177
0.713362403,34.90093,3.552513476,247.0323
0.713362403,28.02011,3.332922467,242.7514
0.713362403,22.32673,3.105784615,238.4748
0.713362403,17.64817,2.870632095,234.2028
0.713362403,13.83176,2.626967397,229.9355
0.735715567,2468.812,7.811492342,294.4365
0.735715567,2400.317,7.783356091,294.2914
0.735715567,2331.822,7.754405215,294.1429
0.735715567,2263.438,7.724640175,293.9911
0.735715567,2195.169,7.694014316,293.8357
0.735715567,2127.021,7.662477688,293.6763
0.735715567,2059.001,7.629976193,293.5125
0.735715567,1991.115,7.596450062,293.3438
0.735715567,1923.373,7.561835695,293.1698
0.735715567,1855.783,7.526061988,292.9896
0.735715567,1788.355,7.489051482,292.8026
0.735715567,1721.099,7.450718319,292.6078
0.735715567,1654.028,7.410968804,292.4042
0.735715567,1587.153,7.369697124,292.1906
0.735715567,1520.489,7.326787273,291.9655
0.735715567,1486.899,7.304448022,291.8469
0.735715567,1478.264,7.298623705,291.8158
0.735715567,1476.066,7.29713572,291.8079
0.735715567,1476.066,7.29713572,291.8079
0.735715567,1473.857,7.295638053,291.8001
0.735715567,1472.753,7.294888717,291.7963
0.735715567,1470.544,7.293387679,291.7885
0.735715567,1466.133,7.290383601,291.773
0.735715567,1457.338,7.284366763,291.7419
0.735715567,1439.854,7.272296999,291.679
0.735715567,1405.313,7.248015333,291.551
0.735715567,1337.928,7.198877428,291.2856
0.735715567,1272.275,7.148561916,291.0051
0.735715567,1206.86,7.095777224,290.7015
0.735715567,1141.779,7.040342851,290.3727
0.735715567,1077.06,6.981990386,290.0158
0.735715567,1012.737,6.920411846,289.6277
0.735715567,948.8505,6.855251252,289.2049
0.735715567,885.4465,6.786092038,288.7432
0.735715567,822.5783,6.712443676,288.2379
0.735715567,760.3084,6.63372414,287.6833
0.735715567,698.7098,6.549235492,287.073
0.735715567,637.8693,6.458133403,286.399
0.735715567,577.8903,6.359384058,285.6518
0.735715567,518.8972,6.25170579,284.82
0.735715567,461.0416,6.133488278,283.8893
0.735715567,404.5091,6.002674233,282.842
0.735715567,349.5303,5.856590253,281.6555
0.735715567,296.3939,5.691689313,280.3011
0.735715567,245.4658,5.50315763,278.7411
0.735715567,197.2135,5.284286898,276.9258
0.735715567,152.2374,5.025441145,274.7885
0.735715567,130.1737,4.868869712,273.5073
0.735715567,123.9865,4.820172689,273.1112
0.735715567,122.2826,4.806334759,272.9989
0.735715567,122.2826,4.806334759,272.9989
0.735715567,121.4507,4.799508419,272.8478
0.735715567,121.0979,4.796599309,272.7775
0.735715567,120.4008,4.790826177,272.6381
0.735715567,119.0178,4.779273062,272.3596
0.735715567,116.2962,4.756140385,271.8035
0.735715567,111.0262,4.709766209,270.6949
0.735715567,101.1479,4.616583802,268.4919
0.735715567,83.801,4.428444941,264.1432
0.735715567,69.18193,4.236739701,259.8454
0.735715567,56.77447,4.039086753,255.5509
0.735715567,46.30084,3.835160103,251.2607
0.735715567,37.5084,3.624564908,246.975
0.735715567,30.17108,3.40688385,242.6936
0.735715567,24.08706,3.181674767,238.4166
0.735715567,19.07678,2.948471889,234.1441
0.735715567,14.98093,2.706778059,229.8763
0.700453166,2532.238,7.836858776,294.5508
0.700453166,2463.647,7.809398051,294.4064
0.700453166,2395.057,7.781162309,294.2588
0.700453166,2326.573,7.752151648,294.1079
0.700453166,2258.198,7.722322429,293.9534
0.700453166,2189.938,7.691628512,293.795
0.700453166,2121.799,7.660019593,293.6323
0.700453166,2053.789,7.627441659,293.4649
0.700453166,1985.914,7.593834541,293.2921
0.700453166,1918.184,7.559134184,293.1134
0.700453166,1850.606,7.523268432,292.9281
0.700453166,1783.191,7.486159735,292.7353
0.700453166,1715.948,7.447720977,292.5341
0.700453166,1648.891,7.40785822,292.3234
0.700453166,1582.032,7.366465376,292.1019
0.700453166,1515.385,7.323424811,291.8683
0.700453166,1448.966,7.278605478,291.621
0.700453166,1444.738,7.275683269,291.6047
0.700453166,1442.535,7.274157262,291.5962
0.700453166,1442.527,7.274151716,291.5961
0.700453166,1440.328,7.272626144,291.5879
0.700453166,1439.224,7.271859358,291.5837
0.700453166,1437.017,7.270324716,291.5753
0.700453166,1432.608,7.267251838,291.5586
0.700453166,1423.819,7.261097977,291.525
0.700453166,1406.35,7.248752975,291.4572
0.700453166,1371.848,7.223914015,291.3191
0.700453166,1304.577,7.173634129,291.0335
0.700453166,1239.076,7.12212122,290.7321
0.700453166,1173.826,7.068023778,290.4063
0.700453166,1108.924,7.011145455,290.0539
0.700453166,1044.401,6.951198794,289.6718
0.700453166,980.2942,6.887852731,289.2566
0.700453166,916.6461,6.820721465,288.8046
0.700453166,853.5066,6.749353275,288.3113
0.700453166,790.9333,6.673213641,287.7716
0.700453166,728.9937,6.59166509,287.1792
0.700453166,667.7676,6.503940209,286.5271
0.700453166,607.3497,6.409104737,285.8066
0.700453166,547.8534,6.306007733,285.0071
0.700453166,489.416,6.193212844,284.1158
0.700453166,432.2054,6.068900938,283.1167
0.700453166,376.4284,5.930727857,281.9897
0.700453166,322.3431,5.775616506,280.7094
0.700453166,270.2747,5.599438849,279.2424
0.700453166,220.6371,5.39651927,277.5454
0.700453166,173.9607,5.158829412,275.5603
0.700453166,130.9275,4.874643735,273.2084
0.700453166,128.107,4.852865852,273.0297
0.700453166,128.107,4.852865852,273.0297
0.700453166,127.2886,4.846456949,272.8809
0.700453166,126.9197,4.843554603,272.811
0.700453166,126.1873,4.837767311,272.6716
0.700453166,124.7345,4.826187478,272.3931
0.700453166,121.8755,4.803000032,271.837
0.700453166,116.3402,4.756518658,270.7283
0.700453166,105.9667,4.663124894,268.5255
0.700453166,87.75792,4.474582115,264.1773
0.700453166,72.42058,4.282490513,259.88
0.700453166,59.40994,4.084461552,255.586
0.700453166,48.43265,3.880174173,251.2964
0.700453166,39.22198,3.669237304,247.011
0.700453166,31.53942,3.451238192,242.73
0.700453166,25.17216,3.225738622,238.4534
0.700453166,19.93101,2.99227681,234.1812
0.700453166,15.64826,2.750359729,229.9137
0.646084272,2478.415,7.815374522,294.2807
0.646084272,2409.905,7.787342607,294.1314
0.646084272,2341.395,7.758502185,293.9784
0.646084272,2272.996,7.728854064,293.8217
0.646084272,2204.711,7.698351714,293.6609
0.646084272,2136.545,7.666945317,293.4955
0.646084272,2068.507,7.63458237,293.3252
0.646084272,2000.602,7.601203414,293.1493
0.646084272,1932.839,7.566745186,292.9673
0.646084272,1865.228,7.531138577,292.7784
0.646084272,1797.776,7.494305624,292.5819
0.646084272,1730.496,7.456163352,292.3767
0.646084272,1663.397,7.416617176,292.1618
0.646084272,1596.494,7.375565254,291.936
0.646084272,1529.8,7.332892287,291.698
0.646084272,1463.33,7.288469939,291.4463
0.646084272,1397.101,7.242154654,291.179
0.646084272,1331.134,7.19378649,290.8944
0.646084272,1326.93,7.190623282,290.8756
0.646084272,1324.732,7.188965454,290.8657
0.646084272,1323.631,7.188133997,290.8607
0.646084272,1323.08,7.187717631,290.8582
0.646084272,1323.08,7.187717631,290.8582
0.646084272,1320.875,7.186049675,290.8484
0.646084272,1319.774,7.185215789,290.8435
0.646084272,1317.572,7.183545928,290.8337
0.646084272,1313.174,7.180202386,290.814
0.646084272,1304.409,7.173505344,290.7745
0.646084272,1286.997,7.160066877,290.6947
0.646084272,1252.648,7.13301499,290.5323
0.646084272,1185.829,7.078197387,290.1963
0.646084272,1120.935,7.021918437,289.8417
0.646084272,1056.336,6.962561595,289.4576
0.646084272,992.1487,6.899872995,289.041
0.646084272,928.412,6.8334756,288.5882
0.646084272,865.174,6.762930643,288.0948
0.646084272,802.491,6.68772064,287.5558
0.646084272,740.4283,6.607228803,286.9652
0.646084272,679.0632,6.520714201,286.316
0.646084272,618.4875,6.427276981,285.5999
0.646084272,558.8107,6.325810775,284.8066
0.646084272,500.1653,6.214938644,283.9237
0.646084272,442.7129,6.092921479,282.9358
0.646084272,386.6522,5.957525581,281.8237
0.646084272,332.2309,5.805830209,280.5628
0.646084272,279.7603,5.633933165,279.1216
0.646084272,229.6357,5.43649414,277.4584
0.646084272,182.3638,5.206003593,275.518
0.646084272,138.5954,4.931558897,273.2257
0.646084272,135.7254,4.910633727,273.0523
0.646084272,135.7254,4.910633727,273.0523
0.646084272,134.7761,4.903614883,272.9086
0.646084272,134.3805,4.900675328,272.8376
0.646084272,133.6072,4.894904152,272.6982
0.646084272,132.0731,4.883355557,272.4197
0.646084272,129.0541,4.860231696,271.8636
0.646084272,123.2085,4.813878042,270.755
0.646084272,112.2513,4.720740108,268.5522
0.646084272,93.01056,4.532713035,264.2043
0.646084272,76.79523,4.341142529,259.9074
0.646084272,63.03221,4.143645866,255.6138
0.646084272,51.41378,3.93990623,251.3243
0.646084272,41.65981,3.729536875,247.0392
0.646084272,33.51953,3.512128254,242.7584
0.646084272,26.76906,3.287246743,238.4819
0.646084272,21.20918,3.054434107,234.2099
0.646084272,16.66317,2.813200895,229.9424
0.646084272,12.97504,2.563027512,225.6796
0.96008472,2835.926,7.950123794,295.5391
0.96008472,2766.936,7.92549585,295.4142
0.96008472,2697.945,7.900245651,295.2872
0.96008472,2629.041,7.87437442,295.1583
0.96008472,2560.224,7.847850034,295.0273
0.96008472,2491.499,7.820639816,294.8941
0.96008472,2422.87,7.792708067,294.7585
0.96008472,2354.344,7.764017411,294.6205
0.96008472,2285.924,7.734525598,294.4798
0.96008472,2217.616,7.704188024,294.3362
0.96008472,2149.428,7.672957039,294.1897
0.96008472,2081.364,7.640778727,294.0399
0.96008472,2013.434,7.607597001,293.8866
0.96008472,1945.644,7.573348307,293.7295
0.96008472,1878.003,7.537964257,293.5683
0.96008472,1869.432,7.53338992,293.5475
0.96008472,1865.01,7.531021694,293.5368
0.96008472,1864.456,7.530724601,293.5354
0.96008472,1863.901,7.530426882,293.5341
0.96008472,1862.233,7.529531584,293.5318
0.96008472,1861.123,7.528935348,293.5297
0.96008472,1858.796,7.527684245,293.5254
0.96008472,1853.965,7.525081868,293.5163
0.96008472,1843.762,7.519563329,293.497
0.96008472,1821.973,7.507675259,293.455
0.96008472,1775.835,7.482026014,293.3628
0.96008472,1680.843,7.427050732,293.1576
0.96008472,1593.553,7.373721393,292.9486
0.96008472,1513.742,7.32234001,292.7376
0.96008472,1436.832,7.270195969,292.514
0.96008472,1361.313,7.216204954,292.2725
0.96008472,1286.576,7.159739705,292.0092
0.96008472,1221.505,7.107838984,291.7577
0.96008472,1156.327,7.053003881,291.4826
0.96008472,1091.525,6.99533108,291.183
0.96008472,1027.11,6.934504312,290.8562
0.96008472,963.1222,6.870180299,290.499
0.96008472,899.6057,6.801956556,290.1077
0.96008472,836.6125,6.729361,289.678
0.96008472,774.2026,6.651833596,289.205
0.96008472,712.4466,6.568704962,288.6826
0.96008472,651.4279,6.479166723,288.1035
0.96008472,591.2459,6.382232005,287.4593
0.96008472,532.0199,6.276680895,286.7391
0.96008472,473.8947,6.160985145,285.93
0.96008472,417.0475,6.033200124,285.0154
0.96008472,361.6978,5.890809057,283.9748
0.96008472,308.12,5.730489317,282.7814
0.96008472,256.6606,5.54775459,281.4006
0.96008472,207.7619,5.336392712,279.7867
0.96008472,161.9916,5.087544482,277.8783
0.96008472,120.0784,4.788144863,275.5923
0.96008472,99.79992,4.603167382,274.1953
0.96008472,88.68168,4.485053329,273.3122
0.96008472,85.70551,4.450917118,273.0584
0.96008472,84.90896,4.441579624,272.9892
0.96008472,84.90896,4.441579624,272.9892
0.96008472,84.29445,4.434316027,272.8226
0.96008472,84.04152,4.431310962,272.7529
0.96008472,83.53792,4.425300661,272.6135
0.96008472,82.5392,4.413273332,272.335
0.96008472,80.57526,4.389191655,271.7789
0.96008472,76.77818,4.340920485,270.6701
0.96008472,69.68197,4.243941604,268.4668
0.96008472,57.2944,4.048202888,264.1168
0.96008472,46.93916,3.848852295,259.8177
0.96008472,38.22238,3.643421208,255.5224
0.96008472,30.92485,3.431560068,251.2317
0.96008472,24.84981,3.212850107,246.9456
0.96008472,19.82313,2.986849438,242.6642
0.96008472,15.69107,2.753091761,238.3875
1.181202806,2556.825,7.846521533,294.0537
1.181202806,2488.199,7.819314435,293.9356
1.181202806,2419.573,7.791346357,293.8156
1.181202806,2351.052,7.762618167,293.6938
1.181202806,2282.637,7.733086633,293.57
1.181202806,2214.335,7.702707412,293.4442
1.181202806,2146.152,7.67143175,293.3162
1.181202806,2078.095,7.639206888,293.1859
1.181202806,2010.171,7.605975072,293.053
1.181202806,1942.388,7.571673423,292.9175
1.181202806,1874.755,7.536233263,292.7791
1.181202806,1807.28,7.499578232,292.6374
1.181202806,1739.975,7.461626024,292.4924
1.181202806,1672.85,7.422284038,292.3434
1.181202806,1605.918,7.381450835,292.1903
1.181202806,1539.193,7.339013532,292.0324
1.181202806,1530.719,7.333492839,292.0119
1.181202806,1526.321,7.330615544,292.0013
1.181202806,1525.217,7.329891974,291.9986
1.181202806,1524.664,7.329529337,291.9973
1.181202806,1524.664,7.329529337,291.9973
1.181202806,1522.452,7.328077472,291.9916
1.181202806,1521.347,7.327351406,291.9887
1.181202806,1519.111,7.325880574,291.9829
1.181202806,1514.599,7.322905996,291.9712
1.181202806,1505.418,7.316825879,291.9471
1.181202806,1486.511,7.304187042,291.8966
1.181202806,1447.007,7.277252564,291.7876
1.181202806,1363.821,7.218045598,291.5409
1.181202806,1282.732,7.156747457,291.2755
1.181202806,1205.656,7.094779096,290.9972
1.181202806,1130.614,7.030516127,290.6984
1.181202806,1056.669,6.962876786,290.373
1.181202806,992.9783,6.900708811,290.0645
1.181202806,929.2071,6.834331642,289.7253
1.181202806,865.9643,6.763843684,289.3543
1.181202806,803.2738,6.688695627,288.9471
1.181202806,741.2028,6.608274272,288.4983
1.181202806,679.8285,6.52184056,288.0015
1.181202806,619.2422,6.428496472,287.4489
1.181202806,559.5534,6.327138966,286.8311
1.181202806,500.8941,6.216394701,286.1364
1.181202806,443.4256,6.094530031,285.3502
1.181202806,387.3461,5.959318609,284.4541
1.181202806,332.9024,5.807849354,283.425
1.181202806,280.405,5.636234987,282.2324
1.181202806,230.2482,5.439157858,280.837
1.181202806,182.9367,5.209140191,279.1861
1.181202806,139.1197,4.935334714,277.2089
1.181202806,99.6263,4.601426186,274.8087
1.181202806,80.77387,4.391653522,273.3201
1.181202806,78.05951,4.357471485,273.0795
1.181202806,76.52863,4.337664919,272.9404
1.181202806,76.52863,4.337664919,272.9404
1.181202806,75.85569,4.328832719,272.7776
1.181202806,75.62236,4.325752007,272.7072
1.181202806,75.16217,4.319648046,272.5678
1.181202806,74.2497,4.307433737,272.2893
1.181202806,72.45591,4.282978239,271.7331
1.181202806,68.98975,4.233957943,270.6242
1.181202806,62.51936,4.135476269,268.4204
1.181202806,51.24978,3.936711325,264.0688
1.181202806,41.8592,3.734311606,259.7677
1.181202806,33.98049,3.525786536,255.4706
1.181202806,27.40626,3.310771454,251.1784
1.181202806,21.95144,3.088832741,246.8911
1.181202806,17.45304,2.859513846,242.6086
1.181202806,13.76781,2.622333259,238.331
0.677653523,2387.941,7.778186767,292.8672
0.677653523,2319.575,7.749139258,292.7153
0.677653523,2251.209,7.719222684,292.5594
0.677653523,2182.961,7.688437491,292.3994
0.677653523,2114.835,7.656732074,292.235
0.677653523,2046.838,7.624051442,292.0655
0.677653523,1978.978,7.590335829,291.8905
0.677653523,1911.262,7.555519036,291.7093
0.677653523,1843.701,7.519530243,291.5212
0.677653523,1776.303,7.482289517,291.3253
0.677653523,1709.079,7.443709908,291.1207
0.677653523,1642.041,7.403695259,290.9062
0.677653523,1575.203,7.362139432,290.6806
0.677653523,1508.578,7.318922764,290.4426
0.677653523,1442.183,7.273913217,290.1905
0.677653523,1376.036,7.226962181,289.9226
0.677653523,1310.156,7.177901493,289.6369
0.677653523,1244.566,7.126542154,289.3312
0.677653523,1211.489,7.099605461,289.1681
0.677653523,1194.457,7.085446968,289.0816
0.677653523,1185.808,7.078179678,289.0369
0.677653523,1181.448,7.074496084,289.0143
0.677653523,1180.352,7.073567978,289.0086
0.677653523,1179.803,7.073102754,289.0057
0.677653523,1179.803,7.073102754,289.0057
0.677653523,1177.605,7.071237994,288.9943
0.677653523,1176.508,7.070306008,288.9885
0.677653523,1174.313,7.068438575,288.9771
0.677653523,1169.931,7.064700052,288.9541
0.677653523,1161.201,7.057210093,288.908
0.677653523,1143.873,7.042175152,288.8148
0.677653523,1109.745,7.011885538,288.6251
0.677653523,1043.584,6.950416222,288.2319
0.677653523,979.5717,6.887115435,287.8158
0.677653523,915.9239,6.819933283,287.3624
0.677653523,852.7908,6.748514265,286.8677
0.677653523,790.2243,6.672316829,286.3266
0.677653523,728.2924,6.590702616,285.7328
0.677653523,667.075,6.502902483,285.0791
0.677653523,606.6668,6.407979711,284.3567
0.677653523,547.1817,6.304780923,283.555
0.677653523,488.7574,6.191866252,282.661
0.677653523,431.5618,6.067410722,281.6584
0.677653523,375.8025,5.929063739,280.5272
0.677653523,321.7382,5.773738171,279.2412
0.677653523,269.695,5.597291691,277.7669
0.677653523,220.0878,5.394026558,276.0601
0.677653523,173.4488,5.155882455,274.0617
0.677653523,161.5285,5.084681598,273.4664
0.677653523,154.6272,5.041017059,273.102
0.677653523,152.8456,5.029428262,273.0055
0.677653523,152.387,5.026423338,272.9804
0.677653523,152.387,5.026423338,272.9804
0.677653523,151.4856,5.020490571,272.8382
0.677653523,151.0453,5.017579792,272.7686
0.677653523,150.1684,5.011757331,272.6292
0.677653523,148.4289,5.000106056,272.3507
0.677653523,145.0061,4.976775811,271.7946
0.677653523,138.3809,4.930010028,270.686
0.677653523,125.971,4.836051722,268.4832
0.677653523,104.2089,4.646397538,264.1354
0.677653523,85.90245,4.45321235,259.8385
0.677653523,70.39346,4.254100361,255.5447
0.677653523,57.32578,4.048750435,251.2552
0.677653523,46.37593,3.836780575,246.9699
0.677653523,37.25499,3.617785896,242.6889
0.677653523,29.70566,3.3913376,238.4123
0.677653523,23.49956,3.156981698,234.14
0.677653523,18.43469,2.914234216,229.8724
0.677653523,14.33322,2.66257992,225.6094
0.629275402,2403.957,7.784871409,293.0597
0.629275402,2335.565,7.756009111,292.905
0.629275402,2267.172,7.726288519,292.7463
0.629275402,2198.897,7.69571115,292.5832
0.629275402,2130.742,7.664225555,292.4155
0.629275402,2062.714,7.63177787,292.2426
0.629275402,1994.821,7.598309601,292.064
0.629275402,1927.071,7.563756513,291.8791
0.629275402,1859.473,7.528048393,291.687
0.629275402,1792.036,7.491107683,291.487
0.629275402,1724.77,7.452848987,291.2782
0.629275402,1657.688,7.413179139,291.0594
0.629275402,1590.802,7.371993571,290.8296
0.629275402,1524.126,7.32917641,290.5872
0.629275402,1457.676,7.284598666,290.3309
0.629275402,1391.469,7.238115303,290.0589
0.629275402,1325.524,7.189563132,289.7694
0.629275402,1259.864,7.138759058,289.4602
0.629275402,1194.513,7.08549385,289.129
0.629275402,1129.498,7.029528565,288.773
0.629275402,1127.42,7.027687115,288.7611
0.629275402,1127.42,7.027687115,288.7611
0.629275402,1125.228,7.025740961,288.7487
0.629275402,1124.132,7.024766461,288.7424
0.629275402,1121.94,7.022814609,288.7299
0.629275402,1117.565,7.01890749,288.7048
0.629275402,1108.85,7.011078721,288.6543
0.629275402,1091.557,6.995360396,288.5525
0.629275402,1057.524,6.963685606,288.3452
0.629275402,991.6428,6.899362962,287.9157
0.629275402,928.0056,6.833037767,287.4616
0.629275402,864.7653,6.762458141,286.9663
0.629275402,802.0863,6.687216208,286.4255
0.629275402,740.0279,6.606687888,285.8332
0.629275402,678.6676,6.520131464,285.1823
0.629275402,618.0973,6.426645888,284.4643
0.629275402,558.4268,6.325123545,283.6691
0.629275402,499.7886,6.214185209,282.784
0.629275402,442.3445,6.09208899,281.7937
0.629275402,386.2936,5.956597702,280.6785
0.629275402,331.8839,5.804785209,279.4139
0.629275402,279.4271,5.632741436,277.9678
0.629275402,229.3193,5.435115356,276.2982
0.629275402,182.0678,5.204379145,274.3491
0.629275402,158.6961,5.066991053,273.1935
0.629275402,157.0421,5.056513922,273.1056
0.629275402,156.1214,5.05063391,273.0563
0.629275402,155.659,5.047667717,273.0314
0.629275402,155.659,5.047667717,273.0314
0.629275402,154.6269,5.041015118,272.8932
0.629275402,154.1687,5.038047457,272.822
0.629275402,153.2751,5.032234346,272.6827
0.629275402,151.5023,5.020600806,272.4042
0.629275402,148.0142,4.997308215,271.8481
0.629275402,141.262,4.950616322,270.7395
0.629275402,128.613,4.856807895,268.5369
0.629275402,106.427,4.667459304,264.1894
0.629275402,87.75824,4.474585761,259.893
0.629275402,71.93723,4.275793933,255.5997
0.629275402,58.6024,4.070775651,251.3107
0.629275402,47.42514,3.859152468,247.0258
0.629275402,38.11175,3.640522634,242.7452
0.629275402,30.40052,3.414459714,238.4689
0.629275402,24.05909,3.180512888,234.197
0.629275402,18.88185,2.938201143,229.9296
0.629275402,14.6877,2.687010409,225.6669
0.689969621,2880.152,7.96559835,295.1992
0.689969621,2811.11,7.941334702,295.0722
0.689969621,2742.068,7.916467659,294.9433
0.689969621,2673.109,7.890997493,294.8126
0.689969621,2604.236,7.864894629,294.6799
0.689969621,2535.451,7.838126809,294.5452
0.689969621,2466.761,7.810661233,294.4082
0.689969621,2398.168,7.782460392,294.2688
0.689969621,2329.679,7.753485769,294.1269
0.689969621,2261.299,7.723694706,293.9821
0.689969621,2193.034,7.693041252,293.8342
0.689969621,2124.89,7.661475315,293.6828
0.689969621,2056.873,7.628942147,293.5276
0.689969621,1988.993,7.595383759,293.3681
0.689969621,1921.255,7.560733897,293.2037
0.689969621,1853.67,7.524922737,293.0337
0.689969621,1819.646,7.506397256,292.9456
0.689969621,1802.272,7.49680337,292.8999
0.689969621,1801.722,7.496498153,292.8985
0.689969621,1801.722,7.496498153,292.8985
0.689969621,1799.501,7.495264683,292.8931
0.689969621,1798.392,7.494648211,292.8904
0.689969621,1796.173,7.493413569,292.885
0.689969621,1791.74,7.490942494,292.8742
0.689969621,1782.898,7.485995409,292.8524
0.689969621,1765.3,7.476075927,292.8087
0.689969621,1730.458,7.456141392,292.7197
0.689969621,1662.176,7.415882866,292.536
0.689969621,1595.32,7.374829622,292.343
0.689969621,1528.628,7.33212588,292.136
0.689969621,1462.162,7.287671441,291.9137
0.689969621,1395.938,7.24132187,291.6745
0.689969621,1329.975,7.192915424,291.4167
0.689969621,1264.295,7.142269934,291.1383
0.689969621,1198.922,7.089178099,290.8373
0.689969621,1133.883,7.033403304,290.5111
0.689969621,1069.21,6.974675337,290.1572
0.689969621,1004.938,6.912681127,289.7723
0.689969621,941.1079,6.847057798,289.353
0.689969621,877.7661,6.777380157,288.8951
0.689969621,814.9673,6.70314799,288.3939
0.689969621,752.7749,6.623766246,287.8437
0.689969621,691.2636,6.538521227,287.2378
0.689969621,630.522,6.446548048,286.5683
0.689969621,570.6558,6.346786226,285.8255
0.689969621,511.7925,6.237919269,284.9976
0.689969621,454.0872,6.11828925,284.07
0.689969621,397.7304,5.985774389,283.0243
0.689969621,342.959,5.837610906,281.8372
0.689969621,290.0701,5.670122618,280.4788
0.689969621,239.4403,5.478304116,278.9098
0.689969621,191.5515,5.255156702,277.078
0.689969621,147.0229,4.990588357,274.9134
0.689969621,125.2184,4.830059413,273.6108
0.689969621,119.0972,4.779939966,273.2065
0.689969621,117.4089,4.765662714,273.0916
0.689969621,116.9735,4.761947413,273.0617
0.689969621,116.9735,4.761947413,273.0617
0.689969621,116.0539,4.754054738,272.9093
0.689969621,115.7039,4.751034341,272.8384
0.689969621,115.0195,4.745101679,272.699
0.689969621,113.6621,4.733230012,272.4205
0.689969621,110.9925,4.709462631,271.8644
0.689969621,105.829,4.661824584,270.7557
0.689969621,96.17183,4.566136487,268.5528
0.689969621,79.28732,4.373078217,264.2045
0.689969621,65.1398,4.17653573,259.9072
0.689969621,53.20036,3.974065163,255.6133
0.689969621,43.17834,3.765338981,251.3237
0.689969621,34.81191,3.54995957,247.0386
0.689969621,27.86878,3.327507066,242.7578
0.689969621,22.14336,3.097537677,238.4815
0.689969621,17.45426,2.859583745,234.2097
0.689969621,13.64192,2.613147405,229.9426
0.683985312,2434.909,7.797664663,292.7317
0.683985312,2366.467,7.769153405,292.584
0.683985312,2298.025,7.739805337,292.4328
0.683985312,2229.697,7.709620981,292.278
0.683985312,2161.487,7.67855169,292.119
0.683985312,2093.401,7.646545295,291.9557
0.683985312,2025.446,7.613545202,291.7873
0.683985312,1957.631,7.579490348,291.6135
0.683985312,1889.963,7.544312531,291.4334
0.683985312,1822.451,7.507937577,291.2463
0.683985312,1755.107,7.470285103,291.0513
0.683985312,1687.941,7.431264722,290.8475
0.683985312,1620.964,7.390776313,290.6337
0.683985312,1554.192,7.348711075,290.4086
0.683985312,1487.638,7.304944906,290.1707
0.683985312,1421.319,7.259340593,289.9184
0.683985312,1355.253,7.211743432,289.6498
0.683985312,1289.462,7.161980356,289.363
0.683985312,1256.288,7.13591662,289.2102
0.683985312,1239.221,7.122238235,289.1293
0.683985312,1237.049,7.120483984,289.1189
0.683985312,1235.951,7.119595993,289.1136
0.683985312,1235.401,7.119150893,289.1109
0.683985312,1235.401,7.119150893,289.1109
0.683985312,1233.2,7.117367696,289.1004
0.683985312,1232.101,7.116476121,289.0951
0.683985312,1229.903,7.114690583,289.0846
0.683985312,1225.515,7.111116443,289.0634
0.683985312,1216.77,7.103955086,289.0209
0.683985312,1199.407,7.089582547,288.9351
0.683985312,1165.187,7.060636868,288.7603
0.683985312,1098.754,7.001932089,288.3981
0.683985312,1034.377,6.941554592,288.0149
0.683985312,970.3336,6.87763993,287.598
0.683985312,906.7617,6.809879681,287.1439
0.683985312,843.7064,6.737804567,286.648
0.683985312,781.2272,6.660866017,286.1051
0.683985312,719.3934,6.578408357,285.5087
0.683985312,658.2867,6.489640551,284.8513
0.683985312,598.0045,6.393598279,284.1241
0.683985312,538.6637,6.289091443,283.316
0.683985312,480.4058,6.174631163,282.4136
0.683985312,423.404,6.048326806,281.4003
0.683985312,367.8724,5.907736139,280.2551
0.683985312,314.0784,5.749642636,278.951
0.683985312,262.3594,5.569715319,277.4531
0.683985312,213.1454,5.361974562,275.7152
0.683985312,166.9881,5.117922552,273.6755
0.683985312,155.1996,5.04471203,273.0661
0.683985312,154.3274,5.03907632,273.0193
0.683985312,153.8659,5.036081444,272.9944
0.683985312,153.8659,5.036081444,272.9944
0.683985312,152.7767,5.028977378,272.858
0.683985312,152.3148,5.025949432,272.786
0.683985312,151.424,5.020083849,272.6467
0.683985312,149.6568,5.008344673,272.3682
0.683985312,146.1804,4.984841475,271.812
0.683985312,139.4535,4.937731212,270.7034
0.683985312,126.8607,4.843089634,268.5007
0.683985312,104.8047,4.652098618,264.1528
0.683985312,86.28077,4.457606746,259.8558
0.683985312,70.61237,4.257205342,255.562
0.683985312,57.43093,4.050583008,251.2724
0.683985312,46.4027,3.837357647,246.9871
0.683985312,37.23034,3.61712402,242.7061
0.683985312,29.64974,3.389453356,238.4294
0.683985312,23.42705,3.153891338,234.1572
0.683985312,18.35596,2.909954317,229.8895
0.683985312,14.25528,2.657127364,225.6265
0.643680935,2697.33,7.900017674,294.2997
0.643680935,2628.512,7.874173186,294.1647
0.643680935,2559.693,7.847642608,294.0272
0.643680935,2490.969,7.82042707,293.8872
0.643680935,2422.341,7.792489707,293.7446
0.643680935,2353.815,7.763792695,293.5989
0.643680935,2285.396,7.734294592,293.4501
0.643680935,2217.09,7.703950804,293.2977
0.643680935,2148.902,7.672712293,293.1415
0.643680935,2080.84,7.640526937,292.9808
0.643680935,2012.91,7.607336715,292.8153
0.643680935,1945.121,7.573079465,292.6444
0.643680935,1877.482,7.537686796,292.4673
0.643680935,1810,7.501082124,292.2832
0.643680935,1742.688,7.463184028,292.0913
0.643680935,1675.556,7.423900329,291.8905
0.643680935,1608.616,7.383129461,291.6796
0.643680935,1574.896,7.361944517,291.5689
0.643680935,1557.63,7.350920714,291.511
0.643680935,1548.889,7.345293179,291.4813
0.643680935,1546.688,7.34387115,291.4738
0.643680935,1546.136,7.343514194,291.4719
0.643680935,1546.136,7.343514194,291.4719
0.643680935,1543.922,7.342081211,291.4645
0.643680935,1542.817,7.341365245,291.4608
0.643680935,1540.605,7.339930475,291.4534
0.643680935,1536.189,7.337059953,291.4387
0.643680935,1527.381,7.331309783,291.409
0.643680935,1509.869,7.319778171,291.3492
0.643680935,1475.254,7.296585457,291.2275
0.643680935,1407.645,7.249673374,290.9759
0.643680935,1341.691,7.201686038,290.7111
0.643680935,1275.957,7.151451764,290.4257
0.643680935,1210.527,7.098811081,290.1178
0.643680935,1145.427,7.043532772,289.7851
0.643680935,1080.686,6.985351304,289.4247
0.643680935,1016.34,6.923963218,289.0336
0.643680935,952.4281,6.859014619,288.6083
0.643680935,888.9956,6.790092286,288.1447
0.643680935,826.0958,6.716710747,287.638
0.643680935,763.7904,6.638293406,287.0828
0.643680935,702.152,6.554149905,286.4724
0.643680935,641.2663,6.463444815,285.7991
0.643680935,581.2358,6.365156526,285.0535
0.643680935,522.1836,6.25801925,284.224
0.643680935,464.2595,6.140443663,283.2964
0.643680935,407.647,6.010401604,282.2532
0.643680935,352.5738,5.865259962,281.0718
0.643680935,299.325,5.70152994,279.7235
0.643680935,248.2615,5.514482626,278.1707
0.643680935,199.8443,5.297538563,276.3638
0.643680935,154.6655,5.04126472,274.2357
0.643680935,143.146,4.963865088,273.5967
0.643680935,136.4288,4.915802867,273.2011
0.643680935,134.6926,4.902995145,273.0958
0.643680935,133.7984,4.896334189,273.0411
0.643680935,133.7819,4.896210862,273.0401
0.643680935,132.9722,4.890140084,272.8926
0.643680935,132.5813,4.887196042,272.8231
0.643680935,131.8016,4.881297762,272.6837
0.643680935,130.255,4.869494068,272.4052
0.643680935,127.2128,4.845861275,271.8491
0.643680935,121.3275,4.798493501,270.7405
0.643680935,110.3158,4.703347162,268.5377
0.643680935,91.04729,4.511379042,264.1898
0.643680935,74.88401,4.315940383,259.8929
0.643680935,61.22785,4.114602151,255.5993
0.643680935,49.7517,3.907044634,251.31
0.643680935,40.16027,3.692878198,247.0251
0.643680935,32.19113,3.471690949,242.7444
0.643680935,25.61161,3.243045764,238.4681
0.643680935,20.21618,3.006483274,234.1963
0.643680935,15.82376,2.761512608,229.9291
0.55,374.5380422,5.925693379,272.6165374
0.55,390.288736,5.966886814,272.8597578
0.55,396.4061977,5.982439437,272.981368
0.55,425.7692091,6.053897437,273.2245885
0.55,434.6295913,6.074494154,273.3461987
0.55,464.0360726,6.139962292,273.6806268
0.55,490.2531548,6.1949219,273.8934447
0.55,514.8582637,6.243891647,274.1974702
0.55,536.3971891,6.284874911,274.3798855
0.55,543.4896008,6.298010573,274.5318983
0.55,556.3761493,6.321444593,274.7447162
0.55,565.0968975,6.336997216,274.8663264
0.55,610.1528383,6.41370948,275.1703519
0.55,634.0771899,6.452170698,275.3527672
0.55,644.2189012,6.468038577,275.5655851
0.55,664.4327394,6.498933653,275.7480004
0.55,685.280833,6.529828729,275.9304157
0.55,723.2373728,6.583737485,276.2040387
0.55,759.2164315,6.63228689,276.386454
0.55,834.5257956,6.726863654,276.7512847
0.55,862.7937684,6.760175692,276.9032975
0.55,960.7151421,6.867677947,277.3593358
0.55,1029.387233,6.936718985,277.6329587
0.55,1053.684048,6.960047919,277.8153741
0.55,1095.114521,6.998614222,278.0281919
0.55,1135.187815,7.034553392,278.2106073
0.55,1159.054981,7.055360281,278.3930226
0.55,1183.42395,7.076167168,278.5754379
0.55,1229.697275,7.1145233,278.7274507
0.55,1268.415118,7.145523462,278.9402685
0.55,1338.248517,7.199116961,279.1226839
0.55,1437.678777,7.270785132,279.4267094
0.55,1467.597294,7.291381849,279.5483196
0.55,1572.501412,7.360422887,279.8219426
0.55,1626.450424,7.394155265,280.0955656
0.55,1711.673315,7.445226718,280.2779809
0.55,1792.67509,7.491464247,280.5212013
0.55,1877.115568,7.537491605,280.7036167
0.55,1916.581661,7.558298493,280.886032
0.55,1981.502217,7.591610531,281.0380447
0.55,2139.490072,7.668322796,281.3420703
0.55,2207.549184,7.699638213,281.6460958
0.55,2377.30636,7.773723344,281.9197188
0.55,2489.284759,7.819750703,282.1021341
0.55,2548.039803,7.843079638,282.2845494
0.55,2641.279686,7.879018808,282.4669648
0.55,2829.186772,7.94774459,282.6493801
0.55,3007.619648,8.00890423,282.8317954
0.55,3105.578361,8.040955245,282.9838082
0.55,3366.960997,8.121765835,283.3790414
0.55,3525.555155,8.167793194,283.5614567
0.55,3663.793668,8.206254411,283.743872
0.55,3778.356485,8.237044402,283.8958848
0.55,3968.403825,8.286119234,284.2303129
0.55,4113.618789,8.322058404,284.4127282
0.55,4242.692966,8.35295348,284.5951435
0.6,148.0544439,4.99758007,272.6165374
0.6,158.2877084,5.064414316,272.981368
0.6,163.6666013,5.09783144,273.1637834
0.6,170.0661658,5.136187572,273.3157961
0.6,180.8110019,5.197452297,273.528614
0.6,186.5235574,5.228557544,273.7718344
0.6,190.9060446,5.251781394,273.9238472
0.6,200.7614223,5.302117249,274.1366651
0.6,211.4586317,5.354029385,274.3190804
0.6,218.6443654,5.387446508,274.5014957
0.6,227.7673439,5.428324686,274.6535085
0.6,236.1267984,5.464368942,274.8663264
0.6,243.5358156,5.495264018,275.0487417
0.6,251.7586703,5.528470971,275.1703519
0.6,269.8394802,5.597827264,275.5351825
0.6,289.8273103,5.669285264,275.778403
0.6,293.6594978,5.682420925,275.9304157
0.6,312.2130013,5.743685651,276.1432336
0.6,317.9742779,5.761970492,276.3256489
0.6,327.1253797,5.790343522,276.5080643
0.6,334.7762124,5.813462286,276.6296745
0.6,350.5451957,5.859489645,276.8120898
0.6,369.883551,5.913188229,277.0249077
0.6,384.4272375,5.951754532,277.2377255
0.6,402.6195457,5.997992061,277.480946
0.6,434.6295913,6.074494154,277.7241664
0.6,448.3613091,6.105599401,277.9673868
0.6,462.3810764,6.136389392,278.1193996
0.6,487.8377599,6.189982891,278.3018149
0.6,530.6784123,6.274156211,278.5754379
0.6,554.2753154,6.317661523,278.7578532
0.6,581.9712795,6.366421099,279.0010737
0.6,609.3839062,6.412448457,279.183489
0.6,623.8984175,6.435987563,279.4267094
0.6,658.3858994,6.489791233,279.6699298
0.6,700.2036452,6.551371214,279.9739554
0.6,735.191339,6.600130791,280.2171758
0.6,769.821099,6.646158149,280.3995911
0.6,868.3422158,6.766585895,280.9468371
0.6,902.2954595,6.804942027,281.0988498
0.6,938.0690734,6.843823585,281.4028754
0.6,1004.805598,6.912549367,281.5852907
0.6,1044.094727,6.950905499,281.7373035
0.6,1185.415391,7.077848533,282.2237443
0.6,1235.915654,7.119567395,282.3757571
0.6,1323.980835,7.188398261,282.588575
0.6,1414.897213,7.254812166,282.8317954
0.6,1455.617075,7.283185196,283.0142107
0.6,1524.18109,7.329212555,283.196626
0.6,1596.310141,7.375450083,283.4398465
0.6,1758.715028,7.472338724,283.743872
0.6,1919.605112,7.559874773,283.8958848
0.6,1987.132322,7.594447834,284.0478975
0.6,2183.325074,7.688604257,284.291118
0.6,2388.323889,7.778347097,284.4735333
0.6,2530.428686,7.836144008,284.6559486
0.6,2765.692035,7.925046167,284.8383639
0.6,2962.45012,7.993771948,285.0207793
0.6,3118.332152,8.045053571,285.2639997
0.6,3442.812203,8.144043917,285.446415
0.6,3725.133195,8.222857887,285.6288303
0.6,3919.499198,8.273719169,285.7504405
0.7,99.16496356,4.596784762,272.6773425
0.7,99.97061867,4.60487633,272.8293553
0.7,107.930069,4.681483508,273.1029783
0.7,111.2932282,4.712168414,273.2245885
0.7,114.7853072,4.74306349,273.4070038
0.7,120.2173097,4.789301019,273.6502242
0.7,123.9633459,4.819985924,273.7718344
0.7,131.5048666,4.879043859,274.07586
0.7,137.6991479,4.925071218,274.2582753
0.7,147.557413,4.994217341,274.5623008
0.7,156.1400293,5.050753228,274.8663264
0.7,163.4947021,5.096780587,275.0487417
0.7,169.9053987,5.135241804,275.231157
0.7,180.6021163,5.196296359,275.3831698
0.7,195.0222605,5.273113708,275.7175979
0.7,207.9766696,5.337425908,276.0824285
0.7,217.7730067,5.383453267,276.2648438
0.7,224.8659127,5.415504281,276.4168566
0.7,236.3750634,5.465419795,276.6296745
0.7,238.2954672,5.473511363,276.7816872
0.7,253.3510531,5.534776089,276.9945051
0.7,263.3403959,5.573447476,277.2377255
0.7,284.3368823,5.65015974,277.5417511
0.7,294.7415618,5.686098911,277.7241664
0.7,313.0672016,5.746417869,278.0281919
0.7,342.7500251,5.837001392,278.3322175
0.7,362.5335197,5.893116938,278.5146328
0.7,372.9670088,5.921489967,278.6970481
0.7,388.5699603,5.962473232,278.8794634
0.7,393.7491292,5.975713979,279.0618788
0.7,427.2482608,6.057365251,279.3355017
0.7,440.6541501,6.088260328,279.5179171
0.7,467.3147467,6.147003006,279.7307349
0.7,499.5097325,6.213627082,280.0347605
0.7,525.7935816,6.264908705,280.2779809
0.7,558.9546517,6.326068346,280.4603962
0.7,580.932545,6.364634649,280.6732141
0.7,641.7863797,6.464255506,281.0380447
0.7,678.9015594,6.520476138,281.2508626
0.7,736.4285035,6.601812155,281.4332779
0.7,777.6265041,6.656246337,281.8589137
0.7,814.1695284,6.70216861,282.0109265
0.7,852.6089945,6.748301054,282.2237443
0.7,932.2710075,6.837623553,282.5277699
0.7,971.2722571,6.878606817,282.7101852
0.7,1011.905111,6.919590082,282.8926005
0.7,1089.37559,6.993359958,283.0750158
0.7,1126.394475,7.02677708,283.2574311
0.7,1228.018522,7.113157192,283.4398465
0.7,1344.026796,7.203425458,283.6526643
0.7,1467.288881,7.291171678,283.8654822
0.7,1530.601334,7.333415966,284.0478975
0.7,1640.181342,7.402562089,284.2303129
0.7,1767.237103,7.477172647,284.4127282
0.7,1898.381099,7.548756749,284.5951435
0.7,2091.693821,7.645729457,284.7775588
0.7,2244.272297,7.716136604,284.9599741
0.7,2385.564729,7.777191159,285.1119869
0.7,2568.471156,7.85106612,285.3248048
0.7,2765.110829,7.924835996,285.5072201
0.7,2939.193642,7.985890551,285.6592329
0.7,3122.266923,8.046314595,285.8720508
0.7,3355.305222,8.118298021,286.0240635
0.7,3676.90745,8.209827311,286.2368814
0.7,3882.604587,8.264261493,286.4192967
0.7,4028.48813,8.301146431,286.5713095
0.8,77.80828413,4.354247905,272.5557323
0.8,79.04447742,4.370010699,272.7381476
0.8,81.93693529,4.40594987,272.9205629
0.8,85.3557698,4.446828049,273.0725757
0.8,89.39507379,4.493065578,273.3157961
0.8,91.49546676,4.516289427,273.4678089
0.8,101.8903024,4.623896768,273.9542498
0.8,106.9590631,4.672446173,274.1366651
0.8,113.4422546,4.731293937,274.3798855
0.8,118.1880738,4.772277201,274.5623008
0.8,122.512905,4.808216371,274.7447162
0.8,127.638192,4.849199636,274.9271315
0.8,137.4822666,4.923494939,275.2615596
0.8,147.340487,4.992746147,275.5959877
0.8,151.1990421,5.018597128,275.778403
0.8,159.1215827,5.069668581,275.9608183
0.8,165.7783815,5.110651845,276.1432336
0.8,171.8446749,5.146591016,276.3256489
0.8,182.8939716,5.208906595,276.4776617
0.8,189.3675483,5.243689827,276.6904796
0.8,203.908196,5.317669873,276.9337
0.8,211.9035229,5.35613109,277.1161153
0.8,217.9790667,5.384399034,277.2681281
0.8,223.1006208,5.407622884,277.4201409
0.8,244.5616514,5.49946743,277.7241664
0.8,257.0518612,5.549277859,277.9065817
0.8,266.7943276,5.586478053,278.088997
0.8,276.6152063,5.622627393,278.3322175
0.8,289.6446283,5.668654752,278.5146328
0.8,296.4500094,5.691878602,278.6666456
0.8,317.5735576,5.760709469,278.8794634
0.8,332.5322431,5.806736827,279.0618788
0.8,360.7852892,5.888283015,279.3050992
0.8,378.6935621,5.936727335,279.457112
0.8,394.6604816,5.978025855,279.7307349
0.8,418.4943749,6.036663449,279.9131503
0.8,436.0019488,6.077646713,280.0955656
0.8,449.6825049,6.108541789,280.2779809
0.8,473.245008,6.159613242,280.4603962
0.8,459.5231675,6.130189359,280.7036167
0.8,507.3391453,6.229179706,280.886032
0.8,551.9503578,6.313458111,281.1900575
0.8,595.7076542,6.389750034,281.3724728
0.8,611.5650681,6.416021357,281.6764984
0.8,653.4232565,6.482225092,281.8589137
0.8,705.3733132,6.558727185,282.1021341
0.8,744.1298872,6.612215599,282.2541469
0.8,775.3417879,6.653303949,282.4669648
0.8,822.1653597,6.711941542,282.6493801
0.8,855.8405833,6.752084124,282.8317954
0.8,904.4789107,6.807358989,283.0142107
0.8,965.5733219,6.872722041,283.196626
0.8,1042.121652,6.949013964,283.3790414
0.8,1116.260731,7.017739746,283.5614567
0.8,1218.506101,7.10538088,283.743872
0.8,1310.140592,7.177889733,283.9262873
0.8,1417.576074,7.256703702,284.1087026
0.8,1491.697585,7.307670069,284.2607154
0.8,1636.737783,7.400460383,284.4735333
0.8,1762.4893,7.474482464,284.6559486
0.8,1875.538173,7.536650923,284.8383639
0.8,1998.860627,7.600332611,285.0207793
0.8,2162.773231,7.67914658,285.2031946
0.8,2270.126647,7.727590901,285.3552073
0.8,2450.096826,7.803882824,285.5376227
0.8,2695.678879,7.899405355,285.8112456
0.8,2927.787787,7.982002395,285.993661
0.8,3159.895758,8.058294318,286.1760763
0.8,3359.18599,8.119453959,286.3584916
0.8,3571.04518,8.180613599,286.5409069
0.8,3863.881663,8.259427569,286.7233223
0.8,4101.963748,8.319221101,286.875335
0.9,64.39875996,4.165094378,272.5557323
0.9,65.1680303,4.176969016,272.7077451
0.9,68.15881086,4.221840436,272.9205629
0.9,72.28257677,4.280583115,273.1333808
0.9,75.11680726,4.319044332,273.3157961
0.9,77.47376852,4.349939408,273.4982115
0.9,80.53693359,4.388715882,273.7718344
0.9,84.75691484,4.439787334,273.9542498
0.9,88.08026943,4.478248551,274.1366651
0.9,92.22911943,4.52427591,274.3190804
0.9,96.57339296,4.570303268,274.5014957
0.9,99.85512558,4.603720391,274.683911
0.9,106.4209099,4.667402079,274.8663264
0.9,112.6108384,4.723937967,275.1703519
0.9,117.9399381,4.770175496,275.4135723
0.9,125.6816469,4.833752098,275.5655851
0.9,127.678437,4.849514892,275.7480004
0.9,132.3644559,4.885559147,275.9608183
0.9,139.2854626,4.936525515,276.1128311
0.9,148.2568406,4.998946179,276.2952464
0.9,153.5366931,5.033939581,276.5688694
0.9,159.5401658,5.072295714,276.7208821
0.9,172.2062216,5.148692721,276.9337
0.9,178.9396957,5.187048854,277.0857128
0.9,186.01463,5.225825327,277.3593358
0.9,201.5223554,5.30590032,277.5417511
0.9,207.1478246,5.333432667,277.8457766
0.9,227.0265662,5.425067042,278.088997
0.9,238.8219162,5.475718154,278.3930226
0.9,250.2814775,5.522586195,278.5754379
0.9,258.1346301,5.553481271,278.7578532
0.9,274.0689968,5.613379888,278.9402685
0.9,293.196973,5.680844646,279.1226839
0.9,308.5599335,5.731916098,279.3050992
0.9,315.8761224,5.755350119,279.5179171
0.9,336.6813358,5.819136892,279.7307349
0.9,346.4072154,5.847615006,279.9435528
0.9,376.7486128,5.931578155,280.1563707
0.9,393.046344,5.973927529,280.3691886
0.9,419.4630014,6.038975325,280.5820064
0.9,434.8123224,6.074914495,280.7644218
0.9,458.7511907,6.128507995,280.9468371
0.9,481.5727934,6.1770574,281.1292524
0.9,520.0238883,6.25387475,281.4636805
0.9,574.4370525,6.353390522,281.7981086
0.9,579.1040048,6.36148209,281.9501213
0.9,631.4174963,6.447967286,282.1629392
0.9,684.9208628,6.529303303,282.3453545
0.9,728.1178693,6.590462943,282.5277699
0.9,769.4975795,6.645737808,282.7101852
0.9,827.0178831,6.717826319,282.8926005
0.9,868.159735,6.766375724,283.0750158
0.9,936.1979739,6.841826965,283.2574311
0.9,998.804941,6.906559505,283.5006516
0.9,1147.662177,7.045482263,283.8046771
0.9,1242.687721,7.12503183,283.9566899
0.9,1319.536123,7.185035532,284.1695078
0.9,1428.342333,7.264269843,284.3519231
0.9,1566.399152,7.35653473,284.5343384
0.9,1660.995373,7.415172324,284.7167537
0.9,1768.723412,7.478013329,284.899169
0.9,1881.855717,7.540013652,285.0815844
0.9,2010.446874,7.606112302,285.2335971
0.9,2113.346134,7.656027816,285.446415
0.9,2268.457363,7.726855304,285.6288303
0.9,2489.807988,7.819960873,285.8112456
0.9,2687.193975,7.896252796,285.993661
0.9,2873.531997,7.963297213,286.1760763
0.9,3059.902154,8.026138219,286.3584916
0.9,3252.885928,8.087297859,286.5409069
0.9,3507.816698,8.1627491,286.7233223
0.9,3866.318654,8.260058081,286.9057376
0.9,4038.236607,8.303563392,287.0881529
1,54.99576968,4.007256267,272.8597578
1,57.58018744,4.05317854,273.0117706
1,60.30506335,4.09941607,273.254991
1,65.58711236,4.183379219,273.4678089
1,67.67349767,4.214694636,273.7718344
1,72.33576718,4.281318712,274.07586
1,77.67756995,4.352566541,274.2582753
1,83.21248592,4.421397408,274.4710932
1,83.90616959,4.429699146,274.683911
1,89.8754594,4.498424928,274.8663264
1,94.86347647,4.552438768,275.1703519
1,102.3732662,4.628625606,275.3223647
1,105.5965571,4.659625768,275.5351825
1,110.5820977,4.705758211,275.7480004
1,115.8030212,4.751890655,275.9608183
1,118.2377636,4.772697543,276.1432336
1,123.1842013,4.813680807,276.3256489
1,130.2943802,4.869796354,276.5080643
1,138.2791723,4.929274629,276.6904796
1,140.3580617,4.944196741,276.8728949
1,154.7027792,5.041505723,277.2985307
1,164.8749669,5.10518741,277.480946
1,175.3470919,5.166767392,277.7849715
1,186.4059892,5.227927033,277.9673868
1,198.1623557,5.289086673,278.1498022
1,201.3530103,5.305059638,278.3930226
1,217.8645649,5.383873608,278.5754379
1,232.1898359,5.447555295,278.7578532
1,240.7369,5.483704636,279.0010737
1,245.7467056,5.504301353,279.1226839
1,265.2846623,5.580803447,279.3659043
1,281.9565319,5.641752917,279.4875145
1,293.8138348,5.682946352,279.7307349
1,314.1217339,5.749780598,280.0955656
1,332.6370924,5.807052083,280.2475783
1,354.993642,5.872099879,280.4603962
1,370.3113608,5.914344167,280.6428115
1,379.5301825,5.938934126,280.8252269
1,422.471135,6.046121125,281.1900575
1,436.8274423,6.079538248,281.3724728
1,458.5583992,6.128087654,281.5548882
1,486.1489589,6.186515077,281.6764984
1,511.2997522,6.236956017,281.9197188
1,551.3706438,6.312407258,282.1021341
1,588.6138172,6.37777031,282.2845494
1,637.9536582,6.458265645,282.4669648
1,675.3437859,6.515221874,282.6493801
1,715.526607,6.573018785,282.8317954
1,776.8097622,6.655195484,283.0142107
1,833.4741021,6.72560263,283.196626
1,893.5203363,6.795169095,283.3790414
1,964.3564786,6.871461017,283.5614567
1,1124.265874,7.024885545,283.9262873
1,1161.249449,7.057251816,284.0478975
1,1253.573948,7.133753909,284.291118
1,1329.27838,7.192391503,284.4735333
1,1434.660372,7.268683426,284.6559486
1,1544.496585,7.342453301,284.8383639
1,1650.208687,7.408657036,285.0207793
1,1754.285055,7.469816677,285.2031946
1,1933.574532,7.567125658,285.3856099
1,2012.77217,7.60726824,285.5680252
1,2194.365792,7.693648351,285.7504405
1,2441.101957,7.800204838,285.9328559
1,2588.522249,7.858842432,286.1152712
1,2793.734065,7.935134355,286.2976865
1,2984.949445,8.001338089,286.4801018
1,3185.233254,8.0662808,286.6625171
1,3352.133383,8.117352253,286.8449325
1,3568.044327,8.179772917,287.0273478
1,3880.157331,8.263630981,287.2097631
1,4062.070788,8.309448169,287.3313733
0.763661339,3558.562112,8.177111841,298.4415994
0.636592072,2839.586749,7.95141381,294.7824215
0.975798629,3265.84028,8.091272368,301.2070679
0.60782704,2722.769052,7.909404675,293.9423374
0.719224887,3560.869701,8.177760092,297.6548869
0.599343515,3472.759728,8.152704868,295.1248222
0.763580656,3597.426605,8.187974037,298.5010586
0.758727619,3884.370781,8.264716289,298.8452031
0.867167062,3492.008947,8.158232479,300.0177328
0.598054901,2812.128339,7.941696892,293.9144239
0.881001025,3789.489257,8.239986528,300.6881523
0.770448974,2871.451917,7.962573075,297.3450349
0.916904822,3607.721688,8.190831741,300.942998
0.973659778,3006.127123,8.008407859,300.7035297
0.685227086,3112.786321,8.043273527,296.2638222
0.898593912,3527.180191,8.168254018,300.5471626
0.61650909,3210.744656,8.074258169,295.0558997
0.923929671,3255.411793,8.088074058,300.4620353
0.531174628,3721.778663,8.221956968,293.9344867
0.93921275,3932.155727,8.276943086,301.7480236
0.855164529,3752.104932,8.230072277,300.2369498
0.630412112,3258.18201,8.088924653,295.4292258
0.582652191,3598.104137,8.188162357,294.9528243
0.904657737,3540.376603,8.171988385,300.6576826
0.926073808,3208.829776,8.073661594,300.4107377
0.627217626,3794.909306,8.241415791,296.2109496
0.690647984,3123.931397,8.046847551,296.3872585
0.830021422,3514.895199,8.164764988,299.4741105
0.530748457,3258.869688,8.089135693,293.1902194
0.796480796,2895.860019,7.971037416,297.8307434
0.777832089,3303.279226,8.102670959,298.2655901
0.575063488,3949.058919,8.281232581,295.2946124
0.988140945,3268.034623,8.09194405,301.3784067
0.587712143,3974.41003,8.287631596,295.6140756
0.917363271,3232.537744,8.081022787,300.3271192
0.817567178,3872.787577,8.261729831,299.817456
0.649264117,3647.6238,8.201831221,296.4444224
0.719295786,2723.248662,7.909580808,296.1407654
0.621664202,3311.684703,8.105212313,295.3377295
0.907219957,3366.690815,8.121685587,300.4105104
0.940818183,3392.834723,8.129421052,300.9380477
0.706943137,3104.943952,8.040750943,296.6587142
0.785529578,3920.317262,8.273927864,299.355755
0.806220469,3083.619081,8.033859212,298.3488734
0.512547231,3467.732577,8.151256223,293.0816896
0.555210951,3482.113195,8.155394628,294.1429459
0.713355083,3921.208111,8.274155077,298.0835694
0.636402088,3872.661025,8.261697153,296.513567
0.947059176,2730.257458,7.912151191,299.7810011
0.868162401,3494.549785,8.158959829,300.0370622
0.931197183,3430.966998,8.140597424,300.8646638
0.504237919,3645.490811,8.201246289,293.1449887
0.934115639,3950.583859,8.281618659,301.7016271
0.701539612,3131.255853,8.049189434,296.6056735
0.770216425,3334.595422,8.112106638,298.1890147
0.859555915,3073.961302,8.030722335,299.1775446
0.727786175,3113.554471,8.043520269,297.0558986
0.890603586,3758.821187,8.231860673,300.7867279
0.801633826,2724.067682,7.909881514,297.5655488
0.55629996,3208.903259,8.073684494,293.7145636
0.520682587,3115.121047,8.04402329,292.6911865
0.741827953,2760.122499,7.923030341,296.6219697
0.591075206,2907.153521,7.97492971,293.9493077
0.724442607,3398.389553,8.131056938,297.4884412
0.505090165,3859.817817,8.258375264,293.4799616
0.823221995,3500.069111,8.160537993,299.3413732
0.619612531,3372.906866,8.123530223,295.3967867
0.852048915,3723.41192,8.22239571,300.1454169
0.570947642,3770.070688,8.23484903,294.9458111
0.560941245,2728.39466,7.911468679,292.912152
0.8149604,3677.06785,8.209870934,299.4849741
0.957958758,3093.381651,8.037020157,300.6513905
0.990161691,3308.430851,8.104229293,301.4757377
0.598109833,3033.978918,8.017630211,294.3434205
0.731493491,3325.989016,8.109522357,297.4948994
0.769281917,3145.831471,8.053833513,297.8437989
0.847333946,3614.141917,8.192609739,299.9044492
0.741597858,3492.536758,8.158383616,297.9499312
0.895980873,3465.647699,8.15065482,300.4089705
0.862792215,3030.120288,8.016357597,299.1453214
0.754519952,3941.984048,8.279439441,298.8535566
0.683315789,3409.733086,8.134389293,296.7390317
0.875863612,3592.1006,8.186492436,300.3095999
0.799192097,3815.159723,8.24673781,299.43247
0.991360618,3704.486962,8.217300056,302.1338202
0.550887115,3872.349133,8.261616613,294.6265928
0.954179057,3138.482647,8.051494729,300.681635
0.70304385,3135.945369,8.050685961,296.6422187
0.518256888,2792.415904,7.934662416,292.0189829
0.635016306,3730.724425,8.22435771,296.2784878
0.74789061,2775.955656,7.928750347,296.7614689
0.571669611,3865.741695,8.259908843,295.1001904
0.625071667,2837.66587,7.950737116,294.5405642
0.603272921,3858.724286,8.258091912,295.7933697
0.57467736,3045.804429,8.021520326,293.8453583
0.972220853,3070.258418,8.029517012,300.8049804
0.526757746,2719.166577,7.908080707,292.0795745
0.617923859,3438.599584,8.14281957,295.4686148
0.717269302,2876.697627,7.964398258,296.4162308
0.80468869,3061.515521,8.026665341,298.2828819
0.548583094,3557.398769,8.176784874,294.1049908
0.82173243,2725.204465,7.910298737,297.8940522
0.57726733,3868.084058,8.260514588,295.2307394
0.67411455,3536.688395,8.170946087,296.7653113
0.928614255,3006.764486,8.008619858,300.075369
0.543436263,2871.205278,7.962487178,292.7889036
0.926933016,3579.545057,8.182990992,301.0435389
0.535880576,3354.903365,8.118178246,293.4762404
0.997818787,2948.620525,7.989092721,300.9185659
0.738869268,2789.803546,7.933726459,296.6306247
0.88769716,2747.199864,7.918337441,298.9595569
0.849226434,2730.462097,7.91222614,298.339109
0.897085751,2963.403636,7.994093764,299.5340739
0.556894214,3548.602358,8.174309103,294.2869784
0.910704647,2797.966754,7.936648273,299.4036615
0.645996721,2795.086296,7.93561826,294.8841435
0.645289291,3936.618835,8.27807747,296.7859643
0.998117087,3063.810025,8.027414527,301.1428773
0.708117044,2900.35509,7.972588453,296.2944377
0.988629623,3909.749103,8.271228483,302.4010526
0.8628554,3269.937089,8.092526025,299.5797821
0.903170838,3711.187841,8.219107277,300.9014759
0.52362148,3888.757661,8.265845018,293.9889699
0.919956592,3892.14541,8.266715804,301.4143005
0.904313809,3964.655088,8.285174141,301.2891539
0.507887546,3661.323651,8.205580014,293.2623205
0.591667867,2977.632836,7.998883914,294.0971495
0.532370603,3409.346808,8.134276,293.4801089
0.611522505,3304.51442,8.103044819,295.1108365
0.670121369,2788.159385,7.933136938,295.3486548
0.588420981,3349.492987,8.116564266,294.6839038
0.698245711,3418.531445,8.136966336,297.037293
0.555189629,3927.332727,8.275715779,294.8053459
0.631107043,3218.646344,8.07671616,295.375254
0.655443821,3525.78805,8.167859251,296.3796543
0.905330927,3116.521846,8.044472866,299.9434653
0.564683968,2910.714033,7.976153702,293.3628966
0.550781199,3314.898663,8.106182333,293.7658613
0.556274249,3040.044065,8.019627289,293.4120373
0.961715056,2990.270893,8.003119262,300.5090307
0.773662649,2739.747438,7.915621019,297.131343
0.988856196,3932.142928,8.276939831,302.4362473
0.589398198,3350.580886,8.116889009,294.7073416
0.654510797,3856.936071,8.257628383,296.8592795
0.782147332,3909.77578,8.271235306,299.2836326
0.753501605,3602.496497,8.189382355,298.3335513
0.51738335,3152.111173,8.055827721,292.6746072
0.57860951,3316.49649,8.106664231,294.4097127
0.886099087,3283.014325,8.096517281,299.9548913
0.926138161,3799.529298,8.242632469,301.3682993
0.643658514,3437.104362,8.142384641,295.9999326
0.532913284,2881.812245,7.966174627,292.5564749
0.604462991,3437.947183,8.142629823,295.1798537
0.811716604,3069.075869,8.029131775,298.4116625
0.668735992,3110.454314,8.042524076,295.9405385
0.712105947,3788.02835,8.239600938,297.8686159
0.932842225,3404.470497,8.132844699,300.844172
0.742148615,2735.587015,7.914101323,296.5765971
0.92750958,3411.1828,8.134814372,300.7790673
0.8446261,3529.24689,8.168839782,299.7282089
0.740305813,2809.397043,7.940725164,296.696053
0.921540428,3119.582386,8.045454421,300.1846039
0.584208561,3751.032666,8.229786459,295.2175902
0.799262842,3046.397367,8.02171498,298.1654846
0.594853048,3794.775833,8.241380619,295.517435
0.702437236,2851.522538,7.955608354,296.092442
0.626607142,3633.850312,8.198048057,295.9580597
0.658135297,3550.401593,8.174816001,296.4721345
0.876565848,3854.643099,8.2570337,300.7166194
0.619585436,3446.026482,8.144977102,295.5157255
0.821640879,3201.002837,8.071219426,298.8112005
0.939354404,3482.996502,8.155648266,301.0660862
0.972354047,3201.178344,8.071274254,301.0457901
0.685175817,3955.225758,8.28279296,297.6004377
0.792313315,3897.880192,8.268188144,299.4376523
0.719146766,2987.818094,8.002298666,296.6657167
0.582078051,3868.659924,8.260663453,295.3399529
0.882805204,2954.840708,7.991200022,299.3049756
0.860541812,3611.126633,8.191775089,300.105002
0.931983521,3958.138551,8.283529131,301.6818464
0.930653422,2843.463143,7.952778005,299.7836908
0.581358704,2793.022984,7.934879795,293.5080637
0.920832643,2732.710577,7.913049281,299.4140363
0.792180466,2823.884839,7.945868818,297.6156121
0.741209397,2749.592152,7.919207871,296.5891801
0.63990973,3666.048549,8.206869671,296.2821498
0.843176821,3649.621403,8.202378716,299.8941187
0.710852552,3057.632453,8.025396187,296.6442953
0.875258503,2843.292657,7.952718046,298.9707127
0.759170166,3579.651764,8.183020802,298.3968481
0.888368679,3141.026298,8.052304872,299.7372932
0.527814387,3532.235858,8.169686337,293.564201
0.675000189,3383.891368,8.126781619,296.5358001
0.703411702,3300.809956,8.101923159,296.9375493
0.564931821,3536.544182,8.17090531,294.4547347
0.594901906,3047.785348,8.02217049,294.2989017
0.606004238,2729.3445,7.911816749,293.9169655
0.923781325,3924.512317,8.274997372,301.5160798
0.706942193,2921.001995,7.979681985,296.312949
0.658897335,3739.724109,8.22676712,296.7760453
0.750409609,2724.935983,7.910200214,296.6995234
0.917979781,3193.015675,8.068721102,300.2659565
0.508461456,2771.8834,7.927282296,291.7311711
0.930081768,3925.376524,8.275217555,301.6079795
0.742648248,3585.3525,8.184612075,298.1154758
0.608212817,3157.390871,8.057501292,294.7853201
0.982653513,3298.849663,8.1013291,301.357718
0.836567234,3641.864189,8.200250969,299.777794
0.607209538,3270.47494,8.092690495,294.9606455
0.974606977,3424.159998,8.138611465,301.4603381
0.677131242,3178.590694,8.0641932,296.225911
0.982382609,2906.247982,7.974618175,300.627777
0.772546127,2787.418594,7.932871211,297.2111027
0.755651367,3320.116355,8.107755108,297.9128044
0.717836831,2910.07808,7.975935191,296.4921765
0.609762746,2855.456718,7.956987081,294.2530075
0.994200185,3927.319498,8.275712411,302.50145
0.750037593,3876.268464,8.262628234,298.6813576
0.807508787,3003.572634,8.007557737,298.2202864
0.907312349,2746.748508,7.91817313,299.247765
0.557365179,3073.444395,8.030554164,293.4986077
0.799665084,3342.331865,8.114424006,298.6973966
0.596277717,3415.035556,8.135943184,294.9647152
0.737837465,2826.735034,7.946877626,296.6873152
0.860287459,3179.94901,8.064620441,299.3818043
0.703157277,2917.966077,7.978642104,296.2366966
0.826267018,3942.899502,8.279671646,300.0580221
0.645563224,3434.692936,8.141682808,296.0347061
0.578563257,2893.465827,7.970210311,293.6446923
0.753074882,2832.964705,7.949079041,296.9682488
0.773005069,3241.340575,8.083742281,298.0766065
0.629642993,2796.93534,7.936279575,294.5536313
0.755750774,2814.21577,7.942438912,296.9769399
0.98767028,3246.570076,8.085354357,301.334432
0.692371705,3920.323231,8.273929386,297.6889285
0.738094699,3100.185145,8.039217113,297.216412
0.875778893,3207.112355,8.073126233,299.6666164
0.61205686,3250.648829,8.086609895,295.0304142
0.942110701,3251.538037,8.086883406,300.7143432
0.568091562,3475.398843,8.153464526,294.4307902
0.712150585,3835.151314,8.251964169,297.9381439
0.983486934,3965.110351,8.285288965,302.4103534
0.796949792,3471.986474,8.15248218,298.8669252
0.938421357,3009.999914,8.009695329,300.2210081
0.65561411,3834.509327,8.25179676,296.8491313
0.848038888,3644.238987,8.20090284,299.9621049
0.94452952,3740.130639,8.22687582,301.5417927
0.839832776,3354.896718,8.118176264,299.3668385
0.842690753,3884.582529,8.2647708,300.2361123
0.547132045,3417.318725,8.136611524,293.8483056
0.697926198,3349.137792,8.116458216,296.9163273
0.710636009,2729.157942,7.911748394,295.9945254
0.83602296,3622.609556,8.194949917,299.7393827
0.710958398,3285.230862,8.097192206,297.0511463
0.705445307,2774.50107,7.928226215,295.9925323
0.738654492,3632.03411,8.197548131,298.1166977
0.966765372,3362.190985,8.120348119,301.2488047
0.629997647,3299.71906,8.10159261,295.4914972
0.50291219,3539.957036,8.171869869,292.9493415
0.575298719,3584.916544,8.184490474,294.76686
0.727963033,3941.937755,8.279427697,298.3802146
0.857002653,3293.133481,8.099594816,299.5296904
0.941134792,3428.150902,8.139776299,301.0013052
0.690073177,3286.325706,8.097525413,296.6615148
0.796404642,2903.577968,7.973699038,297.8446793
0.90994396,3297.152358,8.100814453,300.3318354
0.518236521,2889.249555,7.968752078,292.2097567
0.771851074,2812.050517,7.941669218,297.2495739
0.737067294,3124.868819,8.047147583,297.2429618
0.870009422,3950.638923,8.281632597,300.754426
0.922448083,3350.215018,8.116779807,300.603926
0.584091591,3395.137619,8.130099575,294.6629556
0.935232344,3797.674007,8.242144055,301.4958359
0.800073236,3692.308791,8.21400723,299.2640183
0.711473614,2742.846194,7.916751417,296.0385049
0.74421746,2857.472158,7.957692652,296.8619834
0.901963598,3932.755834,8.277095689,301.2092403
0.883158382,3340.948488,8.114010024,300.0100382
0.503226824,3635.292161,8.198444761,293.1035766
0.792203358,3731.595817,8.224591254,299.1924146
0.555167162,3550.97888,8.174978585,294.2502507
0.648803812,2775.552592,7.928605139,294.9008956
0.985412826,3571.697246,8.180796181,301.8468554
0.884839168,3953.246178,8.282292338,300.9830459
0.867381908,3210.05622,8.07404373,299.5441574
0.947168387,3246.14754,8.0852242,300.77611
0.618481445,3979.126544,8.288817613,296.2886037
0.962160552,3653.250499,8.203372598,301.6558874
0.80082864,2997.410423,8.005504003,298.0990354
0.842006812,3296.689287,8.100673998,299.3020144
0.935681167,3553.149612,8.175589704,301.1267961
0.924655575,3318.157657,8.107164985,300.5810761
0.929898447,2972.68558,7.997221059,300.0283508
0.73014973,3256.195255,8.088314693,297.3513269
0.716624272,2720.229451,7.908471513,296.0856922
0.603219735,3676.513158,8.209720071,295.5251288
0.590830217,3655.433872,8.203970072,295.2221908
0.645803777,3980.397217,8.289136897,296.8574348
0.581620925,3436.021918,8.142069662,294.6742188
0.751243813,3166.202568,8.060288221,297.5678776
0.614165531,2937.479944,7.985307331,294.5065143
0.565739615,3461.642009,8.149498325,294.3547838
0.706941494,3858.691494,8.258083414,297.8753792
0.552357368,3838.010265,8.252709351,294.6124293
0.683161977,2714.88995,7.906506697,295.4488843
0.643057067,3968.981373,8.28626476,296.7856387
0.924943523,3487.056487,8.156813246,300.8668735
0.766091083,3638.656203,8.199369717,298.6081942
0.718545939,3097.868232,8.038469487,296.8595113
0.683243908,3340.589726,8.113902635,296.6229031
0.592969943,3729.66158,8.224072779,295.3804903
0.922546906,3103.666672,8.040339489,300.1698741
0.755726542,3359.906201,8.119668336,297.9811971
0.62740411,3478.37365,8.154320122,295.731715
0.787086826,2712.359938,7.905574361,297.2998994
0.836947871,2954.572377,7.991109208,298.5990918
0.889820849,3946.431635,8.280567066,301.0481433
0.670923267,3736.945562,8.226023862,297.0094431
0.500050863,3273.885165,8.093732682,292.4440633
0.571347192,3541.121682,8.172198815,294.6090029
0.68131699,2785.445449,7.932163085,295.5596475
0.832482449,2782.728828,7.931187318,298.1853562
0.501459409,3405.737826,8.133216884,292.6987883
0.882400249,3754.579695,8.230731626,300.6572974
0.808923303,3469.567972,8.151785361,299.0602014
0.979296889,3278.305299,8.095081891,301.2764838
0.562512044,3313.87047,8.105872112,294.038108
0.700228096,2754.971319,7.921162311,295.8551056
0.722811262,3656.294115,8.204205377,297.868079
0.750968459,3696.299456,8.215087451,298.4327941
0.537056912,2771.047988,7.926980863,292.4363585
0.609999662,3968.044115,8.286028586,296.0923468
0.825320045,3006.491489,8.00852906,298.5137528
0.881322363,3592.939004,8.186725811,300.3934568
0.865154899,3327.969054,8.110117503,299.7148003
0.536608802,3987.977258,8.291039428,294.445642
0.688157288,2838.572653,7.951056618,295.7977154
0.62527042,2781.540657,7.930760246,294.431577
0.991092491,2797.551562,7.936499871,300.5251358
0.871242078,2724.837409,7.910164039,298.6651632
0.96758951,2840.416957,7.951706136,300.2940464
0.596731472,3527.823547,8.168436401,295.1551435
0.898727109,3685.074097,8.212045912,300.7960956
0.938834774,2878.651319,7.965077171,299.9705807
0.924795508,3152.727849,8.056023341,300.2917776
0.955045453,3640.256805,8.199809509,301.5367382
0.79160137,3261.925517,8.090072949,298.4259961
0.773322466,3580.058071,8.1831343,298.641366
0.952001849,3856.947679,8.257631393,301.8200785
0.904887113,3674.696045,8.209225699,300.871108
0.50812065,2900.279172,7.972562278,291.9764068
0.690801616,2999.223675,8.006108759,296.1600686
0.998706346,3962.322466,8.284585614,302.611879
0.698077593,3926.426982,8.275485126,297.8056345
0.535566019,3807.515484,8.244732151,294.1666501
0.860192146,3409.905444,8.134439841,299.776193
0.916099113,3461.765258,8.149533928,300.6978282
0.91556896,3453.039281,8.147010073,300.6758363
0.641451274,3215.831932,8.075841369,295.5828333
0.628868195,3167.197821,8.060602508,295.2384993
0.553929526,2811.968243,7.941639959,292.9193718
0.794335607,3445.425046,8.144802556,298.7802774
0.518533819,3259.99059,8.089479588,292.8903408
0.552130947,2833.872043,7.949399269,292.9209204
0.522666431,3213.686088,8.075173871,292.9137477
0.526787967,3061.785654,8.026753572,292.7458348
0.822771274,3277.337386,8.094786599,298.9629066
0.71182214,3633.721802,8.198012692,297.6317661
0.547846021,3122.00431,8.046230482,293.362616
0.611931058,3866.656691,8.260145509,295.9911913
0.690504593,2741.079677,7.916107164,295.6433647
0.665364809,3835.450438,8.252042161,297.0443965
0.872327169,3896.564954,8.267850663,300.7127222
0.542402378,3495.258521,8.159162621,293.8602715
0.65368916,3373.590564,8.123732905,296.0982706
0.908184515,2871.268389,7.962509159,299.5157464
0.613172825,3679.814625,8.210617656,295.744097
0.850341836,2915.328599,7.977737819,298.7323733
0.817566741,3123.416961,8.046682861,298.6062485
0.542601848,3422.183857,8.138034181,293.7481388
0.805557256,2853.88477,7.956436422,297.8965951
0.731023202,3458.389893,8.148558411,297.70565
0.751463273,3392.439615,8.129304592,297.9608418
0.803018778,2913.732523,7.977190192,297.9735933
0.598960579,3378.464847,8.125176698,294.9633688
0.711684022,3458.999827,8.148734759,297.3537941
0.629788352,2853.137624,7.956174588,294.6692896
0.894541592,3494.375979,8.158910092,300.4342869
0.790241585,2869.076702,7.96174555,297.6741036
0.9350244,2865.504671,7.960499764,299.8902852
0.998377383,3268.85345,8.092194575,301.5172535
0.838517662,3690.637173,8.213554398,299.8833685
0.833948629,3152.712202,8.056018378,298.9214631
0.711198119,3097.484681,8.038345668,296.7238772
0.57495393,2729.271096,7.911789855,293.2338182
0.828407863,3096.636955,8.038071948,298.7313224
0.984248925,3130.409078,8.048918971,301.0798264
0.527921308,3040.844945,8.019890698,292.7353491
0.512322323,3231.604085,8.080733914,292.6857382
0.510992148,3083.384617,8.033783174,292.3910574
0.667336186,3861.36654,8.258776426,297.1205562
0.939487782,3252.686106,8.087236428,300.6792735
0.837610595,2853.020693,7.956133604,298.4094406
0.883004146,3485.143525,8.156264506,300.2468807
0.817683097,3332.765594,8.111557747,298.9757324
0.928033863,3955.92535,8.282969822,301.6220456
0.607232183,3590.724653,8.186109314,295.4810214
0.843607065,3024.781485,8.014594131,298.8378669
0.941970597,3631.640428,8.197439734,301.3395545
0.682721684,3943.246173,8.279759565,297.5364308
0.689704714,3643.890382,8.200807176,297.2320783
0.569034986,3036.23623,8.018373945,293.6995139
0.666232798,3024.69182,8.014564488,295.733807
0.664914837,2836.447837,7.950307787,295.3442715
0.777303944,3374.396978,8.123971914,298.3767255
0.957476787,3452.176017,8.146760041,301.2702363
0.99283261,3985.968632,8.290535631,302.5663768
0.893609418,3438.21008,8.142706289,300.3287859
0.517027489,3737.656981,8.226214218,293.6070936
0.805109365,2732.976052,7.913146423,297.6412374
0.572309086,2958.724906,7.99251368,293.6289513
0.67541778,3832.614077,8.251302376,297.2373924
0.759674315,3914.072981,8.272333794,298.9040613
0.554979992,3815.426703,8.246807786,294.6417378
0.568630799,2873.789804,7.963386927,293.3814661
0.596485496,3029.389798,8.016116491,294.2995154
0.741082044,3552.854244,8.175506572,298.0366837
0.561868575,3872.029442,8.261534052,294.8834765
0.863069856,3956.788272,8.283187933,300.6566007
0.562905695,3573.173382,8.181209382,294.4649262
0.925015726,3744.753328,8.228111027,301.2704326
0.545315356,3354.647941,8.118102108,293.7024626
0.785919217,3216.97865,8.076197891,298.2524617
0.744981952,3684.444078,8.211874932,298.3092286
0.714274397,3046.93896,8.021892746,296.6874897
0.69673694,3802.155984,8.243323549,297.6019586
0.841748629,3933.577997,8.277304722,300.2912843
0.959249835,3681.463277,8.211065582,301.6589144
0.721287619,3027.409178,8.015462476,296.7793273
0.95020661,3655.590326,8.204012871,301.4927386
0.866831704,2913.615045,7.977149873,298.9828979
0.890528319,3908.644005,8.270945791,301.0048585
0.545205646,2938.2843,7.985581119,292.9606412
0.959694217,2883.194791,7.966654261,300.2713792
0.73031123,3568.087164,8.179784923,297.8676744
0.616889012,3825.658026,8.249485764,296.0380398
0.55703181,3426.4248,8.139272664,294.0962264
0.56750305,2907.069769,7.974900901,293.4204788
0.800047513,3892.165198,8.266720888,299.5581604
0.568414219,3184.755714,8.066130866,293.9524217
0.832410557,2863.185226,7.959689999,298.347621
0.735132571,3143.169516,8.05298697,297.2414175
0.894044287,3924.577449,8.275013968,301.0801119
0.993393546,3151.841415,8.055742137,301.242093
0.622230083,3182.070672,8.065287419,295.1262149
0.792123397,3178.22659,8.064078644,298.2875879
0.79716906,3708.066494,8.218265859,299.2397254
0.857951091,3395.771005,8.130286114,299.718119
0.892291712,3705.69484,8.217626061,300.731895
0.95525715,3671.691864,8.208407833,301.5882609
0.986027156,3140.99835,8.052295974,301.123205
0.824169112,3175.581034,8.063245897,298.8065702
0.912534713,3873.077039,8.261804571,301.2787726
0.636466848,2889.62879,7.968883326,294.8787067
0.703604519,3920.478085,8.273968886,297.9011317
0.668551741,3454.985505,8.147573541,296.5261441
0.88728008,2763.205146,7.92414657,298.9868064
0.581442376,3278.069494,8.095009959,294.4083867
0.505631952,3400.404037,8.131649538,292.7974318
0.663953899,2978.501332,7.999175544,295.6020815
0.507163794,3732.302605,8.224780643,293.3491871
0.831979683,3919.746417,8.273782241,300.1166095
0.511128704,3931.299881,8.276725409,293.7345893
0.605748524,3563.030046,8.178366598,295.406114
0.597611555,2879.766058,7.96546434,294.038968
0.693605458,3109.860727,8.042333222,296.417817
0.724071509,3475.793507,8.153578079,297.6079816
0.68670804,3677.380829,8.209956047,297.2257589
0.558231404,3814.004366,8.246434931,294.7158281
0.768230189,3700.032553,8.216096897,298.7385732
0.85627026,3319.784166,8.10765505,299.5640381
0.50785398,3508.239188,8.162869535,293.0264927
0.798728,3018.318335,8.012455113,298.1039767
0.927260567,2795.099173,7.935622867,299.636435
0.673922773,3667.783008,8.207342674,296.9642528
0.590968898,3231.151374,8.080593815,294.539629
0.779948707,3293.37755,8.099668928,298.2844989
0.998881051,2870.871295,7.96237085,300.7786763
0.890420685,3076.862228,8.0316656,299.6501386
0.588991878,3549.609229,8.1745928,295.0188848
0.718334424,3448.639704,8.145735144,297.4593468
0.758493943,2836.547703,7.950342994,297.069661
0.716081685,3787.089461,8.239353051,297.9406006
0.7023726,2972.066437,7.99701276,296.3262338
0.887523304,3536.984981,8.171029943,300.3980836
0.958187091,3491.055624,8.157959441,301.3436485
0.900793055,2828.323136,7.947439284,299.3208726
0.747599198,3192.576223,8.068583463,297.5507478
0.802156598,3579.330481,8.182931045,299.1241865
0.765261972,3938.778655,8.278625968,299.035961
1.0393,86.01,4.454463569,273.7
1.039269158,122,4.804021045,276.5
1.039269158,177.05,5.176432179,279.3
1.039269158,243.77,5.496225158,282
1.039269158,200,5.298317367,273.93
1.519157749,239.5,5.478553417,275.5
1.519157749,290.1,5.670225691,277.16
1.519157749,347.1,5.849612923,278.7
1.519157749,380,5.940171253,279.49
1.519157749,454,6.118097198,280.71
1.519157749,507.6,6.229693736,281.46
1.519157749,565.6,6.337887115,282.41
1.519157749,648,6.473890696,283.32
1.519157749,725.2,6.586447479,283.26
1.519157749,49,3.891820298,275.98
1.521740421,44,3.784189634,275.21
1.521319986,115,4.744932128,279.71
1.520959613,155,5.043425117,281.09
1.520599241,240,5.480638923,283.71
1.520419054,189,5.241747015,281.82
1.519938557,278,5.627621114,283.76
1.519908526,103,4.634728988,278.04
1.519848464,52,3.951243719,273.98
1.519788402,120,4.787491743,275.37
1.519608215,110,4.700480366,276.48
0.698586469,174.99,5.164728829,279.43
0.688932689,75,4.317488114,273.82
0.679278909,227.99,5.429301768,280.93
0.679278909,181.99,5.203951741,278.32
0.65031757,210.99,5.351810739,278.87
0.64066379,256.99,5.549037174,280.37
0.64066379,440.01,6.086797454,283.48
0.64066379,98,4.584967479,273.93
0.63101001,316.99,5.758870228,281.71
0.63101001,460.99,6.133376351,283.71
0.63101001,117.99,4.770599875,273.82
0.621356231,166.99,5.11793393,276.26
0.611702451,618.99,6.428089117,284.82
0.606875561,514.89,6.243953286,277.15
1.412966172,290.08,5.670156747,273.56
1.326082154,333.59,5.809912694,274
1.326082154,350.84,5.860330279,274.41
1.326082154,377.1,5.932510404,275.36
1.326082154,377.1,5.932510404,276
1.326082154,435.11,6.075598873,277.1
1.326082154,507.63,6.229752836,279.06
1.326082154,493.13,6.200772831,278.3
1.326082154,725.19,6.586433689,281.46
1.326082154,741.44,6.608594241,281.51
1.326082154,406.11,6.006624059,277.15
1.171621678,258.16,5.553579548,273.5
1.036468761,265.41,5.5812758,274.2
1.036468761,297.32,5.694809,275.2
1.036468761,307.47,5.728377522,275.6
1.036468761,319.08,5.765441855,275.7
1.036468761,348.09,5.852461067,276.8
1.036468761,409.73,6.015498406,278.4
1.036468761,413.5,6.024657514,278.7
1.036468761,478.76,6.171199428,279.5
1.036468761,486.01,6.1862292,279.7
1.036468761,488.79,6.191932949,280.1
1.036468761,639.61,6.460858616,281.8
1.036468761,725.19,6.586433689,283
1.036468761,735.34,6.600332977,283.1
1.036468761,362.61,5.893327877,277.15
1.017161201,217.56,5.382474675,273.56
0.939930963,290.08,5.670156747,275.86
0.939930963,377.1,5.932510404,277.96
0.939930963,507.63,6.229752836,280.16
0.939930963,342.29,5.835658331,277.15
0.901315844,885.7,6.786378293,273.4
0.331670003,928.5,6.833570381,274.5
0.331670003,928.5,6.833570381,275.4
0.393858129,885.7,6.786378293,276.5
0.414587504,899.2,6.801505479,276
0.456046255,855.15,6.751276892,273.9
0.51823438,855.15,6.751276892,276
0.538963756,855.15,6.751276892,274.7
0.538963756,870.15,6.768665611,276.9
0.559693131,913.74,6.817546067,277.8
0.601151881,928.5,6.833570381,278.6
0.621881256,928.5,6.833570381,278.1
0.621881256,928.5,6.833570381,278.4
0.621881256,768.24,6.644102184,280.1
0.978546082,813.19,6.700964785,281.1
0.96477632,110.03,4.700753056,273.7
1.212530304,158.05,5.062911439,276.5
1.212530304,227.05,5.425170258,279.3
1.212530304,323.09,5.777930922,282
1.212530304,240.76,5.483800587,277.18
0.766222989,356.94,5.8775677,280.56
0.766222989,492.68,6.199859876,283.21
0.766222989,1050.21,6.956745423,288.62
0.766222989,221.91,5.402271894,281.08
0.65191039,389.27,5.96427319,285.12
0.65191039,847.16,6.741889579,291.29
0.65191039,198.05,5.288519524,273.7
1.364838057,271.07,5.60237709,276.5
1.364838057,372.1,5.919162635,279.3
1.364838057,509.13,6.232703387,282
1.364838057,194.05,5.268115858,273.7
1.436436873,267.08,5.587548239,276.5
1.436436873,367.09,5.90560705,279.3
1.436436873,503.15,6.220888336,282
1.436436873,258.16,5.553579548,273.5
1.069967377,333.59,5.809912694,274
0.726003203,265.41,5.5812758,274.2
1.069291612,297.32,5.694809,275.2
1.065719713,307.47,5.728377522,275.6
1.065333562,319.08,5.765441855,275.7
1.062630504,377.1,5.932510404,276
0.706212955,348.09,5.852461067,276.8
1.055679783,435.11,6.075598873,277.1
0.691346134,493.13,6.200772831,278.3
0.673872793,409.73,6.015498406,278.4
1.049887515,413.5,6.024657514,278.7
1.040330273,478.76,6.171199428,279.5
1.036275685,488.79,6.191932949,280.1
1.032607249,639.61,6.460858616,281.8
1.032414173,725.19,6.586433689,283
1.030869569,735.34,6.600332977,283.1
1.020829638,189.99,5.246971439,273.9
1.101052547,200.14,5.299017122,274.3
1.097191036,188.54,5.239310186,274.6
0.801881912,223.36,5.40878482,275.1
1.093426061,233.51,5.453224903,275.4
1.089178398,246.56,5.507605372,275.5
1.088502634,253.81,5.536585956,275.6
1.088116483,217.56,5.382474675,275.6
0.795510418,262.52,5.57032727,275.9
1.083675744,266.87,5.586761648,276.1
1.081938064,316.18,5.756311672,276.9
1.075759644,268.32,5.592180298,277.5
0.782477815,362.59,5.893272719,277.7
1.069098536,326.33,5.787909139,279.1
0.772244808,398.86,5.988610478,280.6
0.768286759,507.63,6.229752836,280.6
1.040330273,580.15,6.363286691,281.2
1.014651219,435.11,6.075598873,281.6
0.764811398,522.14,6.257935751,282.9
0.762301415,739.69,6.60623118,283.2
0.995826348,322,5.774551546,274
0.673872793,509,6.232448017,279.06
0.673872793,695,6.543911846,284.12
0.673872793,882,6.782192056,289.18
0.673872793,1068,6.97354302,294.24
0.673872793,1255,7.134890852,299.3
0.673872793,1441,7.273092596,304.36
0.673872793,1628,7.395107547,309.42
0.673872793,1814,7.503289631,314.48
0.673872793,2000,7.60090246,319.55
0.673872793,161,5.081404365,274.7
0.995826348,365,5.899897354,279.9
0.995826348,570,6.345636361,285.09
0.995826348,774,6.651571874,290.29
0.995826348,979,6.886531643,295.49
0.995826348,1182,7.074963198,300.68
0.995826348,1387,7.23489842,305.88
0.995826348,1591,7.372118028,311.08
0.995826348,1796,7.493317249,316.28
0.995826348,2000,7.60090246,321.47
0.995826348,377,5.932245187,276
0.746855368,558,6.324358962,280.93
0.746855368,738,6.603943825,285.86
0.746855368,918,6.822197391,290.79
0.746855368,1099,7.002155954,295.72
0.746855368,1279,7.153833802,300.65
0.746855368,1459,7.285506549,305.58
0.746855368,1639,7.401841579,310.51
0.746855368,1820,7.50659178,315.44
0.746855368,2000,7.60090246,320.37
0.746855368,261,5.564520407,273.5
1.036468761,454,6.118097198,277.6
1.036468761,647,6.472346295,281.7
1.036468761,840,6.733401892,285.8
1.036468761,1034,6.941190055,289.9
1.036468761,1227,7.112327445,294
1.036468761,1420,7.258412151,298.1
1.036468761,1613,7.385851078,302.2
1.036468761,1807,7.499423291,306.3
1.036468761,2000,7.60090246,310.4
1.036468761,86,4.454347296,273.7
0.988463027,299,5.700443573,278.12
0.988463027,511,6.23636959,282.54
0.988463027,724,6.584791392,286.96
0.988463027,937,6.842683282,291.38
0.988463027,1149,7.046647278,295.8
0.988463027,1362,7.216709487,300.22
0.988463027,1575,7.362010551,304.64
0.988463027,1787,7.488293515,309.06
0.988463027,2000,7.60090246,313.48
0.988463027,110,4.700480366,273.7
1.222079631,320,5.768320996,278.08
1.222079631,530,6.272877007,282.46
1.222079631,740,6.606650186,286.84
1.222079631,950,6.856461985,291.22
1.222079631,1160,7.056175284,295.6
1.222079631,1370,7.222566019,299.98
1.222079631,1580,7.365180126,304.36
1.222079631,1790,7.489970899,308.74
1.222079631,2000,7.60090246,313.12
1.222079631,198,5.288267031,273.7
1.39440368,398,5.986452005,278.01
1.39440368,598,6.393590754,282.32
1.39440368,798,6.682108597,286.63
1.39440368,999,6.906754779,290.94
1.39440368,1199,7.089243155,295.25
1.39440368,1399,7.243512975,299.56
1.39440368,1599,7.377133713,303.87
1.39440368,1799,7.494986234,308.18
1.39440368,2000,7.60090246,312.49
1.39440368,194,5.267858159,273.7
1.440449575,395,5.978885765,278
1.440449575,595,6.388561406,282.3
1.440449575,796,6.679599186,286.6
1.440449575,997,6.90475077,290.9
1.440449575,1197,7.087573706,295.2
1.440449575,1398,7.242797923,299.5
1.440449575,1598,7.376508126,303.8
1.440449575,1799,7.494986234,308.1
1.440449575,2000,7.60090246,312.4
1.440449575,261,5.564520407,273.5
1.036468761,454,6.118097198,277.6
1.036468761,647,6.472346295,281.7
1.036468761,840,6.733401892,285.8
1.036468761,1034,6.941190055,289.9
1.036468761,1227,7.112327445,294
1.036468761,1420,7.258412151,298.1
1.036468761,1613,7.385851078,302.2
1.036468761,1807,7.499423291,306.3
1.036468761,2000,7.60090246,310.4
1.036468761,189,5.241747015,273.9
1.036468761,390,5.966146739,277.14
1.036468761,591,6.381816017,280.38
1.036468761,793,6.675823222,283.62
1.036468761,994,6.901737207,286.86
1.036468761,1195,7.085901464,290.1
1.036468761,1396,7.241366283,293.34
1.036468761,1598,7.376508126,296.58
1.036468761,1799,7.494986234,299.82
1.036468761,2000,7.60090246,303.06
1.036468761,1416,7.255591274,276.06
1.094908695,1480,7.299797367,276.3
1.094908695,1545,7.342779189,276.55
1.094908695,1609,7.383368147,276.8
1.094908695,1673,7.422373701,277.05
1.094908695,1738,7.460490306,277.3
1.094908695,1802,7.496652438,277.54
1.094908695,1866,7.531552381,277.79
1.094908695,1931,7.565793282,278.04
1.094908695,2000,7.60090246,278.3
1.094908695,494,6.202535517,280.92
1.4222338,662,6.495265556,282.95
1.4222338,829,6.720220155,284.99
1.4222338,997,6.90475077,287.02
1.4222338,1164,7.059617628,289.06
1.4222338,1332,7.194436851,291.09
1.4222338,1499,7.312553498,293.13
1.4222338,1667,7.418780883,295.16
1.4222338,1834,7.514254653,297.2
1.4222338,2000,7.60090246,299.22
1.4222338,1403,7.24636808,282.46
0.854207111,1469,7.292337176,282.77
0.854207111,1535,7.33628566,283.08
0.854207111,1602,7.379008128,283.39
0.854207111,1668,7.419380583,283.7
0.854207111,1734,7.458186157,284.01
0.854207111,1801,7.496097345,284.32
0.854207111,1867,7.532088144,284.63
0.854207111,1933,7.566828479,284.94
0.854207111,2000,7.60090246,285.25
0.854207111,1590,7.371489295,283.37
0.84594339,1636,7.400009517,283.58
0.84594339,1681,7.427144133,283.79
0.84594339,1727,7.454141078,284
0.84594339,1772,7.479864131,284.21
0.84594339,1818,7.505492275,284.42
0.84594339,1863,7.529943371,284.63
0.84594339,1909,7.554334824,284.84
0.84594339,1954,7.577633833,285.05
0.84594339,2000,7.60090246,285.26
0.794204212,2725.124,7.910269211,297.3086
0.794204212,2656.269,7.884677786,297.174
0.794204212,2587.415,7.858414587,297.037
0.794204212,2518.653,7.831479514,296.8975
0.794204212,2449.986,7.803837589,296.7554
0.794204212,2381.418,7.775451388,296.6104
0.794204212,2312.956,7.746281639,296.4625
0.794204212,2244.603,7.716283947,296.3115
0.794204212,2176.367,7.685412252,296.1569
0.794204212,2108.253,7.653614921,295.9987
0.794204212,2040.269,7.620836941,295.8364
0.794204212,1972.422,7.587017508,295.6698
0.794204212,1904.721,7.55209082,295.4984
0.794204212,1837.175,7.515984345,295.3217
0.794204212,1820.093,7.506642878,295.2761
0.794204212,1811.306,7.501803411,295.2525
0.794204212,1809.096,7.500582552,295.2465
0.794204212,1808.645,7.500333225,295.2453
0.794204212,1806.876,7.499354666,295.2417
0.794204212,1805.767,7.498740711,295.2393
0.794204212,1803.504,7.497486718,295.2342
0.794204212,1798.901,7.494931202,295.2238
0.794204212,1789.42,7.489646824,295.2023
0.794204212,1769.58,7.478497509,295.1566
0.794204212,1727.56,7.454465287,295.0567
0.794204212,1639.059,7.401877576,294.8309
0.794204212,1554.684,7.349027589,294.5942
0.794204212,1475.896,7.297020542,294.3514
0.794204212,1399.537,7.243896747,294.0934
0.794204212,1324.378,7.188698194,293.815
0.794204212,1249.867,7.130792425,293.5119
0.794204212,1184.981,7.07748202,293.2231
0.794204212,1119.997,7.021081286,292.908
0.794204212,1055.408,6.961682701,292.5659
0.794204212,991.2271,6.898943671,292.1936
0.794204212,927.4972,6.832489776,291.788
0.794204212,864.2668,6.761881517,291.3448
0.794204212,801.5922,6.6866,290.8597
0.794204212,739.539,6.606027019,290.3269
0.794204212,678.1846,6.519419522,289.7401
0.794204212,617.621,6.425875001,289.0914
0.794204212,557.958,6.324283691,288.3711
0.794204212,499.3286,6.213264396,287.5676
0.794204212,441.8947,6.091071618,286.6664
0.794204212,385.8558,5.955463725,285.649
0.794204212,331.4603,5.803508044,284.4924
0.794204212,279.0204,5.631284897,283.1667
0.794204212,228.933,5.433429384,281.6328
0.794204212,181.7065,5.202392748,279.8395
0.794204212,137.9942,4.927211655,277.7181
0.794204212,98.6308,4.591383586,275.1763
0.794204212,79.85525,4.380215621,273.6156
0.794204212,74.53891,4.311321271,273.1138
0.794204212,74.53891,4.311321271,273.1138
0.794204212,73.88584,4.302521199,272.9543
0.794204212,73.66424,4.299517471,272.8839
0.794204212,73.2276,4.293572399,272.7445
0.794204212,72.36158,4.281675496,272.466
0.794204212,70.65821,4.257854309,271.9099
0.794204212,67.36335,4.210101101,270.8013
0.794204212,61.20002,4.114147516,268.5986
0.794204212,50.42152,3.920418068,264.2512
0.794204212,41.38835,3.72299944,259.9552
0.794204212,33.76463,3.519413805,255.6627
0.794204212,27.3664,3.309315984,251.3747
0.794204212,22.02746,3.092289857,247.0913
0.794204212,17.59994,2.867895493,242.8125
0.794204212,13.95263,2.635668021,238.5382
0.808512206,2647.555,7.881391852,296.2776
0.808512206,2578.802,7.855080229,296.1433
0.808512206,2510.05,7.828057952,296.0065
0.808512206,2441.395,7.800324876,295.8673
0.808512206,2372.84,7.771842829,295.7255
0.808512206,2304.391,7.742571712,295.5809
0.808512206,2236.053,7.712467537,295.4333
0.808512206,2167.831,7.681482407,295.2826
0.808512206,2099.733,7.649565473,295.1285
0.808512206,2031.766,7.616660645,294.9708
0.808512206,1963.937,7.582706411,294.8091
0.808512206,1896.255,7.547636167,294.6431
0.808512206,1828.729,7.511376469,294.4725
0.808512206,1761.369,7.473846627,294.2967
0.808512206,1761.369,7.473846627,294.2967
0.808512206,1759.228,7.472630355,294.2918
0.808512206,1758.119,7.471999767,294.2894
0.808512206,1755.889,7.47073056,294.2844
0.808512206,1751.411,7.468177028,294.2743
0.808512206,1742.384,7.463009569,294.2539
0.808512206,1724.071,7.452443634,294.212
0.808512206,1686.549,7.430439708,294.1234
0.808512206,1608.777,7.383229542,293.9276
0.808512206,1531.295,7.333869062,293.7144
0.808512206,1455.439,7.283062852,293.4857
0.808512206,1380.459,7.230171332,293.2376
0.808512206,1305.894,7.174643143,292.9663
0.808512206,1240.716,7.123443911,292.7065
0.808512206,1175.441,7.069398675,292.4224
0.808512206,1110.532,7.012594459,292.1133
0.808512206,1045.999,6.952727689,291.7763
0.808512206,981.8808,6.889469916,291.4083
0.808512206,918.2207,6.822437776,291.0057
0.808512206,855.0679,6.751180881,290.5642
0.808512206,792.4798,6.675167016,290.0789
0.808512206,730.5236,6.593761537,289.5439
0.808512206,669.2787,6.506200565,288.9524
0.808512206,608.8394,6.411554522,288.2958
0.808512206,549.3186,6.308678601,287.5642
0.808512206,490.8531,6.196144898,286.7451
0.808512206,433.6097,6.072144821,285.8231
0.808512206,377.7942,5.934349603,284.7788
0.808512206,323.6633,5.779703778,283.5878
0.808512206,271.5402,5.604110195,282.2184
0.808512206,221.8363,5.401939722,280.6296
0.808512206,175.0789,5.165236729,278.7666
0.808512206,131.9456,4.882389716,276.5565
0.808512206,93.30004,4.535820537,273.9005
0.808512206,83.62307,4.426319439,273.0776
0.808512206,83.24821,4.421826627,273.044
0.808512206,83.24821,4.421826627,273.044
0.808512206,82.60968,4.414126865,272.8793
0.808512206,82.36462,4.411155976,272.8093
0.808512206,81.8786,4.405237662,272.6699
0.808512206,80.91461,4.393394401,272.3914
0.808512206,79.01839,4.36968061,271.8353
0.808512206,75.34997,4.322143527,270.7267
0.808512206,68.48584,4.226627009,268.5238
0.808512206,56.47459,4.033790802,264.1758
0.808512206,46.40031,3.83730614,259.879
0.808512206,37.89113,3.634717048,255.5857
0.808512206,30.74361,3.425682168,251.297
0.808512206,24.77388,3.209789872,247.0129
0.808512206,19.81831,2.986606258,242.7333
0.808512206,15.73161,2.755672064,238.4583
0.684836381,2667.651,7.888953589,296.2095
0.684836381,2598.872,7.862832784,296.0756
0.684836381,2530.092,7.836010945,295.9392
0.684836381,2461.409,7.808489229,295.8005
0.684836381,2392.825,7.780229955,295.6593
0.684836381,2324.344,7.751193128,295.5155
0.684836381,2255.973,7.721336644,295.3688
0.684836381,2187.717,7.690613813,295.2191
0.684836381,2119.582,7.658974178,295.0661
0.684836381,2051.576,7.626363557,294.9096
0.684836381,1983.706,7.592722091,294.7493
0.684836381,1915.98,7.55798452,294.5847
0.684836381,1848.407,7.522079466,294.4154
0.684836381,1780.997,7.484928599,294.2407
0.684836381,1747.056,7.465687365,294.1504
0.684836381,1744.878,7.464439918,294.1446
0.684836381,1743.77,7.463804715,294.1416
0.684836381,1743.77,7.463804715,294.1416
0.684836381,1741.551,7.462531374,294.1362
0.684836381,1740.442,7.461894383,294.1336
0.684836381,1738.219,7.460616305,294.1284
0.684836381,1733.766,7.4580512,294.1178
0.684836381,1724.838,7.452888412,294.0964
0.684836381,1706.889,7.442427694,294.0529
0.684836381,1670.645,7.420965058,293.9625
0.684836381,1596.872,7.375801995,293.7669
0.684836381,1522.982,7.328425534,293.5538
0.684836381,1449.291,7.27882975,293.3219
0.684836381,1383.418,7.232312528,293.0962
0.684836381,1317.494,7.183486726,292.8508
0.684836381,1251.87,7.132393712,292.5849
0.684836381,1186.559,7.078812801,292.296
0.684836381,1121.587,7.022499926,291.9819
0.684836381,1056.987,6.963177687,291.6398
0.684836381,992.7955,6.900524701,291.2664
0.684836381,929.054,6.834166864,290.8582
0.684836381,865.8107,6.763666293,290.4109
0.684836381,803.1217,6.688506259,289.9197
0.684836381,741.0524,6.608071338,289.3788
0.684836381,679.6799,6.521621952,288.7814
0.684836381,619.0956,6.428259703,288.1194
0.684836381,559.4091,6.326881048,287.3827
0.684836381,500.7525,6.216111967,286.5594
0.684836381,443.2871,6.094217641,285.6344
0.684836381,387.2113,5.958970539,284.5891
0.684836381,332.772,5.807457571,283.3998
0.684836381,280.2798,5.63578839,282.036
0.684836381,230.1292,5.43864089,280.4579
0.684836381,182.8254,5.208531599,278.6131
0.684836381,139.0178,4.934601982,276.4309
0.684836381,99.53614,4.600520794,273.8159
0.684836381,94.4477,4.548046242,273.4115
0.684836381,91.27166,4.513840334,273.1489
0.684836381,90.46274,4.504938053,273.0807
0.684836381,90.05198,4.500387059,273.0459
0.684836381,90.05198,4.500387059,273.0459
0.684836381,89.35445,4.492611045,272.8789
0.684836381,89.09053,4.489653044,272.8088
0.684836381,88.56749,4.48376486,272.6695
0.684836381,87.53002,4.47198182,272.391
0.684836381,85.48908,4.448388648,271.8349
0.684836381,81.54,4.401093697,270.7262
0.684836381,74.14817,4.306065389,268.5235
0.684836381,61.20459,4.114222187,264.1756
0.684836381,50.33785,3.918757279,259.8789
0.684836381,41.15017,3.717228058,255.5858
0.684836381,33.42481,3.509298439,251.2971
0.684836381,26.96561,3.29456235,247.013
0.684836381,21.59779,3.072590995,242.7334
0.684836381,17.16601,2.842931266,238.4583
0.684836381,13.53262,2.605103067,234.188
0.7515863,2639.683,7.878414113,294.8364
0.7515863,2570.941,7.852027259,294.7014
0.7515863,2502.199,7.824925224,294.564
0.7515863,2433.555,7.79710843,294.4242
0.7515863,2365.012,7.768538375,294.2818
0.7515863,2296.575,7.739174162,294.1367
0.7515863,2228.25,7.708971803,293.9886
0.7515863,2160.042,7.677882945,293.8373
0.7515863,2091.959,7.645856227,293.6825
0.7515863,2024.007,7.612834489,293.5239
0.7515863,1956.195,7.578756539,293.3611
0.7515863,1888.53,7.543554028,293.1936
0.7515863,1821.022,7.507153161,293.0208
0.7515863,1753.682,7.469472857,292.842
0.7515863,1719.772,7.449947003,292.7492
0.7515863,1702.439,7.439817208,292.7011
0.7515863,1702.439,7.439817208,292.7011
0.7515863,1700.242,7.438525873,292.6954
0.7515863,1699.134,7.437873988,292.6926
0.7515863,1696.912,7.436565408,292.687
0.7515863,1692.466,7.433941916,292.6757
0.7515863,1683.555,7.428662908,292.653
0.7515863,1665.667,7.417980923,292.6066
0.7515863,1629.618,7.396100911,292.5104
0.7515863,1556.379,7.350117248,292.3027
0.7515863,1490.07,7.306578378,292.099
0.7515863,1423.732,7.261036872,291.8784
0.7515863,1357.658,7.213516435,291.6401
0.7515863,1291.856,7.163835223,291.3822
0.7515863,1226.351,7.111798372,291.1026
0.7515863,1161.168,7.057181674,290.7989
0.7515863,1096.337,6.999729902,290.4686
0.7515863,1031.892,6.939149289,290.1087
0.7515863,967.8711,6.875098917,289.716
0.7515863,904.3178,6.807180847,289.2864
0.7515863,841.2837,6.73492894,288.8156
0.7515863,778.828,6.657790226,288.2983
0.7515863,717.0207,6.57510471,287.7284
0.7515863,655.9439,6.486075267,287.0983
0.7515863,595.6957,6.389729966,286.3994
0.7515863,536.3939,6.284868779,285.6207
0.7515863,478.181,6.169989322,284.7491
0.7515863,421.2317,6.043183039,283.768
0.7515863,365.7619,5.901982575,282.6566
0.7515863,312.0412,5.74313523,281.3882
0.7515863,260.4102,5.56225808,279.9284
0.7515863,211.303,5.353293122,278.2316
0.7515863,165.2768,5.107621644,276.237
0.7515863,123.0472,4.812568022,273.8626
0.7515863,112.3502,4.721620779,273.1386
0.7515863,110.7352,4.707141766,273.0238
0.7515863,110.3051,4.703250163,272.9929
0.7515863,110.3051,4.703250163,272.9929
0.7515863,109.4944,4.695873406,272.8361
0.7515863,109.1715,4.69292004,272.7658
0.7515863,108.5339,4.687062567,272.6264
0.7515863,107.2692,4.675341563,272.3479
0.7515863,104.7809,4.651871503,271.7918
0.7515863,99.9655,4.604825126,270.6831
0.7515863,90.94903,4.51029924,268.48
0.7515863,75.14968,4.319481858,264.1308
0.7515863,61.87369,4.125095049,259.8325
0.7515863,50.63931,3.924728152,255.5377
0.7515863,41.18392,3.718047889,251.2473
0.7515863,33.26987,3.504652183,246.9613
0.7515863,26.68541,3.284116974,242.6798
0.7515863,21.24226,3.055992594,238.4028
0.7515863,16.77362,2.819807414,234.1304
0.7515863,13.13207,2.57505733,229.8627
0.692264396,2688.862,7.896873335,295.2965
0.692264396,2620.054,7.870950207,295.1603
0.692264396,2551.247,7.844337538,295.0214
0.692264396,2482.534,7.817035092,294.8801
0.692264396,2413.919,7.789006847,294.7361
0.692264396,2345.406,7.7602138,294.5891
0.692264396,2277,7.730614066,294.439
0.692264396,2208.708,7.700163008,294.2855
0.692264396,2140.535,7.668811077,294.1283
0.692264396,2072.489,7.636505579,293.9669
0.692264396,2004.576,7.603187846,293.8009
0.692264396,1936.805,7.568794987,293.6298
0.692264396,1869.184,7.533257251,293.453
0.692264396,1801.723,7.496498708,293.2697
0.692264396,1734.432,7.458435261,293.079
0.692264396,1700.547,7.438705243,292.9796
0.692264396,1683.222,7.428465093,292.9279
0.692264396,1674.458,7.42324481,292.9015
0.692264396,1672.252,7.4219265,292.8948
0.692264396,1672.252,7.4219265,292.8948
0.692264396,1670.037,7.420601061,292.8885
0.692264396,1668.929,7.419937382,292.8854
0.692264396,1666.714,7.418609302,292.8791
0.692264396,1662.289,7.415950847,292.8665
0.692264396,1653.463,7.410627155,292.8413
0.692264396,1635.905,7.399951447,292.7903
0.692264396,1601.17,7.378489891,292.6868
0.692264396,1533.203,7.33511429,292.4726
0.692264396,1466.772,7.290819347,292.2471
0.692264396,1400.528,7.244604587,292.0044
0.692264396,1334.547,7.196347187,291.743
0.692264396,1268.846,7.145863105,291.4609
0.692264396,1203.451,7.092948542,291.1559
0.692264396,1138.388,7.037368506,290.8256
0.692264396,1073.689,6.978855661,290.4673
0.692264396,1009.388,6.917099486,290.0779
0.692264396,945.5251,6.851740435,289.6538
0.692264396,882.1477,6.782359502,289.1909
0.692264396,819.3093,6.708461668,288.6845
0.692264396,757.0725,6.629459022,288.1291
0.692264396,695.5112,6.544647115,287.5179
0.692264396,634.713,6.453172928,286.8431
0.692264396,574.7822,6.353991186,286.0952
0.692264396,515.8446,6.245805557,285.2626
0.692264396,458.0531,6.126985116,284.3308
0.692264396,401.5957,5.995445861,283.282
0.692264396,346.7054,5.848475428,282.0933
0.692264396,293.6746,5.682472352,280.7356
0.692264396,242.8737,5.492541555,279.1707
0.692264396,194.7764,5.271852234,277.3481
0.692264396,149.991,5.010575292,275.1999
0.692264396,128.0377,4.852324752,273.9106
0.692264396,116.0157,4.753725527,273.1137
0.692264396,115.2051,4.746714018,273.0572
0.692264396,115.2051,4.746714018,273.0572
0.692264396,114.2858,4.738702329,272.9043
0.692264396,113.9464,4.735728162,272.8332
0.692264396,113.2837,4.729895292,272.6938
0.692264396,111.9691,4.71822294,272.4153
0.692264396,109.3827,4.694852742,271.8592
0.692264396,104.3765,4.648004554,270.7505
0.692264396,95.00029,4.553879944,268.5476
0.692264396,78.56118,4.363877684,264.1991
0.692264396,64.73626,4.170321477,259.9016
0.692264396,53.02721,3.970805178,255.6075
0.692264396,43.16376,3.765001254,251.3177
0.692264396,34.90093,3.552513476,247.0323
0.692264396,28.02011,3.332922467,242.7514
0.692264396,22.32673,3.105784615,238.4748
0.692264396,17.64817,2.870632095,234.2028
0.692264396,13.83176,2.626967397,229.9355
0.718802193,2468.812,7.811492342,294.4365
0.718802193,2400.317,7.783356091,294.2914
0.718802193,2331.822,7.754405215,294.1429
0.718802193,2263.438,7.724640175,293.9911
0.718802193,2195.169,7.694014316,293.8357
0.718802193,2127.021,7.662477688,293.6763
0.718802193,2059.001,7.629976193,293.5125
0.718802193,1991.115,7.596450062,293.3438
0.718802193,1923.373,7.561835695,293.1698
0.718802193,1855.783,7.526061988,292.9896
0.718802193,1788.355,7.489051482,292.8026
0.718802193,1721.099,7.450718319,292.6078
0.718802193,1654.028,7.410968804,292.4042
0.718802193,1587.153,7.369697124,292.1906
0.718802193,1520.489,7.326787273,291.9655
0.718802193,1486.899,7.304448022,291.8469
0.718802193,1478.264,7.298623705,291.8158
0.718802193,1476.066,7.29713572,291.8079
0.718802193,1476.066,7.29713572,291.8079
0.718802193,1473.857,7.295638053,291.8001
0.718802193,1472.753,7.294888717,291.7963
0.718802193,1470.544,7.293387679,291.7885
0.718802193,1466.133,7.290383601,291.773
0.718802193,1457.338,7.284366763,291.7419
0.718802193,1439.854,7.272296999,291.679
0.718802193,1405.313,7.248015333,291.551
0.718802193,1337.928,7.198877428,291.2856
0.718802193,1272.275,7.148561916,291.0051
0.718802193,1206.86,7.095777224,290.7015
0.718802193,1141.779,7.040342851,290.3727
0.718802193,1077.06,6.981990386,290.0158
0.718802193,1012.737,6.920411846,289.6277
0.718802193,948.8505,6.855251252,289.2049
0.718802193,885.4465,6.786092038,288.7432
0.718802193,822.5783,6.712443676,288.2379
0.718802193,760.3084,6.63372414,287.6833
0.718802193,698.7098,6.549235492,287.073
0.718802193,637.8693,6.458133403,286.399
0.718802193,577.8903,6.359384058,285.6518
0.718802193,518.8972,6.25170579,284.82
0.718802193,461.0416,6.133488278,283.8893
0.718802193,404.5091,6.002674233,282.842
0.718802193,349.5303,5.856590253,281.6555
0.718802193,296.3939,5.691689313,280.3011
0.718802193,245.4658,5.50315763,278.7411
0.718802193,197.2135,5.284286898,276.9258
0.718802193,152.2374,5.025441145,274.7885
0.718802193,130.1737,4.868869712,273.5073
0.718802193,123.9865,4.820172689,273.1112
0.718802193,122.2826,4.806334759,272.9989
0.718802193,122.2826,4.806334759,272.9989
0.718802193,121.4507,4.799508419,272.8478
0.718802193,121.0979,4.796599309,272.7775
0.718802193,120.4008,4.790826177,272.6381
0.718802193,119.0178,4.779273062,272.3596
0.718802193,116.2962,4.756140385,271.8035
0.718802193,111.0262,4.709766209,270.6949
0.718802193,101.1479,4.616583802,268.4919
0.718802193,83.801,4.428444941,264.1432
0.718802193,69.18193,4.236739701,259.8454
0.718802193,56.77447,4.039086753,255.5509
0.718802193,46.30084,3.835160103,251.2607
0.718802193,37.5084,3.624564908,246.975
0.718802193,30.17108,3.40688385,242.6936
0.718802193,24.08706,3.181674767,238.4166
0.718802193,19.07678,2.948471889,234.1441
0.718802193,14.98093,2.706778059,229.8763
0.640729637,2532.238,7.836858776,294.5508
0.640729637,2463.647,7.809398051,294.4064
0.640729637,2395.057,7.781162309,294.2588
0.640729637,2326.573,7.752151648,294.1079
0.640729637,2258.198,7.722322429,293.9534
0.640729637,2189.938,7.691628512,293.795
0.640729637,2121.799,7.660019593,293.6323
0.640729637,2053.789,7.627441659,293.4649
0.640729637,1985.914,7.593834541,293.2921
0.640729637,1918.184,7.559134184,293.1134
0.640729637,1850.606,7.523268432,292.9281
0.640729637,1783.191,7.486159735,292.7353
0.640729637,1715.948,7.447720977,292.5341
0.640729637,1648.891,7.40785822,292.3234
0.640729637,1582.032,7.366465376,292.1019
0.640729637,1515.385,7.323424811,291.8683
0.640729637,1448.966,7.278605478,291.621
0.640729637,1444.738,7.275683269,291.6047
0.640729637,1442.535,7.274157262,291.5962
0.640729637,1442.527,7.274151716,291.5961
0.640729637,1440.328,7.272626144,291.5879
0.640729637,1439.224,7.271859358,291.5837
0.640729637,1437.017,7.270324716,291.5753
0.640729637,1432.608,7.267251838,291.5586
0.640729637,1423.819,7.261097977,291.525
0.640729637,1406.35,7.248752975,291.4572
0.640729637,1371.848,7.223914015,291.3191
0.640729637,1304.577,7.173634129,291.0335
0.640729637,1239.076,7.12212122,290.7321
0.640729637,1173.826,7.068023778,290.4063
0.640729637,1108.924,7.011145455,290.0539
0.640729637,1044.401,6.951198794,289.6718
0.640729637,980.2942,6.887852731,289.2566
0.640729637,916.6461,6.820721465,288.8046
0.640729637,853.5066,6.749353275,288.3113
0.640729637,790.9333,6.673213641,287.7716
0.640729637,728.9937,6.59166509,287.1792
0.640729637,667.7676,6.503940209,286.5271
0.640729637,607.3497,6.409104737,285.8066
0.640729637,547.8534,6.306007733,285.0071
0.640729637,489.416,6.193212844,284.1158
0.640729637,432.2054,6.068900938,283.1167
0.640729637,376.4284,5.930727857,281.9897
0.640729637,322.3431,5.775616506,280.7094
0.640729637,270.2747,5.599438849,279.2424
0.640729637,220.6371,5.39651927,277.5454
0.640729637,173.9607,5.158829412,275.5603
0.640729637,130.9275,4.874643735,273.2084
0.640729637,128.107,4.852865852,273.0297
0.640729637,128.107,4.852865852,273.0297
0.640729637,127.2886,4.846456949,272.8809
0.640729637,126.9197,4.843554603,272.811
0.640729637,126.1873,4.837767311,272.6716
0.640729637,124.7345,4.826187478,272.3931
0.640729637,121.8755,4.803000032,271.837
0.640729637,116.3402,4.756518658,270.7283
0.640729637,105.9667,4.663124894,268.5255
0.640729637,87.75792,4.474582115,264.1773
0.640729637,72.42058,4.282490513,259.88
0.640729637,59.40994,4.084461552,255.586
0.640729637,48.43265,3.880174173,251.2964
0.640729637,39.22198,3.669237304,247.011
0.640729637,31.53942,3.451238192,242.73
0.640729637,25.17216,3.225738622,238.4534
0.640729637,19.93101,2.99227681,234.1812
0.640729637,15.64826,2.750359729,229.9137
0.637835056,2478.415,7.815374522,294.2807
0.637835056,2409.905,7.787342607,294.1314
0.637835056,2341.395,7.758502185,293.9784
0.637835056,2272.996,7.728854064,293.8217
0.637835056,2204.711,7.698351714,293.6609
0.637835056,2136.545,7.666945317,293.4955
0.637835056,2068.507,7.63458237,293.3252
0.637835056,2000.602,7.601203414,293.1493
0.637835056,1932.839,7.566745186,292.9673
0.637835056,1865.228,7.531138577,292.7784
0.637835056,1797.776,7.494305624,292.5819
0.637835056,1730.496,7.456163352,292.3767
0.637835056,1663.397,7.416617176,292.1618
0.637835056,1596.494,7.375565254,291.936
0.637835056,1529.8,7.332892287,291.698
0.637835056,1463.33,7.288469939,291.4463
0.637835056,1397.101,7.242154654,291.179
0.637835056,1331.134,7.19378649,290.8944
0.637835056,1326.93,7.190623282,290.8756
0.637835056,1324.732,7.188965454,290.8657
0.637835056,1323.631,7.188133997,290.8607
0.637835056,1323.08,7.187717631,290.8582
0.637835056,1323.08,7.187717631,290.8582
0.637835056,1320.875,7.186049675,290.8484
0.637835056,1319.774,7.185215789,290.8435
0.637835056,1317.572,7.183545928,290.8337
0.637835056,1313.174,7.180202386,290.814
0.637835056,1304.409,7.173505344,290.7745
0.637835056,1286.997,7.160066877,290.6947
0.637835056,1252.648,7.13301499,290.5323
0.637835056,1185.829,7.078197387,290.1963
0.637835056,1120.935,7.021918437,289.8417
0.637835056,1056.336,6.962561595,289.4576
0.637835056,992.1487,6.899872995,289.041
0.637835056,928.412,6.8334756,288.5882
0.637835056,865.174,6.762930643,288.0948
0.637835056,802.491,6.68772064,287.5558
0.637835056,740.4283,6.607228803,286.9652
0.637835056,679.0632,6.520714201,286.316
0.637835056,618.4875,6.427276981,285.5999
0.637835056,558.8107,6.325810775,284.8066
0.637835056,500.1653,6.214938644,283.9237
0.637835056,442.7129,6.092921479,282.9358
0.637835056,386.6522,5.957525581,281.8237
0.637835056,332.2309,5.805830209,280.5628
0.637835056,279.7603,5.633933165,279.1216
0.637835056,229.6357,5.43649414,277.4584
0.637835056,182.3638,5.206003593,275.518
0.637835056,138.5954,4.931558897,273.2257
0.637835056,135.7254,4.910633727,273.0523
0.637835056,135.7254,4.910633727,273.0523
0.637835056,134.7761,4.903614883,272.9086
0.637835056,134.3805,4.900675328,272.8376
0.637835056,133.6072,4.894904152,272.6982
0.637835056,132.0731,4.883355557,272.4197
0.637835056,129.0541,4.860231696,271.8636
0.637835056,123.2085,4.813878042,270.755
0.637835056,112.2513,4.720740108,268.5522
0.637835056,93.01056,4.532713035,264.2043
0.637835056,76.79523,4.341142529,259.9074
0.637835056,63.03221,4.143645866,255.6138
0.637835056,51.41378,3.93990623,251.3243
0.637835056,41.65981,3.729536875,247.0392
0.637835056,33.51953,3.512128254,242.7584
0.637835056,26.76906,3.287246743,238.4819
0.637835056,21.20918,3.054434107,234.2099
0.637835056,16.66317,2.813200895,229.9424
0.637835056,12.97504,2.563027512,225.6796
0.930837318,2835.926,7.950123794,295.5391
0.930837318,2766.936,7.92549585,295.4142
0.930837318,2697.945,7.900245651,295.2872
0.930837318,2629.041,7.87437442,295.1583
0.930837318,2560.224,7.847850034,295.0273
0.930837318,2491.499,7.820639816,294.8941
0.930837318,2422.87,7.792708067,294.7585
0.930837318,2354.344,7.764017411,294.6205
0.930837318,2285.924,7.734525598,294.4798
0.930837318,2217.616,7.704188024,294.3362
0.930837318,2149.428,7.672957039,294.1897
0.930837318,2081.364,7.640778727,294.0399
0.930837318,2013.434,7.607597001,293.8866
0.930837318,1945.644,7.573348307,293.7295
0.930837318,1878.003,7.537964257,293.5683
0.930837318,1869.432,7.53338992,293.5475
0.930837318,1865.01,7.531021694,293.5368
0.930837318,1864.456,7.530724601,293.5354
0.930837318,1863.901,7.530426882,293.5341
0.930837318,1862.233,7.529531584,293.5318
0.930837318,1861.123,7.528935348,293.5297
0.930837318,1858.796,7.527684245,293.5254
0.930837318,1853.965,7.525081868,293.5163
0.930837318,1843.762,7.519563329,293.497
0.930837318,1821.973,7.507675259,293.455
0.930837318,1775.835,7.482026014,293.3628
0.930837318,1680.843,7.427050732,293.1576
0.930837318,1593.553,7.373721393,292.9486
0.930837318,1513.742,7.32234001,292.7376
0.930837318,1436.832,7.270195969,292.514
0.930837318,1361.313,7.216204954,292.2725
0.930837318,1286.576,7.159739705,292.0092
0.930837318,1221.505,7.107838984,291.7577
0.930837318,1156.327,7.053003881,291.4826
0.930837318,1091.525,6.99533108,291.183
0.930837318,1027.11,6.934504312,290.8562
0.930837318,963.1222,6.870180299,290.499
0.930837318,899.6057,6.801956556,290.1077
0.930837318,836.6125,6.729361,289.678
0.930837318,774.2026,6.651833596,289.205
0.930837318,712.4466,6.568704962,288.6826
0.930837318,651.4279,6.479166723,288.1035
0.930837318,591.2459,6.382232005,287.4593
0.930837318,532.0199,6.276680895,286.7391
0.930837318,473.8947,6.160985145,285.93
0.930837318,417.0475,6.033200124,285.0154
0.930837318,361.6978,5.890809057,283.9748
0.930837318,308.12,5.730489317,282.7814
0.930837318,256.6606,5.54775459,281.4006
0.930837318,207.7619,5.336392712,279.7867
0.930837318,161.9916,5.087544482,277.8783
0.930837318,120.0784,4.788144863,275.5923
0.930837318,99.79992,4.603167382,274.1953
0.930837318,88.68168,4.485053329,273.3122
0.930837318,85.70551,4.450917118,273.0584
0.930837318,84.90896,4.441579624,272.9892
0.930837318,84.90896,4.441579624,272.9892
0.930837318,84.29445,4.434316027,272.8226
0.930837318,84.04152,4.431310962,272.7529
0.930837318,83.53792,4.425300661,272.6135
0.930837318,82.5392,4.413273332,272.335
0.930837318,80.57526,4.389191655,271.7789
0.930837318,76.77818,4.340920485,270.6701
0.930837318,69.68197,4.243941604,268.4668
0.930837318,57.2944,4.048202888,264.1168
0.930837318,46.93916,3.848852295,259.8177
0.930837318,38.22238,3.643421208,255.5224
0.930837318,30.92485,3.431560068,251.2317
0.930837318,24.84981,3.212850107,246.9456
0.930837318,19.82313,2.986849438,242.6642
0.930837318,15.69107,2.753091761,238.3875
0.960716115,2556.825,7.846521533,294.0537
0.960716115,2488.199,7.819314435,293.9356
0.960716115,2419.573,7.791346357,293.8156
0.960716115,2351.052,7.762618167,293.6938
0.960716115,2282.637,7.733086633,293.57
0.960716115,2214.335,7.702707412,293.4442
0.960716115,2146.152,7.67143175,293.3162
0.960716115,2078.095,7.639206888,293.1859
0.960716115,2010.171,7.605975072,293.053
0.960716115,1942.388,7.571673423,292.9175
0.960716115,1874.755,7.536233263,292.7791
0.960716115,1807.28,7.499578232,292.6374
0.960716115,1739.975,7.461626024,292.4924
0.960716115,1672.85,7.422284038,292.3434
0.960716115,1605.918,7.381450835,292.1903
0.960716115,1539.193,7.339013532,292.0324
0.960716115,1530.719,7.333492839,292.0119
0.960716115,1526.321,7.330615544,292.0013
0.960716115,1525.217,7.329891974,291.9986
0.960716115,1524.664,7.329529337,291.9973
0.960716115,1524.664,7.329529337,291.9973
0.960716115,1522.452,7.328077472,291.9916
0.960716115,1521.347,7.327351406,291.9887
0.960716115,1519.111,7.325880574,291.9829
0.960716115,1514.599,7.322905996,291.9712
0.960716115,1505.418,7.316825879,291.9471
0.960716115,1486.511,7.304187042,291.8966
0.960716115,1447.007,7.277252564,291.7876
0.960716115,1363.821,7.218045598,291.5409
0.960716115,1282.732,7.156747457,291.2755
0.960716115,1205.656,7.094779096,290.9972
0.960716115,1130.614,7.030516127,290.6984
0.960716115,1056.669,6.962876786,290.373
0.960716115,992.9783,6.900708811,290.0645
0.960716115,929.2071,6.834331642,289.7253
0.960716115,865.9643,6.763843684,289.3543
0.960716115,803.2738,6.688695627,288.9471
0.960716115,741.2028,6.608274272,288.4983
0.960716115,679.8285,6.52184056,288.0015
0.960716115,619.2422,6.428496472,287.4489
0.960716115,559.5534,6.327138966,286.8311
0.960716115,500.8941,6.216394701,286.1364
0.960716115,443.4256,6.094530031,285.3502
0.960716115,387.3461,5.959318609,284.4541
0.960716115,332.9024,5.807849354,283.425
0.960716115,280.405,5.636234987,282.2324
0.960716115,230.2482,5.439157858,280.837
0.960716115,182.9367,5.209140191,279.1861
0.960716115,139.1197,4.935334714,277.2089
0.960716115,99.6263,4.601426186,274.8087
0.960716115,80.77387,4.391653522,273.3201
0.960716115,78.05951,4.357471485,273.0795
0.960716115,76.52863,4.337664919,272.9404
0.960716115,76.52863,4.337664919,272.9404
0.960716115,75.85569,4.328832719,272.7776
0.960716115,75.62236,4.325752007,272.7072
0.960716115,75.16217,4.319648046,272.5678
0.960716115,74.2497,4.307433737,272.2893
0.960716115,72.45591,4.282978239,271.7331
0.960716115,68.98975,4.233957943,270.6242
0.960716115,62.51936,4.135476269,268.4204
0.960716115,51.24978,3.936711325,264.0688
0.960716115,41.8592,3.734311606,259.7677
0.960716115,33.98049,3.525786536,255.4706
0.960716115,27.40626,3.310771454,251.1784
0.960716115,21.95144,3.088832741,246.8911
0.960716115,17.45304,2.859513846,242.6086
0.960716115,13.76781,2.622333259,238.331
0.634030725,2387.941,7.778186767,292.8672
0.634030725,2319.575,7.749139258,292.7153
0.634030725,2251.209,7.719222684,292.5594
0.634030725,2182.961,7.688437491,292.3994
0.634030725,2114.835,7.656732074,292.235
0.634030725,2046.838,7.624051442,292.0655
0.634030725,1978.978,7.590335829,291.8905
0.634030725,1911.262,7.555519036,291.7093
0.634030725,1843.701,7.519530243,291.5212
0.634030725,1776.303,7.482289517,291.3253
0.634030725,1709.079,7.443709908,291.1207
0.634030725,1642.041,7.403695259,290.9062
0.634030725,1575.203,7.362139432,290.6806
0.634030725,1508.578,7.318922764,290.4426
0.634030725,1442.183,7.273913217,290.1905
0.634030725,1376.036,7.226962181,289.9226
0.634030725,1310.156,7.177901493,289.6369
0.634030725,1244.566,7.126542154,289.3312
0.634030725,1211.489,7.099605461,289.1681
0.634030725,1194.457,7.085446968,289.0816
0.634030725,1185.808,7.078179678,289.0369
0.634030725,1181.448,7.074496084,289.0143
0.634030725,1180.352,7.073567978,289.0086
0.634030725,1179.803,7.073102754,289.0057
0.634030725,1179.803,7.073102754,289.0057
0.634030725,1177.605,7.071237994,288.9943
0.634030725,1176.508,7.070306008,288.9885
0.634030725,1174.313,7.068438575,288.9771
0.634030725,1169.931,7.064700052,288.9541
0.634030725,1161.201,7.057210093,288.908
0.634030725,1143.873,7.042175152,288.8148
0.634030725,1109.745,7.011885538,288.6251
0.634030725,1043.584,6.950416222,288.2319
0.634030725,979.5717,6.887115435,287.8158
0.634030725,915.9239,6.819933283,287.3624
0.634030725,852.7908,6.748514265,286.8677
0.634030725,790.2243,6.672316829,286.3266
0.634030725,728.2924,6.590702616,285.7328
0.634030725,667.075,6.502902483,285.0791
0.634030725,606.6668,6.407979711,284.3567
0.634030725,547.1817,6.304780923,283.555
0.634030725,488.7574,6.191866252,282.661
0.634030725,431.5618,6.067410722,281.6584
0.634030725,375.8025,5.929063739,280.5272
0.634030725,321.7382,5.773738171,279.2412
0.634030725,269.695,5.597291691,277.7669
0.634030725,220.0878,5.394026558,276.0601
0.634030725,173.4488,5.155882455,274.0617
0.634030725,161.5285,5.084681598,273.4664
0.634030725,154.6272,5.041017059,273.102
0.634030725,152.8456,5.029428262,273.0055
0.634030725,152.387,5.026423338,272.9804
0.634030725,152.387,5.026423338,272.9804
0.634030725,151.4856,5.020490571,272.8382
0.634030725,151.0453,5.017579792,272.7686
0.634030725,150.1684,5.011757331,272.6292
0.634030725,148.4289,5.000106056,272.3507
0.634030725,145.0061,4.976775811,271.7946
0.634030725,138.3809,4.930010028,270.686
0.634030725,125.971,4.836051722,268.4832
0.634030725,104.2089,4.646397538,264.1354
0.634030725,85.90245,4.45321235,259.8385
0.634030725,70.39346,4.254100361,255.5447
0.634030725,57.32578,4.048750435,251.2552
0.634030725,46.37593,3.836780575,246.9699
0.634030725,37.25499,3.617785896,242.6889
0.634030725,29.70566,3.3913376,238.4123
0.634030725,23.49956,3.156981698,234.14
0.634030725,18.43469,2.914234216,229.8724
0.634030725,14.33322,2.66257992,225.6094
0.608103658,2403.957,7.784871409,293.0597
0.608103658,2335.565,7.756009111,292.905
0.608103658,2267.172,7.726288519,292.7463
0.608103658,2198.897,7.69571115,292.5832
0.608103658,2130.742,7.664225555,292.4155
0.608103658,2062.714,7.63177787,292.2426
0.608103658,1994.821,7.598309601,292.064
0.608103658,1927.071,7.563756513,291.8791
0.608103658,1859.473,7.528048393,291.687
0.608103658,1792.036,7.491107683,291.487
0.608103658,1724.77,7.452848987,291.2782
0.608103658,1657.688,7.413179139,291.0594
0.608103658,1590.802,7.371993571,290.8296
0.608103658,1524.126,7.32917641,290.5872
0.608103658,1457.676,7.284598666,290.3309
0.608103658,1391.469,7.238115303,290.0589
0.608103658,1325.524,7.189563132,289.7694
0.608103658,1259.864,7.138759058,289.4602
0.608103658,1194.513,7.08549385,289.129
0.608103658,1129.498,7.029528565,288.773
0.608103658,1127.42,7.027687115,288.7611
0.608103658,1127.42,7.027687115,288.7611
0.608103658,1125.228,7.025740961,288.7487
0.608103658,1124.132,7.024766461,288.7424
0.608103658,1121.94,7.022814609,288.7299
0.608103658,1117.565,7.01890749,288.7048
0.608103658,1108.85,7.011078721,288.6543
0.608103658,1091.557,6.995360396,288.5525
0.608103658,1057.524,6.963685606,288.3452
0.608103658,991.6428,6.899362962,287.9157
0.608103658,928.0056,6.833037767,287.4616
0.608103658,864.7653,6.762458141,286.9663
0.608103658,802.0863,6.687216208,286.4255
0.608103658,740.0279,6.606687888,285.8332
0.608103658,678.6676,6.520131464,285.1823
0.608103658,618.0973,6.426645888,284.4643
0.608103658,558.4268,6.325123545,283.6691
0.608103658,499.7886,6.214185209,282.784
0.608103658,442.3445,6.09208899,281.7937
0.608103658,386.2936,5.956597702,280.6785
0.608103658,331.8839,5.804785209,279.4139
0.608103658,279.4271,5.632741436,277.9678
0.608103658,229.3193,5.435115356,276.2982
0.608103658,182.0678,5.204379145,274.3491
0.608103658,158.6961,5.066991053,273.1935
0.608103658,157.0421,5.056513922,273.1056
0.608103658,156.1214,5.05063391,273.0563
0.608103658,155.659,5.047667717,273.0314
0.608103658,155.659,5.047667717,273.0314
0.608103658,154.6269,5.041015118,272.8932
0.608103658,154.1687,5.038047457,272.822
0.608103658,153.2751,5.032234346,272.6827
0.608103658,151.5023,5.020600806,272.4042
0.608103658,148.0142,4.997308215,271.8481
0.608103658,141.262,4.950616322,270.7395
0.608103658,128.613,4.856807895,268.5369
0.608103658,106.427,4.667459304,264.1894
0.608103658,87.75824,4.474585761,259.893
0.608103658,71.93723,4.275793933,255.5997
0.608103658,58.6024,4.070775651,251.3107
0.608103658,47.42514,3.859152468,247.0258
0.608103658,38.11175,3.640522634,242.7452
0.608103658,30.40052,3.414459714,238.4689
0.608103658,24.05909,3.180512888,234.197
0.608103658,18.88185,2.938201143,229.9296
0.608103658,14.6877,2.687010409,225.6669
0.680532885,2880.152,7.96559835,295.1992
0.680532885,2811.11,7.941334702,295.0722
0.680532885,2742.068,7.916467659,294.9433
0.680532885,2673.109,7.890997493,294.8126
0.680532885,2604.236,7.864894629,294.6799
0.680532885,2535.451,7.838126809,294.5452
0.680532885,2466.761,7.810661233,294.4082
0.680532885,2398.168,7.782460392,294.2688
0.680532885,2329.679,7.753485769,294.1269
0.680532885,2261.299,7.723694706,293.9821
0.680532885,2193.034,7.693041252,293.8342
0.680532885,2124.89,7.661475315,293.6828
0.680532885,2056.873,7.628942147,293.5276
0.680532885,1988.993,7.595383759,293.3681
0.680532885,1921.255,7.560733897,293.2037
0.680532885,1853.67,7.524922737,293.0337
0.680532885,1819.646,7.506397256,292.9456
0.680532885,1802.272,7.49680337,292.8999
0.680532885,1801.722,7.496498153,292.8985
0.680532885,1801.722,7.496498153,292.8985
0.680532885,1799.501,7.495264683,292.8931
0.680532885,1798.392,7.494648211,292.8904
0.680532885,1796.173,7.493413569,292.885
0.680532885,1791.74,7.490942494,292.8742
0.680532885,1782.898,7.485995409,292.8524
0.680532885,1765.3,7.476075927,292.8087
0.680532885,1730.458,7.456141392,292.7197
0.680532885,1662.176,7.415882866,292.536
0.680532885,1595.32,7.374829622,292.343
0.680532885,1528.628,7.33212588,292.136
0.680532885,1462.162,7.287671441,291.9137
0.680532885,1395.938,7.24132187,291.6745
0.680532885,1329.975,7.192915424,291.4167
0.680532885,1264.295,7.142269934,291.1383
0.680532885,1198.922,7.089178099,290.8373
0.680532885,1133.883,7.033403304,290.5111
0.680532885,1069.21,6.974675337,290.1572
0.680532885,1004.938,6.912681127,289.7723
0.680532885,941.1079,6.847057798,289.353
0.680532885,877.7661,6.777380157,288.8951
0.680532885,814.9673,6.70314799,288.3939
0.680532885,752.7749,6.623766246,287.8437
0.680532885,691.2636,6.538521227,287.2378
0.680532885,630.522,6.446548048,286.5683
0.680532885,570.6558,6.346786226,285.8255
0.680532885,511.7925,6.237919269,284.9976
0.680532885,454.0872,6.11828925,284.07
0.680532885,397.7304,5.985774389,283.0243
0.680532885,342.959,5.837610906,281.8372
0.680532885,290.0701,5.670122618,280.4788
0.680532885,239.4403,5.478304116,278.9098
0.680532885,191.5515,5.255156702,277.078
0.680532885,147.0229,4.990588357,274.9134
0.680532885,125.2184,4.830059413,273.6108
0.680532885,119.0972,4.779939966,273.2065
0.680532885,117.4089,4.765662714,273.0916
0.680532885,116.9735,4.761947413,273.0617
0.680532885,116.9735,4.761947413,273.0617
0.680532885,116.0539,4.754054738,272.9093
0.680532885,115.7039,4.751034341,272.8384
0.680532885,115.0195,4.745101679,272.699
0.680532885,113.6621,4.733230012,272.4205
0.680532885,110.9925,4.709462631,271.8644
0.680532885,105.829,4.661824584,270.7557
0.680532885,96.17183,4.566136487,268.5528
0.680532885,79.28732,4.373078217,264.2045
0.680532885,65.1398,4.17653573,259.9072
0.680532885,53.20036,3.974065163,255.6133
0.680532885,43.17834,3.765338981,251.3237
0.680532885,34.81191,3.54995957,247.0386
0.680532885,27.86878,3.327507066,242.7578
0.680532885,22.14336,3.097537677,238.4815
0.680532885,17.45426,2.859583745,234.2097
0.680532885,13.64192,2.613147405,229.9426
0.627548258,2434.909,7.797664663,292.7317
0.627548258,2366.467,7.769153405,292.584
0.627548258,2298.025,7.739805337,292.4328
0.627548258,2229.697,7.709620981,292.278
0.627548258,2161.487,7.67855169,292.119
0.627548258,2093.401,7.646545295,291.9557
0.627548258,2025.446,7.613545202,291.7873
0.627548258,1957.631,7.579490348,291.6135
0.627548258,1889.963,7.544312531,291.4334
0.627548258,1822.451,7.507937577,291.2463
0.627548258,1755.107,7.470285103,291.0513
0.627548258,1687.941,7.431264722,290.8475
0.627548258,1620.964,7.390776313,290.6337
0.627548258,1554.192,7.348711075,290.4086
0.627548258,1487.638,7.304944906,290.1707
0.627548258,1421.319,7.259340593,289.9184
0.627548258,1355.253,7.211743432,289.6498
0.627548258,1289.462,7.161980356,289.363
0.627548258,1256.288,7.13591662,289.2102
0.627548258,1239.221,7.122238235,289.1293
0.627548258,1237.049,7.120483984,289.1189
0.627548258,1235.951,7.119595993,289.1136
0.627548258,1235.401,7.119150893,289.1109
0.627548258,1235.401,7.119150893,289.1109
0.627548258,1233.2,7.117367696,289.1004
0.627548258,1232.101,7.116476121,289.0951
0.627548258,1229.903,7.114690583,289.0846
0.627548258,1225.515,7.111116443,289.0634
0.627548258,1216.77,7.103955086,289.0209
0.627548258,1199.407,7.089582547,288.9351
0.627548258,1165.187,7.060636868,288.7603
0.627548258,1098.754,7.001932089,288.3981
0.627548258,1034.377,6.941554592,288.0149
0.627548258,970.3336,6.87763993,287.598
0.627548258,906.7617,6.809879681,287.1439
0.627548258,843.7064,6.737804567,286.648
0.627548258,781.2272,6.660866017,286.1051
0.627548258,719.3934,6.578408357,285.5087
0.627548258,658.2867,6.489640551,284.8513
0.627548258,598.0045,6.393598279,284.1241
0.627548258,538.6637,6.289091443,283.316
0.627548258,480.4058,6.174631163,282.4136
0.627548258,423.404,6.048326806,281.4003
0.627548258,367.8724,5.907736139,280.2551
0.627548258,314.0784,5.749642636,278.951
0.627548258,262.3594,5.569715319,277.4531
0.627548258,213.1454,5.361974562,275.7152
0.627548258,166.9881,5.117922552,273.6755
0.627548258,155.1996,5.04471203,273.0661
0.627548258,154.3274,5.03907632,273.0193
0.627548258,153.8659,5.036081444,272.9944
0.627548258,153.8659,5.036081444,272.9944
0.627548258,152.7767,5.028977378,272.858
0.627548258,152.3148,5.025949432,272.786
0.627548258,151.424,5.020083849,272.6467
0.627548258,149.6568,5.008344673,272.3682
0.627548258,146.1804,4.984841475,271.812
0.627548258,139.4535,4.937731212,270.7034
0.627548258,126.8607,4.843089634,268.5007
0.627548258,104.8047,4.652098618,264.1528
0.627548258,86.28077,4.457606746,259.8558
0.627548258,70.61237,4.257205342,255.562
0.627548258,57.43093,4.050583008,251.2724
0.627548258,46.4027,3.837357647,246.9871
0.627548258,37.23034,3.61712402,242.7061
0.627548258,29.64974,3.389453356,238.4294
0.627548258,23.42705,3.153891338,234.1572
0.627548258,18.35596,2.909954317,229.8895
0.627548258,14.25528,2.657127364,225.6265
0.63687582,2697.33,7.900017674,294.2997
0.63687582,2628.512,7.874173186,294.1647
0.63687582,2559.693,7.847642608,294.0272
0.63687582,2490.969,7.82042707,293.8872
0.63687582,2422.341,7.792489707,293.7446
0.63687582,2353.815,7.763792695,293.5989
0.63687582,2285.396,7.734294592,293.4501
0.63687582,2217.09,7.703950804,293.2977
0.63687582,2148.902,7.672712293,293.1415
0.63687582,2080.84,7.640526937,292.9808
0.63687582,2012.91,7.607336715,292.8153
0.63687582,1945.121,7.573079465,292.6444
0.63687582,1877.482,7.537686796,292.4673
0.63687582,1810,7.501082124,292.2832
0.63687582,1742.688,7.463184028,292.0913
0.63687582,1675.556,7.423900329,291.8905
0.63687582,1608.616,7.383129461,291.6796
0.63687582,1574.896,7.361944517,291.5689
0.63687582,1557.63,7.350920714,291.511
0.63687582,1548.889,7.345293179,291.4813
0.63687582,1546.688,7.34387115,291.4738
0.63687582,1546.136,7.343514194,291.4719
0.63687582,1546.136,7.343514194,291.4719
0.63687582,1543.922,7.342081211,291.4645
0.63687582,1542.817,7.341365245,291.4608
0.63687582,1540.605,7.339930475,291.4534
0.63687582,1536.189,7.337059953,291.4387
0.63687582,1527.381,7.331309783,291.409
0.63687582,1509.869,7.319778171,291.3492
0.63687582,1475.254,7.296585457,291.2275
0.63687582,1407.645,7.249673374,290.9759
0.63687582,1341.691,7.201686038,290.7111
0.63687582,1275.957,7.151451764,290.4257
0.63687582,1210.527,7.098811081,290.1178
0.63687582,1145.427,7.043532772,289.7851
0.63687582,1080.686,6.985351304,289.4247
0.63687582,1016.34,6.923963218,289.0336
0.63687582,952.4281,6.859014619,288.6083
0.63687582,888.9956,6.790092286,288.1447
0.63687582,826.0958,6.716710747,287.638
0.63687582,763.7904,6.638293406,287.0828
0.63687582,702.152,6.554149905,286.4724
0.63687582,641.2663,6.463444815,285.7991
0.63687582,581.2358,6.365156526,285.0535
0.63687582,522.1836,6.25801925,284.224
0.63687582,464.2595,6.140443663,283.2964
0.63687582,407.647,6.010401604,282.2532
0.63687582,352.5738,5.865259962,281.0718
0.63687582,299.325,5.70152994,279.7235
0.63687582,248.2615,5.514482626,278.1707
0.63687582,199.8443,5.297538563,276.3638
0.63687582,154.6655,5.04126472,274.2357
0.63687582,143.146,4.963865088,273.5967
0.63687582,136.4288,4.915802867,273.2011
0.63687582,134.6926,4.902995145,273.0958
0.63687582,133.7984,4.896334189,273.0411
0.63687582,133.7819,4.896210862,273.0401
0.63687582,132.9722,4.890140084,272.8926
0.63687582,132.5813,4.887196042,272.8231
0.63687582,131.8016,4.881297762,272.6837
0.63687582,130.255,4.869494068,272.4052
0.63687582,127.2128,4.845861275,271.8491
0.63687582,121.3275,4.798493501,270.7405
0.63687582,110.3158,4.703347162,268.5377
0.63687582,91.04729,4.511379042,264.1898
0.63687582,74.88401,4.315940383,259.8929
0.63687582,61.22785,4.114602151,255.5993
0.63687582,49.7517,3.907044634,251.31
0.63687582,40.16027,3.692878198,247.0251
0.63687582,32.19113,3.471690949,242.7444
0.63687582,25.61161,3.243045764,238.4681
0.63687582,20.21618,3.006483274,234.1963
0.63687582,15.82376,2.761512608,229.9291
