Specific Gravity,Pressure (psia),LOG P,Hydrate Temperature (K),LOWESS_Predicted,Residual,Outlier
0.761791681,2698.844664,7.900579058,296.8420285,295.9341867082273,0.9078417917727393,False
0.668342084,2276.003169,7.730176188,294.1507088,294.39207545672605,0.2413666567260293,False
0.611411069,2144.791765,7.670797747,292.6519191,294.11644090265713,1.4645218026571456,False
0.5900522,1573.007113,7.360744425,290.3769707,292.31589788399447,1.9389271839944513,False
0.603406533,632.7705679,6.450107904,285.0285149,286.2446608055948,1.2161459055947716,False
0.514437213,199.7824817,5.297229183,275.1841583,277.61789576991475,2.4337374699147745,False
0.735665349,1002.577051,6.910329015,290.4708705,289.6726564693136,0.7982140306863812,False
0.968179905,723.3359115,6.583873722,291.9285874,287.19631713615973,4.732270263840292,False
0.965323108,2110.623859,7.654738851,298.5288605,294.08471105475945,4.444149445240555,False
0.992720055,1178.117565,7.07167316,295.3589734,290.3065990343508,5.0523743656492,False
0.956429431,1353.48346,7.210436889,295.730305,291.66190464838354,4.068400351616447,False
0.56881525,2216.208566,7.703553162,291.907288,294.24505677996154,2.33776877996155,False
0.548802623,1664.825427,7.417475548,289.7822863,292.8593239832487,3.0770376832487045,False
0.752720276,665.4814529,6.500510768,288.1575139,286.56450973360126,1.5930041663987708,False
0.516292885,1661.983518,7.415767058,288.99061,292.83782141771496,3.8472114177149592,False
0.812707552,513.8424097,6.241916623,287.4317645,284.3162877885527,3.115476711447286,False
0.751715438,2234.685604,7.711855828,295.5776988,294.28543048317124,1.2922683168287676,False
0.91781027,2060.320293,7.630616732,297.7207055,294.02134286998694,3.69936263001307,False
0.986505253,2040.855929,7.621124572,298.6164112,293.99919727310595,4.617213926894067,False
0.502678717,1709.695681,7.444070669,288.8149485,293.13284503258706,4.317896532587042,False
0.901829596,1323.330579,7.187907004,294.8242592,291.45690449633037,3.367354703669605,False
0.793655765,1271.455965,7.147917952,292.918192,291.00776496145966,1.9104270385403197,False
0.674274465,1754.616133,7.470005384,292.7447028,293.46386672430543,0.7191639243054055,False
0.680063051,2101.322872,7.650322364,293.9135458,294.076173786647,0.16262798664700995,False
0.551995609,877.8180685,6.777439361,285.9804193,288.7407061628986,2.7602868628986243,False
0.81203386,2618.061952,7.87018961,297.5069158,295.65257093715513,1.8543448628448687,False
0.55155134,1880.9261,7.539519541,290.5608806,293.6594221026525,3.0985415026524947,False
0.770938541,2454.942082,7.805858448,296.4534634,294.9727730702139,1.4806903297860572,False
0.777110359,921.8189431,6.82634883,290.6488238,289.0986479270522,1.5501758729478183,False
0.705873912,357.9157724,5.880297686,283.2020925,281.14687624740264,2.055216252597347,False
0.798903657,290.1757709,5.670486846,283.2891641,279.82516401869634,3.4640000813036522,False
0.526823918,1431.142592,7.26622842,288.3645942,291.93792946989186,3.5733352698918566,False
0.909424209,231.9521946,5.446531293,283.3045243,278.61666704017614,4.687857259823886,False
0.912780882,217.6432938,5.382857456,282.8848146,278.29272219845745,4.592092401542573,False
0.812181748,806.666492,6.692910314,290.3692526,288.06282395217903,2.306428647820951,False
0.766024567,245.0612121,5.501508025,281.5589022,278.9143345007217,2.644567699278298,False
0.75471225,576.7925001,6.357482583,287.2567069,285.4339291008887,1.822777799111293,False
0.605282654,484.1903391,6.182478092,283.3168131,283.7090958986859,0.3922827986859261,False
0.69505707,1560.249737,7.352601175,292.4395512,292.255589322313,0.18396187768695427,False
0.841889372,974.7595161,6.88219079,292.0321467,289.52727475922217,2.504871940777832,False
0.880672628,664.1626963,6.498527144,290.1525069,286.5512950877228,3.6012118122771994,False
0.712904494,1264.68562,7.142578849,291.4986849,290.9515448928201,0.5471400071799053,False
0.959829353,1473.400577,7.295328326,296.2961947,291.97809684207283,4.318097857927171,False
0.595081541,842.4644762,6.736331497,286.6751008,288.44506068355616,1.7699598835561687,False
0.891746503,1308.437502,7.176588958,294.6082052,291.3339005220945,3.2743046779054907,False
0.83886644,674.8383712,6.514473212,289.6328945,286.6610322589184,2.971862241081624,False
0.713989683,1655.22639,7.41169307,293.14026,292.78822104332335,0.3520389566766653,False
0.852177879,1590.17909,7.371601924,295.2022336,292.3943858998583,2.8078477001416786,False
0.675633722,235.9061602,5.4634341,279.7266309,278.7063572692748,1.0202736307251712,False
0.628305977,202.9846035,5.313130131,277.7446158,277.7794472025447,0.03483140254468253,False
0.733264764,1462.527844,7.287921618,292.743778,291.97788801737676,0.7658899826232641,False
0.560726878,2162.604497,7.67906856,291.5815483,294.142398079501,2.560849779500984,False
0.548453142,1904.593465,7.552023861,290.5612635,293.74036487451576,3.179101374515767,False
0.698242588,1050.558409,6.95707712,290.0911243,289.8797458766728,0.21137842332717582,False
0.726457728,2232.661678,7.71094973,295.1259346,294.28090536711466,0.8450292328853379,False
0.748008816,782.5201161,6.66251963,289.1202037,287.80524668800473,1.3149570119952614,False
0.903291116,677.0104414,6.517686696,290.6033657,286.6825921283463,3.920773571653683,False
0.825237738,1977.115887,7.589394439,296.0809574,293.8965117300443,2.1844456699556645,False
0.505808721,2440.057153,7.799776741,290.9437835,294.91188484866996,3.9681013486699612,False
0.536739914,2595.550107,7.86155376,292.0592903,295.56617421313655,3.506883913136562,False
0.622270889,981.0003616,6.888572828,288.193221,289.5641464159255,1.3709254159255124,False
0.803184426,1168.536108,7.063507055,292.5536357,290.2664331514284,2.2872025485715994,False
0.898438356,590.1772477,6.380422912,289.632113,285.6567775290274,3.9753354709725954,False
0.516960722,2123.074049,7.660620341,290.4293506,294.09441220865386,3.6650616086538435,False
0.51723191,291.7915246,5.67603959,277.9321333,279.8574726228201,1.9253393228201503,False
0.737419173,1396.865936,7.241986389,292.5394097,291.82482454369614,0.7145851563038832,False
0.901634712,753.7318618,6.625036684,291.277089,287.51318104186237,3.7639079581376222,False
0.88392244,791.2366175,6.67359706,291.3344187,287.89630468260356,3.438114017396458,False
0.696893402,2580.095605,7.855581733,295.4178609,295.50385843539806,0.08599753539806443,False
0.622182699,2254.860589,7.720843427,293.1672479,294.33434287147355,1.1670949714735457,False
0.99039782,1409.687323,7.251123202,296.4369714,291.8728876684936,4.5640837315064005,False
0.591168591,979.3075195,6.886845709,287.5296598,289.55548312799175,2.025823327991759,False
0.635055047,1433.053315,7.267562632,290.7656773,291.9421966410765,1.1765193410765278,False
0.714290493,1395.040394,7.24067865,292.1194505,291.8190126576579,0.30043784234214854,False
0.93066738,1612.376568,7.385464499,296.4387052,292.499688950313,3.939016249687029,False
0.502067773,2277.855616,7.73098976,290.4568441,294.39727865341047,3.940434553410455,False
0.633128842,2506.190585,7.826519184,294.0006034,295.19089509886436,1.190291698864371,False
0.644962724,463.5232601,6.138856567,283.8230456,283.2803577285014,0.5426878714986287,False
0.898563339,2306.816839,7.743623861,298.1059154,294.48332592965903,3.6225894703409836,False
0.846415735,1489.523215,7.306211358,294.718733,291.99295712665537,2.7257758733446167,False
0.701215948,2057.44211,7.629218796,294.1888539,294.0177934817415,0.17106041825854845,False
0.554389572,280.8691509,5.637888906,278.520359,279.6344018529184,1.1140428529184305,False
0.76384963,579.2354741,6.361709086,287.4374719,285.4737750644918,1.9636968355081876,False
0.982763702,2681.0264,7.893954985,300.1666609,295.8727730197685,4.293887880231523,False
0.995781523,1048.294674,6.954920003,294.6681079,289.86979907910643,4.798308820893567,False
0.5876808,1152.970537,7.050096967,288.4571898,290.2044033901281,1.7472135901281263,False
0.515141681,2064.611694,7.632697446,290.2234047,294.0262891225627,3.80288442256267,False
0.620666656,758.2784929,6.631050723,286.5438251,287.55943313311275,1.0156080331127555,False
0.639076584,2371.619351,7.771328271,293.8056843,294.6897434211268,0.8840591211268247,False
0.918971722,1153.768221,7.050788579,294.2224655,290.2066295694584,4.015835930541584,False
0.771168909,1542.863659,7.341395487,293.7194346,292.16886581580496,1.5505687841950362,False
0.865002784,1337.969904,7.198908747,294.3484239,291.5678730143976,2.780550885602395,False
0.692067101,1683.434956,7.428591602,292.8366212,292.9834695062732,0.1468483062731707,False
0.535259746,835.7238255,6.728298206,285.2845992,288.37052038434757,3.085921184347569,False
0.609051128,2287.189095,7.735078873,292.97272,294.4240351100652,1.4513151100651953,False
0.881121701,548.6009126,6.307371242,288.8983204,284.9639691695545,3.934351230445486,False
0.780802926,888.8991344,6.789983769,290.4802227,288.82826296680935,1.6519597331906652,False
0.629269103,1473.911586,7.295675089,290.8164028,291.97834428863655,1.1619414886365576,False
0.50492985,283.0921131,5.645772333,277.4263195,279.67870227812693,2.2523827781269574,False
0.960892912,1966.43358,7.583976816,298.0486111,293.8745713470725,4.174039752927513,False
0.878235606,891.1523284,6.792515376,292.0111327,288.8458326008759,3.1653000991241242,False
0.98887927,1009.65076,6.917359768,294.3406842,289.7022543343574,4.638429865642593,False
0.99899004,766.8256497,6.642259461,292.7128499,287.6465908689918,5.066259031008201,False
0.701841545,2241.618806,7.714953565,294.6994965,294.30132976355736,0.3981667364426471,False
0.515304888,984.015202,6.891641346,285.8177301,289.58047240411986,3.762742304119854,False
0.914171575,478.2005839,6.170030276,288.4472251,283.5846731292614,4.86255197073865,False
0.751871351,496.708814,6.208003967,286.2182509,283.9675396287334,2.2507112712665958,False
0.80150802,2200.971257,7.696654022,296.3286523,294.21165162510636,2.1170006748936316,False
0.525518722,216.4849568,5.377521061,276.0219271,278.27010666634345,2.248179566343424,False
0.939894799,182.7341341,5.208032277,281.9533874,276.6680169569278,5.285370443072225,False
0.521383987,2404.947306,7.785283272,291.2519163,294.79195104434183,3.540034744341824,False
0.779930149,1601.00565,7.378387242,294.0884345,292.44323010204033,1.6452043979596738,False
0.585595443,2210.01182,7.700753143,292.2667889,294.2315609867958,1.96477208679579,False
0.901971992,203.8916819,5.317588882,282.2550809,277.82894264847874,4.426138251521252,False
0.721963782,1084.694073,6.989053266,290.7182384,290.0122309942166,0.7060074057833958,False
0.809655368,2111.642654,7.655221433,296.2186274,294.0850628749314,2.133564525068607,False
0.956965611,1784.783983,7.487052669,297.4159874,293.6147458192333,3.801241580766714,False
0.870579104,858.5566224,6.755252633,291.6609509,288.5887305042082,3.072220395791817,False
0.787688576,1436.621101,7.270049178,293.5641542,291.95281092635906,1.611343273640955,False
0.831376521,2314.91447,7.74712802,297.1033701,294.5094361472756,2.5939339527243988,False
0.993130728,941.9594597,6.847962237,293.9568267,289.26739595070285,4.689430749297173,False
0.863660985,199.4828751,5.295728394,281.5522437,277.60474774478547,3.947495955214549,False
0.928056857,1907.346359,7.553468214,297.4092082,293.7482440262322,3.660964173767809,False
0.640862483,1599.473776,7.377429964,291.5391492,292.4361173220978,0.8969681220978032,False
0.809192339,2295.202519,7.738576362,296.6983624,294.44782334580924,2.2505390541907673,False
0.952991913,1782.395921,7.485713761,297.3532272,293.60586195012723,3.7473652498727574,False
0.601326483,1469.552078,7.292712924,290.2150311,291.97744364657603,1.7624125465760585,False
0.55300381,2133.612927,7.665572032,291.324997,294.1058046323801,2.7808076323801174,False
0.502440994,2295.676461,7.738782833,290.5108511,294.4492707900026,3.938419690002547,False
0.67435937,1147.380972,7.045237208,290.1881022,290.18507071712946,0.003031482870540003,False
0.964387271,829.8120557,6.721199236,292.7657402,288.31608509842715,4.44965510157283,False
0.524648063,741.7583677,6.60902354,284.2825303,287.39104093229,3.108510632290006,False
0.774064479,716.2674923,6.57405369,288.9901708,287.119694959201,1.8704758407989743,False
0.957708671,2425.931867,7.793971005,299.242361,294.86251689107235,4.379844108927671,False
0.809202949,534.599056,6.281517038,287.6406412,284.7141170566563,2.926524143343727,False
0.704622205,1055.977465,6.962222124,290.239734,289.9007421043208,0.3389918956792144,False
0.515535327,2096.499111,7.648024143,290.3214498,294.0701135470393,3.748663747039302,False
0.779802159,1394.966294,7.240625532,293.2551582,291.81871202782264,1.436446172177341,False
0.888439784,2619.407951,7.870703598,298.695596,295.6579890703385,3.0376069296615356,False
0.90629093,1388.177547,7.235747049,295.1816812,291.7944286830498,3.387252516950241,False
0.849077831,2200.429323,7.696407767,297.0838818,294.21038069494665,2.8735011050533217,False
0.848248873,1628.023119,7.395121747,295.2834097,292.5906203590132,2.692789340986792,False
0.639429915,2593.669629,7.860828997,294.3254663,295.55787971014377,1.2324134101437494,False
0.865994616,2003.163108,7.602482764,296.7903566,293.9371602839575,2.8531963160424993,False
0.5305835,722.2952718,6.582434019,284.2557011,287.1851003475906,2.9293992475905952,False
0.932074794,2648.437768,7.881725224,299.3935945,295.7613557495904,3.6322387504096127,False
0.566838414,1231.257299,7.115791121,288.3955603,290.6900703329702,2.2945100329702086,False
0.592866111,393.8681977,5.97601633,281.6755156,281.92135592005627,0.24584032005628842,False
0.914028874,1225.748152,7.111306673,294.5275071,290.6445837095079,3.882923390492067,False
0.891949055,1186.453431,7.078723826,294.0075687,290.34961435632437,3.6579543436756126,False
0.910075367,1644.259325,7.405045303,296.26353,292.7046276423141,3.558902357685895,False
0.57765721,1712.762602,7.445862903,290.6070473,293.15344474103244,2.546397441032468,False
0.922966153,2125.757659,7.661883563,297.9790999,294.09799582017286,3.8811040798271392,False
0.836517533,2233.173367,7.711178887,296.9745241,294.28206073883496,2.6924633611650393,False
0.693036951,603.4416351,6.402649325,286.4709136,285.8736336692344,0.5972799307656373,False
0.544936547,2169.427093,7.682218399,291.2314939,294.1537104963272,2.922216596327246,False
0.91909133,2392.455732,7.78007562,298.6170177,294.7530022410717,3.864015458928293,False
0.812461556,2256.390606,7.721521739,296.6518523,294.33830002290375,2.313552277096221,False
0.731875549,1446.614386,7.276981199,292.6532475,291.9684474220037,0.6848000779963286,False
0.955188712,2660.255216,7.886177343,299.7439733,295.80226916214053,3.9417041378594604,False
0.981198394,1318.910658,7.184561416,295.9056686,291.4232315822319,4.48243701776812,False
0.979548531,1959.733408,7.580563727,298.2819021,293.8615902095642,4.420311890435812,False
0.689292552,1810.763477,7.501503846,293.2162105,293.64712393885566,0.4309134388556686,False
0.827629691,1629.402409,7.395968606,294.9672611,292.59938960014705,2.3678714998529244,False
0.564449512,2448.26108,7.803133288,292.3779888,294.9462497162232,2.568260916223153,False
0.630303797,1660.151955,7.414664416,291.5458578,292.8244148851544,1.2785570851543753,False
0.808598801,2545.135597,7.841939207,297.288191,295.36096095885205,1.9272300411479364,False
0.761446557,1978.637906,7.590163961,295.0337431,293.8991367467872,1.1346063532128028,False
0.695440123,2588.713824,7.858916438,295.4096889,295.5384177681966,0.12872886819661744,False
0.68997753,1692.279539,7.433831739,292.8285682,293.03377810835076,0.2052099083507528,False
0.513058646,950.1552904,6.856625435,285.5468584,289.33874841980895,3.791890019808932,False
0.992411131,1148.083145,7.045849,295.1938879,290.18780128491386,5.006086615086133,False
0.861463171,1738.191244,7.460600337,295.8780921,293.3379372290994,2.540154870900608,False
0.668010289,974.7836952,6.882215595,289.0592164,289.5274050394881,0.4681886394880621,False
0.704697908,366.3271129,5.903526685,283.3408769,281.3224731480748,2.0184037519252342,False
0.843891801,2507.177366,7.826912844,297.7635035,295.1952859906514,2.5682175093485853,False
0.826484873,992.4044613,6.900130747,291.9063656,289.62602768519866,2.2803379148013505,False
0.575904694,533.655499,6.279750498,283.3342939,284.69719962364917,1.3629057236491917,False
0.811677578,483.5827091,6.181222364,287.0092302,283.69620804880293,3.3130221511970603,False
0.745188327,677.4484596,6.518333475,288.1448423,286.687728336667,1.4571139633329722,False
0.721023247,595.274135,6.389022031,286.8838394,285.74343923046825,1.1404001695317447,False
0.97018332,188.7586143,5.240469026,282.5923084,277.02216610042433,5.57014229957565,False
0.891218118,1808.588961,7.500302241,296.5602224,293.64458813467513,2.9156342653248544,False
0.955614612,421.9658172,6.044924309,288.160812,282.47632579869247,5.68448620130755,False
0.786300649,380.9439128,5.942652154,284.9867982,281.6423278278825,3.3444703721174847,False
0.782445258,1972.799934,7.587209099,295.371562,293.8880354533344,1.483526546665587,False
0.990611256,2193.051615,7.693049284,299.0969,294.194179776168,4.902720223831977,False
0.945168229,1374.541654,7.225875612,295.6701146,291.7431363401844,3.9269782598155984,False
0.970837106,241.4989417,5.486865091,284.4188086,278.83343834534,5.585370254659949,False
0.525148425,767.6558476,6.643341518,284.5110381,287.6551977818774,3.1441596818773974,False
0.696267388,2239.892182,7.714183011,294.5911063,294.29735260015804,0.2937536998419432,False
0.56355167,173.9327407,5.158668677,275.2829576,276.0987680945315,0.8158104945315472,False
0.686054946,1875.303366,7.536525721,293.3614707,293.63509020114094,0.27361950114095634,False
0.783111804,1462.14456,7.287659514,293.5950478,291.97785313934,1.6171946606599477,False
0.885599683,1349.858268,7.207754879,294.7091406,291.64012203970856,3.069018560291454,False
0.711662557,1775.905925,7.482065952,293.5157619,293.59106942186924,0.07530752186926293,False
0.761529445,1225.090338,7.110769866,292.155828,290.6395161071012,1.5163118928987842,False
0.774743363,1146.77306,7.044707242,291.9714865,290.1827443855251,1.7887421144749283,False
0.948986678,1590.017299,7.371500175,296.6099342,292.39370091710447,4.21623328289553,False
0.817753748,760.5124966,6.633992544,290.0793295,287.5814982084061,2.4978312915938545,False
0.81232338,2085.425411,7.642728147,296.1884006,294.05573792343137,2.132662676568657,False
0.50482866,1151.749389,7.049037273,286.5183481,290.201121751975,3.682773651974969,False
0.846043287,758.0550599,6.630756021,290.4951806,287.55724133877106,2.937939261228962,False
0.587482766,1245.809312,7.127540648,288.9234266,290.8052527470562,1.881826147056188,False
0.557986125,826.1419753,6.716766642,285.7375005,288.2774068490908,2.5399063490908134,False
0.983670027,588.4808051,6.37754431,290.776414,285.62708734078967,5.149326659210317,False
0.902265813,1005.871655,6.913609763,293.1261242,289.68661736289124,3.439506837108752,False
0.853461506,2611.49214,7.867677038,298.1479124,295.62825017661186,2.5196622233881385,False
0.78657092,1796.365975,7.493521,294.8860206,293.64076859631626,1.2452520036837313,False
0.875098475,1469.241997,7.292501898,295.0702806,291.97741078434444,3.092869815655547,False
0.882759719,1699.070553,7.437836647,296.0614435,293.0700207630061,2.9914227369939113,False
0.549297887,2388.32049,7.778345674,291.8849949,294.7404809099845,2.8554860099845314,False
0.83211334,236.4523383,5.465746658,282.332787,278.7189014867257,3.6138855132742833,False
0.859449027,2261.0644,7.723590955,297.4026008,294.35067581270334,3.0519249872966725,False
0.841829636,2449.394891,7.80359629,297.5960973,294.95099059123424,2.645106708765752,False
0.747244787,1102.69462,7.005512118,291.2630659,290.0710636766705,1.1920022233294958,False
0.701569701,326.8050867,5.789363928,282.4968276,280.5388362656148,1.9579913343852127,False
0.50568535,1398.036728,7.242824194,287.7035379,291.82890456833996,4.12536666833995,False
0.736040407,586.6249964,6.374385768,287.0495739,285.59608827953684,1.453485620463141,False
0.573558551,818.6922796,6.707708286,286.0286939,288.1958016707621,2.1671077707620725,False
0.640874552,2044.559271,7.62293753,292.9837259,294.00430302628706,1.0205771262870371,False
0.774854428,714.4033792,6.57144776,288.9863975,287.09990650877177,1.8864909912282428,False
0.796266712,2513.76083,7.829535249,297.0145502,295.2247601212617,1.7897900787382923,False
0.90791256,269.7991654,5.59767785,284.3764018,279.41013647697054,4.966265323029461,False
0.683491911,361.036115,5.888977995,282.8583812,281.21046152155265,1.6479196784473515,False
0.745321972,200.6075962,5.301350742,279.7642961,277.6676621410116,2.096633958988434,False
0.624231291,2212.974394,7.702092769,293.101659,294.2379787128246,1.1363197128246156,False
0.545295558,297.2341281,5.694520138,278.7107914,279.9656482546857,1.25485685468567,False
0.850478577,2432.008579,7.796472771,297.6893053,294.8852070027765,2.8040982972235042,False
0.828295309,449.7758751,6.108749403,286.7776684,282.9997369800928,3.7779314199071905,False
0.656694855,766.7694411,6.642186158,287.3307599,287.6460064080708,0.3152465080707998,False
0.512096685,2501.672769,7.824714895,291.2442991,295.1705926845195,3.926293584519499,False
0.930408115,2083.085143,7.641605316,297.9652457,294.0526209345726,3.912624765427438,False
0.787678501,2687.063655,7.896204298,297.2559978,295.89402389303655,1.361973906963442,False
0.626313441,225.1031502,5.416558742,278.4539702,278.4625177294151,0.008547529415068311,False
0.830718133,1346.719803,7.205427139,293.8621641,291.6171994505949,2.2449646494050626,False
0.521524854,2405.106401,7.785349423,291.2557729,294.79249170072103,3.536718800721019,False
0.654388981,2570.062129,7.851685352,294.5744271,295.46359674772197,0.8891696477219853,False
0.890693292,2590.298923,7.859528562,298.6643828,295.54491539454483,3.1194674054551683,False
0.970934483,2418.999652,7.791109367,299.407226,294.8368745866245,4.570351413375477,False
0.625495169,1259.409658,7.138398365,289.7916729,290.9084539237119,1.1167810237118942,False
0.517117493,330.2280339,5.799783428,278.7820722,280.60518964299604,1.823117442996022,False
0.724895352,1789.571381,7.489731418,293.8004436,293.6294833230423,0.17096027695771454,False
0.895259042,719.8605592,6.579057525,290.8879744,287.1582573240563,3.729717075943711,False
0.774383179,239.007048,5.476493041,281.5138679,278.7769078790901,2.736960020909862,False
0.513081343,2317.061081,7.748054886,290.8331693,294.51593881567953,3.6827695156795244,False
0.805814086,1948.759251,7.574948168,295.6839391,293.84329610233937,1.8406429976606091,False
0.870463647,2112.760928,7.655750868,297.1721006,294.0859535553376,3.0861470446624253,False
0.708329936,1718.472884,7.449191317,293.2599969,293.1924778124339,0.06751908756609737,False
0.751931317,1584.405748,7.367964694,293.5508192,292.369040209865,1.181778990135001,False
0.967100746,2327.974779,7.752753975,299.1302817,294.55190780338773,4.578373896612277,False
0.755026609,315.4124137,5.753881032,283.1681534,280.3176950042767,2.850458395723308,False
0.566288027,2009.448125,7.605615399,291.2842811,293.95179040205414,2.6675093020541567,False
0.666466186,1253.152933,7.133418001,290.5757664,290.8620983050986,0.28633190509856377,False
0.644741449,1226.760151,7.11213195,290.0206691,290.65307393722026,0.6324048372202355,False
0.861302766,2336.863193,7.756564793,297.6235178,294.5810682169983,3.042449583001712,False
0.898840643,2508.334615,7.827374312,298.5981698,295.20041267442485,3.39775712557514,False
0.592591529,686.5149712,6.531628033,285.3244024,286.78816586106564,1.4637634610656391,False
0.573292488,1341.348061,7.201430403,289.0565549,291.59263352737185,2.5360786273718645,False
0.894737551,634.7646693,6.453254331,290.0592475,286.2658102957608,3.7934372042392397,False
0.68031348,1063.046969,6.968894563,289.8306322,289.9275785589234,0.09694635892338965,False
0.634063257,921.7696227,6.826295325,288.0448826,289.09822859886077,1.0533459988607774,False
0.884456644,827.788928,6.718758204,291.631866,288.29453625272834,3.337329747271667,False
0.732368491,147.2270241,4.991975777,277.2369754,274.0632227576815,3.1737526423185045,False
0.983588732,2452.80482,7.804987473,299.6598959,294.96417960596045,4.695716294039528,False
0.847349898,1828.180391,7.511076429,295.9629912,293.63173925801703,2.3312519419829414,False
0.627325245,1922.45679,7.561359225,292.3478578,293.7956708198714,1.4478130198714325,False
0.5905941,1077.740421,6.982621926,288.1075378,289.98737085723366,1.8798330572336681,False
0.926895486,800.1849075,6.684842835,292.0191883,287.99211537641696,4.0270729235830345,False
0.700520828,1703.733485,7.44057729,293.0651142,293.0974229279404,0.032308727940403514,False
0.919785706,2025.891153,7.613764958,297.6493307,293.9824574097485,3.6668732902514876,False
0.695723133,575.0996271,6.35454329,286.2052247,285.4026898565268,0.8025348434731541,False
0.978340503,622.5310409,6.433793492,291.0791404,286.13713182969695,4.942008570303074,False
0.978924838,787.516721,6.668884603,292.6224659,287.8572720249998,4.765193875000193,False
0.934007769,1272.811537,7.148983541,295.042129,291.01852131712934,4.023607682870647,False
0.866457594,2206.484173,7.699155656,297.3663699,294.2236771877303,3.1426927122697066,False
0.900870265,587.2036245,6.37537165,289.6333177,285.6070213432517,4.0262963567483325,False
0.671057983,1288.07496,7.160904104,290.8311398,291.1497465188472,0.3186067188472066,False
0.791032335,2043.091238,7.622219253,295.7202346,294.0007687677974,1.7194658322026157,False
0.639130476,1766.728527,7.476884826,292.0929562,293.5400597622875,1.4471035622875092,False
0.963531229,2226.566903,7.708216173,298.8197476,294.26763212450044,4.5521154754995905,False
0.521073255,160.4755975,5.078141891,273.7361162,275.1189045670449,1.3827883670448955,False
0.938764577,201.6076339,5.306323402,282.6712019,277.71752672930126,4.953675170698773,False
0.599490962,834.5977316,6.72694985,286.7097763,288.3605046669432,1.6507283669432127,False
0.646761099,1137.23589,7.036355939,289.597821,290.1533608792409,0.5555398792408823,False
0.989050211,1506.981556,7.31786396,296.8269241,292.0283092669168,4.798614833083207,False
0.841726338,342.3004642,5.835688902,285.1054684,280.8404657260734,4.265002673926631,False
0.59258256,424.0488099,6.049848566,282.1669629,282.51486800815326,0.34790510815327025,False
0.876464754,2338.047543,7.757071477,297.8562893,294.5850441495448,3.271245150455229,False
0.698183057,2475.452368,7.814178433,295.2043397,295.05701523011504,0.14732446988494985,False
0.834671984,2151.719654,7.67402264,296.7279496,294.1282552263266,2.599694373673401,False
0.74582555,1086.38102,6.990607286,291.1463016,290.018158986559,1.128142613441014,False
0.982592886,1119.075168,7.02025788,294.9042292,290.11178988124516,4.792439318754816,False
0.994022366,949.7606425,6.856209998,294.0209039,289.335108299216,4.68579560078399,False
0.824090417,966.801159,6.873992848,291.7047201,289.4691656857044,2.2355544142955637,False
0.830753525,1151.760151,7.049046617,292.9012013,290.2011498026059,2.7000514973940994,False
0.889267114,1266.748045,7.144208301,294.3728244,290.96798086067145,3.404843539328567,False
0.55432797,2625.751193,7.873122303,292.5416726,295.68189581824004,3.14022321824001,False
0.955050696,883.0531868,6.783385433,293.0379072,288.7818456926932,4.256061507306811,False
0.500400078,491.7139812,6.197897208,281.043476,283.8645755405486,2.82109954054863,False
0.768204455,218.6452379,5.387450498,280.7688164,278.31768621863677,2.451130181363226,False
0.944195121,1337.686049,7.198696571,295.4898529,291.56522287362844,3.924630026371574,False
0.615778701,2294.54234,7.738288686,293.1335872,294.4457972122598,1.3122100122597544,False
0.518769331,976.2427921,6.883711318,285.8536528,289.5351754809524,3.681522680952355,False
0.917563043,2391.828132,7.779813261,298.5935056,294.7511572809842,3.842348319015798,False
0.622083186,942.9000517,6.848960287,287.9432088,289.2748287531456,1.331619953145605,False
0.828826918,1765.133095,7.475981374,295.4648507,293.5307868686869,1.9340638313130967,False
0.689423077,1017.658913,6.925260085,289.7307563,289.73433464838394,0.003578348383939556,False
0.575033529,2357.505472,7.765359336,292.4024387,294.6467064591388,2.244267759138779,False
0.830308872,204.7201978,5.321644158,281.2532762,277.8804067283745,3.3728694716255063,False
0.843115285,908.0468811,6.811296008,291.6035039,288.9847536633225,2.6187502366774993,False
0.728122353,2528.733892,7.835474019,295.8756831,295.2905362454604,0.5851468545396301,False
0.507795268,176.7194435,5.17456341,274.1338559,276.2879335438563,2.154077643856283,False
0.689422093,1983.673839,7.592705879,293.7547507,293.90896459462584,0.15421389462585466,False
0.863268276,1277.263735,7.152475362,294.0375458,291.05577596644395,2.9817698335560294,False
0.891552646,1872.156934,7.534846486,296.7710443,293.62981329025234,3.1412310097476848,False
0.956873106,696.513246,6.546086811,291.5306939,286.8987775843652,4.6319163156348395,False
0.552684164,1467.04836,7.291007743,289.1241006,291.97736018275344,2.8532595827534237,False
0.624373925,1383.53803,7.232399287,290.3364337,291.7770980650453,1.4406643650453361,False
0.908140315,1642.775661,7.404142566,296.2302007,292.69437616049413,3.5358245395058816,False
0.554931305,317.9178716,5.761793084,279.3922848,280.36747562973716,0.9751908297371301,False
0.980633059,1759.889157,7.473006107,297.6532081,293.5008904327679,4.152317667232069,False
0.50785998,1094.87098,6.998391809,286.2866914,290.04660611385674,3.7599147138567446,False
0.610093255,2372.903348,7.771869526,293.2062494,294.6937223605188,1.4874729605188008,False
0.612123893,1953.239278,7.577244442,292.1235336,293.8505017808773,1.7269681808773498,False
0.874923921,1851.907271,7.523971344,296.4593011,293.622517724216,2.836783375784023,False
0.8344792,1653.632225,7.410729496,295.163407,292.77597023030506,2.3874367696949435,False
0.545263987,875.3490521,6.774622723,285.8076999,288.7215097239649,2.9138098239649253,False
0.697967976,1277.588121,7.152729299,291.287619,291.0586695779026,0.22894942209740066,False
0.942319032,1828.788723,7.511409127,297.3589155,293.6320114804814,3.7269040195185994,False
0.698489611,960.3082998,6.867254379,289.5368337,289.4211912120129,0.11564248798708832,False
0.799503311,1754.898741,7.470166437,294.9598462,293.4662199848823,1.4936262151177289,False
0.884234724,1154.277663,7.051230027,293.7241654,290.2080145990058,3.5161508009941826,False
0.818425671,1981.973769,7.59184848,295.9869046,293.90596739364315,2.0809372063568503,False
0.652868376,1427.65385,7.263787712,291.0990005,291.9295130739513,0.830512573951296,False
0.601357702,1401.801055,7.245513157,289.9331894,291.84229992755735,1.9091105275573454,False
0.729380265,2373.941586,7.772306969,295.5340159,294.6969102259749,0.8371056740251106,False
0.796803057,2250.872247,7.719073085,296.3823288,294.32420120298275,2.058127597017233,False
0.50649327,1838.416832,7.516660063,289.3348702,293.6256437135497,4.290773513549709,False
0.660206853,1842.148146,7.51868764,292.7587288,293.6230337218919,0.8643049218919145,False
0.931699368,1353.225078,7.210245969,295.3866586,291.66027780840375,3.7263807915962275,False
0.987714261,2404.10112,7.784931358,299.5980755,294.7890877206192,4.8089877793808,False
0.698136017,2393.809751,7.780641414,295.0103362,294.75688871251424,0.25344748748574375,False
0.872703151,1944.111107,7.572560137,296.7145548,293.8370076208701,2.877547179129863,False
0.834992194,2328.649628,7.75304382,297.1948772,294.554073886291,2.640803313709,False
0.871808875,1963.511725,7.582489845,296.7599242,293.86876365657713,2.8911605434228704,False
0.820184184,1989.108646,7.595441901,296.0362074,293.9162206259389,2.1199867740611467,False
0.602613363,1031.982505,6.939236993,288.0974272,289.79996401045304,1.7025368104530116,False
0.573026478,215.4102066,5.372544148,277.0447648,278.2455156207857,1.2007508207856858,False
0.561237866,2699.808722,7.900936206,292.8594714,295.9373063326533,3.077834932653275,False
0.711691634,1474.209349,7.29587709,292.4052357,291.9785065406101,0.426729159389879,False
0.650037838,2447.783149,7.802938057,294.2083817,294.94418366149523,0.7358019614952127,False
0.698727632,455.1222916,6.120566156,284.7073482,283.10733513918706,1.6000130608129552,False
0.753068811,799.6686472,6.684197451,289.3447851,287.98651486975984,1.35827023024018,False
0.56017659,2677.348068,7.892582057,292.7877035,295.8605930831118,3.0728895831117597,False
0.547087013,939.2429227,6.845074149,286.2876059,289.24540355030086,2.957797650300847,False
0.955814385,2488.925295,7.819606288,299.3657262,295.115803298162,4.2499229018379765,False
0.659020112,2455.145004,7.805941103,294.4042644,294.9735394844868,0.5692750844868328,False
0.565933211,668.7600219,6.505425284,284.5765045,286.59733159390925,2.020827093909247,False
0.734010825,342.3930869,5.835959454,283.3857517,280.842250978688,2.5435007213120002,False
0.5798835,2437.829613,7.79886342,292.702687,294.9046779856651,2.201990985665077,False
0.990036041,2015.882149,7.60881217,298.5904864,293.96056279355327,4.6299236064467095,False
0.831326529,2250.154318,7.718754079,296.9370317,294.32234060777375,2.6146910922262236,False
0.557029298,1923.158719,7.561724279,290.8171833,293.79714474000133,2.9799614400013184,False
0.644110263,1687.09343,7.430762463,291.9207728,293.0043677504514,1.0835949504514133,False
0.726443905,1001.46171,6.909215922,290.3019104,289.6663042860017,0.6356061139982785,False
0.971723713,902.888112,6.805598639,293.4040827,288.9418970312077,4.462185668792301,False
0.520111135,148.9360469,5.003516998,273.1581251,274.15909103023165,1.0009659302316436,False
0.60348255,935.7342884,6.841331556,287.5093889,289.2156256161022,1.7062367161022394,False
0.837336648,610.2220232,6.413822863,288.9511175,285.9792343745754,2.971883125424597,False
0.658450154,1430.356053,7.26567868,291.2200053,291.9367548714856,0.7167495714855932,False
0.723452679,1358.663893,7.214257064,292.1241525,291.6803347239966,0.4438177760033568,False
0.828517393,198.7051533,5.291822084,281.0065203,277.57154339105074,3.4349769089492384,False
0.532040182,405.3296459,6.004700677,280.5228205,282.15629580649727,1.633475306497246,False
0.527496939,1202.820125,7.092424183,287.3383362,290.4666199513886,3.128283751388608,False
0.960272087,2006.254647,7.604024903,298.1591994,293.9424269497926,4.2167724502073725,False
0.531810489,1113.693251,7.015437024,286.9746908,290.0980719145956,3.1233811145955883,False
0.621367131,2166.910338,7.681057625,292.9204618,294.1484975710006,1.2280357710005774,False
0.589649057,884.8692254,6.785439866,286.8663487,288.7969462072785,1.9305975072784918,False
0.545256506,692.7456003,6.540662833,284.333282,286.85445633322445,2.521174333224451,False
0.635395025,1958.897524,7.580137106,292.6229469,293.8600766306809,1.2371297306809197,False
0.914407581,1201.587083,7.091398531,294.4096934,290.4584301213961,3.9512632786039035,False
0.593310507,2553.755763,7.845320403,293.2642593,295.3970227760363,2.1327634760363026,False
0.608063271,1270.078364,7.146833881,289.4806851,290.99570685359186,1.5150217535918387,False
0.683524794,869.3918667,6.767793963,288.6359939,288.6758901256196,0.039896225619600045,False
0.598900463,2694.459961,7.898953078,293.6907888,295.92012671044455,2.229337910444542,False
0.592588227,331.1393922,5.802539411,280.4859815,280.62392001176056,0.1379385117605807,False
0.732048558,1358.73915,7.214312453,292.2771503,291.68054993085735,0.5966003691426636,False
0.86100939,1664.557475,7.417314586,295.6118419,292.85735147276995,2.7544904272300528,False
0.648176272,251.9875247,5.529379581,279.6847809,279.0602361834373,0.6245447165626956,False
0.682925909,2191.760393,7.692460332,294.2131543,294.191689448135,0.02146485186500513,False
0.802950767,2400.184233,7.783300777,296.8566959,294.77659167434126,2.0801042256587152,False
0.887407094,2302.193764,7.741617758,297.9294966,294.4690017985948,3.4604948014052184,False
0.832132913,1972.635533,7.587125762,296.176547,293.8877180392673,2.288828960732701,False
0.541626843,2524.84589,7.833935306,292.0197915,295.27307394678684,3.253282446786841,False
0.954017092,717.6512223,6.575983688,291.6870281,287.13448528749484,4.55254281250518,False
0.529359115,1696.15643,7.436120047,289.4297483,293.05673243879016,3.626984138790135,False
0.535239972,2339.741731,7.757795831,291.4332283,294.59068107798896,3.157452777988965,False
0.605495527,2162.040913,7.678807922,292.5724052,294.14215980371944,1.5697546037194456,False
0.811520797,558.6103422,6.325452168,287.9685601,285.130664224259,2.837895875740969,False
0.762400165,807.2056735,6.693578498,289.5622552,288.06854363951805,1.4937115604819269,False
0.822062471,2519.335517,7.831750462,297.446513,295.2489217309378,2.1975912690621726,False
0.902251277,1232.064479,7.11644648,294.3903555,290.69680081054577,3.6935546894542313,False
0.71133386,2339.492773,7.757689421,295.1222253,294.5898565210211,0.5323687789789346,False
0.799939961,799.0764072,6.68345657,290.1138437,287.9801348110535,2.133708888946501,False
0.65846413,2027.757862,7.61468596,293.2867141,293.9830189651695,0.696304865169509,False
0.877168443,2346.044883,7.760486161,297.8867901,294.61075152753125,3.2760385724687353,False
0.962548058,1215.17779,7.102645674,295.1483897,290.56110465373945,4.587285046260547,False
0.796638465,2230.988406,7.710199998,296.3278685,294.2772380144737,2.0506304855263124,False
0.8798088,1706.618604,7.442269267,296.0441794,293.1159700431152,2.9282093568847927,False
0.548993866,1572.974028,7.360723392,289.4519684,292.31572326874635,2.863754868746355,False
0.875376133,1152.981284,7.050106288,293.5864063,290.20444967424385,3.3819566257561746,False
0.636337622,521.6608664,6.257017696,284.43789,284.4707888640792,0.03289886407924314,False
0.98624437,2016.627154,7.609181669,298.542007,293.9612410364132,4.580765963586828,False
0.540436826,860.4965266,6.757509579,285.5886095,288.60652953582314,3.017920035823124,False
0.872574391,609.0791345,6.411948201,289.4661019,285.9639998488413,3.5021020511587153,False
0.544150927,938.5025216,6.844285543,286.2145887,289.23915839229886,3.0245696922988827,False
0.978051939,965.3160602,6.872455571,293.9133748,289.4588162458668,4.4545585541332,False
0.750316709,1090.420195,6.994318401,291.2466197,290.0320208589706,1.2145988410293853,False
0.732229131,887.0625046,6.787915447,289.6431001,288.8145508389358,0.8285492610642109,False
0.828999095,2605.661105,7.865441705,297.7517469,295.60575412340944,2.1459927765905604,False
0.875631367,515.3066665,6.244762192,288.4004961,284.34598844827286,4.0545076517271355,False
0.802629113,1987.878263,7.594823149,295.7493859,293.91481784810367,1.8345680518963263,False
0.507122774,1561.291151,7.353268419,288.3940846,292.261581128696,3.8674965286959946,False
0.992652789,592.4561429,6.38427685,290.9380875,285.6949340077635,5.243153492236502,False
0.620418435,1463.89784,7.288857911,290.5934754,291.9776742580496,1.384198858049615,False
0.515505782,2198.429194,7.695498382,290.5933089,294.2062151353034,3.6129062353033987,False
0.899576631,732.1038463,6.59592237,291.0592528,287.28990113023497,3.769351669765058,False
0.531710447,512.1381224,6.238594359,282.066229,284.2812523148018,2.2150233148017833,False
0.587720466,1248.304052,7.129541151,288.9407081,290.82291696084553,1.8822088608455374,False
0.868449325,1228.46179,7.113518089,293.8755052,290.66715197704053,3.208353222959488,False
0.518837603,515.0106921,6.244187662,281.7972327,284.33989069542946,2.5426579954294652,False
0.78575853,2645.640306,7.880668397,297.1346547,295.7519609541842,1.3826937458158,False
0.956256651,1260.27786,7.139087499,295.2883804,290.915716989202,4.372663410797998,False
0.550235026,1270.453041,7.147128841,288.205708,290.9989863857313,2.7932783857312984,False
0.80017102,1460.207188,7.286333614,293.8670117,291.9780774654326,1.8889342345673867,False
0.70585178,1546.732561,7.34389996,292.5868798,292.1876273376731,0.39925246232689915,False
0.982540875,1833.294722,7.513870022,297.9239221,293.62782815612593,4.296093943874098,False
0.94428867,1670.404196,7.42082091,296.8426569,292.89892916766274,3.9437277323372655,False
0.5433796,1075.448127,6.980492716,287.0346694,289.9783217972655,2.9436523972655095,False
0.798857768,779.9937954,6.659285965,289.9417793,287.7800128217561,2.161766478243919,False
0.500719872,718.8976687,6.577719023,283.4984456,287.1479488377674,3.6495032377673624,False
0.945260682,248.4493213,5.515238886,284.2890983,278.98908725480976,5.300011045190217,False
0.597077044,2055.070269,7.628065321,292.0975578,294.01469761161707,1.9171398116170622,False
0.787999226,1226.051062,7.111553765,292.6025214,290.6471270991767,1.9553943008232864,False
0.884532482,663.4951652,6.497521567,290.2020666,286.5447610781062,3.657305521893818,False
0.612168913,1353.443025,7.210407014,289.9507333,291.6617907213641,1.711057421364103,False
0.91008382,1994.398636,7.598097848,297.4169894,293.92530374053905,3.491685659460927,False
0.876978362,2306.365494,7.743428185,297.7843327,294.48199492762757,3.302337772372425,False
0.764487507,355.1355739,5.872499615,284.14921,281.08997772992313,3.0592322700768477,False
0.685989797,1019.402129,6.926971586,289.6774102,289.7430962728193,0.06568607281928962,False
0.862743145,1927.837681,7.564154281,296.5141337,293.80813202192985,2.7060016780701517,False
0.9656803,2069.214255,7.634924227,298.4165016,294.03213028208273,4.384371317917271,False
0.527196755,1375.068286,7.226258671,288.1352928,291.74470760069755,3.60941480069755,False
0.844535021,1012.181263,6.919862947,292.3092712,289.7121555552866,2.5971156447134263,False
0.954661713,2454.684331,7.80575345,299.2689672,294.97188271955235,4.2970844804476656,False
0.600900393,932.9363249,6.838336951,287.4362331,289.19182370828406,1.7555906082840806,False
0.662558038,1190.026031,7.081730461,290.1849964,290.3725000878012,0.18750368780121107,False
0.796531712,1410.136172,7.251441555,293.5963058,291.874832165478,1.721473634521999,False
0.575396122,970.3665977,6.877673936,287.1292084,289.4972024967233,2.3679940967232938,False
0.73938311,2671.589764,7.890428991,296.3921446,295.83996629768683,0.5521783023131661,False
0.900451506,583.593797,6.369205188,289.5865321,285.544516270975,4.04201582902499,False
0.664585955,1794.624721,7.49255121,292.6904184,293.63910125076245,0.9486828507624523,False
0.764482335,778.1769278,6.656953912,289.363331,287.76191068706413,1.6014203129358862,False
0.894971999,2164.983951,7.680168227,297.6810136,294.14722570384197,3.53378789615806,False
0.819937045,1533.618484,7.335385244,294.4809256,292.12229228874634,2.358633311253641,False
0.507839915,2198.675282,7.695610313,290.401439,294.2067945310778,3.805355531077794,False
0.737732018,866.9227472,6.764949869,289.5940068,288.6574591240737,0.9365476759263061,False
0.787677178,1840.722208,7.517913278,295.0490944,293.62390574219495,1.4251886578050517,False
0.514741987,1111.659085,7.01360885,286.5497934,290.0931048761294,3.5433114761294178,False
0.775146479,2002.889202,7.602346018,295.3382209,293.93696734433587,1.401253555664141,False
0.819986578,2270.777682,7.727877643,296.8099357,294.3773548648599,2.4325808351400724,False
0.810888058,1500.665611,7.313664029,294.2053097,292.0124168811504,2.1928928188496,False
0.553277358,2352.411157,7.763196105,291.8916675,294.6307959860621,2.7391284860621,False
0.682245905,2636.391758,7.877166503,295.263881,295.71977943788943,0.45589843788940243,False
0.869689663,1035.794099,6.942923657,292.8336131,289.81648696738387,3.017126132616113,False
0.600920946,965.0999631,6.872231685,287.6472412,289.4569656963472,1.8097244963472008,False
0.675089982,587.7541708,6.376308784,285.9667398,285.61632267559247,0.35041712440755646,False
0.561876663,1215.659496,7.103042004,288.2062635,290.5651045026587,2.358841002658721,False
0.993790289,1600.993045,7.378379369,297.2574918,292.4431741981972,4.814317601802827,False
0.83558044,1868.16012,7.532709332,295.9084671,293.6222018455526,2.2862652544474145,False
0.99017596,177.0736309,5.17656564,282.3671904,276.3097384483375,6.057451951662529,False
0.972234625,436.1268298,6.077933095,288.6068517,282.73598767727873,5.870864022721264,False
0.77736773,1392.546683,7.238889496,293.2040665,291.8107027356214,1.3933637643785914,False
0.894401468,814.8456692,6.702998732,291.6751427,288.1535695747465,3.5215731252534965,False
0.835013368,2172.275877,7.683530688,296.7890556,294.1580795952712,2.6309760047287796,False
0.770457934,1950.815881,7.576002965,295.103922,293.8466914831012,1.257230516898801,False
0.945687423,2120.461115,7.659388851,298.2850809,294.0924477169198,4.192633183080204,False
0.665318554,1367.918015,7.221045166,291.0847511,291.7194014664429,0.6346503664428838,False
0.825111416,1134.54392,7.033986017,292.7196382,290.1478886023137,2.5717495976863347,False
0.936945893,265.2706265,5.580750537,284.6509602,279.3230297619746,5.327930438025362,False
0.609729609,1716.738053,7.448181288,291.3161216,293.17976114715947,1.8636395471594938,False
0.898217497,1245.772719,7.127511274,294.4003134,290.80499108879053,3.595322311209486,False
0.76130661,1304.508121,7.17358133,292.5362393,291.2981226973014,1.2381166026985966,False
0.803280663,1434.502643,7.268573478,293.8098407,291.94755280308436,1.8622878969156318,False
0.937415788,2648.498671,7.881748219,299.4694047,295.76155448650155,3.707850213498432,False
0.623991189,346.5722881,5.848091421,281.4409382,280.9235285767779,0.5174096232220791,False
0.5791807,1934.637326,7.567675159,291.3539066,293.82162152426855,2.4677149242685346,False
0.504752004,904.815762,6.807731345,285.0387016,288.9579687627523,3.9192671627522486,False
1.0,62.5,4.135166557,274.8166667,262.4437005781538,12.372966121846162,False
0.9,74.8,4.314817885,274.8166667,269.3690751064352,5.447591593564766,False
0.8,92.4,4.526126979,274.8166667,273.0375468030308,1.7791198969691777,False
0.7,117.22,4.764052511,274.8166667,273.33136956025254,1.4852971397474448,False
0.6,175.6,5.168208681,274.8166667,276.2143885134181,1.3977218134181157,False
1.0,64.8,4.171305603,275.15,263.82641122813124,11.323588771868742,False
0.9,77.3,4.347693956,275.15,270.52303918567475,4.62696081432523,False
0.8,94.8,4.551769409,275.15,273.1091484036867,2.0408515963133027,False
0.7,119.0,4.779123493,275.15,273.3554206817509,1.7945793182490775,False
0.6,183.4,5.21166956,275.15,276.7036708410636,1.5536708410636493,False
1.0,68.68,4.229458036,275.5111111,266.0671127318147,9.443998368185305,False
0.9,80.0,4.382026635,275.5111111,271.4871171085824,4.023993991417569,False
0.8,97.4,4.578826211,275.5111111,273.1707229208764,2.340388179123579,False
0.7,124.2,4.821893169,275.5111111,273.4693764281526,2.0417346718473937,False
0.6,191.5,5.254887809,275.5111111,277.1834172538687,1.6723061538687034,False
1.0,72.3,4.280824129,275.8444444,268.1147253994133,7.72971900058667,False
0.9,84.8,4.440295543,275.8444444,272.5214357499313,3.3230086500686866,False
0.8,104.4,4.648229675,275.8444444,273.26880295940686,2.575641440593131,False
0.7,129.68,4.865069877,275.8444444,273.59297079741475,2.2514736025852358,False
0.6,195.7,5.276582874,275.8444444,277.41383511957184,1.5693907195718566,False
1.0,74.8,4.314817885,276.2055556,269.3690751064352,6.836480493564807,False
0.9,90.0,4.49980967,276.2055556,272.96078938565324,3.2447662143467824,False
0.8,109.05,4.691806493,276.2055556,273.2868747026302,2.918680897369825,False
0.7,135.4,4.90823336,276.2055556,273.66306198230586,2.542493617694163,False
0.6,200.0,5.298317367,276.2055556,277.6313600520551,1.425804452055047,False
1.0,77.3,4.347693956,276.5388889,270.52303918567475,6.01584971432527,False
0.9,94.87,4.552507533,276.5388889,273.11161499256895,3.427273907431072,False
0.8,113.88,4.735145262,276.5388889,273.2955656911347,3.24332320886532,False
0.7,141.42,4.951734186,276.5388889,273.8017987194437,2.737090180556322,False
0.6,210.4,5.349010481,276.5388889,278.1089302171789,1.570041317178891,False
1.0,80.0,4.382026635,276.9,271.4871171085824,5.412882891417553,False
0.9,97.4,4.578826211,276.9,273.1707229208764,3.7292770791235625,False
0.8,118.92,4.778450998,276.9,273.35351520617786,3.546484793822117,False
0.7,147.68,4.995047771,276.9,274.08738612299186,2.8126138770081184,False
0.6,221.37,5.39983551,276.9,278.3748797528183,1.4748797528183104,False
1.0,84.4,4.435567402,277.2333333,272.4503345044069,4.78299879559313,False
0.9,100.0,4.605170186,277.2333333,273.21597016741146,4.017363132588571,False
0.8,113.88,4.735145262,277.2333333,273.2955656911347,3.937767608865329,False
0.7,154.22,5.038380154,277.2333333,274.60965512674375,2.6236781732562804,False
0.6,232.86,5.450437415,277.2333333,278.63579717878997,1.4024638787899448,False
1.0,90.0,4.49980967,277.5944444,272.96078938565324,4.633655014346743,False
0.9,109.0,4.691347882,277.5944444,273.28692211251393,4.3075222874860515,False
0.8,129.0,4.859812404,277.5944444,273.58439914479226,4.010045255207729,False
0.7,161.05,5.081714876,277.5944444,275.1618337251652,2.432610674834791,False
0.6,244.95,5.501054108,277.5944444,278.9116540495258,1.3172096495258074,False
1.0,92.4,4.526126979,277.9277778,273.0375468030308,4.890230996969194,False
0.9,110.0,4.700480366,277.9277778,273.28684128426227,4.640936515737735,False
0.8,130.0,4.86753445,277.9277778,273.59970838769846,4.328069412301545,False
0.7,168.18,5.125034834,277.9277778,275.6813214304189,2.2464563695810966,False
0.6,245.5,5.503296947,277.9277778,278.92387922797013,0.9961014279701317,False
1.0,94.87,4.552507533,278.2888889,273.11161499256895,5.177273907431072,False
0.9,111.0,4.709530201,278.2888889,273.28645338995847,5.0024355100415505,False
0.8,131.0,4.875197323,278.2888889,273.61660266915834,4.672286230841678,False
0.7,175.6,5.168208681,278.2888889,276.2143885134181,2.074500386581917,False
0.6,257.68,5.551718505,278.2888889,279.1763707288203,0.8874818288202846,False
1.0,97.4,4.578826211,278.6222222,273.1707229208764,5.451499279123595,False
0.9,112.0,4.718498871,278.6222222,273.2872579008805,5.33496429911952,False
0.8,135.4,4.90823336,278.6222222,273.66306198230586,4.959160217694148,False
0.7,177.0,5.176149733,278.6222222,276.3052297282058,2.316992471794208,False
0.6,260.0,5.560681631,278.6222222,279.22066470463346,0.5984425046334536,False
1.0,104.4,4.648229675,278.9833333,273.26880295940686,5.714530340593171,False
0.9,113.88,4.735145262,278.9833333,273.2955656911347,5.687767608865329,False
0.8,147.42,4.993285656,278.9833333,274.0758280830327,4.907505216967309,False
0.7,183.4,5.21166956,278.9833333,276.7036708410636,2.2796624589364,False
0.6,271.08,5.60241398,278.9833333,279.4357250328795,0.4523917328794482,False
1.0,109.05,4.691806493,279.3166667,273.2868747026302,6.029791997369784,False
0.9,129.68,4.865069877,279.3166667,273.59297079741475,5.723695902585234,False
0.8,154.2,5.038250461,279.3166667,274.6077491349879,4.7089175650120865,False
0.7,192.0,5.257495372,279.3166667,277.21265638438234,2.104010315617643,False
0.6,285.17,5.653085494,279.3166667,279.7231814329144,0.40651473291438833,False
1.0,118.0,4.770684624,279.6777778,273.3391325777771,6.338645222222908,False
0.9,131.0,4.875197323,279.6777778,273.61660266915834,6.0611751308416615,False
0.8,156.0,5.049856007,279.6777778,274.7591475960643,4.91863020393572,False
0.7,200.0,5.298317367,279.6777778,277.6313600520551,2.046417747944929,False
0.6,300.0,5.703782475,279.6777778,280.0194460516096,0.34166825160957615,False
1.0,124.0,4.820281566,280.0111111,273.4644696779551,6.5466414220449,False
0.9,141.2,4.950177325,280.0111111,273.7948046625284,6.216306437471587,False
0.8,175.0,5.164785974,280.0111111,276.1732880174418,3.8378230825582023,False
0.7,210.0,5.347107531,280.0111111,278.09852400118274,1.912587098817255,False
0.6,311.0,5.739792912,280.0111111,280.2316723568907,0.2205612568907327,False
1.0,129.68,4.865069877,280.3722222,273.59297079741475,6.77925140258526,False
0.9,147.68,4.995047771,280.3722222,274.08738612299186,6.284836077008151,False
0.8,183.0,5.209486153,280.3722222,276.6822648437253,3.6899573562747037,False
0.7,221.0,5.398162702,280.3722222,278.36568955023773,2.0065326497622777,False
0.6,322.0,5.774551546,280.3722222,280.4469332798028,0.07471107980279612,False
1.0,135.0,4.905274778,280.7055556,273.6580422185276,7.047513381472413,False
0.9,154.0,5.036952602,280.7055556,274.5886470637458,6.116908536254243,False
0.8,191.0,5.252273428,280.7055556,277.15839223480793,3.547163365192091,False
0.7,232.0,5.446737372,280.7055556,278.617677712448,2.087877887551997,False
0.6,330.0,5.799092654,280.7055556,280.6010233475308,0.10453225246919828,False
1.0,141.42,4.951734186,281.0666667,273.8017987194437,7.264867980556289,False
0.9,168.0,5.123963979,281.0666667,275.6682597497089,5.398406950291076,False
0.8,200.0,5.298317367,281.0666667,277.6313600520551,3.4353066479449126,False
0.7,244.0,5.497168225,281.0666667,278.88940046274377,2.1772662372562195,False
0.6,347.0,5.84932478,281.0666667,280.9316841712609,0.13498252873910133,False
1.0,147.68,4.995047771,281.4,274.08738612299186,7.312613877008118,False
0.9,175.6,5.168208681,281.4,276.2143885134181,5.185611486581877,False
0.8,210.0,5.347107531,281.4,278.09852400118274,3.3014759988172386,False
0.7,257.0,5.549076085,281.4,279.163669757104,2.236330242895974,False
0.6,368.0,5.908082938,281.4,281.3600751147381,0.03992488526188254,False
0.9,183.0,5.209486153,281.7611111,276.6822648437253,5.078846256274687,False
0.8,223.0,5.407171771,281.7611111,278.4136579546328,3.347453145367183,False
0.7,271.0,5.602118821,281.7611111,279.43406449487867,2.3270466051213248,False
0.6,380.0,5.940171253,281.7611111,281.6226656683176,0.13844543168238488,False
0.9,195.0,5.272999559,282.0944444,277.3664438408985,4.728000559101474,False
0.8,232.0,5.446737372,282.0944444,278.617677712448,3.476766687551958,False
0.7,285.0,5.65248918,282.0944444,279.7194563436697,2.3749880563302668,False
0.6,402.0,5.996452089,282.0944444,282.0885385008777,0.005905899122296887,False
1.0,175.6,5.168208681,282.4555556,276.2143885134181,6.241167086581925,False
0.9,200.0,5.298317367,282.4555556,277.6313600520551,4.824195547944953,False
0.8,245.0,5.501258211,282.4555556,278.9128594055342,3.5426961944658046,False
0.7,300.0,5.703782475,282.4555556,280.0194460516096,2.436109548390448,False
0.6,423.0,6.047372179,282.4555556,282.4944678393014,0.03891223930139631,False
1.0,183.4,5.21166956,282.7888889,276.7036708410636,6.085218058936391,False
0.9,210.0,5.347107531,282.7888889,278.09852400118274,4.690364898817279,False
0.8,271.0,5.602118821,282.7888889,279.43406449487867,3.3548244051213487,False
0.7,311.0,5.739792912,282.7888889,280.2316723568907,2.5572165431092913,False
0.6,445.0,6.098074282,282.7888889,282.9076257220155,0.11873682201547808,False
1.0,195.7,5.276582874,283.15,277.41383511957184,5.736164880428134,False
0.9,221.0,5.398162702,283.15,278.36568955023773,4.784310449762245,False
0.8,285.0,5.65248918,283.15,279.7194563436697,3.430543656330258,False
0.7,322.0,5.774551546,283.15,280.4469332798028,2.703066720197171,False
0.6,470.0,6.152732695,283.15,283.41430037349664,0.2643003734966669,False
1.0,200.0,5.298317367,283.4833333,277.6313600520551,5.851973247944954,False
0.9,232.0,5.446737372,283.4833333,278.617677712448,4.8656555875519985,False
0.8,300.0,5.703782475,283.4833333,280.0194460516096,3.4638872483904493,False
0.7,330.0,5.799092654,283.4833333,280.6010233475308,2.8823099524691997,False
0.6,490.0,6.194405391,283.4833333,283.8291146690225,0.34578136902246115,False
1.0,210.0,5.347107531,283.8444444,278.09852400118274,5.745920398817248,False
0.9,245.0,5.501258211,283.8444444,278.9128594055342,4.931584994465766,False
0.8,311.0,5.739792912,283.8444444,280.2316723568907,3.61277204310926,False
0.7,350.0,5.857933154,283.8444444,280.9898201787381,2.854624221261872,False
0.6,505.0,6.224558429,283.8444444,284.1377444408247,0.29330004082470396,False
1.0,215.0,5.370638028,284.1777778,278.2302561037639,5.947521696236095,False
0.9,257.0,5.549076085,284.1777778,279.163669757104,5.014108042895998,False
0.8,322.0,5.774551546,284.1777778,280.4469332798028,3.730844520197195,False
0.7,372.0,5.918893854,284.1777778,281.44535055988706,2.7324272401129406,False
0.6,538.0,6.28785856,284.1777778,284.7757853315309,0.598007531530925,False
1.0,221.37,5.39983551,284.5388889,278.3748797528183,6.16400914718173,False
0.9,271.0,5.602118821,284.5388889,279.43406449487867,5.104824405121349,False
0.8,346.0,5.846438775,284.5388889,280.91217614732824,3.6267127526717786,False
0.7,392.0,5.97126184,284.5388889,281.8830114773856,2.6558774226144237,False
0.6,560.0,6.327936784,284.5388889,285.1567973367691,0.6179084367690848,False
1.0,232.0,5.446737372,284.8722222,278.617677712448,6.254544487551982,False
0.9,285.0,5.65248918,284.8722222,279.7194563436697,5.152765856330291,False
0.8,372.0,5.918893854,284.8722222,281.44535055988706,3.4268716401129495,False
0.7,420.0,6.040254711,284.8722222,282.4406065893811,2.4316156106189055,False
0.6,580.0,6.363028104,284.8722222,285.4862792220319,0.6140570220318864,False
1.0,257.68,5.551718505,285.2333333,279.1763707288203,6.056962571179724,False
0.9,300.0,5.703782475,285.2333333,280.0194460516096,5.213887248390449,False
0.8,385.0,5.953243334,285.2333333,281.7304088859382,3.5029244140618516,False
0.7,430.0,6.063785209,285.2333333,282.6238869084159,2.609446391584129,False
0.6,604.0,6.403574198,285.2333333,285.88380911834264,0.6504758183426134,False
1.0,271.08,5.60241398,285.5666667,279.4357250328795,6.13094166712051,False
0.9,311.0,5.739792912,285.5666667,280.2316723568907,5.334994343109258,False
0.8,400.0,5.991464547,285.5666667,282.04809357990285,3.5185731200971304,False
0.7,450.0,6.109247583,285.5666667,283.00406419192984,2.5626025080701424,False
0.6,645.0,6.469250317,285.5666667,286.3661153359348,0.799448635934823,False
1.0,285.17,5.653085494,285.9277778,279.7231814329144,6.204596367085628,False
0.9,324.0,5.780743516,285.9277778,280.48495636839203,5.4428214316079675,False
0.8,423.0,6.047372179,285.9277778,282.4944678393014,3.4333099606985797,False
0.7,470.0,6.152732695,285.9277778,283.41430037349664,2.513477426503357,False
0.6,670.0,6.507277712,285.9277778,286.61068570951994,0.6829079095199404,False
1.0,300.0,5.703782475,286.2611111,280.0194460516096,6.241665048390416,False
0.9,346.0,5.846438775,286.2611111,280.91217614732824,5.348934952671755,False
0.8,447.0,6.102558595,286.2611111,282.94666902689977,3.314442073100224,False
0.7,500.0,6.214608098,286.2611111,284.03517052560284,2.225940574397157,False
0.6,703.0,6.555356892,286.2611111,286.9708539359616,0.709742835961606,False
0.9,372.0,5.918893854,286.6222222,281.44535055988706,5.1768716401129495,False
0.8,460.0,6.131226489,286.6222222,283.2077512721755,3.414470927824482,False
0.7,527.0,6.267200549,286.6222222,284.5738280938725,2.048394106127489,False
0.6,745.0,6.613384218,286.6222222,287.4242707497607,0.8020485497606842,False
0.9,400.0,5.991464547,286.9555556,282.04809357990285,4.907462020097171,False
0.8,472.0,6.156978986,286.9555556,283.4560058393273,3.4995497606727213,False
0.7,445.0,6.098074282,286.9555556,282.9076257220155,4.047929877984529,False
0.6,770.0,6.646390515,286.9555556,287.678922500926,0.7233669009259529,False
0.9,423.0,6.047372179,287.3166667,282.4944678393014,4.822198860698563,False
0.8,500.0,6.214608098,287.3166667,284.03517052560284,3.281496174397148,False
0.7,570.0,6.345636361,287.3166667,285.32241721487975,1.9942494851202355,False
0.6,800.0,6.684611728,287.3166667,287.9901051905508,0.6734384905508364,False
1.0,372.24,5.919538808,287.65,281.4507802675615,6.199219732438451,False
0.9,447.0,6.102558595,287.65,282.94666902689977,4.703330973100208,False
0.8,523.0,6.259581464,287.65,284.49701733933614,3.152982660663838,False
0.7,600.0,6.396929655,287.65,285.81443599579495,1.8355640042050254,False
0.6,820.0,6.70930434,287.65,288.21045309180954,0.5604530918095634,False
1.0,400.0,5.991464547,288.0111111,282.04809357990285,5.963017520097139,False
0.9,472.0,6.156978986,288.0111111,283.4560058393273,4.55510526067269,False
0.8,547.0,6.304448802,288.0111111,284.9356119366787,3.0754991633212967,False
0.7,645.0,6.469250317,288.0111111,286.3661153359348,1.644995764065186,False
0.6,885.0,6.785587645,288.0111111,288.7980392470826,0.7869281470826195,False
1.0,422.8,6.046899254,288.3444444,282.49097266401594,5.853471735984044,False
0.9,485.0,6.184148891,288.3444444,283.7261409477326,4.618303452267412,False
0.8,573.0,6.350885717,288.3444444,285.3691598881825,2.975284511817506,False
0.7,670.0,6.507277712,288.3444444,286.61068570951994,1.7337586904800446,False
0.6,920.0,6.82437367,288.3444444,289.0831311780583,0.7386867780583088,False
1.0,447.21,6.103028283,288.7055556,282.95063147190797,5.754924128092057,False
0.9,500.0,6.214608098,288.7055556,284.03517052560284,4.670385074397188,False
0.8,600.0,6.396929655,288.7055556,285.81443599579495,2.8911196042050733,False
0.7,700.0,6.551080335,288.7055556,286.9388564412431,1.7666991587569214,False
0.6,960.0,6.866933284,288.7055556,289.4190519509387,0.7134963509386694,False
1.0,472.86,6.158799362,289.0388889,283.473915534252,5.564973365748017,False
0.9,523.0,6.259581464,289.0388889,284.49701733933614,4.541871560663878,False
0.8,648.0,6.473890696,289.0388889,286.3959527640597,2.6429361359403174,False
0.7,745.0,6.613384218,289.0388889,287.4242707497607,1.6146181502393233,False
0.6,1020.0,6.927557906,289.0388889,289.7463112919128,0.7074223919127576,False
1.0,485.0,6.184148891,289.4,283.7261409477326,5.673859052267403,False
0.9,547.0,6.304448802,289.4,284.9356119366787,4.46438806332128,False
0.8,700.0,6.551080335,289.4,286.9388564412431,2.4611435587568735,False
0.7,790.0,6.672032945,289.4,287.88306670578226,1.516933294217722,False
0.6,1090.0,6.993932975,289.4,290.0306238405645,0.6306238405645104,False
1.0,523.0,6.259581464,289.7333333,284.49701733933614,5.236315960663887,False
0.9,573.0,6.350885717,289.7333333,285.3691598881825,4.364173411817546,False
0.8,748.0,6.617402978,289.7333333,287.4539814634908,2.2793518365092496,False
0.7,810.0,6.697034248,289.7333333,288.0990574764709,1.6342758235291512,False
0.6,1120.0,7.021083964,289.7333333,290.1143321868551,0.38099888685508176,False
1.0,573.0,6.350885717,290.0944444,285.3691598881825,4.725284511817506,False
0.9,623.0,6.434546519,290.0944444,286.1435142210131,3.95093017898688,False
0.8,773.0,6.650279049,290.0944444,287.7094607701074,2.384983629892588,False
0.7,845.0,6.739336627,290.0944444,288.4704212008724,1.6240231991275778,False
0.6,1190.0,7.081708586,290.0944444,290.3723539870061,0.2779095870060928,False
1.0,600.0,6.396929655,290.4277778,285.81443599579495,4.613341804205049,False
0.9,673.0,6.51174533,290.4277778,286.64126922939,3.7865085706100103,False
0.8,800.0,6.684611728,290.4277778,287.9901051905508,2.43767260944918,False
0.7,870.0,6.768493212,290.4277778,288.68056073860754,1.7472170613924618,False
0.6,1200.0,7.090076836,290.4277778,290.446583007228,0.018805207228012932,False
1.0,648.0,6.473890696,290.7888889,286.3959527640597,4.392936135940317,False
0.9,700.0,6.551080335,290.7888889,286.9388564412431,3.850032458756914,False
0.8,848.0,6.742880636,290.7888889,288.4985284186914,2.2903604813085963,False
0.7,920.0,6.82437367,290.7888889,289.0831311780583,1.7057577219417226,False
0.6,1300.0,7.170119543,290.7888889,291.25710594512685,0.4682170451268348,False
1.0,673.0,6.51174533,291.1222222,286.64126922939,4.480952970610019,False
0.9,748.0,6.617402978,291.1222222,287.4539814634908,3.668240736509233,False
0.8,900.0,6.802394763,291.1222222,288.9179994918555,2.2042227081445276,False
0.7,970.0,6.877296071,291.1222222,289.4943777511354,1.6278444488646073,False
0.6,1350.0,7.207859871,291.1222222,291.64125262976455,0.5190304297645412,False
1.0,775.0,6.652863029,291.4833333,287.72996342071394,3.7533698792860832,False
0.9,800.0,6.684611728,291.4833333,287.9901051905508,3.4932281094492055,False
0.8,974.0,6.881411304,291.4833333,289.5223469146666,1.960986385333399,False
0.7,1010.0,6.91770561,291.4833333,289.704195393532,1.7791379064680086,False
0.6,1420.0,7.258412151,291.4833333,291.9082259438195,0.4248926438194758,False
1.0,848.0,6.742880636,291.8166667,288.4985284186914,3.3181382813085634,False
0.9,873.0,6.771935556,291.8166667,288.7033580183657,3.113308681634294,False
0.8,1090.0,6.993932975,291.8166667,290.0306238405645,1.7860428594354971,False
0.7,1100.0,7.003065459,291.8166667,290.063303688259,1.753363011740987,False
0.6,1476.0,7.297091005,291.8166667,291.97937244137256,0.16270574137257654,False
1.0,900.0,6.802394763,292.1777778,288.9179994918555,3.2597783081445186,False
0.9,900.0,6.802394763,292.1777778,288.9179994918555,3.2597783081445186,False
0.8,1192.0,7.083387848,292.1777778,290.38513240154634,1.792645398453658,False
0.7,1190.0,7.081708586,292.1777778,290.3723539870061,1.8054238129939222,False
0.6,1560.0,7.3524411,292.1777778,292.2541231302735,0.07634533027351154,False
1.0,948.0,6.854354502,292.5111111,289.3189629410238,3.192148158976181,False
0.9,974.0,6.881411304,292.5111111,289.5223469146666,2.988764185333366,False
0.8,1280.0,7.154615357,292.5111111,291.07924521129377,1.431865888706227,False
0.7,1300.0,7.170119543,292.5111111,291.25710594512685,1.2540051548731412,False
0.6,1680.0,7.426549072,292.5111111,292.9615180621104,0.4504069621103781,False
1.0,1000.0,6.907755279,292.8722222,289.65951586395227,3.212706336047745,False
0.9,1010.0,6.91770561,292.8722222,289.704195393532,3.168026806467992,False
0.8,1300.0,7.170119543,292.8722222,291.25710594512685,1.6151162548731577,False
0.7,1350.0,7.207859871,292.8722222,291.64125262976455,1.2309695702354588,False
0.6,1830.0,7.512071246,292.8722222,293.63201088441076,0.7597886844107506,False
1.0,1092.0,6.995766156,293.2055556,290.0373433251749,3.168212274825123,False
0.9,1090.0,6.993932975,293.2055556,290.0306238405645,3.1749317594355375,False
0.8,1410.0,7.251344983,293.2055556,291.8742283314436,1.3313272685564357,False
0.7,1470.0,7.29301768,293.2055556,291.97746218279025,1.2280934172097773,False
0.6,1980.0,7.590852124,293.2055556,293.90144366516023,0.6958880651602044,False
1.0,1189.0,7.080867897,293.5666667,290.3668115922809,3.199855107719088,False
0.9,1189.0,7.080867897,293.5666667,290.3668115922809,3.199855107719088,False
0.8,1476.0,7.297091005,293.5666667,291.97937244137256,1.5872942586274235,False
0.7,1550.0,7.34601021,293.5666667,292.2027605289076,1.363906171092367,False
0.6,2180.0,7.687080156,293.5666667,294.1704841747908,0.6038174747907874,False
1.0,1296.0,7.167037877,293.9,291.22092897108286,2.6790710289171216,False
0.9,1296.0,7.167037877,293.9,291.22092897108286,2.6790710289171216,False
0.8,1542.0,7.340835554,293.9,292.1649427362916,1.73505726370837,False
0.7,1680.0,7.426549072,293.9,292.9615180621104,0.9384819378896054,False
0.6,2350.0,7.762170607,293.9,294.62312219640944,0.723122196409463,False
1.0,1414.0,7.254177846,294.2611111,291.88828712059615,2.3728239794038473,False
0.9,1414.0,7.254177846,294.2611111,291.88828712059615,2.3728239794038473,False
0.8,1681.0,7.427144133,294.2611111,292.96758994821965,1.2935211517803396,False
0.7,1750.0,7.467371067,294.2611111,293.4286457091053,0.8324653908946971,False
0.6,2500.0,7.824046011,294.2611111,295.1629020785557,0.9017909785557094,False
1.0,1476.0,7.297091005,294.5944444,291.97937244137256,2.615071958627425,False
0.9,1418.0,7.257002707,294.5944444,291.90136969950464,2.6930747004953446,False
0.8,1834.0,7.514254653,294.5944444,293.6278323413395,0.9666120586604734,False
0.7,1850.0,7.522940918,294.5944444,293.6215697376311,0.9728746623688949,False
0.6,2700.0,7.901007052,294.5944444,295.9379933363741,1.343548936374134,False
1.0,1681.0,7.427144133,294.9555556,292.96758994821965,1.987965651780371,False
0.9,1542.0,7.340835554,294.9555556,292.1649427362916,2.790612863708418,False
0.8,1915.0,7.557472902,294.9555556,293.77423888304673,1.1813167169532903,False
0.7,1920.0,7.560080465,294.9555556,293.78991318554193,1.165642414458091,False
0.6,2851.0,7.955425089,294.9555556,296.47754076672,1.5219851667199578,False
1.0,1834.0,7.514254653,295.2888889,293.6278323413395,1.6610565586605048,False
0.9,1681.78,7.427608035,295.2888889,292.97233239363555,2.3165565063644635,False
0.8,2000.0,7.60090246,295.2888889,293.9315898048503,1.357299095149699,False
0.7,2200.0,7.696212639,295.2888889,294.2093702518486,1.0795186481514065,False
1.0,1915.0,7.557472902,295.65,293.77423888304673,1.8757611169532424,False
0.9,1834.0,7.514254653,295.65,293.6278323413395,2.0221676586604644,False
0.8,2180.0,7.687080156,295.65,294.1704841747908,1.479515825209205,False
0.7,2320.0,7.749322465,295.65,294.5254132706833,1.1245867293166611,False
1.0,2000.0,7.60090246,295.9833333,293.9315898048503,2.051743495149708,False
0.9,1915.0,7.557472902,295.9833333,293.77423888304673,2.209094416953292,False
0.8,2328.0,7.752764809,295.9833333,294.55199438345886,1.431338916541165,False
0.7,2450.0,7.803843304,295.9833333,294.953020566492,1.0303127335080262,False
1.0,2213.0,7.70210434,296.3444444,294.23803308576584,2.106411314234151,False
0.9,2213.0,7.70210434,296.3444444,294.23803308576584,2.106411314234151,False
0.8,2705.0,7.902857191,296.3444444,295.955251671391,0.38919272860897536,False
0.7,2700.0,7.901007052,296.3444444,295.9379933363741,0.406451063625866,False
1.0,2449.0,7.803435057,296.6777778,294.9495490664743,1.7282287335257251,False
0.9,2450.0,7.803843304,296.6777778,294.953020566492,1.7247572335080008,False
0.7,2800.0,7.937374696,296.6777778,296.2970164877527,0.38076131224727305,False
1.0,2710.0,7.904703914,297.0388889,295.97273801391236,1.0661508860876552,False
0.9,2710.0,7.904703914,297.0388889,295.97273801391236,1.0661508860876552,False
0.7,2900.0,7.972466016,297.0388889,296.65224696301743,0.38664193698258487,False
1.0,2850.0,7.955074273,297.3722222,296.4739020200372,0.8983201799628091,False
1.0,3000.0,8.006367568,297.7333333,296.997076552763,0.7362567472370074,False
0.865546229,2725.124,7.910269211,297.3086,296.0264923285468,1.2821076714532182,False
0.865546229,2656.269,7.884677786,297.174,295.7885005174725,1.3854994825274503,False
0.865546229,2587.415,7.858414587,297.037,295.5333548720194,1.503645127980576,False
0.865546229,2518.653,7.831479514,296.8975,295.2459055160602,1.651594483939789,False
0.865546229,2449.986,7.803837589,296.7554,294.952973516551,1.8024264834489827,False
0.865546229,2381.418,7.775451388,296.6104,294.7196990007292,1.8907009992708481,False
0.865546229,2312.956,7.746281639,296.4625,294.50294371430016,1.9595562856998185,False
0.865546229,2244.603,7.716283947,296.3115,294.3084724885796,2.0030275114204414,False
0.865546229,2176.367,7.685412252,296.1569,294.16507190760905,1.9918280923909606,False
0.865546229,2108.253,7.653614921,295.9987,294.08340544675286,1.9152945532471222,False
0.865546229,2040.269,7.620836941,295.8364,293.99903756017795,1.8373624398220727,False
0.865546229,1972.422,7.587017508,295.6698,293.88730460425984,1.7824953957401704,False
0.865546229,1904.721,7.55209082,295.4984,293.74045362708915,1.757946372910851,False
0.865546229,1837.175,7.515984345,295.3217,293.6264433157176,1.6952566842824126,False
0.865546229,1820.093,7.506642878,295.2761,293.64230066040017,1.6337993395998183,False
0.865546229,1811.306,7.501803411,295.2525,293.64641437667785,1.6060856233221443,False
0.865546229,1809.096,7.500582552,295.2465,293.64444834418566,1.602051655814364,False
0.865546229,1808.645,7.500333225,295.2453,293.6445262977905,1.6007737022094943,False
0.865546229,1806.876,7.499354666,295.2417,293.6452070408455,1.5964929591544887,False
0.865546229,1805.767,7.498740711,295.2393,293.6462876486191,1.5930123513809349,False
0.865546229,1803.504,7.497486718,295.2342,293.64835586545786,1.5858441345421284,False
0.865546229,1798.901,7.494931202,295.2238,293.64421061906245,1.5795893809375343,False
0.865546229,1789.42,7.489646824,295.2023,293.6293835588419,1.5729164411580996,False
0.865546229,1769.58,7.478497509,295.1566,293.56215999472397,1.5944400052760557,False
0.865546229,1727.56,7.454465287,295.0567,293.25883199026526,1.7978680097347137,False
0.865546229,1639.059,7.401877576,294.8309,292.6661488949414,2.164751105058599,False
0.865546229,1554.684,7.349027589,294.5942,292.2260463678436,2.3681536321564067,False
0.865546229,1475.896,7.297020542,294.3514,291.9793669524419,2.372033047558091,False
0.865546229,1399.537,7.243896747,294.0934,291.8345015355924,2.2588984644075936,False
0.865546229,1324.378,7.188698194,293.815,291.4661082422256,2.3488917577744246,False
0.865546229,1249.867,7.130792425,293.5119,290.8356510278132,2.6762489721868405,False
0.865546229,1184.981,7.07748202,293.2231,290.340465381417,2.8826346185829834,False
0.865546229,1119.997,7.021081286,292.908,290.11432744093435,2.7936725590656692,False
0.865546229,1055.408,6.961682701,292.5659,289.89867618643706,2.6672238135629414,False
0.865546229,991.2271,6.898943671,292.1936,289.6186646040836,2.574935395916384,False
0.865546229,927.4972,6.832489776,291.788,289.1460229952303,2.6419770047697284,False
0.865546229,864.2668,6.761881517,291.3448,288.6372467291118,2.7075532708882406,False
0.865546229,801.5922,6.6866,290.8597,288.00740282512857,2.85229717487141,False
0.865546229,739.539,6.606027019,290.3269,287.36833599126214,2.9585640087378806,False
0.865546229,678.1846,6.519419522,289.7401,286.6964304066126,3.043669593387392,False
0.865546229,617.621,6.425875001,289.0914,286.0726003348616,3.018799665138431,False
0.865546229,557.958,6.324283691,288.3711,285.1203507895566,3.2507492104434164,False
0.865546229,499.3286,6.213264396,287.5676,284.02116594398797,3.5464340560120604,False
0.865546229,441.8947,6.091071618,286.6664,282.84480368102436,3.8215963189756508,False
0.865546229,385.8558,5.955463725,285.649,281.74953828217247,3.899461717827535,False
0.865546229,331.4603,5.803508044,284.4924,280.6306613749846,3.8617386250153913,False
0.865546229,279.0204,5.631284897,283.1667,279.59573516481106,3.5709648351889314,False
0.865546229,228.933,5.433429384,281.6328,278.55010071735444,3.0826992826455353,False
0.865546229,181.7065,5.202392748,279.8395,276.60466981255655,3.2348301874434355,False
0.865546229,137.9942,4.927211655,277.7181,273.70855605075917,4.009543949240822,False
0.865546229,98.6308,4.591383586,275.1763,273.1905949286939,1.9857050713061426,False
0.865546229,79.85525,4.380215621,273.6156,271.43642070584303,2.1791792941569383,False
0.865546229,74.53891,4.311321271,273.1138,269.23529979215584,3.8785002078441835,False
0.865546229,74.53891,4.311321271,273.1138,269.23529979215584,3.8785002078441835,False
0.865546229,73.88584,4.302521199,272.9543,268.870573840764,4.083726159235994,False
0.865546229,73.66424,4.299517471,272.8839,268.74322600615017,4.140673993849816,False
0.865546229,73.2276,4.293572399,272.7445,268.5472294921091,4.197270507890892,False
0.865546229,72.36158,4.281675496,272.466,268.15194900306545,4.314050996934554,False
0.865546229,70.65821,4.257854309,271.9099,267.19573885192654,4.714161148073458,False
0.865546229,67.36335,4.210101101,270.8013,265.3329553324008,5.46834466759924,False
0.865546229,61.20002,4.114147516,268.5986,261.689019183685,6.909580816314985,False
0.865546229,50.42152,3.920418068,264.2512,255.00745305138673,9.24374694861325,False
0.865546229,41.38835,3.72299944,259.9552,249.0734191103417,10.881780889658302,False
0.865546229,33.76463,3.519413805,255.6627,244.12086295578447,11.541837044215526,False
0.865546229,27.3664,3.309315984,251.3747,239.9744460471891,11.400253952810885,False
0.865546229,22.02746,3.092289857,247.0913,236.51862643622042,10.572673563779574,False
0.865546229,17.59994,2.867895493,242.8125,233.65200039801783,9.160499601982167,False
0.865546229,13.95263,2.635668021,238.5382,231.2879663270479,7.250233672952078,False
0.863260746,2647.555,7.881391852,296.2776,295.7584707814488,0.5191292185511998,False
0.863260746,2578.802,7.855080229,296.1433,295.49898236163807,0.6443176383619402,False
0.863260746,2510.05,7.828057952,296.0065,295.20823534941303,0.7982646505869866,False
0.863260746,2441.395,7.800324876,295.8673,294.91773754243536,0.9495624575646389,False
0.863260746,2372.84,7.771842829,295.7255,294.6935256644132,1.031974335586824,False
0.863260746,2304.391,7.742571712,295.5809,294.4760529104577,1.104847089542261,False
0.863260746,2236.053,7.712467537,295.4333,294.28847015958104,1.1448298404189359,False
0.863260746,2167.831,7.681482407,295.2826,294.14996641221916,1.1326335877808447,False
0.863260746,2099.733,7.649565473,295.1285,294.07421565834136,1.0542843416586152,False
0.863260746,2031.766,7.616660645,294.9708,293.98432914058844,0.9864708594115541,False
0.863260746,1963.937,7.582706411,294.8091,293.8695829709774,0.9395170290226247,False
0.863260746,1896.255,7.547636167,294.6431,293.71741575606507,0.9256842439349384,False
0.863260746,1828.729,7.511376469,294.4725,293.6319875984377,0.8405124015623073,False
0.863260746,1761.369,7.473846627,294.2967,293.511421566266,0.7852784337339926,False
0.863260746,1761.369,7.473846627,294.2967,293.511421566266,0.7852784337339926,False
0.863260746,1759.228,7.472630355,294.2918,293.49730586861784,0.7944941313821801,False
0.863260746,1758.119,7.471999767,294.2894,293.490609597854,0.7987904021459826,False
0.863260746,1755.889,7.47073056,294.2844,293.473866157104,0.8105338428960067,False
0.863260746,1751.411,7.468177028,294.2743,293.43911810088434,0.8351818991156392,False
0.863260746,1742.384,7.463009569,294.2539,293.36966993886216,0.8842300611378278,False
0.863260746,1724.071,7.452443634,294.212,293.2327381234343,0.9792618765657153,False
0.863260746,1686.549,7.430439708,294.1234,293.00129652986567,1.1221034701343342,False
0.863260746,1608.777,7.383229542,293.9276,292.48134336927643,1.4462566307235534,False
0.863260746,1531.295,7.333869062,293.7144,292.11235312239023,1.60204687760978,False
0.863260746,1455.439,7.283062852,293.4857,291.9771768649903,1.508523135009682,False
0.863260746,1380.459,7.230171332,293.2376,291.7657223017131,1.471877698286903,False
0.863260746,1305.894,7.174643143,292.9663,291.3108240974989,1.6554759025011094,False
0.863260746,1240.716,7.123443911,292.7065,290.7655540078667,1.9409459921333223,False
0.863260746,1175.441,7.069398675,292.4224,290.29569140228614,2.1267085977138436,False
0.863260746,1110.532,7.012594459,292.1133,290.08986675398506,2.0234332460149176,False
0.863260746,1045.999,6.952727689,291.7763,289.85834802409425,1.917951975905737,False
0.863260746,981.8808,6.889469916,291.4083,289.5680010650365,1.8402989349634709,False
0.863260746,918.2207,6.822437776,291.0057,289.06817434355037,1.9375256564496226,False
0.863260746,855.0679,6.751180881,290.5642,288.5591966380325,2.0050033619675105,False
0.863260746,792.4798,6.675167016,290.0789,287.9093127979111,2.1695872020888487,False
0.863260746,730.5236,6.593761537,289.5439,287.27330273793143,2.270597262068577,False
0.863260746,669.2787,6.506200565,288.9524,286.60287404302903,2.3495259569709788,False
0.863260746,608.8394,6.411554522,288.2958,285.96114510632,2.3346548936800104,False
0.863260746,549.3186,6.308678601,287.5642,284.97681998796736,2.5873800120326678,False
0.863260746,490.8531,6.196144898,286.7451,283.8464329478568,2.898667052143196,False
0.863260746,433.6097,6.072144821,285.8231,282.68968351068287,3.133416489317142,False
0.863260746,377.7942,5.934349603,284.7788,281.57546059534496,3.2033394046550256,False
0.863260746,323.6633,5.779703778,283.5878,280.47866617721724,3.1091338227827805,False
0.863260746,271.5402,5.604110195,282.2184,279.44530901124824,2.7730909887517328,False
0.863260746,221.8363,5.401939722,280.6296,278.3875295890458,2.2420704109541703,False
0.863260746,175.0789,5.165236729,278.7666,276.1795132955052,2.587086704494766,False
0.863260746,131.9456,4.882389716,276.5565,273.6288587234461,2.9276412765539135,False
0.863260746,93.30004,4.535820537,273.9005,273.0681031023275,0.8323968976725382,False
0.863260746,83.62307,4.426319439,273.0776,272.34059286787004,0.7370071321299747,False
0.863260746,83.24821,4.421826627,273.044,272.26068688537384,0.7833131146261394,False
0.863260746,83.24821,4.421826627,273.044,272.26068688537384,0.7833131146261394,False
0.863260746,82.60968,4.414126865,272.8793,272.13419114258306,0.7451088574169376,False
0.863260746,82.36462,4.411155976,272.8093,272.07801220315923,0.7312877968407747,False
0.863260746,81.8786,4.405237662,272.6699,271.98157147552985,0.6883285244701369,False
0.863260746,80.91461,4.393394401,272.3914,271.77717522521294,0.6142247747870329,False
0.863260746,79.01839,4.36968061,271.8353,271.19938603516425,0.6359139648357655,False
0.863260746,75.34997,4.322143527,270.7267,269.63867521017926,1.0880247898207358,False
0.863260746,68.48584,4.226627009,268.5238,265.9700293242362,2.553770675763815,False
0.863260746,56.47459,4.033790802,264.1758,258.82195828374927,5.353841716250713,False
0.863260746,46.40031,3.83730614,259.879,252.32519727856638,7.553802721433641,False
0.863260746,37.89113,3.634717048,255.5857,246.8002597641161,8.785440235883897,False
0.863260746,30.74361,3.425682168,251.297,242.16205247863851,9.134947521361482,False
0.863260746,24.77388,3.209789872,247.0129,238.2962005714416,8.7166994285584,False
0.863260746,19.81831,2.986606258,242.7333,235.0885885877677,7.644711412232311,False
0.863260746,15.73161,2.755672064,238.4583,232.44140488649555,6.016895113504461,False
0.85224792,2667.651,7.888953589,296.2095,295.8269163800453,0.38258361995468704,False
0.85224792,2598.872,7.862832784,296.0756,295.579888623713,0.49571137628703354,False
0.85224792,2530.092,7.836010945,295.9392,295.29654770400697,0.6426522959930594,False
0.85224792,2461.409,7.808489229,295.8005,294.99920736452765,0.8012926354723504,False
0.85224792,2392.825,7.780229955,295.6593,294.7540253484767,0.905274651523257,False
0.85224792,2324.344,7.751193128,295.5155,294.54012070023714,0.9753792997628352,False
0.85224792,2255.973,7.721336644,295.3688,294.33721546411255,1.0315845358874753,False
0.85224792,2187.717,7.690613813,295.2191,294.1837127506933,1.0353872493067229,False
0.85224792,2119.582,7.658974178,295.0661,294.0918981402927,0.974201859707307,False
0.85224792,2051.576,7.626363557,294.9096,294.0110903033328,0.8985096966671904,False
0.85224792,1983.706,7.592722091,294.7493,293.90901240244284,0.8402875975571646,False
0.85224792,1915.98,7.55798452,294.5847,293.7763608225435,0.808339177456503,False
0.85224792,1848.407,7.522079466,294.4154,293.6217813180406,0.7936186819594013,False
0.85224792,1780.997,7.484928599,294.2407,293.6010033033761,0.6396966966239006,False
0.85224792,1747.056,7.465687365,294.1504,293.40630407930337,0.7440959206966227,False
0.85224792,1744.878,7.464439918,294.1446,293.38901945078345,0.7555805492165746,False
0.85224792,1743.77,7.463804715,294.1416,293.3804865265513,0.7611134734486882,False
0.85224792,1743.77,7.463804715,294.1416,293.3804865265513,0.7611134734486882,False
0.85224792,1741.551,7.462531374,294.1362,293.36323133619106,0.7729686638089106,False
0.85224792,1740.442,7.461894383,294.1336,293.3547739033785,0.7788260966215148,False
0.85224792,1738.219,7.460616305,294.1284,293.33814814469906,0.7902518553009372,False
0.85224792,1733.766,7.4580512,294.1178,293.30476563789426,0.813034362105725,False
0.85224792,1724.838,7.452888412,294.0964,293.23836076185125,0.8580392381487627,False
0.85224792,1706.889,7.442427694,294.0529,293.1173706842478,0.9355293157522055,False
0.85224792,1670.645,7.420965058,293.9625,292.9005697076727,1.061930292327304,False
0.85224792,1596.872,7.375801995,293.7669,292.42427861706096,1.3426213829390576,False
0.85224792,1522.982,7.328425534,293.5538,292.0793261267773,1.4744738732227347,False
0.85224792,1449.291,7.27882975,293.3219,291.97142272366,1.3504772763400297,False
0.85224792,1383.418,7.232312528,293.0962,291.7765917420307,1.3196082579693211,False
0.85224792,1317.494,7.183486726,292.8508,291.41035712019357,1.440442879806426,False
0.85224792,1251.87,7.132393712,292.5849,290.8523038777272,1.7325961222728097,False
0.85224792,1186.559,7.078812801,292.296,290.3503883501417,1.9456116498582787,False
0.85224792,1121.587,7.022499926,291.9819,290.11711501553106,1.8647849844689404,False
0.85224792,1056.987,6.963177687,291.6398,289.9037886170724,1.736011382927586,False
0.85224792,992.7955,6.900524701,291.2664,289.62793409099083,1.6384659090091418,False
0.85224792,929.054,6.834166864,290.8582,289.159075901233,1.6991240987670153,False
0.85224792,865.8107,6.763666293,290.4109,288.6494310424982,1.7614689575018474,False
0.85224792,803.1217,6.688506259,289.9197,288.0242492384428,1.8954507615571856,False
0.85224792,741.0524,6.608071338,289.3788,287.38403573761957,1.9947642623804427,False
0.85224792,679.6799,6.521621952,288.7814,286.7112921011587,2.070107898841343,False
0.85224792,619.0956,6.428259703,288.1194,286.0919974396068,2.0274025603931705,False
0.85224792,559.4091,6.326881048,287.3827,285.14565789452183,2.2370421054781673,False
0.85224792,500.7525,6.216111967,286.5594,284.0504132143155,2.508986785684499,False
0.85224792,443.2871,6.094217641,285.6344,282.87293258267385,2.7614674173261733,False
0.85224792,387.2113,5.958970539,284.5891,281.7789334284127,2.810166571587274,False
0.85224792,332.772,5.807457571,283.3998,280.65494584820004,2.7448541517999843,False
0.85224792,280.2798,5.63578839,282.036,279.6228458122684,2.4131541877316067,False
0.85224792,230.1292,5.43864089,280.4579,278.5759179117816,1.8819820882184217,False
0.85224792,182.8254,5.208531599,278.6131,276.67291062358584,1.9401893764141391,False
0.85224792,139.0178,4.934601982,276.4309,273.7322018740114,2.698698125988585,False
0.85224792,99.53614,4.600520794,273.8159,273.20671158306885,0.609188416931147,False
0.85224792,94.4477,4.548046242,273.4115,273.1001159813191,0.31138401868088295,False
0.85224792,91.27166,4.513840334,273.1489,273.0057376231281,0.1431623768719419,False
0.85224792,90.46274,4.504938053,273.0807,272.97731591495847,0.10338408504151175,False
0.85224792,90.05198,4.500387059,273.0459,272.963978772301,0.08192122769901289,False
0.85224792,90.05198,4.500387059,273.0459,272.963978772301,0.08192122769901289,False
0.85224792,89.35445,4.492611045,272.8789,272.9338591683914,0.05495916839140591,False
0.85224792,89.09053,4.489653044,272.8088,272.93075289337463,0.1219528933746119,False
0.85224792,88.56749,4.48376486,272.6695,272.8917783969249,0.22227839692487805,False
0.85224792,87.53002,4.47198182,272.391,272.82217876246466,0.43117876246463993,False
0.85224792,85.48908,4.448388648,271.8349,272.62195261067313,0.787052610673129,False
0.85224792,81.54,4.401093697,270.7262,271.8975014719088,1.171301471908805,False
0.85224792,74.14817,4.306065389,268.5235,269.0155366731637,0.4920366731636818,False
0.85224792,61.20459,4.114222187,264.1756,261.6915921435134,2.484007856486585,False
0.85224792,50.33785,3.918757279,259.8789,254.9537355688113,4.925164431188676,False
0.85224792,41.15017,3.717228058,255.5858,248.91857371754088,6.667226282459126,False
0.85224792,33.42481,3.509298439,251.2971,243.90041164293422,7.396688357065784,False
0.85224792,26.96561,3.29456235,247.013,239.7149517928772,7.298048207122804,False
0.85224792,21.59779,3.072590995,242.7334,236.24051581486546,6.492884185134528,False
0.85224792,17.16601,2.842931266,238.4583,233.37089446479317,5.087405535206841,False
0.806715049,13.53262,2.605103067,234.188,231.01552519364793,3.1724748063520565,False
0.806715049,2639.683,7.878414113,294.8364,295.73080866554244,0.8944086655424144,False
0.806715049,2570.941,7.852027259,294.7014,295.4671804516223,0.7657804516223337,False
0.806715049,2502.199,7.824925224,294.564,295.1728814575737,0.6088814575736592,False
0.806715049,2433.555,7.79710843,294.4242,294.8903056416532,0.46610564165320056,False
0.806715049,2365.012,7.768538375,294.2818,294.66965823845004,0.3878582384500646,False
0.806715049,2296.575,7.739174162,294.1367,294.45183756475654,0.315137564756526,False
0.806715049,2228.25,7.708971803,293.9886,294.27129772957744,0.28269772957742134,False
0.806715049,2160.042,7.677882945,293.8373,294.13853439848265,0.30123439848262024,False
0.806715049,2091.959,7.645856227,293.6825,294.0651750623713,0.3826750623712769,False
0.806715049,2024.007,7.612834489,293.5239,293.9765914920747,0.4526914920746776,False
0.806715049,1956.195,7.578756539,293.3611,293.85530758396806,0.4942075839680342,False
0.806715049,1888.53,7.543554028,293.1936,293.68697025619076,0.493370256190758,False
0.806715049,1821.022,7.507153161,293.0208,293.6421550296931,0.6213550296930634,False
0.806715049,1753.682,7.469472857,292.842,293.4561197206873,0.614119720687313,False
0.806715049,1719.772,7.449947003,292.7492,293.2019287488401,0.4527287488401157,False
0.806715049,1702.439,7.439817208,292.7011,293.08953569165124,0.3884356916512388,False
0.806715049,1702.439,7.439817208,292.7011,293.08953569165124,0.3884356916512388,False
0.806715049,1700.242,7.438525873,292.6954,293.0754021537975,0.38000215379747715,False
0.806715049,1699.134,7.437873988,292.6926,293.07031017753934,0.37771017753931346,False
0.806715049,1696.912,7.436565408,292.687,293.0601994437724,0.37319944377236425,False
0.806715049,1692.466,7.433941916,292.6757,293.0350605553077,0.3593605553077168,False
0.806715049,1683.555,7.428662908,292.653,292.98427718607206,0.33127718607204315,False
0.806715049,1665.667,7.417980923,292.6066,292.8652933277834,0.2586933277833623,False
0.806715049,1629.618,7.396100911,292.5104,292.60076123826644,0.09036123826643916,False
0.806715049,1556.379,7.350117248,292.3027,292.2359491889427,0.06675081105731806,False
0.806715049,1490.07,7.306578378,292.099,291.99420123124827,0.10479876875172067,False
0.806715049,1423.732,7.261036872,291.8784,291.92013286926675,0.04173286926675246,False
0.806715049,1357.658,7.213516435,291.6401,291.67747236523275,0.037372365232727134,False
0.806715049,1291.856,7.163835223,291.3822,291.1837856849538,0.19841431504619322,False
0.806715049,1226.351,7.111798372,291.1026,290.64964362914924,0.4529563708507567,False
0.806715049,1161.168,7.057181674,290.7989,290.2349181464663,0.5639818535336758,False
0.806715049,1096.337,6.999729902,290.4686,290.05141873987907,0.4171812601209126,False
0.806715049,1031.892,6.939149289,290.1087,289.79948034589637,0.3092196541036287,False
0.806715049,967.8711,6.875098917,289.716,289.4781288336671,0.2378711663329227,False
0.806715049,904.3178,6.807180847,289.2864,288.95372268220274,0.33267731779727683,False
0.806715049,841.2837,6.73492894,288.8156,288.4324791554052,0.38312084459482776,False
0.806715049,778.828,6.657790226,288.2983,287.76836244903905,0.5299375509609376,False
0.806715049,717.0207,6.57510471,287.7284,287.12764856345416,0.6007514365458633,False
0.806715049,655.9439,6.486075267,287.0983,286.47234157021006,0.6259584297899323,False
0.806715049,595.6957,6.389729966,286.3994,285.7494080745136,0.6499919254864039,False
0.806715049,536.3939,6.284868779,285.6207,284.74669848715104,0.8740015128489631,False
0.806715049,478.181,6.169989322,284.7491,283.5842735032196,1.1648264967803925,False
0.806715049,421.2317,6.043183039,283.768,282.46344512375197,1.3045548762480053,False
0.806715049,365.7619,5.901982575,282.6566,281.309761088405,1.3468389115950004,False
0.806715049,312.0412,5.74313523,281.3882,280.2516202836988,1.1365797163011848,False
0.806715049,260.4102,5.56225808,279.9284,279.228442156881,0.699957843119023,False
0.806715049,211.303,5.353293122,278.2316,278.13248998111254,0.0991100188874725,False
0.806715049,165.2768,5.107621644,276.237,275.4735997305764,0.7634002694236415,False
0.806715049,123.0472,4.812568022,273.8626,273.4410292112599,0.4215707887400981,False
0.806715049,112.3502,4.721620779,273.1386,273.28771732408467,0.1491173240846706,False
0.806715049,110.7352,4.707141766,273.0238,273.286373507844,0.26257350784402433,False
0.806715049,110.3051,4.703250163,272.9929,273.2870922598691,0.29419225986907804,False
0.806715049,110.3051,4.703250163,272.9929,273.2870922598691,0.29419225986907804,False
0.806715049,109.4944,4.695873406,272.8361,273.2866079076659,0.45050790766589444,False
0.806715049,109.1715,4.69292004,272.7658,273.2868012117848,0.5210012117847782,False
0.806715049,108.5339,4.687062567,272.6264,273.2870547736548,0.6606547736548123,False
0.806715049,107.2692,4.675341563,272.3479,273.28608222987947,0.9381822298794873,False
0.806715049,104.7809,4.651871503,271.7918,273.2719503859553,1.4801503859552554,False
0.806715049,99.9655,4.604825126,270.6831,273.2150978624925,2.53199786249246,False
0.806715049,90.94903,4.51029924,268.48,272.99116711156523,4.511167111565214,False
0.806715049,75.14968,4.319481858,264.1308,269.56020692053875,5.4294069205387245,False
0.806715049,61.87369,4.125095049,259.8325,262.08434787200014,2.2518478720001553,False
0.806715049,50.63931,3.924728152,255.5377,255.15189819362013,0.3858018063798738,False
0.806715049,41.18392,3.718047889,251.2473,248.94051519643287,2.306784803567126,False
0.806715049,33.26987,3.504652183,246.9613,243.79990788552078,3.161392114479213,False
0.806715049,26.68541,3.284116974,242.6798,239.53354680504998,3.1462531949500203,False
0.806715049,21.24226,3.055992594,238.4028,236.01038673255155,2.392413267448461,False
0.806715049,16.77362,2.819807414,234.1304,233.1166682976972,1.013731702302806,False
0.806715049,13.13207,2.57505733,229.8627,230.75566376969283,0.892963769692841,False
0.713362403,2688.862,7.896873335,295.2965,295.8997482937526,0.6032482937526424,False
0.713362403,2620.054,7.870950207,295.1603,295.6603134469595,0.5000134469594855,False
0.713362403,2551.247,7.844337538,295.0214,295.38641355001283,0.36501355001280444,False
0.713362403,2482.534,7.817035092,294.8801,295.0874741993034,0.20737419930338774,False
0.713362403,2413.919,7.789006847,294.7361,294.82156374254515,0.08546374254513012,False
0.713362403,2345.406,7.7602138,294.5891,294.60870023833496,0.019600238334987807,False
0.713362403,2277.0,7.730614066,294.439,294.39488352309564,0.04411647690437803,False
0.713362403,2208.708,7.700163008,294.2855,294.2286216659657,0.056878334034308864,False
0.713362403,2140.535,7.668811077,294.1283,294.1128872716648,0.015412728335206793,False
0.713362403,2072.489,7.636505579,293.9669,294.03666963498466,0.06976963498465238,False
0.713362403,2004.576,7.603187846,293.8009,293.9387342565157,0.1378342565157027,False
0.713362403,1936.805,7.568794987,293.6298,293.824727730708,0.1949277307080024,False
0.713362403,1869.184,7.533257251,293.453,293.62585068984004,0.17285068984006102,False
0.713362403,1801.723,7.496498708,293.2697,293.6458256741854,0.37612567418540266,False
0.713362403,1734.432,7.458435261,293.079,293.30969888740094,0.23069888740093347,False
0.713362403,1700.547,7.438705243,292.9796,293.07682174795923,0.09722174795922456,False
0.713362403,1683.222,7.428465093,292.9279,292.98203668339215,0.05413668339213018,False
0.713362403,1674.458,7.42324481,292.9015,292.9259111623659,0.02441116236587959,False
0.713362403,1672.252,7.4219265,292.8948,292.9114294853809,0.016629485380917686,False
0.713362403,1672.252,7.4219265,292.8948,292.9114294853809,0.016629485380917686,False
0.713362403,1670.037,7.420601061,292.8885,292.8964034371581,0.007903437158063298,False
0.713362403,1668.929,7.419937382,292.8854,292.8887608911308,0.0033608911307965172,False
0.713362403,1666.714,7.418609302,292.8791,292.8728393364526,0.006260663547379863,False
0.713362403,1662.289,7.415950847,292.8665,292.8402052701996,0.02629472980038372,False
0.713362403,1653.463,7.410627155,292.8413,292.77478595249175,0.06651404750823531,False
0.713362403,1635.905,7.399951447,292.7903,292.64404308396325,0.14625691603674795,False
0.713362403,1601.17,7.378489891,292.6868,292.4440113631682,0.24278863683178997,False
0.713362403,1533.203,7.33511429,292.4726,292.1197878187199,0.3528121812801146,False
0.713362403,1466.772,7.290819347,292.2471,291.9773409375765,0.2697590624234749,False
0.713362403,1400.528,7.244604587,292.0044,291.83818870558036,0.16621129441961102,False
0.713362403,1334.547,7.196347187,291.743,291.54038178648466,0.20261821351533627,False
0.713362403,1268.846,7.145863105,291.4609,290.9849165396352,0.47598346036477324,False
0.713362403,1203.451,7.092948542,291.1559,290.4708616646431,0.6850383353568645,False
0.713362403,1138.388,7.037368506,290.8256,290.15708619380257,0.6685138061974385,False
0.713362403,1073.689,6.978855661,290.4673,289.97099660986834,0.49630339013168623,False
0.713362403,1009.388,6.917099486,290.0779,289.7007926108317,0.3771073891683159,False
0.713362403,945.5251,6.851740435,289.6538,289.2970844721683,0.3567155278316818,False
0.713362403,882.1477,6.782359502,289.1909,288.77438084036174,0.4165191596382556,False
0.713362403,819.3093,6.708461668,288.6845,288.20251503429034,0.4819849657096711,False
0.713362403,757.0725,6.629459022,288.1291,287.5476367027941,0.5814632972059144,False
0.713362403,695.5112,6.544647115,287.5179,286.8872061736021,0.6306938263978736,False
0.713362403,634.713,6.453172928,286.8431,286.2653638552552,0.5777361447447902,False
0.713362403,574.7822,6.353991186,286.0952,285.3966840956846,0.6985159043153999,False
0.713362403,515.8446,6.245805557,285.2626,284.35704345029234,0.9055565497076827,False
0.713362403,458.0531,6.126985116,284.3308,283.1684816983495,1.1623183016504868,False
0.713362403,401.5957,5.995445861,283.282,282.080485719489,1.2015142805109917,False
0.713362403,346.7054,5.848475428,282.0933,280.92609851727866,1.1672014827213388,False
0.713362403,293.6746,5.682472352,280.7356,279.8942083287766,0.8413916712233913,False
0.713362403,242.8737,5.492541555,279.1707,278.8625211782155,0.3081788217845087,False
0.713362403,194.7764,5.271852234,277.3481,277.3559792203396,0.00787922033958921,False
0.713362403,149.991,5.010575292,275.1999,274.24128638911674,0.9586136108832761,False
0.713362403,128.0377,4.852324752,273.9106,273.5662544644635,0.3443455355364904,False
0.713362403,116.0157,4.753725527,273.1137,273.3200586920191,0.20635869201908008,False
0.713362403,115.2051,4.746714018,273.0572,273.3085166523213,0.2513166523212931,False
0.713362403,115.2051,4.746714018,273.0572,273.3085166523213,0.2513166523212931,False
0.713362403,114.2858,4.738702329,272.9043,273.29994172254163,0.3956417225416544,False
0.713362403,113.9464,4.735728162,272.8332,273.2962397828425,0.463039782842543,False
0.713362403,113.2837,4.729895292,272.6938,273.2902674498562,0.5964674498561635,False
0.713362403,111.9691,4.71822294,272.4153,273.2871295653451,0.8718295653450809,False
0.713362403,109.3827,4.694852742,271.8592,273.28674380587387,1.4275438058738814,False
0.713362403,104.3765,4.648004554,270.7505,273.26876171897965,2.518261718979659,False
0.713362403,95.00029,4.553879944,268.5476,273.1143207279182,4.566720727918209,False
0.713362403,78.56118,4.363877684,264.1991,271.0609252018351,6.861825201835131,False
0.713362403,64.73626,4.170321477,259.9016,263.7847842390197,3.8831842390197266,False
0.713362403,53.02721,3.970805178,255.6075,256.6859614050904,1.078461405090394,False
0.713362403,43.16376,3.765001254,251.3177,250.22746810218896,1.0902318978110372,False
0.713362403,34.90093,3.552513476,247.0323,244.85824565576166,2.1740543442383284,False
0.713362403,28.02011,3.332922467,242.7514,240.39774449126855,2.3536555087314355,False
0.713362403,22.32673,3.105784615,238.4748,236.71232954223413,1.7624704577658576,False
0.713362403,17.64817,2.870632095,234.2028,233.68324235577742,0.5195576442225729,False
0.713362403,13.83176,2.626967397,229.9355,231.20956823656746,1.274068236567473,False
0.735715567,2468.812,7.811492342,294.4365,295.02857547963873,0.5920754796387087,False
0.735715567,2400.317,7.783356091,294.2914,294.77695984365096,0.48555984365094673,False
0.735715567,2331.822,7.754405215,294.1429,294.56408769681053,0.42118769681053436,False
0.735715567,2263.438,7.724640175,293.9911,294.3571420676289,0.36604206762888225,False
0.735715567,2195.169,7.694014316,293.8357,294.1989807105773,0.36328071057732814,False
0.735715567,2127.021,7.662477688,293.6763,294.0981579981728,0.4218579981727544,False
0.735715567,2059.001,7.629976193,293.5125,294.01999527826786,0.5074952782678679,False
0.735715567,1991.115,7.596450062,293.3438,293.91856225721665,0.574762257216662,False
0.735715567,1923.373,7.561835695,293.1698,293.79781038357453,0.6280103835745194,False
0.735715567,1855.783,7.526061988,292.9896,293.6230494944218,0.633449494421825,False
0.735715567,1788.355,7.489051482,292.8026,293.62767686043907,0.8250768604390828,False
0.735715567,1721.099,7.450718319,292.6078,293.2115747762412,0.6037747762412096,False
0.735715567,1654.028,7.410968804,292.4042,292.7790800377023,0.37488003770226896,False
0.735715567,1587.153,7.369697124,292.1906,292.38110383276165,0.1905038327616353,False
0.735715567,1520.489,7.326787273,291.9655,292.07104649539394,0.10554649539392358,False
0.735715567,1486.899,7.304448022,291.8469,291.9905227901,0.14362279009998247,False
0.735715567,1478.264,7.298623705,291.8158,291.98147761675,0.16567761674997428,False
0.735715567,1476.066,7.29713572,291.8079,291.9793882671871,0.17148826718710097,False
0.735715567,1476.066,7.29713572,291.8079,291.9793882671871,0.17148826718710097,False
0.735715567,1473.857,7.295638053,291.8001,291.97831599548743,0.1782159954874487,False
0.735715567,1472.753,7.294888717,291.7963,291.9778383520114,0.18153835201144375,False
0.735715567,1470.544,7.293387679,291.7885,291.9774619369255,0.18896193692552288,False
0.735715567,1466.133,7.290383601,291.773,291.9773711358356,0.2043711358355722,False
0.735715567,1457.338,7.284366763,291.7419,291.97753473054144,0.2356347305414488,False
0.735715567,1439.854,7.272296999,291.679,291.9623894726176,0.28338947261761405,False
0.735715567,1405.313,7.248015333,291.551,291.856303846678,0.3053038466779867,False
0.735715567,1337.928,7.198877428,291.2856,291.5674821506922,0.2818821506921836,False
0.735715567,1272.275,7.148561916,291.0051,291.01431785935114,0.009217859351110747,False
0.735715567,1206.86,7.095777224,290.7015,290.49657870290736,0.20492129709265328,False
0.735715567,1141.779,7.040342851,290.3727,290.16749872714865,0.2052012728513546,False
0.735715567,1077.06,6.981990386,290.0158,289.98488402988124,0.030915970118769565,False
0.735715567,1012.737,6.920411846,289.6277,289.7137553082063,0.08605530820631202,False
0.735715567,948.8505,6.855251252,289.2049,289.32674087284647,0.12184087284646239,False
0.735715567,885.4465,6.786092038,288.7432,288.8017761241107,0.05857612411068658,False
0.735715567,822.5783,6.712443676,288.2379,288.2379908790066,9.08790065636822e-05,False
0.735715567,760.3084,6.63372414,287.6833,287.5794713077192,0.10382869228078562,False
0.735715567,698.7098,6.549235492,287.073,286.92360019863605,0.14939980136392705,False
0.735715567,637.8693,6.458133403,286.399,286.29982484608985,0.09917515391015286,False
0.735715567,577.8903,6.359384058,285.6518,285.45189810898887,0.199901891011109,False
0.735715567,518.8972,6.25170579,284.82,284.4172980057627,0.40270199423730446,False
0.735715567,461.0416,6.133488278,283.8893,283.22927362059437,0.6600263794056218,False
0.735715567,404.5091,6.002674233,282.842,282.13985869407463,0.7021413059253518,False
0.735715567,349.5303,5.856590253,281.6555,280.98082280087954,0.674677199120481,False
0.735715567,296.3939,5.691689313,280.3011,279.94981052783515,0.35128947216486495,False
0.735715567,245.4658,5.50315763,278.7411,278.92320315737726,0.1821031573772416,False
0.735715567,197.2135,5.284286898,276.9258,277.4864992170376,0.5606992170376088,False
0.735715567,152.2374,5.025441145,274.7885,274.4278361795916,0.3606638204083765,False
0.735715567,130.1737,4.868869712,273.5073,273.6021778599863,0.09487785998629761,False
0.735715567,123.9865,4.820172689,273.1112,273.46414297777125,0.3529429777712494,False
0.735715567,122.2826,4.806334759,272.9989,273.42328191848173,0.42438191848174256,False
0.735715567,122.2826,4.806334759,272.9989,273.42328191848173,0.42438191848174256,False
0.735715567,121.4507,4.799508419,272.8478,273.4059788661833,0.5581788661833116,False
0.735715567,121.0979,4.796599309,272.7775,273.3993984734937,0.6218984734937294,False
0.735715567,120.4008,4.790826177,272.6381,273.38345015995935,0.7453501599593437,False
0.735715567,119.0178,4.779273062,272.3596,273.35584630168245,0.9962463016824472,False
0.735715567,116.2962,4.756140385,271.8035,273.3241535933723,1.5206535933722876,False
0.735715567,111.0262,4.709766209,270.6949,273.28635434398177,2.591454343981752,False
0.735715567,101.1479,4.616583802,268.4919,273.23261837086454,4.740718370864556,False
0.735715567,83.801,4.428444941,264.1432,272.36009302730696,8.21689302730698,False
0.735715567,69.18193,4.236739701,259.8454,266.3526022604059,6.507202260405904,False
0.735715567,56.77447,4.039086753,255.5509,259.00461685798757,3.4537168579875583,False
0.735715567,46.30084,3.835160103,251.2607,252.26099827585202,1.0002982758520034,False
0.735715567,37.5084,3.624564908,246.975,246.55158673878745,0.42341326121254497,False
0.735715567,30.17108,3.40688385,242.6936,241.79105496361404,0.9025450363859591,False
0.735715567,24.08706,3.181674767,238.4166,237.85166877842371,0.5649312215762734,False
0.735715567,19.07678,2.948471889,234.1441,234.6084691008361,0.4643691008360804,False
0.735715567,14.98093,2.706778059,229.8763,231.9547830309937,2.0784830309937092,False
0.700453166,2532.238,7.836858776,294.5508,295.3057962438852,0.7549962438852162,False
0.700453166,2463.647,7.809398051,294.4064,295.0078266535381,0.6014266535380557,False
0.700453166,2395.057,7.781162309,294.2588,294.7606919335485,0.5018919335485066,False
0.700453166,2326.573,7.752151648,294.1079,294.5474800119537,0.4395800119537512,False
0.700453166,2258.198,7.722322429,293.9534,294.34308197330654,0.3896819733065513,False
0.700453166,2189.938,7.691628512,293.795,294.18760549993584,0.3926054999358257,False
0.700453166,2121.799,7.660019593,293.6323,294.09240075219776,0.4601007521977749,False
0.700453166,2053.789,7.627441659,293.4649,294.0135635263444,0.5486635263443986,False
0.700453166,1985.914,7.593834541,293.2921,293.9121171156275,0.6200171156274905,False
0.700453166,1918.184,7.559134184,293.1134,293.78448376815345,0.6710837681534372,False
0.700453166,1850.606,7.523268432,292.9281,293.6212217874364,0.6931217874364393,False
0.700453166,1783.191,7.486159735,292.7353,293.60663046113984,0.8713304611398485,False
0.700453166,1715.948,7.447720977,292.5341,293.1746610856198,0.6405610856197654,False
0.700453166,1648.891,7.40785822,292.3234,292.74016550731926,0.4167655073192691,False
0.700453166,1582.032,7.366465376,292.1019,292.35855031831795,0.25665031831795204,False
0.700453166,1515.385,7.323424811,291.8683,292.0549357113944,0.18663571139444457,False
0.700453166,1448.966,7.278605478,291.621,291.9712241092598,0.35022410925984104,False
0.700453166,1444.738,7.275683269,291.6047,291.9666190642348,0.3619190642348258,False
0.700453166,1442.535,7.274157262,291.5962,291.9646801257793,0.36848012577928557,False
0.700453166,1442.527,7.274151716,291.5961,291.9646742985048,0.36857429850482504,False
0.700453166,1440.328,7.272626144,291.5879,291.9628118329377,0.37491183293769836,False
0.700453166,1439.224,7.271859358,291.5837,291.96069978066754,0.3769997806675178,False
0.700453166,1437.017,7.270324716,291.5753,291.9541407383842,0.3788407383841559,False
0.700453166,1432.608,7.267251838,291.5586,291.94050073732706,0.38190073732704377,False
0.700453166,1423.819,7.261097977,291.525,291.9205066280183,0.3955066280183246,False
0.700453166,1406.35,7.248752975,291.4572,291.8604727233843,0.40327272338430475,False
0.700453166,1371.848,7.223914015,291.3191,291.73355656707304,0.4144565670730458,False
0.700453166,1304.577,7.173634129,291.0335,291.2987244896564,0.2652244896564184,False
0.700453166,1239.076,7.12212122,290.7321,290.75246055174586,0.020360551745852717,False
0.700453166,1173.826,7.068023778,290.4063,290.2867152170536,0.11958478294639008,False
0.700453166,1108.924,7.011145455,290.0539,290.0852893157653,0.03138931576529558,False
0.700453166,1044.401,6.951198794,289.6718,289.8498527288823,0.1780527288822782,False
0.700453166,980.2942,6.887852731,289.2566,289.5600743488154,0.3034743488154277,False
0.700453166,916.6461,6.820721465,288.8046,289.05517100804565,0.2505710080456538,False
0.700453166,853.5066,6.749353275,288.3113,288.5449702014812,0.2336702014811749,False
0.700453166,790.9333,6.673213641,287.7716,287.89303664643785,0.12143664643787133,False
0.700453166,728.9937,6.59166509,287.1792,287.25715786419,0.0779578641900116,False
0.700453166,667.7676,6.503940209,286.5271,286.5872530171782,0.060153017178208756,False
0.700453166,607.3497,6.409104737,285.8066,285.941969342403,0.1353693424030098,False
0.700453166,547.8534,6.306007733,285.0071,284.95095731960663,0.05614268039335002,False
0.700453166,489.416,6.193212844,284.1158,283.8173637700723,0.29843622992768815,False
0.700453166,432.2054,6.068900938,283.1167,282.66381689946286,0.45288310053712166,False
0.700453166,376.4284,5.930727857,281.9897,281.54431474715517,0.44538525284485786,False
0.700453166,322.3431,5.775616506,280.7094,280.45340749981415,0.2559925001858687,False
0.700453166,270.2747,5.599438849,279.2424,279.4195817453116,0.17718174531160003,False
0.700453166,220.6371,5.39651927,277.5454,278.3581225178141,0.8127225178141089,False
0.700453166,173.9607,5.158829412,275.5603,276.1009583205726,0.5406583205726179,False
0.700453166,130.9275,4.874643735,273.2084,273.61509895395415,0.40669895395416233,False
0.700453166,128.107,4.852865852,273.0297,273.56745160760346,0.5377516076034681,False
0.700453166,128.107,4.852865852,273.0297,273.56745160760346,0.5377516076034681,False
0.700453166,127.2886,4.846456949,272.8809,273.55135303274625,0.6704530327462521,False
0.700453166,126.9197,4.843554603,272.811,273.5423312333629,0.7313312333629369,False
0.700453166,126.1873,4.837767311,272.6716,273.5221456346094,0.8505456346093752,False
0.700453166,124.7345,4.826187478,272.3931,273.4832086803117,1.0901086803116868,False
0.700453166,121.8755,4.803000032,271.837,273.41419938204507,1.5771993820450803,False
0.700453166,116.3402,4.756518658,270.7283,273.3242086769838,2.595908676983811,False
0.700453166,105.9667,4.663124894,268.5255,273.28052214531226,4.755022145312239,False
0.700453166,87.75792,4.474582115,264.1773,272.84405686992744,8.66675686992744,False
0.700453166,72.42058,4.282490513,259.88,268.18756691202026,8.307566912020263,False
0.700453166,59.40994,4.084461552,255.586,260.60467714346584,5.018677143465823,False
0.700453166,48.43265,3.880174173,251.2964,253.6915005842372,2.395100584237184,False
0.700453166,39.22198,3.669237304,247.011,247.66514087797782,0.6541408779778237,False
0.700453166,31.53942,3.451238192,242.73,242.67784397968512,0.0521560203148681,False
0.700453166,25.17216,3.225738622,238.4534,238.55398816328648,0.10058816328648845,False
0.700453166,19.93101,2.99227681,234.1812,235.16155253856826,0.980352538568269,False
0.700453166,15.64826,2.750359729,229.9137,232.38738052576286,2.473680525762859,False
0.646084272,2478.415,7.815374522,294.2807,295.06986876761164,0.7891687676116135,False
0.646084272,2409.905,7.787342607,294.1314,294.8082099535785,0.6768099535785268,False
0.646084272,2341.395,7.758502185,293.9784,294.5959775626037,0.6175775626036852,False
0.646084272,2272.996,7.728854064,293.8217,294.38366133882374,0.5619613388237212,False
0.646084272,2204.711,7.698351714,293.6609,294.2199440633212,0.5590440633211529,False
0.646084272,2136.545,7.666945317,293.4955,294.11050033177185,0.6150003317718529,False
0.646084272,2068.507,7.63458237,293.3252,294.0311840773601,0.7059840773600854,False
0.646084272,2000.602,7.601203414,293.1493,293.93309231172515,0.7837923117251648,False
0.646084272,1932.839,7.566745186,292.9673,293.8176737703622,0.8503737703621823,False
0.646084272,1865.228,7.531138577,292.7784,293.61935828116845,0.8409582811684686,False
0.646084272,1797.776,7.494305624,292.5819,293.6437728058624,1.0618728058623788,False
0.646084272,1730.496,7.456163352,292.3767,293.2805149110353,0.9038149110352833,False
0.646084272,1663.397,7.416617176,292.1618,292.8485691322877,0.6867691322876794,False
0.646084272,1596.494,7.375565254,291.936,292.42253918180586,0.48653918180588107,False
0.646084272,1529.8,7.332892287,291.698,292.1046136263469,0.4066136263469389,False
0.646084272,1463.33,7.288469939,291.4463,291.9777983561965,0.5314983561964937,False
0.646084272,1397.101,7.242154654,291.179,291.82548318034407,0.6464831803440916,False
0.646084272,1331.134,7.19378649,290.8944,291.5126378956317,0.6182378956316938,False
0.646084272,1326.93,7.190623282,290.8756,291.48299447793414,0.6073944779341218,False
0.646084272,1324.732,7.188965454,290.8657,291.4683410442888,0.6026410442888164,False
0.646084272,1323.631,7.188133997,290.8607,291.45880520478045,0.5981052047804383,False
0.646084272,1323.08,7.187717631,290.8582,291.45441690791057,0.5962169079105593,False
0.646084272,1323.08,7.187717631,290.8582,291.45441690791057,0.5962169079105593,False
0.646084272,1320.875,7.186049675,290.8484,291.4354455497784,0.5870455497783951,False
0.646084272,1319.774,7.185215789,290.8435,291.42871382149895,0.5852138214989395,False
0.646084272,1317.572,7.183545928,290.8337,291.4111245977037,0.5774245977036685,False
0.646084272,1313.174,7.180202386,290.814,291.3765795078364,0.5625795078364035,False
0.646084272,1304.409,7.173505344,290.7745,291.2972549196567,0.5227549196567338,False
0.646084272,1286.997,7.160066877,290.6947,291.14016699705587,0.4454669970558598,False
0.646084272,1252.648,7.13301499,290.5323,290.85827769604543,0.32597769604541327,False
0.646084272,1185.829,7.078197387,290.1963,290.34640368097723,0.15010368097722449,False
0.646084272,1120.935,7.021918437,289.8417,290.11579647040264,0.2740964704026396,False
0.646084272,1056.336,6.962561595,289.4576,289.90181352992175,0.4442135299217398,False
0.646084272,992.1487,6.899872995,289.041,289.62443536136425,0.583435361364252,False
0.646084272,928.412,6.8334756,288.5882,289.1536803315971,0.5654803315971435,False
0.646084272,865.174,6.762930643,288.0948,288.6442777761196,0.5494777761196019,False
0.646084272,802.491,6.68772064,287.5558,288.0172349099772,0.46143490997724257,False
0.646084272,740.4283,6.607228803,286.9652,287.3775708817162,0.41237088171624237,False
0.646084272,679.0632,6.520714201,286.316,286.70534363423354,0.389343634233569,False
0.646084272,618.4875,6.427276981,285.5999,286.08458705733875,0.4846870573387605,False
0.646084272,558.8107,6.325810775,284.8066,285.13441863230804,0.32781863230803765,False
0.646084272,500.1653,6.214938644,283.9237,284.038470365088,0.1147703650880203,False
0.646084272,442.7129,6.092921479,282.9358,282.86108628840236,0.0747137115976102,False
0.646084272,386.6522,5.957525581,281.8237,281.7671951888072,0.056504811192780835,False
0.646084272,332.2309,5.805830209,280.5628,280.64504066926605,0.08224066926607065,False
0.646084272,279.7603,5.633933165,279.1216,279.6119100430617,0.49031004306169734,False
0.646084272,229.6357,5.43649414,277.4584,278.56530864822696,1.1069086482269768,False
0.646084272,182.3638,5.206003593,275.518,276.64812057386774,1.1301205738677709,False
0.646084272,138.5954,4.931558897,273.2257,273.722101777868,0.496401777867959,False
0.646084272,135.7254,4.910633727,273.0523,273.66783838034127,0.6155383803412633,False
0.646084272,135.7254,4.910633727,273.0523,273.66783838034127,0.6155383803412633,False
0.646084272,134.7761,4.903614883,272.9086,273.655557222761,0.7469572227610115,False
0.646084272,134.3805,4.900675328,272.8376,273.6495788209431,0.8119788209430681,False
0.646084272,133.6072,4.894904152,272.6982,273.6408090282726,0.9426090282726136,False
0.646084272,132.0731,4.883355557,272.4197,273.6295570110957,1.2098570110957212,False
0.646084272,129.0541,4.860231696,271.8636,273.5856997450149,1.722099745014873,False
0.646084272,123.2085,4.813878042,270.755,273.4449952902923,2.689995290292302,False
0.646084272,112.2513,4.720740108,268.5522,273.2879378829602,4.735737882960166,False
0.646084272,93.01056,4.532713035,264.2043,273.0560488841867,8.85174888418669,False
0.646084272,76.79523,4.341142529,259.9074,270.3054269681535,10.398026968153488,False
0.646084272,63.03221,4.143645866,255.6138,262.7581328365319,7.144332836531902,False
0.646084272,51.41378,3.93990623,251.3243,255.65596872942945,4.3316687294294525,False
0.646084272,41.65981,3.729536875,247.0392,249.24989974539687,2.21069974539688,False
0.646084272,33.51953,3.512128254,242.7584,243.96185615480852,1.2034561548085208,False
0.646084272,26.76906,3.287246743,238.4819,239.58770184536004,1.1058018453600482,False
0.646084272,21.20918,3.054434107,234.2099,235.98897418560708,1.7790741856070724,False
0.646084272,16.66317,2.813200895,229.9424,233.04510320860854,3.1027032086085455,False
0.646084272,12.97504,2.563027512,225.6796,230.65377707941147,4.974177079411476,False
0.96008472,2835.926,7.950123794,295.5391,296.4231465676388,0.8840465676387907,False
0.96008472,2766.936,7.92549585,295.4142,296.17908491220635,0.7648849122063552,False
0.96008472,2697.945,7.900245651,295.2872,295.931289086535,0.6440890865350184,False
0.96008472,2629.041,7.87437442,295.1583,295.6941277839621,0.5358277839620769,False
0.96008472,2560.224,7.847850034,295.0273,295.4236839128223,0.39638391282227303,False
0.96008472,2491.499,7.820639816,294.8941,295.1268041065144,0.23270410651440443,False
0.96008472,2422.87,7.792708067,294.7585,294.851692565807,0.0931925658069872,False
0.96008472,2354.344,7.764017411,294.6205,294.63686215277,0.016362152770000193,False
0.96008472,2285.924,7.734525598,294.4798,294.42044170273454,0.05935829726547581,False
0.96008472,2217.616,7.704188024,294.3362,294.24817991734176,0.08802008265826089,False
0.96008472,2149.428,7.672957039,294.1897,294.12561651949727,0.06408348050274526,False
0.96008472,2081.364,7.640778727,294.0399,294.0497636021585,0.009863602158532103,False
0.96008472,2013.434,7.607597001,293.8866,293.9569583412432,0.07035834124320672,False
0.96008472,1945.644,7.573348307,293.7295,293.8389738473496,0.10947384734964771,False
0.96008472,1878.003,7.537964257,293.5683,293.64512475165066,0.07682475165063352,False
0.96008472,1869.432,7.53338992,293.5475,293.6267702881904,0.0792702881904006,False
0.96008472,1865.01,7.531021694,293.5368,293.6192921484522,0.08249214845216102,False
0.96008472,1864.456,7.530724601,293.5354,293.6195883699731,0.08418836997310564,False
0.96008472,1863.901,7.530426882,293.5341,293.62013725265206,0.08603725265203366,False
0.96008472,1862.233,7.529531584,293.5318,293.61653734201946,0.08473734201947991,False
0.96008472,1861.123,7.528935348,293.5297,293.6177561028902,0.0880561028902207,False
0.96008472,1858.796,7.527684245,293.5254,293.62019533901565,0.09479533901566128,False
0.96008472,1853.965,7.525081868,293.5163,293.6230901457946,0.106790145794605,False
0.96008472,1843.762,7.519563329,293.497,293.6222676245676,0.12526762456758433,False
0.96008472,1821.973,7.507675259,293.455,293.6417321959512,0.18673219595120827,False
0.96008472,1775.835,7.482026014,293.3628,293.5905421383101,0.22774213831013412,False
0.96008472,1680.843,7.427050732,293.1576,292.96670332181014,0.19089667818985845,False
0.96008472,1593.553,7.373721393,292.9486,292.4092057317931,0.5393942682068769,False
0.96008472,1513.742,7.32234001,292.7376,292.05001109291726,0.687588907082727,False
0.96008472,1436.832,7.270195969,292.514,291.9535227128933,0.5604772871067212,False
0.96008472,1361.313,7.216204954,292.2725,291.69357619302576,0.5789238069742169,False
0.96008472,1286.576,7.159739705,292.0092,291.1362950004916,0.872904999508421,False
0.96008472,1221.505,7.107838984,291.7577,290.6111646244656,1.1465353755344267,False
0.96008472,1156.327,7.053003881,291.4826,290.21556378502623,1.267036214973757,False
0.96008472,1091.525,6.99533108,291.183,290.03573227180556,1.1472677281944357,False
0.96008472,1027.11,6.934504312,290.8562,289.7750125461427,1.0811874538572965,False
0.96008472,963.1222,6.870180299,290.499,289.4427974724586,1.0562025275414157,False
0.96008472,899.6057,6.801956556,290.1077,288.91502390888667,1.1926760911133556,False
0.96008472,836.6125,6.729361,289.678,288.3806723357704,1.2973276642296128,False
0.96008472,774.2026,6.651833596,289.205,287.7218119595836,1.483188040416394,False
0.96008472,712.4466,6.568704962,288.6826,287.0795569599282,1.6030430400717819,False
0.96008472,651.4279,6.479166723,288.1035,286.4293577488177,1.6741422511822748,False
0.96008472,591.2459,6.382232005,287.4593,285.6764852943494,1.782814705650594,False
0.96008472,532.0199,6.276680895,286.7391,284.66737607459487,2.071723925405138,False
0.96008472,473.8947,6.160985145,285.93,283.4954676656297,2.434532334370317,False
0.96008472,417.0475,6.033200124,285.0154,282.3858282442517,2.629571755748316,False
0.96008472,361.6978,5.890809057,283.9748,281.22494158852305,2.749858411476964,False
0.96008472,308.12,5.730489317,282.7814,280.17556680563814,2.605833194361878,False
0.96008472,256.6606,5.54775459,281.4006,279.15654789752267,2.244052102477326,False
0.96008472,207.7619,5.336392712,279.7867,278.0190965689329,1.767603431067073,False
0.96008472,161.9916,5.087544482,277.8783,275.2352885624887,2.6430114375113476,False
0.96008472,120.0784,4.788144863,275.5923,273.3766519940759,2.215648005924095,False
0.96008472,99.79992,4.603167382,274.1953,273.2125815681215,0.9827184318784816,False
0.96008472,88.68168,4.485053329,273.3122,272.90073787285195,0.41146212714807007,False
0.96008472,85.70551,4.450917118,273.0584,272.65339304675587,0.4050069532441398,False
0.96008472,84.90896,4.441579624,272.9892,272.5398571850136,0.4493428149863803,False
0.96008472,84.90896,4.441579624,272.9892,272.5398571850136,0.4493428149863803,False
0.96008472,84.29445,4.434316027,272.8226,272.4306772398337,0.39192276016632377,False
0.96008472,84.04152,4.431310962,272.7529,272.3832294921621,0.36967050783789546,False
0.96008472,83.53792,4.425300661,272.6135,272.32287228310537,0.29062771689461897,False
0.96008472,82.5392,4.413273332,272.335,272.1212245913135,0.21377540868650158,False
0.96008472,80.57526,4.389191655,271.7789,271.67154414966683,0.10735585033319239,False
0.96008472,76.77818,4.340920485,270.6701,270.29709847837483,0.3730015216251559,False
0.96008472,69.68197,4.243941604,268.4668,266.6577423348374,1.8090576651625838,False
0.96008472,57.2944,4.048202888,264.1168,259.3316355198914,4.7851644801086195,False
0.96008472,46.93916,3.848852295,259.8177,252.6769224621513,7.140777537848692,False
0.96008472,38.22238,3.643421208,255.5224,247.01550449685504,8.50689550314496,False
0.96008472,30.92485,3.431560068,251.2317,242.2795086891284,8.952191310871598,False
0.96008472,24.84981,3.212850107,246.9456,238.34534583722447,8.600254162775542,False
0.96008472,19.82313,2.986849438,242.6642,235.09170917004258,7.572490829957417,False
0.96008472,15.69107,2.753091761,238.3875,232.4151285684659,5.9723714315341,False
1.181202806,2556.825,7.846521533,294.0537,295.40992999235004,1.3562299923500518,False
1.181202806,2488.199,7.819314435,293.9356,295.1126039238963,1.1770039238962795,False
1.181202806,2419.573,7.791346357,293.8156,294.83902960556753,1.0234296055675145,False
1.181202806,2351.052,7.762618167,293.6938,294.62651167019726,0.93271167019725,False
1.181202806,2282.637,7.733086633,293.57,294.4108837753322,0.8408837753322018,False
1.181202806,2214.335,7.702707412,293.4442,294.24096417862364,0.7967641786236186,False
1.181202806,2146.152,7.67143175,293.3162,294.11823269246804,0.8020326924680603,False
1.181202806,2078.095,7.639206888,293.1859,294.04496721484423,0.8590672148442309,False
1.181202806,2010.171,7.605975072,293.053,293.954151820253,0.9011518202530056,False
1.181202806,1942.388,7.571673423,292.9175,293.83410623398026,0.9166062339802465,False
1.181202806,1874.755,7.536233263,292.7791,293.6353813943067,0.8562813943066772,False
1.181202806,1807.28,7.499578232,292.6374,293.6447998722059,1.0073998722058946,False
1.181202806,1739.975,7.461626024,292.4924,293.35135769291,0.8589576929100531,False
1.181202806,1672.85,7.422284038,292.3434,292.9154070593872,0.5720070593872038,False
1.181202806,1605.918,7.381450835,292.1903,292.4671892335171,0.27688923351712447,False
1.181202806,1539.193,7.339013532,292.0324,292.1499951746099,0.1175951746099031,False
1.181202806,1530.719,7.333492839,292.0119,292.1088721805809,0.096972180580849,False
1.181202806,1526.321,7.330615544,292.0013,292.0911571197325,0.08985711973247135,False
1.181202806,1525.217,7.329891974,291.9986,292.0876980393343,0.08909803933431704,False
1.181202806,1524.664,7.329529337,291.9973,292.08488824721917,0.08758824721917335,False
1.181202806,1524.664,7.329529337,291.9973,292.08488824721917,0.08758824721917335,False
1.181202806,1522.452,7.328077472,291.9916,292.0764679075734,0.08486790757336848,False
1.181202806,1521.347,7.327351406,291.9887,292.0733720916469,0.08467209164689393,False
1.181202806,1519.111,7.325880574,291.9829,292.06545357451915,0.08255357451918144,False
1.181202806,1514.599,7.322905996,291.9712,292.05222218585124,0.081022185851225,False
1.181202806,1505.418,7.316825879,291.9471,292.0252604164059,0.07816041640592175,False
1.181202806,1486.511,7.304187042,291.8966,291.9897522775606,0.09315227756064814,False
1.181202806,1447.007,7.277252564,291.7876,291.96928324637145,0.18168324637144906,False
1.181202806,1363.821,7.218045598,291.5409,291.7019272524215,0.16102725242149063,False
1.181202806,1282.732,7.156747457,291.2755,291.1018709172351,0.17362908276493272,False
1.181202806,1205.656,7.094779096,290.9972,290.48823442620323,0.508965573796786,False
1.181202806,1130.614,7.030516127,290.6984,290.13876703915946,0.5596329608405313,False
1.181202806,1056.669,6.962876786,290.373,289.9028190404721,0.4701809595279087,False
1.181202806,992.9783,6.900708811,290.0645,289.6285300555937,0.43596994440628123,False
1.181202806,929.2071,6.834331642,289.7253,289.1603606583694,0.564939341630577,False
1.181202806,865.9643,6.763843684,289.3543,288.6505389243422,0.7037610756578374,False
1.181202806,803.2738,6.688695627,288.9471,288.02595031041295,0.9211496895870255,False
1.181202806,741.2028,6.608274272,288.4983,287.3855297001986,1.1127702998013547,False
1.181202806,679.8285,6.52184056,288.0015,286.71271297379064,1.288787026209377,False
1.181202806,619.2422,6.428496472,287.4489,286.0934752111148,1.3554247888851592,False
1.181202806,559.5534,6.327138966,286.8311,285.1483743208637,1.682725679136297,False
1.181202806,500.8941,6.216394701,286.1364,284.0533628300904,2.0830371699095735,False
1.181202806,443.4256,6.094530031,285.3502,282.8757969444423,2.474403055557673,False
1.181202806,387.3461,5.959318609,284.4541,281.7817555456663,2.672344454333711,False
1.181202806,332.9024,5.807849354,283.425,280.6573380061549,2.767661993845138,False
1.181202806,280.405,5.636234987,282.2324,279.6254942054095,2.6069057945904888,False
1.181202806,230.2482,5.439157858,280.837,278.5784684699491,2.2585315300509023,False
1.181202806,182.9367,5.209140191,279.1861,276.6788745848146,2.5072254151854168,False
1.181202806,139.1197,4.935334714,277.2089,273.73421908955305,3.4746809104469776,False
1.181202806,99.6263,4.601426186,274.8087,273.2080508373015,1.6006491626984598,False
1.181202806,80.77387,4.391653522,273.3201,271.734031919454,1.5860680805459992,False
1.181202806,78.05951,4.357471485,273.0795,270.8645047660825,2.2149952339174774,False
1.181202806,76.52863,4.337664919,272.9404,270.17492769788976,2.765472302110254,False
1.181202806,76.52863,4.337664919,272.9404,270.17492769788976,2.765472302110254,False
1.181202806,75.85569,4.328832719,272.7776,269.85700036168026,2.920599638319743,False
1.181202806,75.62236,4.325752007,272.7072,269.7505199843698,2.956680015630184,False
1.181202806,75.16217,4.319648046,272.5678,269.56672876814724,3.001071231852734,False
1.181202806,74.2497,4.307433737,272.2893,269.07297463974095,3.216325360259077,False
1.181202806,72.45591,4.282978239,271.7331,268.20355692408424,3.52954307591574,False
1.181202806,68.98975,4.233957943,270.6242,266.243944769909,4.380255230090995,False
1.181202806,62.51936,4.135476269,268.4204,262.4562650568663,5.964134943133672,False
1.181202806,51.24978,3.936711325,264.0688,255.54817470398228,8.520625296017727,False
1.181202806,41.8592,3.734311606,259.7677,249.37952423018297,10.388175769817025,False
1.181202806,33.98049,3.525786536,255.4706,244.2609141472935,11.209685852706485,False
1.181202806,27.40626,3.310771454,251.1784,240.0002548870968,11.178145112903223,False
1.181202806,21.95144,3.088832741,246.8911,236.46942185336314,10.42167814663685,False
1.181202806,17.45304,2.859513846,242.6086,233.55684037000603,9.051759629993967,False
1.181202806,13.76781,2.622333259,238.331,231.16808777160472,7.162912228395271,False
0.677653523,2387.941,7.778186767,292.8672,294.73925672205274,1.8720567220527187,False
0.677653523,2319.575,7.749139258,292.7153,294.524111786027,1.808811786026979,False
0.677653523,2251.209,7.719222684,292.5594,294.3250427112488,1.7656427112488018,False
0.677653523,2182.961,7.688437491,292.3994,294.17430246350926,1.7749024635092496,False
0.677653523,2114.835,7.656732074,292.235,294.08903507371105,1.8540350737110316,False
0.677653523,2046.838,7.624051442,292.0655,294.0065938960539,1.9410938960539283,False
0.677653523,1978.978,7.590335829,291.8905,293.89970704196674,2.0092070419667607,False
0.677653523,1911.262,7.555519036,291.7093,293.7627559396705,2.0534559396705276,False
0.677653523,1843.701,7.519530243,291.5212,293.62231405532987,2.1011140553298446,False
0.677653523,1776.303,7.482289517,291.3253,293.59198524082973,2.266685240829702,False
0.677653523,1709.079,7.443709908,291.1207,293.1292061134114,2.0085061134113857,False
0.677653523,1642.041,7.403695259,290.9062,292.6889261324568,1.7827261324567871,False
0.677653523,1575.203,7.362139432,290.6806,292.3259901879058,1.6453901879057753,False
0.677653523,1508.578,7.318922764,290.4426,292.03326569897854,1.590665698978512,False
0.677653523,1442.183,7.273913217,290.1905,291.9643279372558,1.7738279372558168,False
0.677653523,1376.036,7.226962181,289.9226,291.7490759905958,1.8264759905958385,False
0.677653523,1310.156,7.177901493,289.6369,291.3505246553888,1.7136246553887986,False
0.677653523,1244.566,7.126542154,289.3312,290.79568522782176,1.46448522782174,False
0.677653523,1211.489,7.099605461,289.1681,290.53193813920524,1.3638381392052565,False
0.677653523,1194.457,7.085446968,289.0816,290.40241872824294,1.3208187282429549,False
0.677653523,1185.808,7.078179678,289.0369,290.34629675480204,1.3093967548020373,False
0.677653523,1181.448,7.074496084,289.0143,290.3222322030579,1.3079322030579306,False
0.677653523,1180.352,7.073567978,289.0086,290.3173941290552,1.3087941290551726,False
0.677653523,1179.803,7.073102754,289.0057,290.31502959693046,1.3093295969304677,False
0.677653523,1179.803,7.073102754,289.0057,290.31502959693046,1.3093295969304677,False
0.677653523,1177.605,7.071237994,288.9943,290.3043819093666,1.3100819093666018,False
0.677653523,1176.508,7.070306008,288.9885,290.2998247422222,1.3113247422222116,False
0.677653523,1174.313,7.068438575,288.9771,290.28936075269996,1.312260752699956,False
0.677653523,1169.931,7.064700052,288.9541,290.27157418111653,1.3174741811165518,False
0.677653523,1161.201,7.057210093,288.908,290.235085090151,1.3270850901510016,False
0.677653523,1143.873,7.042175152,288.8148,290.17483417045986,1.360034170459869,False
0.677653523,1109.745,7.011885538,288.6251,290.0877860369606,1.4626860369606334,False
0.677653523,1043.584,6.950416222,288.2319,289.84611546692736,1.6142154669273623,False
0.677653523,979.5717,6.887115435,287.8158,289.5567321965181,1.740932196518088,False
0.677653523,915.9239,6.819933283,287.3624,289.0493919584528,1.6869919584528361,False
0.677653523,852.7908,6.748514265,286.8677,288.5378313093991,1.6701313093990962,False
0.677653523,790.2243,6.672316829,286.3266,287.88533812154736,1.5587381215473783,False
0.677653523,728.2924,6.590702616,285.7328,287.24967659347055,1.5168765934705561,False
0.677653523,667.075,6.502902483,285.0791,286.5805696554996,1.5014696554995908,False
0.677653523,606.6668,6.407979711,284.3567,285.9311758375613,1.5744758375612946,False
0.677653523,547.1817,6.304780923,283.555,284.93853126868623,1.3835312686862267,False
0.677653523,488.7574,6.191866252,282.661,283.80425141518805,1.1432514151880468,False
0.677653523,431.5618,6.067410722,281.6584,282.6512964351552,0.9928964351552167,False
0.677653523,375.8025,5.929063739,280.5272,281.53013419372616,1.002934193726162,False
0.677653523,321.7382,5.773738171,279.2412,280.4419864937416,1.2007864937415889,False
0.677653523,269.695,5.597291691,277.7669,279.40800852625483,1.6411085262548113,False
0.677653523,220.0878,5.394026558,276.0601,278.34687206367556,2.286772063675585,False
0.677653523,173.4488,5.155882455,274.0617,276.06310432748893,2.001404327488956,False
0.677653523,161.5285,5.084681598,273.4664,275.1994922690892,1.733092269089184,False
0.677653523,154.6272,5.041017059,273.102,274.64741684069566,1.5454168406956796,False
0.677653523,152.8456,5.029428262,273.0055,274.4816808340204,1.476180834020397,False
0.677653523,152.387,5.026423338,272.9804,274.4421359396381,1.4617359396381175,False
0.677653523,152.387,5.026423338,272.9804,274.4421359396381,1.4617359396381175,False
0.677653523,151.4856,5.020490571,272.8382,274.3741469686791,1.5359469686791272,False
0.677653523,151.0453,5.017579792,272.7686,274.33529672866314,1.5666967286631461,False
0.677653523,150.1684,5.011757331,272.6292,274.25663118577194,1.6274311857719113,False
0.677653523,148.4289,5.000106056,272.3507,274.12420190955606,1.773501909556046,False
0.677653523,145.0061,4.976775811,271.7946,273.94362167549934,2.149021675499341,False
0.677653523,138.3809,4.930010028,270.686,273.716997473831,3.0309974738310075,False
0.677653523,125.971,4.836051722,268.4832,273.5161414636081,5.032941463608097,False
0.677653523,104.2089,4.646397538,264.1354,273.26844767939895,9.133047679398942,False
0.677653523,85.90245,4.45321235,259.8385,272.6807044963743,12.84220449637428,False
0.677653523,70.39346,4.254100361,255.5447,267.0288198682765,11.484119868276508,False
0.677653523,57.32578,4.048750435,251.2552,259.34999664421264,8.094796644212636,False
0.677653523,46.37593,3.836780575,246.9699,252.3094643267668,5.339564326766805,False
0.677653523,37.25499,3.617785896,242.6889,246.38695183546807,3.6980518354680783,False
0.677653523,29.70566,3.3913376,238.4123,241.48950868655467,3.077208686554684,False
0.677653523,23.49956,3.156981698,234.14,237.4714250414674,3.331425041467412,False
0.677653523,18.43469,2.914234216,229.8724,234.19266832562178,4.320268325621782,False
0.677653523,14.33322,2.66257992,225.6094,231.53479779399353,5.92539779399354,False
0.629275402,2403.957,7.784871409,293.0597,294.7886020108239,1.7289020108239015,False
0.629275402,2335.565,7.756009111,292.905,294.5768137304603,1.6718137304603147,False
0.629275402,2267.172,7.726288519,292.7463,294.36756623304586,1.6212662330458443,False
0.629275402,2198.897,7.69571115,292.5832,294.2072723730869,1.6240723730869036,False
0.629275402,2130.742,7.664225555,292.4155,294.1017362315078,1.6862362315077917,False
0.629275402,2062.714,7.63177787,292.2426,294.0243426603853,1.781742660385305,False
0.629275402,1994.821,7.598309601,292.064,293.9262942515076,1.862294251507592,False
0.629275402,1927.071,7.563756513,291.8791,293.80601806437176,1.9269180643717618,False
0.629275402,1859.473,7.528048393,291.687,293.61950345839006,1.9325034583900447,False
0.629275402,1792.036,7.491107683,291.487,293.6343336434489,2.14733364344886,False
0.629275402,1724.77,7.452848987,291.2782,293.23788299586164,1.9596829958616127,False
0.629275402,1657.688,7.413179139,291.0594,292.80667779962516,1.7472777996251807,False
0.629275402,1590.802,7.371993571,290.8296,292.3970442422037,1.5674442422036918,False
0.629275402,1524.126,7.32917641,290.5872,292.08292455621887,1.4957245562188746,False
0.629275402,1457.676,7.284598666,290.3309,291.9775356888404,1.6466356888404334,False
0.629275402,1391.469,7.238115303,290.0589,291.8074462788934,1.7485462788934,False
0.629275402,1325.524,7.189563132,289.7694,291.47264482057085,1.7032448205708306,False
0.629275402,1259.864,7.138759058,289.4602,290.9122024941935,1.4520024941934935,False
0.629275402,1194.513,7.08549385,289.129,290.4028819985378,1.2738819985377745,False
0.629275402,1129.498,7.029528565,288.773,290.135718181276,1.362718181275966,False
0.629275402,1127.42,7.027687115,288.7611,290.13075655450973,1.3696565545097314,False
0.629275402,1127.42,7.027687115,288.7611,290.13075655450973,1.3696565545097314,False
0.629275402,1125.228,7.025740961,288.7487,290.1246112430695,1.3759112430695382,False
0.629275402,1124.132,7.024766461,288.7424,290.12291587069353,1.3805158706935572,False
0.629275402,1121.94,7.022814609,288.7299,290.117857108818,1.387957108818,False
0.629275402,1117.565,7.01890749,288.7048,290.10788850133423,1.4030885013342527,False
0.629275402,1108.85,7.011078721,288.6543,290.0851575657008,1.4308575657008191,False
0.629275402,1091.557,6.995360396,288.5525,290.03584517196873,1.4833451719687218,False
0.629275402,1057.524,6.963685606,288.3452,289.90560166816215,1.5604016681621715,False
0.629275402,991.6428,6.899362962,287.9157,289.6212743062261,1.705574306226083,False
0.629275402,928.0056,6.833037767,287.4616,289.15026996280966,1.6886699628096835,False
0.629275402,864.7653,6.762458141,286.9663,288.64103981547873,1.6747398154787447,False
0.629275402,802.0863,6.687216208,286.4255,288.0127661701335,1.5872661701334891,False
0.629275402,740.0279,6.606687888,285.8332,287.3732838066177,1.5400838066177016,False
0.629275402,678.6676,6.520131464,285.1823,286.70153439462894,1.5192343946289384,False
0.629275402,618.0973,6.426645888,284.4643,286.07838523458463,1.6140852345846497,False
0.629275402,558.4268,6.325123545,283.6691,285.12753271588764,1.458432715887625,False
0.629275402,499.7886,6.214185209,282.784,284.03076300732505,1.2467630073250575,False
0.629275402,442.3445,6.09208899,281.7937,282.8535515093041,1.05985150930411,False
0.629275402,386.2936,5.956597702,280.6785,281.75900517370974,1.0805051737097529,False
0.629275402,331.8839,5.804785209,279.4139,280.63870580194805,1.2248058019480368,False
0.629275402,279.4271,5.632741436,277.9678,279.6046227351089,1.636822735108865,False
0.629275402,229.3193,5.435115356,276.2982,278.5584769057641,2.2602769057641012,False
0.629275402,182.0678,5.204379145,274.3491,276.62835509032755,2.279255090327524,False
0.629275402,158.6961,5.066991053,273.1935,274.9854675842878,1.7919675842878178,False
0.629275402,157.0421,5.056513922,273.1056,274.8532436424405,1.7476436424404937,False
0.629275402,156.1214,5.05063391,273.0563,274.7703896170704,1.7140896170703854,False
0.629275402,155.659,5.047667717,273.0314,274.7311367332171,1.6997367332170938,False
0.629275402,155.659,5.047667717,273.0314,274.7311367332171,1.6997367332170938,False
0.629275402,154.6269,5.041015118,272.8932,274.64739895156083,1.754198951560852,False
0.629275402,154.1687,5.038047457,272.822,274.60476466741886,1.78276466741886,False
0.629275402,153.2751,5.032234346,272.6827,274.5220311804294,1.839331180429383,False
0.629275402,151.5023,5.020600806,272.4042,274.37499689218043,1.9707968921804309,False
0.629275402,148.0142,4.997308215,271.8481,274.1011848182277,2.2530848182277055,False
0.629275402,141.262,4.950616322,270.7395,273.7968171024313,3.057317102431284,False
0.629275402,128.613,4.856807895,268.5369,273.5750048891863,5.038104889186286,False
0.629275402,106.427,4.667459304,264.1894,273.2817972948855,9.09239729488553,False
0.629275402,87.75824,4.474585761,259.893,272.8440867089515,12.95108670895155,False
0.629275402,71.93723,4.275793933,255.5997,267.9394350936543,12.339735093654298,False
0.629275402,58.6024,4.070775651,251.3107,260.1281021703728,8.817402170372816,False
0.629275402,47.42514,3.859152468,247.0258,253.01079109901352,5.984991099013513,False
0.629275402,38.11175,3.640522634,242.7452,246.94361564335222,4.198415643352206,False
0.629275402,30.40052,3.414459714,238.4689,241.93972386449246,3.4708238644924734,False
0.629275402,24.05909,3.180512888,234.197,237.83356591244672,3.636565912446713,False
0.629275402,18.88185,2.938201143,229.9296,234.48224452414138,4.552644524141385,False
0.629275402,14.6877,2.687010409,225.6669,231.76466154174173,6.097761541741733,False
0.689969621,2880.152,7.96559835,295.1992,296.58286251750013,1.3836625175001132,False
0.689969621,2811.11,7.941334702,295.0722,296.3357672575428,1.2635672575427748,False
0.689969621,2742.068,7.916467659,294.9433,296.0885766484291,1.1452766484291033,False
0.689969621,2673.109,7.890997493,294.8126,295.8458430868681,1.03324308686814,False
0.689969621,2604.236,7.864894629,294.6799,295.5998672202321,0.9199672202321381,False
0.689969621,2535.451,7.838126809,294.5452,295.3197379275664,0.7745379275663709,False
0.689969621,2466.761,7.810661233,294.4082,295.0208574089269,0.6126574089268502,False
0.689969621,2398.168,7.782460392,294.2688,294.7708711490485,0.5020711490485041,False
0.689969621,2329.679,7.753485769,294.1269,294.55727954883264,0.4303795488326614,False
0.689969621,2261.299,7.723694706,293.9821,294.35130087998135,0.3692008799813493,False
0.689969621,2193.034,7.693041252,293.8342,294.1941493684057,0.3599493684056938,False
0.689969621,2124.89,7.661475315,293.6828,294.0965487835724,0.41374878357243006,False
0.689969621,2056.873,7.628942147,293.5276,294.016896033124,0.48929603312399195,False
0.689969621,1988.993,7.595383759,293.3681,293.9160933394323,0.5479933394322529,False
0.689969621,1921.255,7.560733897,293.2037,293.79231455290784,0.5886145529078135,False
0.689969621,1853.67,7.524922737,293.0337,293.62333652013206,0.5896365201320464,False
0.689969621,1819.646,7.506397256,292.9456,293.6426391336799,0.6970391336798798,False
0.689969621,1802.272,7.49680337,292.8999,293.6458538182687,0.7459538182686742,False
0.689969621,1801.722,7.496498153,292.8985,293.6458219262941,0.7473219262940916,False
0.689969621,1801.722,7.496498153,292.8985,293.6458219262941,0.7473219262940916,False
0.689969621,1799.501,7.495264683,292.8931,293.643844698257,0.7507446982569945,False
0.689969621,1798.392,7.494648211,292.8904,293.6445171207104,0.7541171207104185,False
0.689969621,1796.173,7.493413569,292.885,293.6408515738283,0.7558515738282949,False
0.689969621,1791.74,7.490942494,292.8742,293.63275582857193,0.7585558285719571,False
0.689969621,1782.898,7.485995409,292.8524,293.6063552260052,0.7539552260051892,False
0.689969621,1765.3,7.476075927,292.8087,293.53152630001415,0.7228263000141624,False
0.689969621,1730.458,7.456141392,292.7197,293.2802393034951,0.5605393034950907,False
0.689969621,1662.176,7.415882866,292.536,292.8393241380442,0.30332413804421776,False
0.689969621,1595.32,7.374829622,292.343,292.4171497477297,0.07414974772967753,False
0.689969621,1528.628,7.33212588,292.136,292.1004516166138,0.03554838338624222,False
0.689969621,1462.162,7.287671441,291.9137,291.97785657280684,0.06415657280683718,False
0.689969621,1395.938,7.24132187,291.6745,291.8222312085571,0.1477312085571043,False
0.689969621,1329.975,7.192915424,291.4167,291.5057155021009,0.08901550210089226,False
0.689969621,1264.295,7.142269934,291.1383,290.9487000113049,0.18959998869513583,False
0.689969621,1198.922,7.089178099,290.8373,290.4380443009132,0.39925569908683656,False
0.689969621,1133.883,7.033403304,290.5111,290.1466922029987,0.36440779700132,False
0.689969621,1069.21,6.974675337,290.1572,289.953371688658,0.20382831134196522,False
0.689969621,1004.938,6.912681127,289.7723,289.6821503759154,0.0901496240845745,False
0.689969621,941.1079,6.847057798,289.353,289.26062275531837,0.09237724468164288,False
0.689969621,877.7661,6.777380157,288.8951,288.74029090336086,0.15480909663915554,False
0.689969621,814.9673,6.70314799,288.3939,288.1548672947517,0.23903270524829168,False
0.689969621,752.7749,6.623766246,287.8437,287.50296945561564,0.3407305443843711,False
0.689969621,691.2636,6.538521227,287.2378,286.8372719549399,0.4005280450600708,False
0.689969621,630.522,6.446548048,286.5683,286.2219749528747,0.3463250471253332,False
0.689969621,570.6558,6.346786226,285.8255,285.33233277694285,0.493167223057128,False
0.689969621,511.7925,6.237919269,284.9976,284.2744241771139,0.7231758228861054,False
0.689969621,454.0872,6.11828925,284.07,283.085545965169,0.9844540348310034,False
0.689969621,397.7304,5.985774389,283.0243,282.0001148460966,1.0241851539033746,False
0.689969621,342.959,5.837610906,281.8372,280.8529622638857,0.9842377361143235,False
0.689969621,290.0701,5.670122618,280.4788,279.8228803412944,0.6559196587055567,False
0.689969621,239.4403,5.478304116,278.9098,278.786460107444,0.12333989255603228,False
0.689969621,191.5515,5.255156702,277.078,277.1859827043755,0.10798270437550173,False
0.689969621,147.0229,4.990588357,274.9134,274.05390089376033,0.8594991062396957,False
0.689969621,125.2184,4.830059413,273.6108,273.4959790793235,0.11482092067649319,False
0.689969621,119.0972,4.779939966,273.2065,273.35775208528145,0.15125208528144185,False
0.689969621,117.4089,4.765662714,273.0916,273.33197510182003,0.24037510182000688,False
0.689969621,116.9735,4.761947413,273.0617,273.33069271789424,0.26899271789426393,False
0.689969621,116.9735,4.761947413,273.0617,273.33069271789424,0.26899271789426393,False
0.689969621,116.0539,4.754054738,272.9093,273.3206938353459,0.4113938353459048,False
0.689969621,115.7039,4.751034341,272.8384,273.31606700348294,0.47766700348296354,False
0.689969621,115.0195,4.745101679,272.699,273.3083851862254,0.6093851862253814,False
0.689969621,113.6621,4.733230012,272.4205,273.2934713943602,0.8729713943602064,False
0.689969621,110.9925,4.709462631,271.8644,273.28648129059206,1.4220812905920752,False
0.689969621,105.829,4.661824584,270.7557,273.2805346097547,2.5248346097546914,False
0.689969621,96.17183,4.566136487,268.5528,273.1425036923132,4.589703692313208,False
0.689969621,79.28732,4.373078217,264.2045,271.27571244397285,7.071212443972854,False
0.689969621,65.1398,4.17653573,259.9072,264.03561529362867,4.128415293628677,False
0.689969621,53.20036,3.974065163,255.6133,256.79343964230907,1.180139642309058,False
0.689969621,43.17834,3.765338981,251.3237,250.23694214710943,1.086757852890571,False
0.689969621,34.81191,3.54995957,247.0386,244.8004646518944,2.238135348105601,False
0.689969621,27.86878,3.327507066,242.7578,240.29974763538138,2.4580523646186236,False
0.689969621,22.14336,3.097537677,238.4815,236.59364328676045,1.8878567132395574,False
0.689969621,17.45426,2.859583745,234.2097,233.55763068720796,0.6520693127920367,False
0.689969621,13.64192,2.613147405,229.9426,231.0864274945484,1.1438274945483897,False
0.683985312,2434.909,7.797664663,292.7317,294.89500646962506,2.16330646962507,False
0.683985312,2366.467,7.769153405,292.584,294.67406124593646,2.090061245936454,False
0.683985312,2298.025,7.739805337,292.4328,294.456123819612,2.023323819612017,False
0.683985312,2229.697,7.709620981,292.278,294.2744911018009,1.9964911018008706,False
0.683985312,2161.487,7.67855169,292.119,294.14194134761834,2.022941347618314,False
0.683985312,2093.401,7.646545295,291.9557,294.06703637027135,2.111336370271374,False
0.683985312,2025.446,7.613545202,291.7873,293.98126947519734,2.1939694751973207,False
0.683985312,1957.631,7.579490348,291.6135,293.85781267891065,2.24431267891066,False
0.683985312,1889.963,7.544312531,291.4334,293.6938172177639,2.2604172177639157,False
0.683985312,1822.451,7.507937577,291.2463,293.64087675301926,2.394576753019237,False
0.683985312,1755.107,7.470285103,291.0513,293.4679569299048,2.416656929904775,False
0.683985312,1687.941,7.431264722,290.8475,293.00953791131786,2.1620379113178387,False
0.683985312,1620.964,7.390776313,290.6337,292.5472119796862,1.913511979686234,False
0.683985312,1554.192,7.348711075,290.4086,292.2230713497297,1.814471349729729,False
0.683985312,1487.638,7.304944906,290.1707,291.9909399486371,1.820239948637095,False
0.683985312,1421.319,7.259340593,289.9184,291.9140136311515,1.995613631151457,False
0.683985312,1355.253,7.211743432,289.6498,291.6707305956666,2.0209305956665844,False
0.683985312,1289.462,7.161980356,289.363,291.1621676774772,1.7991676774772145,False
0.683985312,1256.288,7.13591662,289.2102,290.88501081249876,1.6748108124987766,False
0.683985312,1239.221,7.122238235,289.1293,290.753521565486,1.624221565485982,False
0.683985312,1237.049,7.120483984,289.1189,290.7362453851446,1.617345385144631,False
0.683985312,1235.951,7.119595993,289.1136,290.72731496069787,1.6137149606978483,False
0.683985312,1235.401,7.119150893,289.1109,290.7231945365814,1.6122945365813734,False
0.683985312,1235.401,7.119150893,289.1109,290.7231945365814,1.6122945365813734,False
0.683985312,1233.2,7.117367696,289.1004,290.7061592702484,1.6057592702484271,False
0.683985312,1232.101,7.116476121,289.0951,290.69710593123915,1.6020059312391481,False
0.683985312,1229.903,7.114690583,289.0846,290.678752863669,1.5941528636689668,False
0.683985312,1225.515,7.111116443,289.0634,290.64274039381604,1.5793403938160395,False
0.683985312,1216.77,7.103955086,289.0209,290.5741766776839,1.5532766776839253,False
0.683985312,1199.407,7.089582547,288.9351,290.44198598780423,1.506885987804253,False
0.683985312,1165.187,7.060636868,288.7603,290.2531061682661,1.4928061682660996,False
0.683985312,1098.754,7.001932089,288.3981,290.05914491336097,1.6610449133609677,False
0.683985312,1034.377,6.941554592,288.0149,289.8096594828903,1.7947594828902993,False
0.683985312,970.3336,6.87763993,287.598,289.4970064671308,1.8990064671307891,False
0.683985312,906.7617,6.809879681,287.1439,288.9745182987469,1.8306182987469128,False
0.683985312,843.7064,6.737804567,286.648,288.45850492163606,1.8105049216360385,False
0.683985312,781.2272,6.660866017,286.1051,287.7921780480841,1.6870780480841177,False
0.683985312,719.3934,6.578408357,285.5087,287.1532269805292,1.6445269805292355,False
0.683985312,658.2867,6.489640551,284.8513,286.49494955113545,1.6436495511354678,False
0.683985312,598.0045,6.393598279,284.1241,285.78504695135007,1.6609469513500699,False
0.683985312,538.6637,6.289091443,283.316,284.7877929995449,1.4717929995449026,False
0.683985312,480.4058,6.174631163,282.4136,283.6304821443101,1.2168821443101479,False
0.683985312,423.404,6.048326806,281.4003,282.5023023227428,1.1020023227428055,False
0.683985312,367.8724,5.907736139,280.2551,281.3571939585087,1.1020939585086467,False
0.683985312,314.0784,5.749642636,278.951,280.2910245423518,1.3400245423517845,False
0.683985312,262.3594,5.569715319,277.4531,279.26602018707337,1.8129201870733596,False
0.683985312,213.1454,5.361974562,275.7152,278.18609712437467,2.4708971243746873,False
0.683985312,166.9881,5.117922552,273.6755,275.595533737439,1.9200337374389846,False
0.683985312,155.1996,5.04471203,273.0661,274.6937386397899,1.6276386397898932,False
0.683985312,154.3274,5.03907632,273.0193,274.61987634725324,1.6005763472532522,False
0.683985312,153.8659,5.036081444,272.9944,274.57579938552004,1.5813993855200579,False
0.683985312,153.8659,5.036081444,272.9944,274.57579938552004,1.5813993855200579,False
0.683985312,152.7767,5.028977378,272.858,274.4750459127766,1.6170459127765753,False
0.683985312,152.3148,5.025949432,272.786,274.435230529444,1.6492305294440257,False
0.683985312,151.424,5.020083849,272.6467,274.3689303372002,1.7222303372001875,False
0.683985312,149.6568,5.008344673,272.3682,274.2173091874516,1.8491091874515746,False
0.683985312,146.1804,4.984841475,271.812,274.0093461429624,2.197346142962374,False
0.683985312,139.4535,4.937731212,270.7034,273.74253685610614,3.039136856106154,False
0.683985312,126.8607,4.843089634,268.5007,273.54069629326614,5.039996293266142,False
0.683985312,104.8047,4.652098618,264.1528,273.27197944329043,9.11917944329042,False
0.683985312,86.28077,4.457606746,259.8558,272.70765499958935,12.851854999589364,False
0.683985312,70.61237,4.257205342,255.562,267.16689085817694,11.60489085817693,False
0.683985312,57.43093,4.050583008,251.2724,259.41381868227575,8.141418682275742,False
0.683985312,46.4027,3.837357647,246.9871,252.3267395227435,5.339639522743511,False
0.683985312,37.23034,3.61712402,242.7061,246.37093790277382,3.664837902773826,False
0.683985312,29.64974,3.389453356,238.4294,241.45328058215503,3.0238805821550443,False
0.683985312,23.42705,3.153891338,234.1572,237.4244947815441,3.267294781544109,False
0.683985312,18.35596,2.909954317,229.8895,234.14168009951538,4.252180099515385,False
0.683985312,14.25528,2.657127364,225.6265,231.4842529340689,5.8577529340689125,False
0.643680935,2697.33,7.900017674,294.2997,295.92931517283887,1.6296151728388963,False
0.643680935,2628.512,7.874173186,294.1647,295.69216388760526,1.527463887605279,False
0.643680935,2559.693,7.847642608,294.0272,295.4215827910558,1.3943827910558184,False
0.643680935,2490.969,7.82042707,293.8872,295.1244668977934,1.237266897793404,False
0.643680935,2422.341,7.792489707,293.7446,294.8496304124954,1.1050304124954096,False
0.643680935,2353.815,7.763792695,293.5989,294.6351789764695,1.0362789764694753,False
0.643680935,2285.396,7.734294592,293.4501,294.4189691402643,0.968869140264303,False
0.643680935,2217.09,7.703950804,293.2977,294.2470073000117,0.9493073000116965,False
0.643680935,2148.902,7.672712293,293.1415,294.12442199265604,0.9829219926560313,False
0.643680935,2080.84,7.640526937,292.9808,294.0488985347192,1.0680985347192404,False
0.643680935,2012.91,7.607336715,292.8153,293.9565498143983,1.141249814398293,False
0.643680935,1945.121,7.573079465,292.6444,293.83837616033605,1.1939761603360353,False
0.643680935,1877.482,7.537686796,292.4673,293.64262006000484,1.1753200600048217,False
0.643680935,1810.0,7.501082124,292.2832,293.646027740723,1.3628277407229916,False
0.643680935,1742.688,7.463184028,292.0913,293.3720306882147,1.2807306882147032,False
0.643680935,1675.556,7.423900329,291.8905,292.9327852500109,1.0422852500109343,False
0.643680935,1608.616,7.383129461,291.6796,292.4805958273505,0.8009958273505049,False
0.643680935,1574.896,7.361944517,291.5689,292.32439172154346,0.7554917215434784,False
0.643680935,1557.63,7.350920714,291.511,292.2424150164785,0.7314150164784792,False
0.643680935,1548.889,7.345293179,291.4813,292.19665626021185,0.7153562602118768,False
0.643680935,1546.688,7.34387115,291.4738,292.1873549732391,0.7135549732391269,False
0.643680935,1546.136,7.343514194,291.4719,292.1844326688015,0.7125326688014866,False
0.643680935,1546.136,7.343514194,291.4719,292.1844326688015,0.7125326688014866,False
0.643680935,1543.922,7.342081211,291.4645,292.1737714243619,0.7092714243619298,False
0.643680935,1542.817,7.341365245,291.4608,292.1685783441908,0.7077783441907854,False
0.643680935,1540.605,7.339930475,291.4534,292.1587234493228,0.7053234493228047,False
0.643680935,1536.189,7.337059953,291.4387,292.1341206126959,0.6954206126958979,False
0.643680935,1527.381,7.331309783,291.409,292.09496437702745,0.6859643770274602,False
0.643680935,1509.869,7.319778171,291.3492,292.0379754884495,0.6887754884494939,False
0.643680935,1475.254,7.296585457,291.2275,291.9791828865807,0.7516828865806815,False
0.643680935,1407.645,7.249673374,290.9759,291.864455519742,0.888555519741999,False
0.643680935,1341.691,7.201686038,290.7111,291.59571132391153,0.8846113239115425,False
0.643680935,1275.957,7.151451764,290.4257,291.04507898861164,0.6193789886116292,False
0.643680935,1210.527,7.098811081,290.1178,290.52500902085916,0.4072090208591703,False
0.643680935,1145.427,7.043532772,289.7851,290.1792161060428,0.3941161060428158,False
0.643680935,1080.686,6.985351304,289.4247,289.99771591445625,0.5730159144562776,False
0.643680935,1016.34,6.923963218,289.0336,289.7281449840654,0.6945449840654305,False
0.643680935,952.4281,6.859014619,288.6083,289.3562367568406,0.7479367568406019,False
0.643680935,888.9956,6.790092286,288.1447,288.828964437993,0.6842644379930221,False
0.643680935,826.0958,6.716710747,287.638,288.2769673630085,0.6389673630085326,False
0.643680935,763.7904,6.638293406,287.0828,287.61500365433216,0.532203654332136,False
0.643680935,702.152,6.554149905,286.4724,286.9604187457674,0.48801874576741966,False
0.643680935,641.2663,6.463444815,285.7991,286.333864060897,0.5347640608969755,False
0.643680935,581.2358,6.365156526,285.0535,285.50597395327696,0.4524739532769786,False
0.643680935,522.1836,6.25801925,284.224,284.48123660576323,0.25723660576323937,False
0.643680935,464.2595,6.140443663,283.2964,283.2954529210264,0.0009470789735814833,False
0.643680935,407.647,6.010401604,282.2532,282.20273717657665,0.05046282342334507,False
0.643680935,352.5738,5.865259962,281.0718,281.03955653375823,0.03224346624176633,False
0.643680935,299.325,5.70152994,279.7235,280.0066093968672,0.2831093968671894,False
0.643680935,248.2615,5.514482626,278.1707,278.98549990712667,0.8147999071266554,False
0.643680935,199.8443,5.297538563,276.3638,277.6222902017743,1.2584902017742934,False
0.643680935,154.6655,5.04126472,274.2357,274.6497023313802,0.41400233138017484,False
0.643680935,143.146,4.963865088,273.5967,273.8599166930028,0.26321669300278927,False
0.643680935,136.4288,4.915802867,273.2011,273.67927221055186,0.4781722105518611,False
0.643680935,134.6926,4.902995145,273.0958,273.6543189144895,0.5585189144895253,False
0.643680935,133.7984,4.896334189,273.0411,273.6423560670364,0.6012560670364451,False
0.643680935,133.7819,4.896210862,273.0401,273.64221634965406,0.602116349654068,False
0.643680935,132.9722,4.890140084,272.8926,273.63432592735336,0.7417259273533432,False
0.643680935,132.5813,4.887196042,272.8231,273.631863739967,0.8087637399669916,False
0.643680935,131.8016,4.881297762,272.6837,273.6271970613651,0.9434970613651217,False
0.643680935,130.255,4.869494068,272.4052,273.60395992256196,1.198759922561976,False
0.643680935,127.2128,4.845861275,271.8491,273.54943505765436,1.7003350576543426,False
0.643680935,121.3275,4.798493501,270.7405,273.4035347988627,2.663034798862725,False
0.643680935,110.3158,4.703347162,268.5377,273.28706816505456,4.749368165054591,False
0.643680935,91.04729,4.511379042,264.1898,272.9940023463469,8.804202346346926,False
0.643680935,74.88401,4.315940383,259.8929,269.41529225592626,9.522392255926263,False
0.643680935,61.22785,4.114602151,255.5993,261.7046848639843,6.1053848639843125,False
0.643680935,49.7517,3.907044634,251.31,254.56860320431878,3.2586032043187743,False
0.643680935,40.16027,3.692878198,247.0251,248.27504509054626,1.2499450905462481,False
0.643680935,32.19113,3.471690949,242.7444,243.10034279080017,0.35594279080015667,False
0.643680935,25.61161,3.243045764,238.4681,238.83843378697827,0.37033378697827857,False
0.643680935,20.21618,3.006483274,234.1963,235.34617027732804,1.1498702773280343,False
0.643680935,15.82376,2.761512608,229.9291,232.50113124600358,2.5720312460035757,False
0.6,148.0544439,4.99758007,272.6165374,274.1027364078061,1.4861990078060785,False
0.6,158.2877084,5.064414316,272.981368,274.95482128607995,1.9734532860799732,False
0.6,163.6666013,5.09783144,273.1637834,275.3586761576393,2.194892757639309,False
0.6,170.0661658,5.136187572,273.3157961,275.8169714229066,2.5011753229065903,False
0.6,180.8110019,5.197452297,273.528614,276.54819152523885,3.0195775252388444,False
0.6,186.5235574,5.228557544,273.7718344,276.88772057894334,3.115886178943356,False
0.6,190.9060446,5.251781394,273.9238472,277.1516671214841,3.2278199214840697,False
0.6,200.7614223,5.302117249,274.1366651,277.67605771747816,3.5393926174781427,False
0.6,211.4586317,5.354029385,274.3190804,278.13956188628134,3.8204814862813237,False
0.6,218.6443654,5.387446508,274.5014957,278.31765786686486,3.816162166864842,False
0.6,227.7673439,5.428324686,274.6535085,278.5245564055826,3.8710479055826,False
0.6,236.1267984,5.464368942,274.8663264,278.71091831179393,3.844591911793941,False
0.6,243.5358156,5.495264018,275.0487417,278.87855257045527,3.829810870455276,False
0.6,251.7586703,5.528470971,275.1703519,279.0550615329959,3.884709632995907,False
0.6,269.8394802,5.597827264,275.5351825,279.41086104331004,3.8756785433100163,False
0.6,289.8273103,5.669285264,275.778403,279.81827161722896,4.039868617228933,False
0.6,293.6594978,5.682420925,275.9304157,279.8939259922153,3.9635102922152896,False
0.6,312.2130013,5.743685651,276.1432336,280.25484826034653,4.111614660346561,False
0.6,317.9742779,5.761970492,276.3256489,280.3685418363671,4.042892936367139,False
0.6,327.1253797,5.790343522,276.5080643,280.54560084642407,4.0375365464240645,False
0.6,334.7762124,5.813462286,276.6296745,280.69360024944257,4.0639257494425465,False
0.6,350.5451957,5.859489645,276.8120898,281.00034719982887,4.188257399828842,False
0.6,369.883551,5.913188229,277.0249077,281.4007373791169,4.375829679116862,False
0.6,384.4272375,5.951754532,277.2377255,281.71793861234505,4.480213112345041,False
0.6,402.6195457,5.997992061,277.480946,282.10137314666036,4.620427146660347,False
0.6,434.6295913,6.074494154,277.7241664,282.70812074779235,4.9839543477923485,False
0.6,448.3613091,6.105599401,277.9673868,282.97248382403416,5.005097024034171,False
0.6,462.3810764,6.136389392,278.1193996,283.2570811241492,5.137681524149173,False
0.6,487.8377599,6.189982891,278.3018149,283.78517319034853,5.483358290348519,False
0.6,530.6784123,6.274156211,278.5754379,284.6428135008426,6.067375600842581,False
0.6,554.2753154,6.317661523,278.7578532,285.0597127569628,6.301859556962825,False
0.7,99.16496356,4.596784762,272.6773425,273.19797487189754,0.5206323718975341,False
0.7,99.97061867,4.60487633,272.8293553,273.21522760489125,0.3858723048912793,False
0.7,107.930069,4.681483508,273.1029783,273.28648699935127,0.18350869935125047,False
0.7,111.2932282,4.712168414,273.2245885,273.286651221851,0.0620627218510208,False
0.7,114.7853072,4.74306349,273.4070038,273.3061359018176,0.1008678981824005,False
0.7,120.2173097,4.789301019,273.6502242,273.3800480964088,0.27017610359121136,False
0.7,123.9633459,4.819985924,273.7718344,273.46358400643885,0.3082503935611385,False
0.7,131.5048666,4.879043859,274.07586,273.6260395102157,0.44982048978425837,False
0.7,137.6991479,4.925071218,274.2582753,273.70300821116274,0.5552670888372404,False
0.7,147.557413,4.994217341,274.5623008,274.0815732456981,0.4807275543018932,False
0.7,156.1400293,5.050753228,274.8663264,274.7721097566877,0.0942166433122793,False
0.7,163.4947021,5.096780587,275.0487417,275.3462418666827,0.29750016668270973,False
0.7,169.9053987,5.135241804,275.231157,275.80544375411716,0.5742867541171677,False
0.7,180.6021163,5.196296359,275.3831698,276.53659616530393,1.1534263653039147,False
0.7,195.0222605,5.273113708,275.7175979,277.3674833650212,1.6498854650212138,False
0.7,207.9766696,5.337425908,276.0824285,278.02561336037627,1.9431848603762774,False
0.7,217.7730067,5.383453267,276.2648438,278.29525796335145,2.030414163351452,False
0.7,224.8659127,5.415504281,276.4168566,278.45719870186383,2.040342101863814,False
0.7,236.3750634,5.465419795,276.6296745,278.71702513421576,2.0873506342157384,False
0.7,238.2954672,5.473511363,276.7816872,278.7609995236817,1.979312323681654,False
0.7,253.3510531,5.534776089,276.9945051,279.08782615122993,2.093321051229907,False
0.7,263.3403959,5.573447476,277.2377255,279.2851887170426,2.047463217042605,False
0.7,284.3368823,5.65015974,277.5417511,279.70552162644054,2.163770526440544,False
0.7,294.7415618,5.686098911,277.7241664,279.9160375537539,2.1918711537538798,False
0.7,313.0672016,5.746417869,278.0281919,280.2709757465758,2.242783846575776,False
0.7,342.7500251,5.837001392,278.3322175,280.84899602194605,2.516778521946037,False
0.7,362.5335197,5.893116938,278.5146328,281.24161713883905,2.7269843388390314,False
0.7,372.9670088,5.921489967,278.6970481,281.4672278415714,2.7701797415713827,False
0.7,388.5699603,5.962473232,278.8794634,281.8071608724709,2.927697472470868,False
0.7,393.7491292,5.975713979,279.0618788,281.9189659335987,2.857087133598725,False
0.7,427.2482608,6.057365251,279.3355017,282.5732169643589,3.237715264358883,False
0.7,440.6541501,6.088260328,279.5179171,282.82047102894404,3.3025539289440644,False
0.7,467.3147467,6.147003006,279.7307349,283.35838004355946,3.627645143559448,False
0.7,499.5097325,6.213627082,280.0347605,284.02494603560973,3.9901855356097258,False
0.7,525.7935816,6.264908705,280.2779809,284.5511628711907,4.273181971190695,False
0.7,558.9546517,6.326068346,280.4603962,285.1371187134577,4.676722513457719,False
0.7,580.932545,6.364634649,280.6732141,285.5007844141704,4.82757031417043,False
0.7,641.7863797,6.464255506,281.0380447,286.33830134231084,5.300256642310842,False
0.7,678.9015594,6.520476138,281.2508626,286.70378053847355,5.452917938473547,False
0.7,736.4285035,6.601812155,281.4332779,287.3356691295996,5.902391229599573,False
0.7,777.6265041,6.656246337,281.8589137,287.7564332068579,5.897519506857861,False
0.7,814.1695284,6.70216861,282.0109265,288.1458894259062,6.134962925906223,False
0.7,852.6089945,6.748301054,282.2237443,288.5359871644611,6.312242864461098,False
0.8,77.80828413,4.354247905,272.5557323,270.7547715651387,1.8009607348612917,False
0.8,79.04447742,4.370010699,272.7381476,271.20948955027944,1.5286580497205478,False
0.8,81.93693529,4.40594987,272.9205629,271.9949958029826,0.9255670970173924,False
0.8,85.3557698,4.446828049,273.0725757,272.601817316073,0.4707583839270342,False
0.8,89.39507379,4.493065578,273.3157961,272.934210228617,0.38158587138298117,False
0.8,91.49546676,4.516289427,273.4678089,273.01697356246325,0.4508353375367733,False
0.8,101.8903024,4.623896768,273.9542498,273.2424050997742,0.7118447002258108,False
0.8,106.9590631,4.672446173,274.1366651,273.2849819683551,0.8516831316449043,False
0.8,113.4422546,4.731293937,274.3798855,273.29154297770606,1.0883425222939422,False
0.8,118.1880738,4.772277201,274.5623008,273.34168425380483,1.2206165461951741,False
0.8,122.512905,4.808216371,274.7447162,273.42794474582786,1.3167714541721693,False
0.8,127.638192,4.849199636,274.9271315,273.55817525193606,1.3689562480639097,False
0.8,137.4822666,4.923494939,275.2615596,273.69885632644554,1.5627032735544617,False
0.8,147.340487,4.992746147,275.5959877,274.0710426267464,1.5249450732536047,False
0.8,151.1990421,5.018597128,275.778403,274.34946552104583,1.4289374789541966,False
0.8,159.1215827,5.069668581,275.9608183,275.0141954274124,0.9466228725876249,False
0.8,165.7783815,5.110651845,276.1432336,275.50925976132805,0.6339738386719205,False
0.8,171.8446749,5.146591016,276.3256489,275.94657865496833,0.37907024503164166,False
0.8,182.8939716,5.208906595,276.4776617,276.6765854681544,0.19892376815442958,False
0.8,189.3675483,5.243689827,276.6904796,277.0542570148476,0.3637774148476183,False
0.8,203.908196,5.317669873,276.9337,277.8300224966708,0.8963224966707912,False
0.8,211.9035229,5.35613109,277.1161153,278.1509393000333,1.0348240000333249,False
0.8,217.9790667,5.384399034,277.2681281,278.3001415861469,1.032013486146866,False
0.8,223.1006208,5.407622884,277.4201409,278.41585959775983,0.9957186977598553,False
0.8,244.5616514,5.49946743,277.7241664,278.90271655346606,1.1785501534660625,False
0.8,257.0518612,5.549277859,277.9065817,279.1647523361119,1.2581706361119132,False
0.8,266.7943276,5.586478053,278.088997,279.35247965460354,1.2634826546035356,False
0.8,276.6152063,5.622627393,278.3322175,279.5496103715711,1.2173928715710645,False
0.8,289.6446283,5.668654752,278.5146328,279.81486577901,1.3002329790099907,False
0.8,296.4500094,5.691878602,278.6666456,279.95086587414625,1.2842202741462643,False
0.8,317.5735576,5.760709469,278.8794634,280.3609732745334,1.4815098745334012,False
0.8,332.5322431,5.806736827,279.0618788,280.6505527954068,1.5886739954067934,False
0.8,360.7852892,5.888283015,279.3050992,281.20556973637355,1.9004705363735752,False
0.8,378.6935621,5.936727335,279.457112,281.59548604296293,2.138374042962937,False
0.8,394.6604816,5.978025855,279.7307349,281.93721897837366,2.2064840783736486,False
0.8,418.4943749,6.036663449,279.9131503,282.41293927968076,2.4997889796807726,False
0.8,436.0019488,6.077646713,280.0955656,282.7334510820778,2.63788548207782,False
0.8,449.6825049,6.108541789,280.2779809,282.9979364929109,2.719955592910935,False
0.8,473.245008,6.159613242,280.4603962,283.48192076832277,3.021524568322775,False
0.8,459.5231675,6.130189359,280.7036167,283.1981310254514,2.494514325451405,False
0.8,507.3391453,6.229179706,280.886032,284.18567057365027,3.2996385736502702,False
0.8,551.9503578,6.313458111,281.1900575,285.02362520014265,3.8335677001426234,False
0.8,595.7076542,6.389750034,281.3724728,285.7495768627682,4.377104062768183,False
0.8,611.5650681,6.416021357,281.6764984,285.9981195148808,4.32162111488077,False
0.8,653.4232565,6.482225092,281.8589137,286.44774793757296,4.588834237572939,False
0.8,705.3733132,6.558727185,282.1021341,286.99825927494663,4.896125174946633,False
0.8,744.1298872,6.612215599,282.2541469,287.4155958628226,5.16144896282259,False
0.8,775.3417879,6.653303949,282.4669648,287.73344104781114,5.266476247811113,False
0.8,822.1653597,6.711941542,282.6493801,288.23301352480195,5.583633424801974,False
0.8,855.8405833,6.752084124,282.8317954,288.56621449677607,5.734419096776094,False
0.8,904.4789107,6.807358989,283.0142107,288.9550969573964,5.940886257396414,False
0.8,965.5733219,6.872722041,283.196626,289.46052608657965,6.2639000865796675,False
0.9,64.39875996,4.165094378,272.5557323,263.59078598724216,8.964946312757831,False
0.9,65.1680303,4.176969016,272.7077451,264.05410208381176,8.653643016188255,False
0.9,68.15881086,4.221840436,272.9205629,265.80495498890895,7.115607911091047,False
0.9,72.28257677,4.280583115,273.1333808,268.1041847231969,5.029196076803089,False
0.9,75.11680726,4.319044332,273.3157961,269.54238006841996,3.773416031580041,False
0.9,77.47376852,4.349939408,273.4982115,270.6036704377559,2.894541062244116,False
0.9,80.53693359,4.388715882,273.7718344,271.65926716877345,2.112567231226535,False
0.9,84.75691484,4.439787334,273.9542498,272.5140389111118,1.4402108888882026,False
0.9,88.08026943,4.478248551,274.1366651,272.8585028730557,1.2781622269442892,False
0.9,92.22911943,4.52427591,274.3190804,273.03711224553456,1.28196815446546,False
0.9,96.57339296,4.570303268,274.5014957,273.15247746431226,1.3490182356877654,False
0.9,99.85512558,4.603720391,274.683911,273.2133996935976,1.470511306402443,False
0.9,106.4209099,4.667402079,274.8663264,273.28179755782014,1.58452884217985,False
0.9,112.6108384,4.723937967,275.1703519,273.2891526935286,1.8811992064714218,False
0.9,117.9399381,4.770175496,275.4135723,273.3378473191524,2.0757249808476104,False
0.9,125.6816469,4.833752098,275.5655851,273.5081771541089,2.0574079458911,False
0.9,127.678437,4.849514892,275.7480004,273.55919848605885,2.1888019139411767,False
0.9,132.3644559,4.885559147,275.9608183,273.6308079188097,2.330010381190334,False
0.9,139.2854626,4.936525515,276.1128311,273.7379582012942,2.374872898705803,False
0.9,148.2568406,4.998946179,276.2952464,274.1145007590251,2.1807456409749193,False
0.9,153.5366931,5.033939581,276.5688694,274.544145713405,2.024723686594996,False
0.9,159.5401658,5.072295714,276.7208821,275.0438880880569,1.6769940119430657,False
0.9,172.2062216,5.148692721,276.9337,275.97213460423274,0.9615653957672521,False
0.9,178.9396957,5.187048854,277.0857128,276.4297067364616,0.6560060635384275,False
0.9,186.01463,5.225825327,277.3593358,276.85715561613137,0.5021801838686315,False
0.9,201.5223554,5.30590032,277.5417511,277.7116322700504,0.16988117005041659,False
0.9,207.1478246,5.333432667,277.8457766,277.98994800367103,0.14417140367100956,False
0.9,227.0265662,5.425067042,278.088997,278.5070354518518,0.41803845185177124,False
0.9,238.8219162,5.475718154,278.3930226,278.77304422124143,0.3800216212414398,False
0.9,250.2814775,5.522586195,278.5754379,279.02723955301315,0.451801653013149,False
0.9,258.1346301,5.553481271,278.7578532,279.18499647067824,0.4271432706782434,False
0.9,274.0689968,5.613379888,278.9402685,279.49602863159214,0.5557601315921374,False
0.9,293.196973,5.680844646,279.1226839,279.88464982628767,0.7619659262876439,False
0.9,308.5599335,5.731916098,279.3050992,280.18428532703024,0.8791861270302661,False
0.9,315.8761224,5.755350119,279.5179171,280.32659357449734,0.8086764744973607,False
0.9,336.6813358,5.819136892,279.7307349,280.7312137303708,1.0004788303708096,False
0.9,346.4072154,5.847615006,279.9435528,280.9202606556043,0.9767078556042748,False
0.9,376.7486128,5.931578155,280.1563707,281.55161596551557,1.3952452655155412,False
0.9,393.046344,5.973927529,280.3691886,281.90482049169043,1.535631891690457,False
0.9,419.4630014,6.038975325,280.5820064,282.43108325243395,1.8490768524339387,False
0.9,434.8123224,6.074914495,280.7644218,282.71137458625674,1.9469527862567588,False
0.9,458.7511907,6.128507995,280.9468371,283.1825948409685,2.235757740968495,False
0.9,481.5727934,6.1770574,281.1292524,283.65493524312535,2.5256828431253666,False
0.9,520.0238883,6.25387475,281.4636805,284.43893323929245,2.9752527392924435,False
0.9,574.4370525,6.353390522,281.7981086,285.39091427246257,3.592805672462589,False
0.9,579.1040048,6.36148209,281.9501213,285.4712704659488,3.5211491659488274,False
0.9,631.4174963,6.447967286,282.1629392,286.2298003645103,4.066861164510328,False
0.9,684.9208628,6.529303303,282.3453545,286.77121203655673,4.425857536556748,False
0.9,728.1178693,6.590462943,282.5277699,287.2478287768134,4.720058876813368,False
0.9,769.4975795,6.645737808,282.7101852,287.6738427425063,4.963657542506269,False
0.9,827.0178831,6.717826319,282.8926005,288.28570643746815,5.393105937468135,False
0.9,868.159735,6.766375724,283.0750158,288.6666576510526,5.5916418510526,False
0.9,936.1979739,6.841826965,283.2574311,289.21943073678773,5.961999636787709,False
0.9,998.804941,6.906559505,283.5006516,289.6560815213957,6.155429921395694,False
1.0,54.99576968,4.007256267,272.8597578,257.91394636677103,14.945811433228982,False
1.0,57.58018744,4.05317854,273.0117706,259.5089083805376,13.502862219462372,False
1.0,60.30506335,4.09941607,273.254991,261.13689766216174,12.118093337838275,False
1.0,65.58711236,4.183379219,273.4678089,264.32051158167394,9.147297318326082,False
1.0,67.67349767,4.214694636,273.7718344,265.5358548579618,8.235979542038194,False
1.0,72.33576718,4.281318712,274.07586,268.1363517068263,5.939508293173674,False
1.0,77.67756995,4.352566541,274.2582753,270.6963931856655,3.5618821143344803,False
1.0,83.21248592,4.421397408,274.4710932,272.25281062674253,2.2182825732574543,False
1.0,83.90616959,4.429699146,274.683911,272.3689551663954,2.3149558336046425,False
1.0,89.8754594,4.498424928,274.8663264,272.9547134163439,1.9116129836560845,False
1.0,94.86347647,4.552438768,275.1703519,273.11138583868535,2.0589660613146634,False
1.0,102.3732662,4.628625606,275.3223647,273.24693568043415,2.0754290195658314,False
1.0,105.5965571,4.659625768,275.5351825,273.2782870033314,2.256895496668619,False
1.0,110.5820977,4.705758211,275.7480004,273.286324779568,2.461675620432004,False
1.0,115.8030212,4.751890655,275.9608183,273.31709168550566,2.643726614494369,False
1.0,118.2377636,4.772697543,276.1432336,273.3419794962383,2.8012541037616643,False
1.0,123.1842013,4.813680807,276.3256489,273.4443052586493,2.881343641350668,False
1.0,130.2943802,4.869796354,276.5080643,273.6048200997257,2.903244200274287,False
1.0,138.2791723,4.929274629,276.6904796,273.7146602609656,2.9758193390343877,False
1.0,140.3580617,4.944196741,276.8728949,273.7678597101556,3.1050351898443864,False
1.0,154.7027792,5.041505723,277.2985307,274.6519300437203,2.646600656279702,False
1.0,164.8749669,5.10518741,277.480946,275.4450170616182,2.035928938381801,False
1.0,175.3470919,5.166767392,277.7849715,276.1979765462862,1.58699495371377,False
1.0,186.4059892,5.227927033,277.9673868,276.8814959784116,1.085890821588407,False
1.0,198.1623557,5.289086673,278.1498022,277.54035250708273,0.6094496929172806,False
1.0,201.3530103,5.305059638,278.3930226,277.70006586243574,0.6929567375642591,False
1.0,217.8645649,5.383873608,278.5754379,278.297050980642,0.2783869193580131,False
1.0,232.1898359,5.447555295,278.7578532,278.62168748653886,0.13616571346113915,False
1.0,240.7369,5.483704636,279.0010737,278.81548834311485,0.18558535688515576,False
1.0,245.7467056,5.504301353,279.1226839,278.9287450549241,0.19393884507593384,False
1.0,265.2846623,5.580803447,279.3659043,279.32330762318213,0.0425966768178796,False
1.0,281.9565319,5.641752917,279.4875145,279.65609184339735,0.16857734339737362,False
1.0,293.8138348,5.682946352,279.7307349,279.8968111252496,0.16607622524958288,False
1.0,314.1217339,5.749780598,280.0955656,280.2918408834078,0.19627528340782874,False
1.0,332.6370924,5.807052083,280.2475783,280.65247311745725,0.4048948174572615,False
1.0,354.993642,5.872099879,280.4603962,281.0871005918027,0.6267043918027184,False
1.0,370.3113608,5.914344167,280.6428115,281.4098365295965,0.767025029596482,False
1.0,379.5301825,5.938934126,280.8252269,281.6129530912443,0.7877261912443032,False
1.0,422.471135,6.046121125,281.1900575,282.48522189341685,1.295164393416826,False
1.0,436.8274423,6.079538248,281.3724728,282.74874221068313,1.3762694106831077,False
1.0,458.5583992,6.128087654,281.5548882,283.1787361555777,1.6238479555777303,False
1.0,486.1489589,6.186515077,281.6764984,283.75033560969786,2.0738372096978424,False
1.0,511.2997522,6.236956017,281.9197188,284.26419804422443,2.3444792442244307,False
1.0,551.3706438,6.312407258,282.1021341,285.013883423629,2.91174932362901,False
1.0,588.6138172,6.37777031,282.2845494,285.62905506537965,3.344505665379643,False
1.0,637.9536582,6.458265645,282.4669648,286.30084800665736,3.833883206657333,False
1.0,675.3437859,6.515221874,282.6493801,286.6658785800156,4.016498480015628,False
1.0,715.526607,6.573018785,282.8317954,287.1119012742918,4.2801058742918485,False
1.0,776.8097622,6.655195484,283.0142107,287.74826311474936,4.734052414749385,False
1.0,833.4741021,6.72560263,283.196626,288.3505955380414,5.153969538041395,False
1.0,893.5203363,6.795169095,283.3790414,288.86457738162477,5.485535981624764,False
1.0,964.3564786,6.871461017,283.5614567,289.45166851782466,5.89021181782465,False
1.0,1124.265874,7.024885545,283.9262873,290.12312232700776,6.196835027007751,False
1.0,1161.249449,7.057251816,284.0478975,290.2353304638698,6.18743296386981,False
0.763661339,3558.562112,8.177111841,298.4415994,297.8551089711825,0.5864904288174557,False
0.636592072,2839.586749,7.95141381,294.7824215,296.43601592520406,1.6535944252040622,False
0.975798629,3265.84028,8.091272368,301.2070679,297.56060562747376,3.6464622725262643,False
0.60782704,2722.769052,7.909404675,293.9423374,296.0180159454058,2.0756785454058218,False
0.719224887,3560.869701,8.177760092,297.6548869,297.8573895456539,0.20250264565390808,False
0.599343515,3472.759728,8.152704868,295.1248222,297.7746127918056,2.6497905918056404,False
0.763580656,3597.426605,8.187974037,298.5010586,297.8934741628553,0.6075844371447374,False
0.758727619,3884.370781,8.264716289,298.8452031,298.6454277146817,0.19977538531827577,False
0.867167062,3492.008947,8.158232479,300.0177328,297.79521294354186,2.2225198564581206,False
0.598054901,2812.128339,7.941696892,293.9144239,296.33933041926605,2.4249065192660737,False
0.881001025,3789.489257,8.239986528,300.6881523,298.39450784228535,2.293644457714663,False
0.770448974,2871.451917,7.962573075,297.3450349,296.5513053135671,0.7937295864328462,False
0.916904822,3607.721688,8.190831741,300.942998,297.90943021914336,3.033567780856629,False
0.973659778,3006.127123,8.008407859,300.7035297,297.0183761215798,3.68515357842017,False
0.685227086,3112.786321,8.043273527,296.2638222,297.33763773024674,1.0738155302467476,False
0.898593912,3527.180191,8.168254018,300.5471626,297.82939112300784,2.717771476992141,False
0.61650909,3210.744656,8.074258169,295.0558997,297.51829335742025,2.4623936574202503,False
0.923929671,3255.411793,8.088074058,300.4620353,297.55372168512116,2.908313614878864,False
0.531174628,3721.778663,8.221956968,293.9344867,298.20652304478926,4.272036344789285,False
0.93921275,3932.155727,8.276943086,301.7480236,298.7707882907366,2.977235309263392,False
0.855164529,3752.104932,8.230072277,300.2369498,298.2912989641072,1.9456508358927636,False
0.630412112,3258.18201,8.088924653,295.4292258,297.55618347019714,2.1269576701971573,False
0.582652191,3598.104137,8.188162357,294.9528243,297.89439133747817,2.941567037478194,False
0.904657737,3540.376603,8.171988385,300.6576826,297.840739017982,2.8169435820179842,False
0.926073808,3208.829776,8.073661594,300.4107377,297.5164612832502,2.8942764167498467,False
0.627217626,3794.909306,8.241415791,296.2109496,298.40923518675504,2.1982855867550484,False
0.690647984,3123.931397,8.046847551,296.3872585,297.364645071034,0.9773865710340033,False
0.830021422,3514.895199,8.164764988,299.4741105,297.81877617490755,1.65533432509244,False
0.530748457,3258.869688,8.089135693,293.1902194,297.5568433135551,4.366623913555088,False
0.796480796,2895.860019,7.971037416,297.8307434,296.63760162685105,1.193141773148966,False
0.777832089,3303.279226,8.102670959,298.2655901,297.586764085258,0.6788260147420146,False
0.575063488,3949.058919,8.281232581,295.2946124,298.8159745124462,3.521362112446184,False
0.988140945,3268.034623,8.09194405,301.3784067,297.56175927661155,3.816647423388474,False
0.587712143,3974.41003,8.287631596,295.6140756,298.88476406426355,3.2706884642635714,False
0.917363271,3232.537744,8.081022787,300.3271192,297.53379836849103,2.793320831508993,False
0.817567178,3872.787577,8.261729831,299.817456,298.6152974388964,1.2021585611036016,False
0.649264117,3647.6238,8.201831221,296.4444224,297.9996360692439,1.5552136692438694,False
0.719295786,2723.248662,7.909580808,296.1407654,296.01973472853916,0.12103067146085777,False
0.621664202,3311.684703,8.105212313,295.3377295,297.5933547298926,2.255625229892587,False
0.907219957,3366.690815,8.121685587,300.4105104,297.64662626015746,2.7638841398425598,False
0.940818183,3392.834723,8.129421052,300.9380477,297.6783201114919,3.259727588508099,False
0.706943137,3104.943952,8.040750943,296.6587142,297.3176789998525,0.6589647998524697,False
0.785529578,3920.317262,8.273927864,299.355755,298.739448238942,0.6163067610580129,False
0.806220469,3083.619081,8.033859212,298.3488734,297.26718083495723,1.081692565042772,False
0.512547231,3467.732577,8.151256223,293.0816896,297.7692164311131,4.687526831113075,False
0.555210951,3482.113195,8.155394628,294.1429459,297.7849753677724,3.6420294677724314,False
0.713355083,3921.208111,8.274155077,298.0835694,298.74179843777017,0.6582290377701838,False
0.636402088,3872.661025,8.261697153,296.513567,298.6149681581177,2.1014011581176533,False
0.947059176,2730.257458,7.912151191,299.7810011,296.0452173116934,3.7357837883066054,False
0.868162401,3494.549785,8.158959829,300.0370622,297.7981179195021,2.23894428049789,False
0.931197183,3430.966998,8.140597424,300.8646638,297.7269633233057,3.137700476694306,False
0.504237919,3645.490811,8.201246289,293.1449887,297.9940177356638,4.849029035663818,False
0.934115639,3950.583859,8.281618659,301.7016271,298.82007768417515,2.88154941582485,False
0.701539612,3131.255853,8.049189434,296.6056735,297.3839085470227,0.7782350470226902,False
0.770216425,3334.595422,8.112106638,298.1890147,297.6138711193481,0.5751435806518543,False
0.859555915,3073.961302,8.030722335,299.1775446,297.2369257855537,1.9406188144462817,False
0.727786175,3113.554471,8.043520269,297.0558986,297.3387313825193,0.2828327825193355,False
0.890603586,3758.821187,8.231860673,300.7867279,298.31004900240293,2.4766788975970826,False
0.801633826,2724.067682,7.909881514,297.5655488,296.0226792380591,1.542869561940904,False
0.55629996,3208.903259,8.073684494,293.7145636,297.5166167367101,3.8020531367100716,False
0.520682587,3115.121047,8.04402329,292.6911865,297.3417363281713,4.650549828171279,False
0.741827953,2760.122499,7.923030341,296.6219697,296.1544935055608,0.4674761944392003,False
0.591075206,2907.153521,7.97492971,293.9493077,296.67642511149353,2.7271174114935093,False
0.724442607,3398.389553,8.131056938,297.4884412,297.6856703801712,0.19722918017117763,False
0.505090165,3859.817817,8.258375264,293.4799616,298.5815077163048,5.101546116304803,False
0.823221995,3500.069111,8.160537993,299.3413732,297.8042459687879,1.5371272312121391,False
0.619612531,3372.906866,8.123530223,295.3967867,297.6545977917164,2.2578110917164054,False
0.852048915,3723.41192,8.22239571,300.1454169,298.2111599311128,1.9342569688872118,False
0.570947642,3770.070688,8.23484903,294.9458111,298.3412529921368,3.3954418921367733,False
0.560941245,2728.39466,7.911468679,292.912152,296.03839856730144,3.1262465673014503,False
0.8149604,3677.06785,8.209870934,299.4849741,298.07889440862056,1.406079691379432,False
0.957958758,3093.381651,8.037020157,300.6513905,297.289444736281,3.3619457637190067,False
0.990161691,3308.430851,8.104229293,301.4757377,297.59071626463555,3.8850214353644787,False
0.598109833,3033.978918,8.017630211,294.3434205,297.1120241366037,2.7686036366037,False
0.731493491,3325.989016,8.109522357,297.4948994,297.60615788265466,0.1112584826546481,False
0.769281917,3145.831471,8.053833513,297.8437989,297.40336044914636,0.4404384508536623,False
0.847333946,3614.141917,8.192609739,299.9044492,297.9222968761996,1.982152323800392,False
0.741597858,3492.536758,8.158383616,297.9499312,297.7959316974826,0.15399950251736527,False
0.895980873,3465.647699,8.15065482,300.4089705,297.7673871232138,2.6415833767862296,False
0.862792215,3030.120288,8.016357597,299.1453214,297.09884498633966,2.0464764136603435,False
0.754519952,3941.984048,8.279439441,298.8535566,298.7969965217597,0.0565600782402953,False
0.683315789,3409.733086,8.134389293,296.7390317,297.70140801112456,0.962376311124558,False
0.875863612,3592.1006,8.186492436,300.3095999,297.88701977037783,2.4225801296221903,False
0.799192097,3815.159723,8.24673781,299.43247,298.46374539742345,0.9687246025765717,False
0.991360618,3704.486962,8.217300056,302.1338202,298.1572124339519,3.9766077660481187,False
0.550887115,3872.349133,8.261616613,294.6265928,298.61415661090797,3.987563810907943,False
0.954179057,3138.482647,8.051494729,300.681635,297.3958340255562,3.2858009744438164,False
0.70304385,3135.945369,8.050685961,296.6422187,297.3911478712907,0.7489291712906834,False
0.518256888,2792.415904,7.934662416,292.0189829,296.2704641986554,4.251481298655392,False
0.635016306,3730.724425,8.22435771,296.2784878,298.23186758148046,1.9533797814804643,False
0.74789061,2775.955656,7.928750347,296.7614689,296.21172777452375,0.5497411254762596,False
0.571669611,3865.741695,8.259908843,295.1001904,298.5969538099944,3.4967634099944007,False
0.625071667,2837.66587,7.950737116,294.5405642,296.4295090320783,1.8889448320782662,False
0.603272921,3858.724286,8.258091912,295.7933697,298.5786534332344,2.785283733234394,False
0.57467736,3045.804429,8.021520326,293.8453583,297.15160998141664,3.3062516814166543,False
0.972220853,3070.258418,8.029517012,300.8049804,297.22489772720445,3.580082672795527,False
0.526757746,2719.166577,7.908080707,292.0795745,296.00491635841695,3.925341858416971,False
0.617923859,3438.599584,8.14281957,295.4686148,297.73655294815705,2.267938148157043,False
0.717269302,2876.697627,7.964398258,296.4162308,296.5706495620107,0.1544187620107209,False
0.80468869,3061.515521,8.026665341,298.2828819,297.1996682705739,1.0832136294260977,False
0.548583094,3557.398769,8.176784874,294.1049908,297.8542752117505,3.749284411750523,False
0.82173243,2725.204465,7.910298737,297.8940522,296.02678343006954,1.8672687699304333,False
0.57726733,3868.084058,8.260514588,295.2307394,298.6030548382305,3.372315438230487,False
0.67411455,3536.688395,8.170946087,296.7653113,297.83743574392673,1.0721244439267252,False
0.928614255,3006.764486,8.008619858,300.075369,297.02046891148393,3.054900088516092,False
0.543436263,2871.205278,7.962487178,292.7889036,296.550376225763,3.7614726257629627,False
0.926933016,3579.545057,8.182990992,301.0435389,297.8737535182318,3.169785381768179,False
0.535880576,3354.903365,8.118178246,293.4762404,297.6339392151856,4.157698815185597,False
0.997818787,2948.620525,7.989092721,300.9185659,296.81893129593436,4.0996346040656135,False
0.738869268,2789.803546,7.933726459,296.6306247,296.2612950745817,0.3693296254182883,False
0.88769716,2747.199864,7.918337441,298.9595569,296.1073039570584,2.852252942941618,False
0.849226434,2730.462097,7.91222614,298.339109,296.0459651150862,2.2931438849138317,False
0.897085751,2963.403636,7.994093764,299.5340739,296.8701252595876,2.6639486404124,False
0.556894214,3548.602358,8.174309103,294.2869784,297.8469323841227,3.5599539841226715,False
0.910704647,2797.966754,7.936648273,299.4036615,296.2899059297851,3.1137555702148916,False
0.645996721,2795.086296,7.93561826,294.8841435,296.2797722377035,1.3956287377035324,False
0.645289291,3936.618835,8.27807747,296.7859643,298.7826675701603,1.9967032701603102,False
0.998117087,3063.810025,8.027414527,301.1428773,297.2060101624213,3.9368671375787017,False
0.708117044,2900.35509,7.972588453,296.2944377,296.65342530792344,0.35898760792343865,False
0.988629623,3909.749103,8.271228483,302.4010526,298.7116581814692,3.68939441853081,False
0.8628554,3269.937089,8.092526025,299.5797821,297.56315148662645,2.016630613373536,False
0.903170838,3711.187841,8.219107277,300.9014759,298.17636321002226,2.7251126899777205,False
0.52362148,3888.757661,8.265845018,293.9889699,298.656843834858,4.667873934858051,False
0.919956592,3892.14541,8.266715804,301.4143005,298.6656657786962,2.7486347213038016,False
0.904313809,3964.655088,8.285174141,301.2891539,298.85815220145537,2.4310016985446055,False
0.507887546,3661.323651,8.205580014,293.2623205,298.03769806530687,4.775377565306883,False
0.591667867,2977.632836,7.998883914,294.0971495,296.91935681453907,2.822207314539071,False
0.532370603,3409.346808,8.134276,293.4801089,297.7007529445095,4.22064404450947,False
0.611522505,3304.51442,8.103044819,295.1108365,297.587624093452,2.476787593452002,False
0.670121369,2788.159385,7.933136938,295.3486548,296.2555234513695,0.906868651369507,False
0.588420981,3349.492987,8.116564266,294.6839038,297.6279475580711,2.944043758071132,False
0.698245711,3418.531445,8.136966336,297.037293,297.7104086699472,0.6731156699472081,False
0.555189629,3927.332727,8.275715779,294.8053459,298.75799136187135,3.9526454618713274,False
0.631107043,3218.646344,8.07671616,295.375254,297.52470983471403,2.149455834714047,False
0.655443821,3525.78805,8.167859251,296.3796543,297.8280506570046,1.448396357004583,False
0.905330927,3116.521846,8.044472866,299.9434653,297.34364137893823,2.599823921061784,False
0.564683968,2910.714033,7.976153702,293.3628966,296.688383489306,3.325486889305978,False
0.550781199,3314.898663,8.106182333,293.7658613,297.59599295214133,3.830131652141347,False
0.556274249,3040.044065,8.019627289,293.4120373,297.1322192658813,3.720181965881295,False
0.961715056,2990.270893,8.003119262,300.5090307,296.9630986232478,3.5459320767521945,False
0.773662649,2739.747438,7.915621019,297.131343,296.0800088878433,1.0513341121567237,False
0.988856196,3932.142928,8.276939831,302.4362473,298.77075427625,3.6654930237500025,False
0.589398198,3350.580886,8.116889009,294.7073416,297.6292748755799,2.9219332755798746,False
0.654510797,3856.936071,8.257628383,296.8592795,298.57398369491835,1.7147041949183404,False
0.782147332,3909.77578,8.271235306,299.2836326,298.7117281354041,0.5719044645958888,False
0.753501605,3602.496497,8.189382355,298.3335513,297.9004893903172,0.4330619096828059,False
0.51738335,3152.111173,8.055827721,292.6746072,297.41876040918055,4.744153209180524,False
0.57860951,3316.49649,8.106664231,294.4097127,297.5973913730798,3.1876786730798017,False
0.886099087,3283.014325,8.096517281,299.9548913,297.57225379561316,2.382637504386821,False
0.926138161,3799.529298,8.242632469,301.3682993,298.421742084676,2.946557215323992,False
0.643658514,3437.104362,8.142384641,295.9999326,297.7339699974265,1.7340373974265049,False
0.532913284,2881.812245,7.966174627,292.5564749,296.5889972757419,4.032522375741905,False
0.604462991,3437.947183,8.142629823,295.1798537,297.7354290665483,2.5555753665482825,False
0.811716604,3069.075869,8.029131775,298.4116625,297.22109016232884,1.1905723376711421,False
0.668735992,3110.454314,8.042524076,295.9405385,297.3318398812904,1.3913013812904182,False
0.712105947,3788.02835,8.239600938,297.8686159,298.3905281179877,0.5219122179876763,False
0.932842225,3404.470497,8.132844699,300.844172,297.6926551331438,3.151516866856241,False
0.742148615,2735.587015,7.914101323,296.5765971,296.0647675870547,0.5118295129453259,False
0.92750958,3411.1828,8.134814372,300.7790673,297.70344383780883,3.0756234621911744,False
0.8446261,3529.24689,8.168839782,299.7282089,297.83109778102374,1.8971111189762837,False
0.740305813,2809.397043,7.940725164,296.696053,296.3298039565018,0.36624904349821463,False
0.921540428,3119.582386,8.045454421,300.1846039,297.35229830186,2.8323055981400103,False
0.584208561,3751.032666,8.229786459,295.2175902,298.28829728528945,3.0707070852894276,False
0.799262842,3046.397367,8.02171498,298.1654846,297.15328399418013,1.012200605819885,False
0.594853048,3794.775833,8.241380619,295.517435,298.40887322513225,2.8914382251322763,False
0.702437236,2851.522538,7.955608354,296.092442,296.4794911850431,0.3870491850431108,False
0.626607142,3633.850312,8.198048057,295.9580597,297.9638691333023,2.0058094333023178,False
0.658135297,3550.401593,8.174816001,296.4721345,297.8484743662051,1.3763398662051145,False
0.876565848,3854.643099,8.2570337,300.7166194,298.5679916050641,2.148627794935919,False
0.619585436,3446.026482,8.144977102,295.5157255,297.74786808946857,2.2321425894685945,False
0.821640879,3201.002837,8.071219426,298.8112005,297.5038085919619,1.3073919080380847,False
0.939354404,3482.996502,8.155648266,301.0660862,297.78571837359294,3.28036782640703,False
0.972354047,3201.178344,8.071274254,301.0457901,297.50421431408813,3.5415757859118457,False
0.685175817,3955.225758,8.28279296,297.6004377,298.8325955423566,1.232157842356628,False
0.792313315,3897.880192,8.268188144,299.4376523,298.68061675751653,0.7570355424834929,False
0.719146766,2987.818094,8.002298666,296.6657167,296.9545938099801,0.288877109980092,False
0.582078051,3868.659924,8.260663453,295.3399529,298.6045542885308,3.264601388530764,False
0.882805204,2954.840708,7.991200022,299.3049756,296.8404420244362,2.4645335755637916,False
0.860541812,3611.126633,8.191775089,300.105002,297.91602605620824,2.1889759437917746,False
0.931983521,3958.138551,8.283529131,301.6818464,298.8404719372102,2.8413744627897586,False
0.930653422,2843.463143,7.952778005,299.7836908,296.4500827832495,3.3336080167504747,False
0.581358704,2793.022984,7.934879795,293.5080637,296.2725825639296,2.7645188639295952,False
0.920832643,2732.710577,7.913049281,299.4140363,296.054233517336,3.359802782664019,False
0.792180466,2823.884839,7.945868818,297.6156121,296.38084080289815,1.2347712971018723,False
0.741209397,2749.592152,7.919207871,296.5891801,296.1160904950694,0.47308960493063523,False
0.63990973,3666.048549,8.206869671,296.2821498,298.0509844137174,1.768834613717388,False
0.843176821,3649.621403,8.202378716,299.8941187,298.00512304891043,1.8889956510895445,False
0.710852552,3057.632453,8.025396187,296.6442953,297.18876737992855,0.5444720799285392,False
0.875258503,2843.292657,7.952718046,298.9707127,296.44945185394744,2.5212608460525416,False
0.759170166,3579.651764,8.183020802,298.3968481,297.8738688946043,0.5229792053956999,False
0.888368679,3141.026298,8.052304872,299.7372932,297.3984657119268,2.338827488073207,False
0.527814387,3532.235858,8.169686337,293.564201,297.8339935131544,4.269792513154357,False
0.675000189,3383.891368,8.126781619,296.5358001,297.66870715993196,1.132907059931938,False
0.703411702,3300.809956,8.101923159,296.9375493,297.5850507058591,0.6475014058590887,False
0.564931821,3536.544182,8.17090531,294.4547347,297.83730843327623,3.3825737332762174,False
0.594901906,3047.785348,8.02217049,294.2989017,297.15722712589434,2.85832542589435,False
0.606004238,2729.3445,7.911816749,293.9169655,296.0418814543901,2.124915954390076,False
0.923781325,3924.512317,8.274997372,301.5160798,298.75052665812933,2.7655531418706687,False
0.706942193,2921.001995,7.979681985,296.312949,296.72407356048143,0.41112456048142576,False
0.658897335,3739.724109,8.22676712,296.7760453,298.2572252741126,1.4811799741125924,False
0.750409609,2724.935983,7.910200214,296.6995234,296.02581246691165,0.67371093308833,False
0.917979781,3193.015675,8.068721102,300.2659565,297.4900697107612,2.7758867892388253,False
0.508461456,2771.8834,7.927282296,291.7311711,296.19714122674566,4.465970126745674,False
0.930081768,3925.376524,8.275217555,301.6079795,298.75281249285365,2.855167007146349,False
0.742648248,3585.3525,8.184612075,298.1154758,297.8797335621183,0.23574223788170912,False
0.608212817,3157.390871,8.057501292,294.7853201,297.43008404402053,2.6447639440205535,False
0.982653513,3298.849663,8.1013291,301.357718,297.58372023660087,3.773997763399109,False
0.836567234,3641.864189,8.200250969,299.777794,297.9842093336627,1.7935846663372672,False
0.607209538,3270.47494,8.092690495,294.9606455,297.5635126242383,2.602867124238287,False
0.974606977,3424.159998,8.138611465,301.4603381,297.7177692819396,3.7425688180604197,False
0.677131242,3178.590694,8.0641932,296.225911,297.46594774039164,1.2400367403916448,False
0.982382609,2906.247982,7.974618175,300.627777,296.6733844739945,3.954392526005506,False
0.772546127,2787.418594,7.932871211,297.2111027,296.252923621554,0.9581790784460509,False
0.755651367,3320.116355,8.107755108,297.9128044,297.60065419262656,0.3121502073734632,False
0.717836831,2910.07808,7.975935191,296.4921765,296.6862812632951,0.19410476329505855,False
0.609762746,2855.456718,7.956987081,294.2530075,296.493188759109,2.240181259108965,False
0.994200185,3927.319498,8.275712411,302.50145,298.7579563172406,3.7434936827593788,False
0.750037593,3876.268464,8.262628234,298.6813576,298.6243528459053,0.057004754094691634,False
0.807508787,3003.572634,8.007557737,298.2202864,297.0096384141801,1.2106479858199464,False
0.907312349,2746.748508,7.91817313,299.247765,296.1056349535695,3.142130046430509,False
0.557365179,3073.444395,8.030554164,293.4986077,297.2357305765359,3.7371228765359206,False
0.799665084,3342.331865,8.114424006,298.6973966,297.62127494153816,1.0761216584618296,False
0.596277717,3415.035556,8.135943184,294.9647152,297.70638019340754,2.7416649934075394,False
0.737837465,2826.735034,7.946877626,296.6873152,296.3906024698397,0.29671273016032274,False
0.860287459,3179.94901,8.064620441,299.3818043,297.4683764614169,1.913427838583118,False
0.703157277,2917.966077,7.978642104,296.2366966,296.71353965674575,0.4768430567457358,False
0.826267018,3942.899502,8.279671646,300.0580221,298.79944681520425,1.2585752847957679,False
0.645563224,3434.692936,8.141682808,296.0347061,297.7312290092515,1.6965229092514846,False
0.578563257,2893.465827,7.970210311,293.6446923,296.6291327426817,2.9844404426817164,False
0.753074882,2832.964705,7.949079041,296.9682488,296.4124932746731,0.5557555253269015,False
0.773005069,3241.340575,8.083742281,298.0766065,297.541399419135,0.5352070808650069,False
0.629642993,2796.93534,7.936279575,294.5536313,296.2862348501541,1.7326035501540673,False
0.755750774,2814.21577,7.942438912,296.9769399,296.3466695987901,0.6302703012099187,False
0.98767028,3246.570076,8.085354357,301.334432,297.5449524470857,3.7894795529143153,False
0.692371705,3920.323231,8.273929386,297.6889285,298.7394639819156,1.050535481915631,False
0.738094699,3100.185145,8.039217113,297.216412,297.30614846604806,0.08973646604806618,False
0.875778893,3207.112355,8.073126233,299.6666164,297.512778178913,2.153838221087028,False
0.61205686,3250.648829,8.086609895,295.0304142,297.54822688800715,2.5178126880071545,False
0.942110701,3251.538037,8.086883406,300.7143432,297.5494057423287,3.1649374576712717,False
0.568091562,3475.398843,8.153464526,294.4307902,297.7769974940045,3.3462072940045005,False
0.712150585,3835.151314,8.251964169,297.9381439,298.5168174308943,0.5786735308943207,False
0.983486934,3965.110351,8.285288965,302.4103534,298.8593903883262,3.5509630116738435,False
0.796949792,3471.986474,8.15248218,298.8669252,297.7740025487711,1.092922651228946,False
0.938421357,3009.999914,8.009695329,300.2210081,297.03116016671686,3.189847933283147,False
0.65561411,3834.509327,8.25179676,296.8491313,298.51512333783296,1.6659920378329502,False
0.848038888,3644.238987,8.20090284,299.9621049,297.9906176551765,1.9714872448234928,False
0.94452952,3740.130639,8.22687582,301.5417927,298.25836726829044,3.2834254317095315,False
0.839832776,3354.896718,8.118176264,299.3668385,297.6339306704117,1.732907829588271,False
0.842690753,3884.582529,8.2647708,300.2361123,298.6459786067827,1.5901336932172967,False
0.547132045,3417.318725,8.136611524,293.8483056,297.7083037853631,3.8599981853631107,False
0.697926198,3349.137792,8.116458216,296.9163273,297.62762462253227,0.711297322532289,False
0.710636009,2729.157942,7.911748394,295.9945254,296.041200795668,0.046675395667989505,False
0.83602296,3622.609556,8.194949917,299.7393827,297.9416070488387,1.7977756511613165,False
0.710958398,3285.230862,8.097192206,297.0511463,297.57418405642454,0.5230377564245146,False
0.705445307,2774.50107,7.928226215,295.9925323,296.20653698356233,0.2140046835623366,False
0.738654492,3632.03411,8.197548131,298.1166977,297.96087301108014,0.1558246889198358,False
0.966765372,3362.190985,8.120348119,301.2488047,297.64115169962486,3.6076530003751373,False
0.629997647,3299.71906,8.10159261,295.4914972,297.58436418328563,2.092866983285603,False
0.50291219,3539.957036,8.171869869,292.9493415,297.8403299990986,4.890988499098626,False
0.575298719,3584.916544,8.184490474,294.76686,297.87924237781476,3.112382377814754,False
0.727963033,3941.937755,8.279427697,298.3802146,298.7968726564166,0.41665805641662246,False
0.857002653,3293.133481,8.099594816,299.5296904,297.5796534019112,1.9500369980888195,False
0.941134792,3428.150902,8.139776299,301.0013052,297.72358119179836,3.2777240082016306,False
0.690073177,3286.325706,8.097525413,296.6615148,297.57480573575157,0.9132909357515473,False
0.796404642,2903.577968,7.973699038,297.8446793,296.6645472164691,1.180132083530907,False
0.90994396,3297.152358,8.100814453,300.3318354,297.58245254940056,2.7493828505994315,False
0.518236521,2889.249555,7.968752078,292.2097567,296.614561242436,4.404804542436011,False
0.771851074,2812.050517,7.941669218,297.2495739,296.33905773721614,0.9105161627838356,False
0.737067294,3124.868819,8.047147583,297.2429618,297.3676440978627,0.12468229786270513,False
0.870009422,3950.638923,8.281632597,300.754426,298.82022592984646,1.9342000701535653,False
0.922448083,3350.215018,8.116779807,300.603926,297.62882567924663,2.97510032075337,False
0.584091591,3395.137619,8.130099575,294.6629556,297.6815171459289,3.0185615459289465,False
0.935232344,3797.674007,8.242144055,301.4958359,298.41672467892636,3.0791112210736173,False
0.800073236,3692.308791,8.21400723,299.2640183,298.1223182621613,1.1417000378386888,False
0.711473614,2742.846194,7.916751417,296.0385049,296.0914179084599,0.052913008459881894,False
0.74421746,2857.472158,7.957692652,296.8619834,296.5002292423511,0.36175415764887475,False
0.901963598,3932.755834,8.277095689,301.2092403,298.7723834612104,2.436856838789595,False
0.883158382,3340.948488,8.114010024,300.0100382,297.62006856874757,2.389969631252427,False
0.503226824,3635.292161,8.198444761,293.1035766,297.9668360940293,4.8632594940293075,False
0.792203358,3731.595817,8.224591254,299.1924146,298.2343291496477,0.9580854503523142,False
0.555167162,3550.97888,8.174978585,294.2502507,297.8490326281105,3.5987819281104976,False
0.648803812,2775.552592,7.928605139,294.9008956,296.2102702023958,1.309374602395792,False
0.985412826,3571.697246,8.180796181,301.8468554,297.8665130594882,3.980342340511754,False
0.884839168,3953.246178,8.282292338,300.9830459,298.82725205162916,2.15579384837082,False
0.867381908,3210.05622,8.07404373,299.5441574,297.51796786764555,2.026189532354465,False
0.947168387,3246.14754,8.0852242,300.77611,297.54467776386286,3.2314322361371524,False
0.618481445,3979.126544,8.288817613,296.2886037,298.89768931751195,2.609085617511937,False
0.962160552,3653.250499,8.203372598,301.6558874,298.01515676050485,3.640730639495132,False
0.80082864,2997.410423,8.005504003,298.0990354,296.9882679954177,1.1107674045823046,False
0.842006812,3296.689287,8.100673998,299.3020144,297.5820604187471,1.7199539812528997,False
0.935681167,3553.149612,8.175589704,301.1267961,297.8510700272918,3.275726072708153,False
0.924655575,3318.157657,8.107164985,300.5810761,297.59888895014683,2.982187149853189,False
0.929898447,2972.68558,7.997221059,300.0283508,296.90226758865003,3.1260832113499646,False
0.73014973,3256.195255,8.088314693,297.3513269,297.5546059491962,0.20327904919616913,False
0.716624272,2720.229451,7.908471513,296.0856922,296.008751250966,0.07694094903399673,False
0.603219735,3676.513158,8.209720071,295.5251288,298.07770370304206,2.552574903042057,False
0.590830217,3655.433872,8.203970072,295.2221908,298.02122717766025,2.7990363776602294,False
0.645803777,3980.397217,8.289136897,296.8574348,298.90117775666386,2.0437429566638343,False
0.581620925,3436.021918,8.142069662,294.6742188,297.7320852403122,3.057866440312182,False
0.751243813,3166.202568,8.060288221,297.5678776,297.44812280039787,0.11975479960210578,False
0.614165531,2937.479944,7.985307331,294.5065143,296.78065850916107,2.2741442091610793,False
0.565739615,3461.642009,8.149498325,294.3547838,297.7633559982511,3.408572198251079,False
0.706941494,3858.691494,8.258083414,297.8753792,298.57856782543206,0.7031886254320625,False
0.552357368,3838.010265,8.252709351,294.6124293,298.5243542631523,3.9119249631523303,False
0.683161977,2714.88995,7.906506697,295.4488843,295.98983826228516,0.5409539622851867,False
0.643057067,3968.981373,8.28626476,296.7856387,298.86993376029665,2.084295060296654,False
0.924943523,3487.056487,8.156813246,300.8668735,297.7893772757081,3.077496224291906,False
0.766091083,3638.656203,8.199369717,298.6081942,297.97565436936844,0.6325398306315719,False
0.718545939,3097.868232,8.038469487,296.8595113,297.30124022419795,0.44172892419794607,False
0.683243908,3340.589726,8.113902635,296.6229031,297.61975462817264,0.9968515281726695,False
0.592969943,3729.66158,8.224072779,295.3804903,298.22886339199124,2.8483730919912205,False
0.922546906,3103.666672,8.040339489,300.1698741,297.31426853373324,2.8556055662667745,False
0.755726542,3359.906201,8.119668336,297.9811971,297.63923752824496,0.34195957175501235,False
0.62740411,3478.37365,8.154320122,295.731715,297.7795249365561,2.047809936556064,False
0.787086826,2712.359938,7.905574361,297.2998994,295.98103206431756,1.3188673356824552,False
0.836947871,2954.572377,7.991109208,298.5990918,296.8395260649783,1.7595657350216811,False
0.889820849,3946.431635,8.280567066,301.0481433,298.8089157798734,2.239227520126576,False
0.670923267,3736.945562,8.226023862,297.0094431,298.2494119413709,1.23996884137091,False
0.500050863,3273.885165,8.093732682,292.4440633,297.56577932351627,5.121716023516285,False
0.571347192,3541.121682,8.172198815,294.6090029,297.8414668053632,3.232463905363204,False
0.68131699,2785.445449,7.932163085,295.5596475,296.24591665692276,0.6862691569227763,False
0.832482449,2782.728828,7.931187318,298.1853562,296.23606294156735,1.9492932584326468,False
0.501459409,3405.737826,8.133216884,292.6987883,297.6947879563131,4.995999656313131,False
0.882400249,3754.579695,8.230731626,300.6572974,298.2982181747368,2.3590792252632014,False
0.808923303,3469.567972,8.151785361,299.0602014,297.7712060477795,1.2889953522204678,False
0.979296889,3278.305299,8.095081891,301.2764838,297.56826695395995,3.7082168460400453,False
0.562512044,3313.87047,8.105872112,294.038108,297.59512495343625,3.557016953436232,False
0.700228096,2754.971319,7.921162311,295.8551056,296.13566635320285,0.2805607532028489,False
0.722811262,3656.294115,8.204205377,297.868079,298.02362483220674,0.15554583220671248,False
0.750968459,3696.299456,8.215087451,298.4327941,298.133762070621,0.2990320293790205,False
0.537056912,2771.047988,7.926980863,292.4363585,296.19409297903246,3.7577344790324787,False
0.609999662,3968.044115,8.286028586,296.0923468,298.86737850807623,2.7750317080762557,False
0.825320045,3006.491489,8.00852906,298.5137528,297.01957334320764,1.4941794567923807,False
0.881322363,3592.939004,8.186725811,300.3934568,297.88797005283885,2.5054867471611715,False
0.865154899,3327.969054,8.110117503,299.7148003,297.60789667966276,2.1069036203372207,False
0.536608802,3987.977258,8.291039428,294.445642,298.9220418125017,4.476399812501654,False
0.688157288,2838.572653,7.951056618,295.7977154,296.43258381780475,0.6348684178047392,False
0.62527042,2781.540657,7.930760246,294.431577,296.2318182299237,1.8002412299236994,False
0.991092491,2797.551562,7.936499871,300.5251358,296.2884296892962,4.2367061107037784,False
0.871242078,2724.837409,7.910164039,298.6651632,296.02545621915766,2.639706980842334,False
0.96758951,2840.416957,7.951706136,300.2940464,296.43882976862255,3.855216631377459,False
0.596731472,3527.823547,8.168436401,295.1551435,297.83001440946106,2.674870909461049,False
0.898727109,3685.074097,8.212045912,300.7960956,298.1015619176145,2.6945336823854973,False
0.938834774,2878.651319,7.965077171,299.9705807,296.577795378154,3.39278532184602,False
0.924795508,3152.727849,8.056023341,300.2917776,297.4197818240275,2.8719957759724934,False
0.955045453,3640.256805,8.199809509,301.5367382,297.97990688185234,3.5568313181476583,False
0.79160137,3261.925517,8.090072949,298.4259961,297.55826519762604,0.8677309023739781,False
0.773322466,3580.058071,8.1831343,298.641366,297.8743094242643,0.767056575735694,False
0.952001849,3856.947679,8.257631393,301.8200785,298.57401401714,3.2460644828600493,False
0.904887113,3674.696045,8.209225699,300.871108,298.07384717247027,2.797260827529726,False
0.50812065,2900.279172,7.972562278,291.9764068,296.6531734185954,4.676766618595366,False
0.690801616,2999.223675,8.006108759,296.1600686,296.9943393279538,0.8342707279538217,False
0.998706346,3962.322466,8.284585614,302.611879,298.8518142058763,3.760064794123707,False
0.698077593,3926.426982,8.275485126,297.8056345,298.75559267021066,0.9499581702106639,False
0.535566019,3807.515484,8.244732151,294.1666501,298.4432623837615,4.276612283761494,False
0.860192146,3409.905444,8.134439841,299.776193,297.7017003940417,2.0744926059582554,False
0.916099113,3461.765258,8.149533928,300.6978282,297.76348602538064,2.93434217461936,False
0.91556896,3453.039281,8.147010073,300.6758363,297.754497314496,2.9213389855040077,False
0.641451274,3215.831932,8.075841369,295.5828333,297.5226076258615,1.9397743258614923,False
0.628868195,3167.197821,8.060602508,295.2384993,297.4501433466872,2.2116440466871836,False
0.553929526,2811.968243,7.941639959,292.9193718,296.33876952587696,3.4193977258769337,False
0.794335607,3445.425046,8.144802556,298.7802774,297.7468965462477,1.0333808537523055,False
0.518533819,3259.99059,8.089479588,292.8903408,297.5575081563231,4.667167356323091,False
0.552130947,2833.872043,7.949399269,292.9209204,296.41562789136043,3.4947074913604297,False
0.522666431,3213.686088,8.075173871,292.9137477,297.5212715888226,4.607523888822584,False
0.526787967,3061.785654,8.026753572,292.7458348,297.2003561591914,4.4545213591914035,False
0.822771274,3277.337386,8.094786599,298.9629066,297.56738148837513,1.3955251116248633,False
0.71182214,3633.721802,8.198012692,297.6317661,297.96365460949556,0.33188850949557036,False
0.547846021,3122.00431,8.046230482,293.362616,297.35806406551256,3.995448065512562,False
0.611931058,3866.656691,8.260145509,295.9911913,298.5993374394844,2.6081461394843473,False
0.690504593,2741.079677,7.916107164,295.6433647,296.0849296619518,0.4415649619517694,False
0.665364809,3835.450438,8.252042161,297.0443965,298.5176065551197,1.4732100551196936,False
0.872327169,3896.564954,8.267850663,300.7127222,298.67718559929085,2.035536600709122,False
0.542402378,3495.258521,8.159162621,293.8602715,297.7990426840907,3.938771184090683,False
0.65368916,3373.590564,8.123732905,296.0982706,297.655608958124,1.5573383581240137,False
0.908184515,2871.268389,7.962509159,299.5157464,296.5506140032876,2.96513239671242,False
0.613172825,3679.814625,8.210617656,295.744097,298.08647580759185,2.3423788075918424,False
0.850341836,2915.328599,7.977737819,298.7323733,296.7045802554342,2.027793044565783,False
0.817566741,3123.416961,8.046682861,298.6062485,297.36289181588995,1.24335668411004,False
0.542601848,3422.183857,8.138034181,293.7481388,297.71652396907825,3.9683851690782603,False
0.805557256,2853.88477,7.956436422,297.8965951,296.4878712104304,1.4087238895696146,False
0.731023202,3458.389893,8.148558411,297.70565,297.7602058834381,0.054555883438126784,False
0.751463273,3392.439615,8.129304592,297.9608418,297.6780299507736,0.282811849226448,False
0.803018778,2913.732523,7.977190192,297.9735933,296.69915365558256,1.2744396444174413,False
0.598960579,3378.464847,8.125176698,294.9633688,297.6626452082639,2.69927640826387,False
0.711684022,3458.999827,8.148734759,297.3537941,297.76064695019437,0.4068528501943547,False
0.629788352,2853.137624,7.956174588,294.6692896,296.48533916662933,1.8160495666293173,False
0.894541592,3494.375979,8.158910092,300.4342869,297.7979278651775,2.636359034822533,False
0.790241585,2869.076702,7.96174555,297.6741036,296.5427008982334,1.1314027017666035,False
0.9350244,2865.504671,7.960499764,299.8902852,296.5300719367328,3.3602132632672124,False
0.998377383,3268.85345,8.092194575,301.5172535,297.562627820457,3.9546256795429713,False
0.838517662,3690.637173,8.213554398,299.8833685,298.1175230147171,1.7658454852829095,False
0.833948629,3152.712202,8.056018378,298.9214631,297.41976678238166,1.5016963176183253,False
0.711198119,3097.484681,8.038345668,296.7238772,297.30056962628504,0.5766924262850353,False
0.57495393,2729.271096,7.911789855,293.2338182,296.041613612381,2.80779541238104,False
0.828407863,3096.636955,8.038071948,298.7313224,297.2989659544239,1.4323564455760902,False
0.984248925,3130.409078,8.048918971,301.0798264,297.38294662485384,3.696879775146158,False
0.527921308,3040.844945,8.019890698,292.7353491,297.1350387636966,4.39968966369662,False
0.512322323,3231.604085,8.080733914,292.6857382,297.5334921927309,4.847753992730873,False
0.510992148,3083.384617,8.033783174,292.3910574,297.2663086918496,4.875251291849565,False
0.667336186,3861.36654,8.258776426,297.1205562,298.5855484363493,1.4649922363493033,False
0.939487782,3252.686106,8.087236428,300.6792735,297.5509337646392,3.1283397353608393,False
0.837610595,2853.020693,7.956133604,298.4094406,296.484942627098,1.9244979729019747,False
0.883004146,3485.143525,8.156264506,300.2468807,297.7875470626437,2.4593336373563375,False
0.817683097,3332.765594,8.111557747,298.9757324,297.61218728147446,1.3635451185255647,False
0.928033863,3955.92535,8.282969822,301.6220456,298.8344857810255,2.7875598189745006,False
0.607232183,3590.724653,8.186109314,295.4810214,297.8854998716076,2.4044784716076038,False
0.843607065,3024.781485,8.014594131,298.8378669,297.0819631006863,1.7559037993136712,False
0.941970597,3631.640428,8.197439734,301.3395545,297.960233597132,3.3793209028680167,False
0.682721684,3943.246173,8.279759565,297.5364308,298.80037512386633,1.2639443238663262,False
0.689704714,3643.890382,8.200807176,297.2320783,297.98967339638455,0.7575950963845344,False
0.569034986,3036.23623,8.018373945,293.6995139,297.1191106508779,3.419596750877872,False
0.666232798,3024.69182,8.014564488,295.733807,297.0816372850625,1.3478302850625141,False
0.664914837,2836.447837,7.950307787,295.3442715,296.4250622529143,1.0807907529143108,False
0.777303944,3374.396978,8.123971914,298.3767255,297.6565132325138,0.7202122674862039,False
0.957476787,3452.176017,8.146760041,301.2702363,297.75343293204605,3.516803367953969,False
0.99283261,3985.968632,8.290535631,302.5663768,298.9165040774002,3.6498727225998095,False
0.893609418,3438.21008,8.142706289,300.3287859,297.73588255598133,2.59290334401868,False
0.517027489,3737.656981,8.226214218,293.6070936,298.2514138024162,4.644320202416225,False
0.805109365,2732.976052,7.913146423,297.6412374,296.0552091794287,1.586028220571336,False
0.572309086,2958.724906,7.99251368,293.6289513,296.85386854279795,3.2249172427979715,False
0.67541778,3832.614077,8.251302376,297.2373924,298.5101184201097,1.272726020109701,False
0.759674315,3914.072981,8.272333794,298.9040613,298.72300893528205,0.1810523647179707,False
0.554979992,3815.426703,8.246807786,294.6417378,298.4644587779127,3.822720977912695,False
0.568630799,2873.789804,7.963386927,293.3814661,296.560088383092,3.178622283092011,False
0.596485496,3029.389798,8.016116491,294.2995154,297.0966425395363,2.797127139536258,False
0.741082044,3552.854244,8.175506572,298.0366837,297.85078109863537,0.18590260136465986,False
0.561868575,3872.029442,8.261534052,294.8834765,298.61332473562464,3.7298482356246723,False
0.863069856,3956.788272,8.283187933,300.6566007,298.836818636839,1.8197820631610284,False
0.562905695,3573.173382,8.181209382,294.4649262,297.86805533328004,3.4031291332800606,False
0.925015726,3744.753328,8.228111027,301.2704326,298.2706740891343,2.9997585108657177,False
0.545315356,3354.647941,8.118102108,293.7024626,297.63361145694836,3.9311488569483686,False
0.785919217,3216.97865,8.076197891,298.2524617,297.5231514285914,0.7293102714086217,False
0.744981952,3684.444078,8.211874932,298.3092286,298.0997543784745,0.20947422152551098,False
0.714274397,3046.93896,8.021892746,296.6874897,297.15486127489214,0.4673715748921268,False
0.69673694,3802.155984,8.243323549,297.6019586,298.4288340110962,0.8268754110962391,False
0.841748629,3933.577997,8.277304722,300.2912843,298.7745699488147,1.5167143511852714,False
0.959249835,3681.463277,8.211065582,301.6589144,298.09120368642664,3.5677107135733763,False
0.721287619,3027.409178,8.015462476,296.7793273,297.0906120743854,0.31128477438539903,False
0.95020661,3655.590326,8.204012871,301.4927386,298.02166300848336,3.4710755915166374,False
0.866831704,2913.615045,7.977149873,298.9828979,296.6987342396451,2.2841636603549205,False
0.890528319,3908.644005,8.270945791,301.0048585,298.70876113633034,2.2960973636696735,False
0.545205646,2938.2843,7.985581119,292.9606412,296.7833658582511,3.8227246582511043,False
0.959694217,2883.194791,7.966654261,300.2713792,296.59378037327537,3.6775988267246476,False
0.73031123,3568.087164,8.179784923,297.8676744,297.86336072852083,0.004313671479167169,False
0.616889012,3825.658026,8.249485764,296.0380398,298.49170002449824,2.4536602244982646,False
0.55703181,3426.4248,8.139272664,294.0962264,297.7205752797052,3.6243488797052237,False
0.56750305,2907.069769,7.974900901,293.4204788,296.6761236840498,3.2556448840497865,False
0.800047513,3892.165198,8.266720888,299.5581604,298.66571732734786,0.8924430726521564,False
0.568414219,3184.755714,8.066130866,293.9524217,297.48027931813004,3.5278576181300423,False
0.832410557,2863.185226,7.959689999,298.347621,296.5213219997257,1.8262990002742754,False
0.735132571,3143.169516,8.05298697,297.2414175,297.4006567885528,0.1592392885527829,False
0.894044287,3924.577449,8.275013968,301.0801119,298.7506988889187,2.3294130110813285,False
0.993393546,3151.841415,8.055742137,301.242093,297.41850057081086,3.823592429189148,False
0.622230083,3182.070672,8.065287419,295.1262149,297.4731742044286,2.3469593044285944,False
0.792123397,3178.22659,8.064078644,298.2875879,297.4650221067234,0.8225657932766239,False
0.79716906,3708.066494,8.218265859,299.2397254,298.1674481141973,1.0722772858026701,False
0.857951091,3395.771005,8.130286114,299.718119,297.68255346060283,2.0355655393971688,False
0.892291712,3705.69484,8.217626061,300.731895,298.16066767734253,2.571227322657478,False
0.95525715,3671.691864,8.208407833,301.5882609,298.06654817560434,3.521712724395684,False
0.986027156,3140.99835,8.052295974,301.123205,297.398437006982,3.724767993017963,False
0.824169112,3175.581034,8.063245897,298.8065702,297.46241562187447,1.34415457812554,False
0.912534713,3873.077039,8.261804571,301.2787726,298.616050582591,2.66272201740901,False
0.636466848,2889.62879,7.968883326,294.8787067,296.6159525312471,1.737245831247094,False
0.703604519,3920.478085,8.273968886,297.9011317,298.7398724222101,0.8387407222101047,False
0.668551741,3454.985505,8.147573541,296.5261441,297.7570146850439,1.2308705850438741,False
0.88728008,2763.205146,7.92414657,298.9868064,296.1655685747585,2.8212378252414965,False
0.581442376,3278.069494,8.095009959,294.4083867,297.5680612515811,3.1596745515811335,False
0.505631952,3400.404037,8.131649538,292.7974318,297.6875169742252,4.890085174225192,False
0.663953899,2978.501332,7.999175544,295.6020815,296.922387887378,1.3203063873780252,False
0.507163794,3732.302605,8.224780643,293.3491871,298.2363247533513,4.887137653351317,False
0.831979683,3919.746417,8.273782241,300.1166095,298.7379429186449,1.3786665813551053,False
0.511128704,3931.299881,8.276725409,293.7345893,298.7685144532336,5.033925153233611,False
0.605748524,3563.030046,8.178366598,295.406114,297.85923936664017,2.4531253666401653,False
0.597611555,2879.766058,7.96546434,294.038968,296.5815609062813,2.5425929062812997,False
0.693605458,3109.860727,8.042333222,296.417817,297.3309572520927,0.9131402520926599,False
0.724071509,3475.793507,8.153578079,297.6079816,297.7773154927767,0.16933389277670585,False
0.68670804,3677.380829,8.209956047,297.2257589,298.07956898438266,0.8538100843826442,False
0.558231404,3814.004366,8.246434931,294.7158281,298.4606567019647,3.7448286019646844,False
0.768230189,3700.032553,8.216096897,298.7385732,298.1444599773501,0.5941132226499235,False
0.85627026,3319.784166,8.10765505,299.5640381,297.60036322658203,1.9636748734179719,False
0.50785398,3508.239188,8.162869535,293.0264927,297.8126951584892,4.786202458489186,False
0.798728,3018.318335,8.012455113,298.1039767,297.0598404330765,1.0441362669234877,False
0.927260567,2795.099173,7.935622867,299.636435,296.27981705391863,3.3566179460813714,False
0.673922773,3667.783008,8.207342674,296.9642528,298.0555000511591,1.091247251159075,False
0.590968898,3231.151374,8.080593815,294.539629,297.53334387797963,2.9937148779796416,False
0.779948707,3293.37755,8.099668928,298.2844989,297.5797895776085,0.7047093223915226,False
0.998881051,2870.871295,7.96237085,300.7786763,296.54911748474865,4.229558815251323,False
0.890420685,3076.862228,8.0316656,299.6501386,297.24720973267677,2.402928867323226,False
0.588991878,3549.609229,8.1745928,295.0188848,297.84790337679874,2.829018576798717,False
0.718334424,3448.639704,8.145735144,297.4593468,297.7501794437713,0.2908326437712958,False
0.758493943,2836.547703,7.950342994,297.069661,296.4254290828569,0.6442319171430881,False
0.716081685,3787.089461,8.239353051,297.9406006,298.3879681630747,0.4473675630746925,False
0.7023726,2972.066437,7.99701276,296.3262338,296.90011763760333,0.5738838376033186,False
0.887523304,3536.984981,8.171029943,300.3980836,297.8377239072251,2.5603596927749095,False
0.958187091,3491.055624,8.157959441,301.3436485,297.7939739871767,3.5496745128232874,False
0.900793055,2828.323136,7.947439284,299.3208726,296.39615540660196,2.92471719339801,False
0.747599198,3192.576223,8.068583463,297.5507478,297.489109908416,0.06163789158398458,False
0.802156598,3579.330481,8.182931045,299.1241865,297.87352190735766,1.2506645926423516,False
0.765261972,3938.778655,8.278625968,299.035961,298.78842939639446,0.2475316036055233,False
1.0393,86.01,4.454463569,273.7,272.6932682462287,1.0067317537713052,False
1.039269158,122.0,4.804021045,276.5,273.41772321787016,3.0822767821298385,False
1.039269158,177.05,5.176432179,279.3,276.3082927807547,2.9917072192453134,False
1.039269158,243.77,5.496225158,282.0,278.88381689261,3.116183107389986,False
1.039269158,200.0,5.298317367,273.93,277.6313600520551,3.7013600520550654,False
1.519157749,239.5,5.478553417,275.5,278.78795451471035,3.28795451471035,False
1.519157749,290.1,5.670225691,277.16,279.8235267497637,2.663526749763662,False
1.519157749,347.1,5.849612923,278.7,280.93358261776615,2.23358261776616,False
1.519157749,380.0,5.940171253,279.49,281.6226656683176,2.1326656683175997,False
1.519157749,454.0,6.118097198,280.71,283.0837146006,2.3737146006000103,False
1.519157749,507.6,6.229693736,281.46,284.1908667287969,2.7308667287969115,False
1.519157749,565.6,6.337887115,282.41,285.2509920026261,2.8409920026260806,False
1.519157749,648.0,6.473890696,283.32,286.3959527640597,3.075952764059707,False
1.519157749,725.2,6.586447479,283.26,287.21656937329743,3.956569373297441,False
1.519157749,49.0,3.891820298,275.98,254.07432346846875,21.90567653153127,False
1.521740421,44.0,3.784189634,275.21,250.77067031609238,24.4393296839076,False
1.521319986,115.0,4.744932128,279.71,273.30841053602455,6.4015894639754265,False
1.520599241,240.0,5.480638923,283.71,278.7994817012218,4.910518298778186,False
1.520419054,189.0,5.241747015,281.82,277.0350946801943,4.784905319805716,False
1.519938557,278.0,5.627621114,283.76,279.5750329695021,4.184967030497887,False
1.519908526,103.0,4.634728988,278.04,273.25394661344836,4.786053386551657,False
1.519848464,52.0,3.951243719,273.98,256.03345235927446,17.946547640725555,False
1.519788402,120.0,4.787491743,275.37,273.37460922616975,1.9953907738302519,False
1.519608215,110.0,4.700480366,276.48,273.28684128426227,3.193158715737752,False
0.698586469,174.99,5.164728829,279.43,276.17250029384195,3.2574997061580575,False
0.688932689,75.0,4.317488114,273.82,269.47879632023745,4.341203679762543,False
0.679278909,227.99,5.429301768,280.93,278.5294696322869,2.4005303677130883,False
0.679278909,181.99,5.203951741,278.32,276.62221230983226,1.6977876901677291,False
0.65031757,210.99,5.351810739,278.87,278.12371117277746,0.7462888272225427,False
0.64066379,256.99,5.549037174,280.37,279.1634608379974,1.2065391620026276,False
0.64066379,440.01,6.086797454,283.48,282.8076834233071,0.6723165766929355,False
0.64066379,98.0,4.584967479,273.93,273.18082387678646,0.7491761232135445,False
0.63101001,316.99,5.758870228,281.71,280.3491715200153,1.3608284799846615,False
0.63101001,460.99,6.133376351,283.71,283.2281831015047,0.48181689849525355,False
0.63101001,117.99,4.770599875,273.82,273.33891809696206,0.4810819030379321,False
0.621356231,166.99,5.11793393,276.26,275.59566915393384,0.6643308460661501,False
0.611702451,618.99,6.428089117,284.82,286.09098274506516,1.2709827450651687,False
1.412966172,290.08,5.670156747,273.56,279.823094389169,6.263094389168998,False
1.326082154,377.1,5.932510404,275.36,281.55963144628794,6.199631446287924,False
1.326082154,377.1,5.932510404,276.0,281.55963144628794,5.559631446287938,False
1.326082154,435.11,6.075598873,277.1,282.7169256401939,5.61692564019387,False
1.326082154,507.63,6.229752836,279.06,284.1914904559731,5.131490455973108,False
1.326082154,493.13,6.200772831,278.3,283.8943710573042,5.594371057304215,False
1.326082154,725.19,6.586433689,281.46,287.216460982311,5.756460982311012,False
1.326082154,741.44,6.608594241,281.51,287.38788411284446,5.87788411284447,False
1.326082154,406.11,6.006624059,277.15,282.17196056736816,5.021960567368183,False
1.171621678,258.16,5.553579548,273.5,279.18546623769043,5.685466237690434,False
1.036468761,265.41,5.5812758,274.2,279.3257914014395,5.125791401439528,False
1.036468761,297.32,5.694809,275.2,279.9673906569923,4.767390656992291,False
1.036468761,307.47,5.728377522,275.6,280.16325595179006,4.56325595179004,False
1.036468761,319.08,5.765441855,275.7,280.39030697120114,4.690306971201153,False
1.036468761,348.09,5.852461067,276.8,280.95273757463593,4.152737574635921,False
1.036468761,409.73,6.015498406,278.4,282.2441548583385,3.844154858338527,False
1.036468761,413.5,6.024657514,278.7,282.3180828763125,3.618082876312485,False
1.036468761,478.76,6.171199428,279.5,283.59611105700964,4.096111057009637,False
1.036468761,486.01,6.1862292,279.7,283.74738723536535,4.047387235365363,False
1.036468761,488.79,6.191932949,280.1,283.80490163134783,3.704901631347809,False
1.036468761,639.61,6.460858616,281.8,286.31876141806663,4.518761418066617,False
1.036468761,725.19,6.586433689,283.0,287.216460982311,4.216460982310991,False
1.036468761,735.34,6.600332977,283.1,287.3240902247257,4.224090224725671,False
1.036468761,362.61,5.893327877,277.15,281.2433071070879,4.093307107087924,False
1.017161201,217.56,5.382474675,273.56,278.29109648421024,4.731096484210241,False
0.939930963,290.08,5.670156747,275.86,279.823094389169,3.9630943891689867,False
0.939930963,377.1,5.932510404,277.96,281.55963144628794,3.599631446287958,False
0.939930963,507.63,6.229752836,280.16,284.1914904559731,4.031490455973085,False
0.939930963,342.29,5.835658331,277.15,280.8402539456837,3.6902539456837076,False
0.96477632,110.03,4.700753056,273.7,273.2868126940728,0.4131873059271811,False
1.212530304,158.05,5.062911439,276.5,274.93442313204656,1.565576867953439,False
1.212530304,227.05,5.425170258,279.3,278.50755835897155,0.7924416410284607,False
1.212530304,323.09,5.777930922,282.0,280.46769651850076,1.5323034814992411,False
1.212530304,240.76,5.483800587,277.18,278.8160612987851,1.63606129878508,False
0.766222989,356.94,5.8775677,280.56,281.1264175536348,0.5664175536347784,False
0.766222989,492.68,6.199859876,283.21,283.8848813607318,0.6748813607318311,False
0.766222989,1050.21,6.956745423,288.62,289.8783730399908,1.2583730399907722,False
0.766222989,221.91,5.402271894,281.08,278.3890919449285,2.690908055071475,False
0.65191039,389.27,5.96427319,285.12,281.82244191075245,3.297558089247559,False
0.65191039,847.16,6.741889579,291.29,288.4900324228159,2.799967577184134,False
0.65191039,198.05,5.288519524,273.7,277.5328908422279,3.8328908422279255,False
1.364838057,271.07,5.60237709,276.5,279.435517371924,2.935517371923993,False
1.364838057,372.1,5.919162635,279.3,281.44761303871604,2.147613038716031,False
1.364838057,509.13,6.232703387,282.0,284.2208657564882,2.2208657564881946,False
1.364838057,194.05,5.268115858,273.7,277.3172829158096,3.6172829158095965,False
1.436436873,267.08,5.587548239,276.5,279.35785757694515,2.8578575769451504,False
1.436436873,367.09,5.90560705,279.3,281.33968959423805,2.039689594238041,False
1.436436873,503.15,6.220888336,282.0,284.1003184808238,2.1003184808237734,False
1.436436873,258.16,5.553579548,273.5,279.18546623769043,5.685466237690434,False
0.726003203,265.41,5.5812758,274.2,279.3257914014395,5.125791401439528,False
1.069291612,297.32,5.694809,275.2,279.9673906569923,4.767390656992291,False
1.065719713,307.47,5.728377522,275.6,280.16325595179006,4.56325595179004,False
1.065333562,319.08,5.765441855,275.7,280.39030697120114,4.690306971201153,False
1.062630504,377.1,5.932510404,276.0,281.55963144628794,5.559631446287938,False
0.706212955,348.09,5.852461067,276.8,280.95273757463593,4.152737574635921,False
1.055679783,435.11,6.075598873,277.1,282.7169256401939,5.61692564019387,False
0.691346134,493.13,6.200772831,278.3,283.8943710573042,5.594371057304215,False
0.673872793,409.73,6.015498406,278.4,282.2441548583385,3.844154858338527,False
1.049887515,413.5,6.024657514,278.7,282.3180828763125,3.618082876312485,False
1.040330273,478.76,6.171199428,279.5,283.59611105700964,4.096111057009637,False
1.036275685,488.79,6.191932949,280.1,283.80490163134783,3.704901631347809,False
1.032607249,639.61,6.460858616,281.8,286.31876141806663,4.518761418066617,False
1.032414173,725.19,6.586433689,283.0,287.216460982311,4.216460982310991,False
1.030869569,735.34,6.600332977,283.1,287.3240902247257,4.224090224725671,False
1.020829638,189.99,5.246971439,273.9,277.0977740063638,3.1977740063638294,False
1.101052547,200.14,5.299017122,274.3,277.6372002575166,3.3372002575165993,False
1.097191036,188.54,5.239310186,274.6,277.00904051506257,2.409040515062543,False
0.801881912,223.36,5.40878482,275.1,278.42156020671655,3.3215602067165264,False
1.093426061,233.51,5.453224903,275.4,278.6504515087341,3.250451508734102,False
1.089178398,246.56,5.507605372,275.5,278.9474306725775,3.447430672577525,False
1.088502634,253.81,5.536585956,275.6,279.09693378281816,3.4969337828181324,False
1.088116483,217.56,5.382474675,275.6,278.29109648421024,2.6910964842102203,False
0.795510418,262.52,5.57032727,275.9,279.26918689612995,3.3691868961299747,False
1.083675744,266.87,5.586761648,276.1,279.3538991881634,3.253899188163359,False
1.081938064,316.18,5.756311672,276.9,280.3323344447513,3.4323344447513477,False
1.075759644,268.32,5.592180298,277.5,279.38229446179866,1.882294461798665,False
0.782477815,362.59,5.893272719,277.7,281.24286505071876,3.542865050718774,False
1.069098536,326.33,5.787909139,279.1,280.52933807880925,1.4293380788092236,False
0.772244808,398.86,5.988610478,280.6,282.02413683601634,1.4241368360163165,False
0.768286759,507.63,6.229752836,280.6,284.1914904559731,3.591490455973087,False
1.040330273,580.15,6.363286691,281.2,285.4885301268202,4.288530126820206,False
1.014651219,435.11,6.075598873,281.6,282.7169256401939,1.1169256401938696,False
0.764811398,522.14,6.257935751,282.9,284.4803677679454,1.580367767945404,False
0.762301415,739.69,6.60623118,283.2,287.3698453530457,4.16984535304573,False
0.673872793,509.0,6.232448017,279.06,284.21835106160677,5.158351061606766,False
0.673872793,695.0,6.543911846,284.12,286.88173591139656,2.7617359113965563,False
0.673872793,882.0,6.782192056,289.18,288.7731679775743,0.4068320224257036,False
0.673872793,1068.0,6.97354302,294.24,289.94883704818665,4.291162951813362,False
0.673872793,161.0,5.081404365,274.7,275.1578066580461,0.4578066580461382,False
0.995826348,365.0,5.899897354,279.9,281.2926540696095,1.3926540696095344,False
0.995826348,570.0,6.345636361,285.09,285.32241721487975,0.2324172148797743,False
0.995826348,774.0,6.651571874,290.29,287.7197326362697,2.570267363730295,False
0.995826348,979.0,6.886531643,295.49,289.55401043041627,5.9359895695837395,False
0.995826348,377.0,5.932245187,276.0,281.55735007969616,5.557350079696164,False
0.746855368,558.0,6.324358962,280.93,285.12099425161705,4.190994251617042,False
0.746855368,738.0,6.603943825,285.86,287.35256194325046,1.4925619432504504,False
0.746855368,918.0,6.822197391,290.79,289.0662830927979,1.7237169072021175,False
0.746855368,1099.0,7.002155954,295.72,290.05998122150856,5.660018778491462,False
0.746855368,261.0,5.564520407,273.5,279.2396993723232,5.739699372323173,False
1.036468761,454.0,6.118097198,277.6,283.0837146006,5.483714600599967,False
1.036468761,647.0,6.472346295,281.7,286.38546776370293,4.685467763702945,False
1.036468761,840.0,6.733401892,285.8,288.41805841061705,2.6180584106170386,False
1.036468761,1034.0,6.941190055,289.9,289.80764668125556,0.09235331874441499,False
1.036468761,1227.0,7.112327445,294.0,290.6550117825122,3.34498821748781,False
1.036468761,1420.0,7.258412151,298.1,291.9082259438195,6.19177405618052,False
1.036468761,86.0,4.454347296,273.7,272.6928575400126,1.0071424599873922,False
0.988463027,299.0,5.700443573,278.12,280.0002586694259,1.8802586694258707,False
0.988463027,511.0,6.23636959,282.54,284.25797457416934,1.7179745741693182,False
0.988463027,724.0,6.584791392,286.96,287.2034763943904,0.24347639439042723,False
0.988463027,937.0,6.842683282,291.38,289.2263055654459,2.1536944345540974,False
0.988463027,1149.0,7.046647278,295.8,290.1906730276998,5.6093269723002095,False
0.988463027,110.0,4.700480366,273.7,273.28684128426227,0.41315871573772256,False
1.222079631,320.0,5.768320996,278.08,280.40774528662814,2.327745286628158,False
1.222079631,530.0,6.272877007,282.46,284.6302589803657,2.170258980365702,False
1.222079631,740.0,6.606650186,286.84,287.37298236881105,0.5329823688110764,False
1.222079631,950.0,6.856461985,291.22,289.3373152910324,1.8826847089676448,False
1.222079631,1160.0,7.056175284,295.6,290.22926014050324,5.37073985949678,False
1.222079631,198.0,5.288267031,273.7,277.53013457435907,3.8301345743590787,False
1.39440368,398.0,5.986452005,278.01,282.0058835339142,3.9958835339141956,False
1.39440368,598.0,6.393590754,282.32,285.7849850238135,3.464985023813483,False
1.39440368,798.0,6.682108597,286.63,287.9685503948847,1.3385503948846917,False
1.39440368,999.0,6.906754779,290.94,289.6566438644981,1.28335613550189,False
1.39440368,1199.0,7.089243155,295.25,290.4386997200904,4.811300279909574,False
1.39440368,194.0,5.267858159,273.7,277.3135210013079,3.6135210013079018,False
1.440449575,395.0,5.978885765,278.0,281.94419239801425,3.944192398014252,False
1.440449575,595.0,6.388561406,282.3,285.739187377887,3.439187377886981,False
1.440449575,796.0,6.679599186,286.6,287.94688433610594,1.3468843361059157,False
1.440449575,997.0,6.90475077,290.9,289.64727313676894,1.2527268632310324,False
1.440449575,1197.0,7.087573706,295.2,290.422617023597,4.777382976402976,False
1.440449575,261.0,5.564520407,273.5,279.2396993723232,5.739699372323173,False
1.036468761,454.0,6.118097198,277.6,283.0837146006,5.483714600599967,False
1.036468761,647.0,6.472346295,281.7,286.38546776370293,4.685467763702945,False
1.036468761,840.0,6.733401892,285.8,288.41805841061705,2.6180584106170386,False
1.036468761,1034.0,6.941190055,289.9,289.80764668125556,0.09235331874441499,False
1.036468761,1227.0,7.112327445,294.0,290.6550117825122,3.34498821748781,False
1.036468761,1420.0,7.258412151,298.1,291.9082259438195,6.19177405618052,False
1.036468761,189.0,5.241747015,273.9,277.0350946801943,3.1350946801942996,False
1.036468761,390.0,5.966146739,277.14,281.838437692505,4.698437692505024,False
1.036468761,591.0,6.381816017,280.38,285.6722721167787,5.29227211677869,False
1.036468761,793.0,6.675823222,283.62,287.91467481843637,4.294674818436363,False
1.036468761,994.0,6.901737207,286.86,289.63346750593627,2.773467505936253,False
1.036468761,1195.0,7.085901464,290.1,290.40686787316633,0.30686787316631126,False
1.036468761,1396.0,7.241366283,293.34,291.82240528173605,1.517594718263922,False
1.036468761,1598.0,7.376508126,296.58,292.4292741496923,4.150725850307708,False
1.036468761,1799.0,7.494986234,299.82,293.64415060295397,6.175849397046022,False
1.094908695,494.0,6.202535517,280.92,283.91268830447154,2.9926883044715282,False
1.4222338,662.0,6.495265556,282.95,286.5303137377474,3.5803137377474172,False
1.4222338,829.0,6.720220155,284.99,288.30793166753443,3.317931667534424,False
1.4222338,997.0,6.90475077,287.02,289.64727313676894,2.627273136768963,False
1.4222338,1164.0,7.059617628,289.06,290.2476594085281,1.1876594085280772,False
1.4222338,1332.0,7.194436851,291.09,291.5197586758687,0.42975867586869754,False
1.4222338,1499.0,7.312553498,293.13,292.0068991844645,1.1231008155355084,False
1.4222338,1667.0,7.418780883,295.16,292.87495293448796,2.2850470655120603,False
1.4222338,1834.0,7.514254653,297.2,293.6278323413395,3.572167658660476,False
1.4222338,2000.0,7.60090246,299.22,293.9315898048503,5.288410195149709,False
0.794204212,2725.124,7.910269211,297.3086,296.0264923285468,1.2821076714532182,False
0.794204212,2656.269,7.884677786,297.174,295.7885005174725,1.3854994825274503,False
0.794204212,2587.415,7.858414587,297.037,295.5333548720194,1.503645127980576,False
0.794204212,2518.653,7.831479514,296.8975,295.2459055160602,1.651594483939789,False
0.794204212,2449.986,7.803837589,296.7554,294.952973516551,1.8024264834489827,False
0.794204212,2381.418,7.775451388,296.6104,294.7196990007292,1.8907009992708481,False
0.794204212,2312.956,7.746281639,296.4625,294.50294371430016,1.9595562856998185,False
0.794204212,2244.603,7.716283947,296.3115,294.3084724885796,2.0030275114204414,False
0.794204212,2176.367,7.685412252,296.1569,294.16507190760905,1.9918280923909606,False
0.794204212,2108.253,7.653614921,295.9987,294.08340544675286,1.9152945532471222,False
0.794204212,2040.269,7.620836941,295.8364,293.99903756017795,1.8373624398220727,False
0.794204212,1972.422,7.587017508,295.6698,293.88730460425984,1.7824953957401704,False
0.794204212,1904.721,7.55209082,295.4984,293.74045362708915,1.757946372910851,False
0.794204212,1837.175,7.515984345,295.3217,293.6264433157176,1.6952566842824126,False
0.794204212,1820.093,7.506642878,295.2761,293.64230066040017,1.6337993395998183,False
0.794204212,1811.306,7.501803411,295.2525,293.64641437667785,1.6060856233221443,False
0.794204212,1809.096,7.500582552,295.2465,293.64444834418566,1.602051655814364,False
0.794204212,1808.645,7.500333225,295.2453,293.6445262977905,1.6007737022094943,False
0.794204212,1806.876,7.499354666,295.2417,293.6452070408455,1.5964929591544887,False
0.794204212,1805.767,7.498740711,295.2393,293.6462876486191,1.5930123513809349,False
0.794204212,1803.504,7.497486718,295.2342,293.64835586545786,1.5858441345421284,False
0.794204212,1798.901,7.494931202,295.2238,293.64421061906245,1.5795893809375343,False
0.794204212,1789.42,7.489646824,295.2023,293.6293835588419,1.5729164411580996,False
0.794204212,1769.58,7.478497509,295.1566,293.56215999472397,1.5944400052760557,False
0.794204212,1727.56,7.454465287,295.0567,293.25883199026526,1.7978680097347137,False
0.794204212,1639.059,7.401877576,294.8309,292.6661488949414,2.164751105058599,False
0.794204212,1554.684,7.349027589,294.5942,292.2260463678436,2.3681536321564067,False
0.794204212,1475.896,7.297020542,294.3514,291.9793669524419,2.372033047558091,False
0.794204212,1399.537,7.243896747,294.0934,291.8345015355924,2.2588984644075936,False
0.794204212,1324.378,7.188698194,293.815,291.4661082422256,2.3488917577744246,False
0.794204212,1249.867,7.130792425,293.5119,290.8356510278132,2.6762489721868405,False
0.794204212,1184.981,7.07748202,293.2231,290.340465381417,2.8826346185829834,False
0.794204212,1119.997,7.021081286,292.908,290.11432744093435,2.7936725590656692,False
0.794204212,1055.408,6.961682701,292.5659,289.89867618643706,2.6672238135629414,False
0.794204212,991.2271,6.898943671,292.1936,289.6186646040836,2.574935395916384,False
0.794204212,927.4972,6.832489776,291.788,289.1460229952303,2.6419770047697284,False
0.794204212,864.2668,6.761881517,291.3448,288.6372467291118,2.7075532708882406,False
0.794204212,801.5922,6.6866,290.8597,288.00740282512857,2.85229717487141,False
0.794204212,739.539,6.606027019,290.3269,287.36833599126214,2.9585640087378806,False
0.794204212,678.1846,6.519419522,289.7401,286.6964304066126,3.043669593387392,False
0.794204212,617.621,6.425875001,289.0914,286.0726003348616,3.018799665138431,False
0.794204212,557.958,6.324283691,288.3711,285.1203507895566,3.2507492104434164,False
0.794204212,499.3286,6.213264396,287.5676,284.02116594398797,3.5464340560120604,False
0.794204212,441.8947,6.091071618,286.6664,282.84480368102436,3.8215963189756508,False
0.794204212,385.8558,5.955463725,285.649,281.74953828217247,3.899461717827535,False
0.794204212,331.4603,5.803508044,284.4924,280.6306613749846,3.8617386250153913,False
0.794204212,279.0204,5.631284897,283.1667,279.59573516481106,3.5709648351889314,False
0.794204212,228.933,5.433429384,281.6328,278.55010071735444,3.0826992826455353,False
0.794204212,181.7065,5.202392748,279.8395,276.60466981255655,3.2348301874434355,False
0.794204212,137.9942,4.927211655,277.7181,273.70855605075917,4.009543949240822,False
0.794204212,98.6308,4.591383586,275.1763,273.1905949286939,1.9857050713061426,False
0.794204212,79.85525,4.380215621,273.6156,271.43642070584303,2.1791792941569383,False
0.794204212,74.53891,4.311321271,273.1138,269.23529979215584,3.8785002078441835,False
0.794204212,74.53891,4.311321271,273.1138,269.23529979215584,3.8785002078441835,False
0.794204212,73.88584,4.302521199,272.9543,268.870573840764,4.083726159235994,False
0.794204212,73.66424,4.299517471,272.8839,268.74322600615017,4.140673993849816,False
0.794204212,73.2276,4.293572399,272.7445,268.5472294921091,4.197270507890892,False
0.794204212,72.36158,4.281675496,272.466,268.15194900306545,4.314050996934554,False
0.794204212,70.65821,4.257854309,271.9099,267.19573885192654,4.714161148073458,False
0.794204212,67.36335,4.210101101,270.8013,265.3329553324008,5.46834466759924,False
0.794204212,61.20002,4.114147516,268.5986,261.689019183685,6.909580816314985,False
0.794204212,50.42152,3.920418068,264.2512,255.00745305138673,9.24374694861325,False
0.794204212,41.38835,3.72299944,259.9552,249.0734191103417,10.881780889658302,False
0.794204212,33.76463,3.519413805,255.6627,244.12086295578447,11.541837044215526,False
0.794204212,27.3664,3.309315984,251.3747,239.9744460471891,11.400253952810885,False
0.794204212,22.02746,3.092289857,247.0913,236.51862643622042,10.572673563779574,False
0.794204212,17.59994,2.867895493,242.8125,233.65200039801783,9.160499601982167,False
0.794204212,13.95263,2.635668021,238.5382,231.2879663270479,7.250233672952078,False
0.808512206,2647.555,7.881391852,296.2776,295.7584707814488,0.5191292185511998,False
0.808512206,2578.802,7.855080229,296.1433,295.49898236163807,0.6443176383619402,False
0.808512206,2510.05,7.828057952,296.0065,295.20823534941303,0.7982646505869866,False
0.808512206,2441.395,7.800324876,295.8673,294.91773754243536,0.9495624575646389,False
0.808512206,2372.84,7.771842829,295.7255,294.6935256644132,1.031974335586824,False
0.808512206,2304.391,7.742571712,295.5809,294.4760529104577,1.104847089542261,False
0.808512206,2236.053,7.712467537,295.4333,294.28847015958104,1.1448298404189359,False
0.808512206,2167.831,7.681482407,295.2826,294.14996641221916,1.1326335877808447,False
0.808512206,2099.733,7.649565473,295.1285,294.07421565834136,1.0542843416586152,False
0.808512206,2031.766,7.616660645,294.9708,293.98432914058844,0.9864708594115541,False
0.808512206,1963.937,7.582706411,294.8091,293.8695829709774,0.9395170290226247,False
0.808512206,1896.255,7.547636167,294.6431,293.71741575606507,0.9256842439349384,False
0.808512206,1828.729,7.511376469,294.4725,293.6319875984377,0.8405124015623073,False
0.808512206,1761.369,7.473846627,294.2967,293.511421566266,0.7852784337339926,False
0.808512206,1761.369,7.473846627,294.2967,293.511421566266,0.7852784337339926,False
0.808512206,1759.228,7.472630355,294.2918,293.49730586861784,0.7944941313821801,False
0.808512206,1758.119,7.471999767,294.2894,293.490609597854,0.7987904021459826,False
0.808512206,1755.889,7.47073056,294.2844,293.473866157104,0.8105338428960067,False
0.808512206,1751.411,7.468177028,294.2743,293.43911810088434,0.8351818991156392,False
0.808512206,1742.384,7.463009569,294.2539,293.36966993886216,0.8842300611378278,False
0.808512206,1724.071,7.452443634,294.212,293.2327381234343,0.9792618765657153,False
0.808512206,1686.549,7.430439708,294.1234,293.00129652986567,1.1221034701343342,False
0.808512206,1608.777,7.383229542,293.9276,292.48134336927643,1.4462566307235534,False
0.808512206,1531.295,7.333869062,293.7144,292.11235312239023,1.60204687760978,False
0.808512206,1455.439,7.283062852,293.4857,291.9771768649903,1.508523135009682,False
0.808512206,1380.459,7.230171332,293.2376,291.7657223017131,1.471877698286903,False
0.808512206,1305.894,7.174643143,292.9663,291.3108240974989,1.6554759025011094,False
0.808512206,1240.716,7.123443911,292.7065,290.7655540078667,1.9409459921333223,False
0.808512206,1175.441,7.069398675,292.4224,290.29569140228614,2.1267085977138436,False
0.808512206,1110.532,7.012594459,292.1133,290.08986675398506,2.0234332460149176,False
0.808512206,1045.999,6.952727689,291.7763,289.85834802409425,1.917951975905737,False
0.808512206,981.8808,6.889469916,291.4083,289.5680010650365,1.8402989349634709,False
0.808512206,918.2207,6.822437776,291.0057,289.06817434355037,1.9375256564496226,False
0.808512206,855.0679,6.751180881,290.5642,288.5591966380325,2.0050033619675105,False
0.808512206,792.4798,6.675167016,290.0789,287.9093127979111,2.1695872020888487,False
0.808512206,730.5236,6.593761537,289.5439,287.27330273793143,2.270597262068577,False
0.808512206,669.2787,6.506200565,288.9524,286.60287404302903,2.3495259569709788,False
0.808512206,608.8394,6.411554522,288.2958,285.96114510632,2.3346548936800104,False
0.808512206,549.3186,6.308678601,287.5642,284.97681998796736,2.5873800120326678,False
0.808512206,490.8531,6.196144898,286.7451,283.8464329478568,2.898667052143196,False
0.808512206,433.6097,6.072144821,285.8231,282.68968351068287,3.133416489317142,False
0.808512206,377.7942,5.934349603,284.7788,281.57546059534496,3.2033394046550256,False
0.808512206,323.6633,5.779703778,283.5878,280.47866617721724,3.1091338227827805,False
0.808512206,271.5402,5.604110195,282.2184,279.44530901124824,2.7730909887517328,False
0.808512206,221.8363,5.401939722,280.6296,278.3875295890458,2.2420704109541703,False
0.808512206,175.0789,5.165236729,278.7666,276.1795132955052,2.587086704494766,False
0.808512206,131.9456,4.882389716,276.5565,273.6288587234461,2.9276412765539135,False
0.808512206,93.30004,4.535820537,273.9005,273.0681031023275,0.8323968976725382,False
0.808512206,83.62307,4.426319439,273.0776,272.34059286787004,0.7370071321299747,False
0.808512206,83.24821,4.421826627,273.044,272.26068688537384,0.7833131146261394,False
0.808512206,83.24821,4.421826627,273.044,272.26068688537384,0.7833131146261394,False
0.808512206,82.60968,4.414126865,272.8793,272.13419114258306,0.7451088574169376,False
0.808512206,82.36462,4.411155976,272.8093,272.07801220315923,0.7312877968407747,False
0.808512206,81.8786,4.405237662,272.6699,271.98157147552985,0.6883285244701369,False
0.808512206,80.91461,4.393394401,272.3914,271.77717522521294,0.6142247747870329,False
0.808512206,79.01839,4.36968061,271.8353,271.19938603516425,0.6359139648357655,False
0.808512206,75.34997,4.322143527,270.7267,269.63867521017926,1.0880247898207358,False
0.808512206,68.48584,4.226627009,268.5238,265.9700293242362,2.553770675763815,False
0.808512206,56.47459,4.033790802,264.1758,258.82195828374927,5.353841716250713,False
0.808512206,46.40031,3.83730614,259.879,252.32519727856638,7.553802721433641,False
0.808512206,37.89113,3.634717048,255.5857,246.8002597641161,8.785440235883897,False
0.808512206,30.74361,3.425682168,251.297,242.16205247863851,9.134947521361482,False
0.808512206,24.77388,3.209789872,247.0129,238.2962005714416,8.7166994285584,False
0.808512206,19.81831,2.986606258,242.7333,235.0885885877677,7.644711412232311,False
0.808512206,15.73161,2.755672064,238.4583,232.44140488649555,6.016895113504461,False
0.684836381,2667.651,7.888953589,296.2095,295.8269163800453,0.38258361995468704,False
0.684836381,2598.872,7.862832784,296.0756,295.579888623713,0.49571137628703354,False
0.684836381,2530.092,7.836010945,295.9392,295.29654770400697,0.6426522959930594,False
0.684836381,2461.409,7.808489229,295.8005,294.99920736452765,0.8012926354723504,False
0.684836381,2392.825,7.780229955,295.6593,294.7540253484767,0.905274651523257,False
0.684836381,2324.344,7.751193128,295.5155,294.54012070023714,0.9753792997628352,False
0.684836381,2255.973,7.721336644,295.3688,294.33721546411255,1.0315845358874753,False
0.684836381,2187.717,7.690613813,295.2191,294.1837127506933,1.0353872493067229,False
0.684836381,2119.582,7.658974178,295.0661,294.0918981402927,0.974201859707307,False
0.684836381,2051.576,7.626363557,294.9096,294.0110903033328,0.8985096966671904,False
0.684836381,1983.706,7.592722091,294.7493,293.90901240244284,0.8402875975571646,False
0.684836381,1915.98,7.55798452,294.5847,293.7763608225435,0.808339177456503,False
0.684836381,1848.407,7.522079466,294.4154,293.6217813180406,0.7936186819594013,False
0.684836381,1780.997,7.484928599,294.2407,293.6010033033761,0.6396966966239006,False
0.684836381,1747.056,7.465687365,294.1504,293.40630407930337,0.7440959206966227,False
0.684836381,1744.878,7.464439918,294.1446,293.38901945078345,0.7555805492165746,False
0.684836381,1743.77,7.463804715,294.1416,293.3804865265513,0.7611134734486882,False
0.684836381,1743.77,7.463804715,294.1416,293.3804865265513,0.7611134734486882,False
0.684836381,1741.551,7.462531374,294.1362,293.36323133619106,0.7729686638089106,False
0.684836381,1740.442,7.461894383,294.1336,293.3547739033785,0.7788260966215148,False
0.684836381,1738.219,7.460616305,294.1284,293.33814814469906,0.7902518553009372,False
0.684836381,1733.766,7.4580512,294.1178,293.30476563789426,0.813034362105725,False
0.684836381,1724.838,7.452888412,294.0964,293.23836076185125,0.8580392381487627,False
0.684836381,1706.889,7.442427694,294.0529,293.1173706842478,0.9355293157522055,False
0.684836381,1670.645,7.420965058,293.9625,292.9005697076727,1.061930292327304,False
0.684836381,1596.872,7.375801995,293.7669,292.42427861706096,1.3426213829390576,False
0.684836381,1522.982,7.328425534,293.5538,292.0793261267773,1.4744738732227347,False
0.684836381,1449.291,7.27882975,293.3219,291.97142272366,1.3504772763400297,False
0.684836381,1383.418,7.232312528,293.0962,291.7765917420307,1.3196082579693211,False
0.684836381,1317.494,7.183486726,292.8508,291.41035712019357,1.440442879806426,False
0.684836381,1251.87,7.132393712,292.5849,290.8523038777272,1.7325961222728097,False
0.684836381,1186.559,7.078812801,292.296,290.3503883501417,1.9456116498582787,False
0.684836381,1121.587,7.022499926,291.9819,290.11711501553106,1.8647849844689404,False
0.684836381,1056.987,6.963177687,291.6398,289.9037886170724,1.736011382927586,False
0.684836381,992.7955,6.900524701,291.2664,289.62793409099083,1.6384659090091418,False
0.684836381,929.054,6.834166864,290.8582,289.159075901233,1.6991240987670153,False
0.684836381,865.8107,6.763666293,290.4109,288.6494310424982,1.7614689575018474,False
0.684836381,803.1217,6.688506259,289.9197,288.0242492384428,1.8954507615571856,False
0.684836381,741.0524,6.608071338,289.3788,287.38403573761957,1.9947642623804427,False
0.684836381,679.6799,6.521621952,288.7814,286.7112921011587,2.070107898841343,False
0.684836381,619.0956,6.428259703,288.1194,286.0919974396068,2.0274025603931705,False
0.684836381,559.4091,6.326881048,287.3827,285.14565789452183,2.2370421054781673,False
0.684836381,500.7525,6.216111967,286.5594,284.0504132143155,2.508986785684499,False
0.684836381,443.2871,6.094217641,285.6344,282.87293258267385,2.7614674173261733,False
0.684836381,387.2113,5.958970539,284.5891,281.7789334284127,2.810166571587274,False
0.684836381,332.772,5.807457571,283.3998,280.65494584820004,2.7448541517999843,False
0.684836381,280.2798,5.63578839,282.036,279.6228458122684,2.4131541877316067,False
0.684836381,230.1292,5.43864089,280.4579,278.5759179117816,1.8819820882184217,False
0.684836381,182.8254,5.208531599,278.6131,276.67291062358584,1.9401893764141391,False
0.684836381,139.0178,4.934601982,276.4309,273.7322018740114,2.698698125988585,False
0.684836381,99.53614,4.600520794,273.8159,273.20671158306885,0.609188416931147,False
0.684836381,94.4477,4.548046242,273.4115,273.1001159813191,0.31138401868088295,False
0.684836381,91.27166,4.513840334,273.1489,273.0057376231281,0.1431623768719419,False
0.684836381,90.46274,4.504938053,273.0807,272.97731591495847,0.10338408504151175,False
0.684836381,90.05198,4.500387059,273.0459,272.963978772301,0.08192122769901289,False
0.684836381,90.05198,4.500387059,273.0459,272.963978772301,0.08192122769901289,False
0.684836381,89.35445,4.492611045,272.8789,272.9338591683914,0.05495916839140591,False
0.684836381,89.09053,4.489653044,272.8088,272.93075289337463,0.1219528933746119,False
0.684836381,88.56749,4.48376486,272.6695,272.8917783969249,0.22227839692487805,False
0.684836381,87.53002,4.47198182,272.391,272.82217876246466,0.43117876246463993,False
0.684836381,85.48908,4.448388648,271.8349,272.62195261067313,0.787052610673129,False
0.684836381,81.54,4.401093697,270.7262,271.8975014719088,1.171301471908805,False
0.684836381,74.14817,4.306065389,268.5235,269.0155366731637,0.4920366731636818,False
0.684836381,61.20459,4.114222187,264.1756,261.6915921435134,2.484007856486585,False
0.684836381,50.33785,3.918757279,259.8789,254.9537355688113,4.925164431188676,False
0.684836381,41.15017,3.717228058,255.5858,248.91857371754088,6.667226282459126,False
0.684836381,33.42481,3.509298439,251.2971,243.90041164293422,7.396688357065784,False
0.684836381,26.96561,3.29456235,247.013,239.7149517928772,7.298048207122804,False
0.684836381,21.59779,3.072590995,242.7334,236.24051581486546,6.492884185134528,False
0.684836381,17.16601,2.842931266,238.4583,233.37089446479317,5.087405535206841,False
0.684836381,13.53262,2.605103067,234.188,231.01552519364793,3.1724748063520565,False
0.7515863,2639.683,7.878414113,294.8364,295.73080866554244,0.8944086655424144,False
0.7515863,2570.941,7.852027259,294.7014,295.4671804516223,0.7657804516223337,False
0.7515863,2502.199,7.824925224,294.564,295.1728814575737,0.6088814575736592,False
0.7515863,2433.555,7.79710843,294.4242,294.8903056416532,0.46610564165320056,False
0.7515863,2365.012,7.768538375,294.2818,294.66965823845004,0.3878582384500646,False
0.7515863,2296.575,7.739174162,294.1367,294.45183756475654,0.315137564756526,False
0.7515863,2228.25,7.708971803,293.9886,294.27129772957744,0.28269772957742134,False
0.7515863,2160.042,7.677882945,293.8373,294.13853439848265,0.30123439848262024,False
0.7515863,2091.959,7.645856227,293.6825,294.0651750623713,0.3826750623712769,False
0.7515863,2024.007,7.612834489,293.5239,293.9765914920747,0.4526914920746776,False
0.7515863,1956.195,7.578756539,293.3611,293.85530758396806,0.4942075839680342,False
0.7515863,1888.53,7.543554028,293.1936,293.68697025619076,0.493370256190758,False
0.7515863,1821.022,7.507153161,293.0208,293.6421550296931,0.6213550296930634,False
0.7515863,1753.682,7.469472857,292.842,293.4561197206873,0.614119720687313,False
0.7515863,1719.772,7.449947003,292.7492,293.2019287488401,0.4527287488401157,False
0.7515863,1702.439,7.439817208,292.7011,293.08953569165124,0.3884356916512388,False
0.7515863,1702.439,7.439817208,292.7011,293.08953569165124,0.3884356916512388,False
0.7515863,1700.242,7.438525873,292.6954,293.0754021537975,0.38000215379747715,False
0.7515863,1699.134,7.437873988,292.6926,293.07031017753934,0.37771017753931346,False
0.7515863,1696.912,7.436565408,292.687,293.0601994437724,0.37319944377236425,False
0.7515863,1692.466,7.433941916,292.6757,293.0350605553077,0.3593605553077168,False
0.7515863,1683.555,7.428662908,292.653,292.98427718607206,0.33127718607204315,False
0.7515863,1665.667,7.417980923,292.6066,292.8652933277834,0.2586933277833623,False
0.7515863,1629.618,7.396100911,292.5104,292.60076123826644,0.09036123826643916,False
0.7515863,1556.379,7.350117248,292.3027,292.2359491889427,0.06675081105731806,False
0.7515863,1490.07,7.306578378,292.099,291.99420123124827,0.10479876875172067,False
0.7515863,1423.732,7.261036872,291.8784,291.92013286926675,0.04173286926675246,False
0.7515863,1357.658,7.213516435,291.6401,291.67747236523275,0.037372365232727134,False
0.7515863,1291.856,7.163835223,291.3822,291.1837856849538,0.19841431504619322,False
0.7515863,1226.351,7.111798372,291.1026,290.64964362914924,0.4529563708507567,False
0.7515863,1161.168,7.057181674,290.7989,290.2349181464663,0.5639818535336758,False
0.7515863,1096.337,6.999729902,290.4686,290.05141873987907,0.4171812601209126,False
0.7515863,1031.892,6.939149289,290.1087,289.79948034589637,0.3092196541036287,False
0.7515863,967.8711,6.875098917,289.716,289.4781288336671,0.2378711663329227,False
0.7515863,904.3178,6.807180847,289.2864,288.95372268220274,0.33267731779727683,False
0.7515863,841.2837,6.73492894,288.8156,288.4324791554052,0.38312084459482776,False
0.7515863,778.828,6.657790226,288.2983,287.76836244903905,0.5299375509609376,False
0.7515863,717.0207,6.57510471,287.7284,287.12764856345416,0.6007514365458633,False
0.7515863,655.9439,6.486075267,287.0983,286.47234157021006,0.6259584297899323,False
0.7515863,595.6957,6.389729966,286.3994,285.7494080745136,0.6499919254864039,False
0.7515863,536.3939,6.284868779,285.6207,284.74669848715104,0.8740015128489631,False
0.7515863,478.181,6.169989322,284.7491,283.5842735032196,1.1648264967803925,False
0.7515863,421.2317,6.043183039,283.768,282.46344512375197,1.3045548762480053,False
0.7515863,365.7619,5.901982575,282.6566,281.309761088405,1.3468389115950004,False
0.7515863,312.0412,5.74313523,281.3882,280.2516202836988,1.1365797163011848,False
0.7515863,260.4102,5.56225808,279.9284,279.228442156881,0.699957843119023,False
0.7515863,211.303,5.353293122,278.2316,278.13248998111254,0.0991100188874725,False
0.7515863,165.2768,5.107621644,276.237,275.4735997305764,0.7634002694236415,False
0.7515863,123.0472,4.812568022,273.8626,273.4410292112599,0.4215707887400981,False
0.7515863,112.3502,4.721620779,273.1386,273.28771732408467,0.1491173240846706,False
0.7515863,110.7352,4.707141766,273.0238,273.286373507844,0.26257350784402433,False
0.7515863,110.3051,4.703250163,272.9929,273.2870922598691,0.29419225986907804,False
0.7515863,110.3051,4.703250163,272.9929,273.2870922598691,0.29419225986907804,False
0.7515863,109.4944,4.695873406,272.8361,273.2866079076659,0.45050790766589444,False
0.7515863,109.1715,4.69292004,272.7658,273.2868012117848,0.5210012117847782,False
0.7515863,108.5339,4.687062567,272.6264,273.2870547736548,0.6606547736548123,False
0.7515863,107.2692,4.675341563,272.3479,273.28608222987947,0.9381822298794873,False
0.7515863,104.7809,4.651871503,271.7918,273.2719503859553,1.4801503859552554,False
0.7515863,99.9655,4.604825126,270.6831,273.2150978624925,2.53199786249246,False
0.7515863,90.94903,4.51029924,268.48,272.99116711156523,4.511167111565214,False
0.7515863,75.14968,4.319481858,264.1308,269.56020692053875,5.4294069205387245,False
0.7515863,61.87369,4.125095049,259.8325,262.08434787200014,2.2518478720001553,False
0.7515863,50.63931,3.924728152,255.5377,255.15189819362013,0.3858018063798738,False
0.7515863,41.18392,3.718047889,251.2473,248.94051519643287,2.306784803567126,False
0.7515863,33.26987,3.504652183,246.9613,243.79990788552078,3.161392114479213,False
0.7515863,26.68541,3.284116974,242.6798,239.53354680504998,3.1462531949500203,False
0.7515863,21.24226,3.055992594,238.4028,236.01038673255155,2.392413267448461,False
0.7515863,16.77362,2.819807414,234.1304,233.1166682976972,1.013731702302806,False
0.7515863,13.13207,2.57505733,229.8627,230.75566376969283,0.892963769692841,False
0.692264396,2688.862,7.896873335,295.2965,295.8997482937526,0.6032482937526424,False
0.692264396,2620.054,7.870950207,295.1603,295.6603134469595,0.5000134469594855,False
0.692264396,2551.247,7.844337538,295.0214,295.38641355001283,0.36501355001280444,False
0.692264396,2482.534,7.817035092,294.8801,295.0874741993034,0.20737419930338774,False
0.692264396,2413.919,7.789006847,294.7361,294.82156374254515,0.08546374254513012,False
0.692264396,2345.406,7.7602138,294.5891,294.60870023833496,0.019600238334987807,False
0.692264396,2277.0,7.730614066,294.439,294.39488352309564,0.04411647690437803,False
0.692264396,2208.708,7.700163008,294.2855,294.2286216659657,0.056878334034308864,False
0.692264396,2140.535,7.668811077,294.1283,294.1128872716648,0.015412728335206793,False
0.692264396,2072.489,7.636505579,293.9669,294.03666963498466,0.06976963498465238,False
0.692264396,2004.576,7.603187846,293.8009,293.9387342565157,0.1378342565157027,False
0.692264396,1936.805,7.568794987,293.6298,293.824727730708,0.1949277307080024,False
0.692264396,1869.184,7.533257251,293.453,293.62585068984004,0.17285068984006102,False
0.692264396,1801.723,7.496498708,293.2697,293.6458256741854,0.37612567418540266,False
0.692264396,1734.432,7.458435261,293.079,293.30969888740094,0.23069888740093347,False
0.692264396,1700.547,7.438705243,292.9796,293.07682174795923,0.09722174795922456,False
0.692264396,1683.222,7.428465093,292.9279,292.98203668339215,0.05413668339213018,False
0.692264396,1674.458,7.42324481,292.9015,292.9259111623659,0.02441116236587959,False
0.692264396,1672.252,7.4219265,292.8948,292.9114294853809,0.016629485380917686,False
0.692264396,1672.252,7.4219265,292.8948,292.9114294853809,0.016629485380917686,False
0.692264396,1670.037,7.420601061,292.8885,292.8964034371581,0.007903437158063298,False
0.692264396,1668.929,7.419937382,292.8854,292.8887608911308,0.0033608911307965172,False
0.692264396,1666.714,7.418609302,292.8791,292.8728393364526,0.006260663547379863,False
0.692264396,1662.289,7.415950847,292.8665,292.8402052701996,0.02629472980038372,False
0.692264396,1653.463,7.410627155,292.8413,292.77478595249175,0.06651404750823531,False
0.692264396,1635.905,7.399951447,292.7903,292.64404308396325,0.14625691603674795,False
0.692264396,1601.17,7.378489891,292.6868,292.4440113631682,0.24278863683178997,False
0.692264396,1533.203,7.33511429,292.4726,292.1197878187199,0.3528121812801146,False
0.692264396,1466.772,7.290819347,292.2471,291.9773409375765,0.2697590624234749,False
0.692264396,1400.528,7.244604587,292.0044,291.83818870558036,0.16621129441961102,False
0.692264396,1334.547,7.196347187,291.743,291.54038178648466,0.20261821351533627,False
0.692264396,1268.846,7.145863105,291.4609,290.9849165396352,0.47598346036477324,False
0.692264396,1203.451,7.092948542,291.1559,290.4708616646431,0.6850383353568645,False
0.692264396,1138.388,7.037368506,290.8256,290.15708619380257,0.6685138061974385,False
0.692264396,1073.689,6.978855661,290.4673,289.97099660986834,0.49630339013168623,False
0.692264396,1009.388,6.917099486,290.0779,289.7007926108317,0.3771073891683159,False
0.692264396,945.5251,6.851740435,289.6538,289.2970844721683,0.3567155278316818,False
0.692264396,882.1477,6.782359502,289.1909,288.77438084036174,0.4165191596382556,False
0.692264396,819.3093,6.708461668,288.6845,288.20251503429034,0.4819849657096711,False
0.692264396,757.0725,6.629459022,288.1291,287.5476367027941,0.5814632972059144,False
0.692264396,695.5112,6.544647115,287.5179,286.8872061736021,0.6306938263978736,False
0.692264396,634.713,6.453172928,286.8431,286.2653638552552,0.5777361447447902,False
0.692264396,574.7822,6.353991186,286.0952,285.3966840956846,0.6985159043153999,False
0.692264396,515.8446,6.245805557,285.2626,284.35704345029234,0.9055565497076827,False
0.692264396,458.0531,6.126985116,284.3308,283.1684816983495,1.1623183016504868,False
0.692264396,401.5957,5.995445861,283.282,282.080485719489,1.2015142805109917,False
0.692264396,346.7054,5.848475428,282.0933,280.92609851727866,1.1672014827213388,False
0.692264396,293.6746,5.682472352,280.7356,279.8942083287766,0.8413916712233913,False
0.692264396,242.8737,5.492541555,279.1707,278.8625211782155,0.3081788217845087,False
0.692264396,194.7764,5.271852234,277.3481,277.3559792203396,0.00787922033958921,False
0.692264396,149.991,5.010575292,275.1999,274.24128638911674,0.9586136108832761,False
0.692264396,128.0377,4.852324752,273.9106,273.5662544644635,0.3443455355364904,False
0.692264396,116.0157,4.753725527,273.1137,273.3200586920191,0.20635869201908008,False
0.692264396,115.2051,4.746714018,273.0572,273.3085166523213,0.2513166523212931,False
0.692264396,115.2051,4.746714018,273.0572,273.3085166523213,0.2513166523212931,False
0.692264396,114.2858,4.738702329,272.9043,273.29994172254163,0.3956417225416544,False
0.692264396,113.9464,4.735728162,272.8332,273.2962397828425,0.463039782842543,False
0.692264396,113.2837,4.729895292,272.6938,273.2902674498562,0.5964674498561635,False
0.692264396,111.9691,4.71822294,272.4153,273.2871295653451,0.8718295653450809,False
0.692264396,109.3827,4.694852742,271.8592,273.28674380587387,1.4275438058738814,False
0.692264396,104.3765,4.648004554,270.7505,273.26876171897965,2.518261718979659,False
0.692264396,95.00029,4.553879944,268.5476,273.1143207279182,4.566720727918209,False
0.692264396,78.56118,4.363877684,264.1991,271.0609252018351,6.861825201835131,False
0.692264396,64.73626,4.170321477,259.9016,263.7847842390197,3.8831842390197266,False
0.692264396,53.02721,3.970805178,255.6075,256.6859614050904,1.078461405090394,False
0.692264396,43.16376,3.765001254,251.3177,250.22746810218896,1.0902318978110372,False
0.692264396,34.90093,3.552513476,247.0323,244.85824565576166,2.1740543442383284,False
0.692264396,28.02011,3.332922467,242.7514,240.39774449126855,2.3536555087314355,False
0.692264396,22.32673,3.105784615,238.4748,236.71232954223413,1.7624704577658576,False
0.692264396,17.64817,2.870632095,234.2028,233.68324235577742,0.5195576442225729,False
0.692264396,13.83176,2.626967397,229.9355,231.20956823656746,1.274068236567473,False
0.718802193,2468.812,7.811492342,294.4365,295.02857547963873,0.5920754796387087,False
0.718802193,2400.317,7.783356091,294.2914,294.77695984365096,0.48555984365094673,False
0.718802193,2331.822,7.754405215,294.1429,294.56408769681053,0.42118769681053436,False
0.718802193,2263.438,7.724640175,293.9911,294.3571420676289,0.36604206762888225,False
0.718802193,2195.169,7.694014316,293.8357,294.1989807105773,0.36328071057732814,False
0.718802193,2127.021,7.662477688,293.6763,294.0981579981728,0.4218579981727544,False
0.718802193,2059.001,7.629976193,293.5125,294.01999527826786,0.5074952782678679,False
0.718802193,1991.115,7.596450062,293.3438,293.91856225721665,0.574762257216662,False
0.718802193,1923.373,7.561835695,293.1698,293.79781038357453,0.6280103835745194,False
0.718802193,1855.783,7.526061988,292.9896,293.6230494944218,0.633449494421825,False
0.718802193,1788.355,7.489051482,292.8026,293.62767686043907,0.8250768604390828,False
0.718802193,1721.099,7.450718319,292.6078,293.2115747762412,0.6037747762412096,False
0.718802193,1654.028,7.410968804,292.4042,292.7790800377023,0.37488003770226896,False
0.718802193,1587.153,7.369697124,292.1906,292.38110383276165,0.1905038327616353,False
0.718802193,1520.489,7.326787273,291.9655,292.07104649539394,0.10554649539392358,False
0.718802193,1486.899,7.304448022,291.8469,291.9905227901,0.14362279009998247,False
0.718802193,1478.264,7.298623705,291.8158,291.98147761675,0.16567761674997428,False
0.718802193,1476.066,7.29713572,291.8079,291.9793882671871,0.17148826718710097,False
0.718802193,1476.066,7.29713572,291.8079,291.9793882671871,0.17148826718710097,False
0.718802193,1473.857,7.295638053,291.8001,291.97831599548743,0.1782159954874487,False
0.718802193,1472.753,7.294888717,291.7963,291.9778383520114,0.18153835201144375,False
0.718802193,1470.544,7.293387679,291.7885,291.9774619369255,0.18896193692552288,False
0.718802193,1466.133,7.290383601,291.773,291.9773711358356,0.2043711358355722,False
0.718802193,1457.338,7.284366763,291.7419,291.97753473054144,0.2356347305414488,False
0.718802193,1439.854,7.272296999,291.679,291.9623894726176,0.28338947261761405,False
0.718802193,1405.313,7.248015333,291.551,291.856303846678,0.3053038466779867,False
0.718802193,1337.928,7.198877428,291.2856,291.5674821506922,0.2818821506921836,False
0.718802193,1272.275,7.148561916,291.0051,291.01431785935114,0.009217859351110747,False
0.718802193,1206.86,7.095777224,290.7015,290.49657870290736,0.20492129709265328,False
0.718802193,1141.779,7.040342851,290.3727,290.16749872714865,0.2052012728513546,False
0.718802193,1077.06,6.981990386,290.0158,289.98488402988124,0.030915970118769565,False
0.718802193,1012.737,6.920411846,289.6277,289.7137553082063,0.08605530820631202,False
0.718802193,948.8505,6.855251252,289.2049,289.32674087284647,0.12184087284646239,False
0.718802193,885.4465,6.786092038,288.7432,288.8017761241107,0.05857612411068658,False
0.718802193,822.5783,6.712443676,288.2379,288.2379908790066,9.08790065636822e-05,False
0.718802193,760.3084,6.63372414,287.6833,287.5794713077192,0.10382869228078562,False
0.718802193,698.7098,6.549235492,287.073,286.92360019863605,0.14939980136392705,False
0.718802193,637.8693,6.458133403,286.399,286.29982484608985,0.09917515391015286,False
0.718802193,577.8903,6.359384058,285.6518,285.45189810898887,0.199901891011109,False
0.718802193,518.8972,6.25170579,284.82,284.4172980057627,0.40270199423730446,False
0.718802193,461.0416,6.133488278,283.8893,283.22927362059437,0.6600263794056218,False
0.718802193,404.5091,6.002674233,282.842,282.13985869407463,0.7021413059253518,False
0.718802193,349.5303,5.856590253,281.6555,280.98082280087954,0.674677199120481,False
0.718802193,296.3939,5.691689313,280.3011,279.94981052783515,0.35128947216486495,False
0.718802193,245.4658,5.50315763,278.7411,278.92320315737726,0.1821031573772416,False
0.718802193,197.2135,5.284286898,276.9258,277.4864992170376,0.5606992170376088,False
0.718802193,152.2374,5.025441145,274.7885,274.4278361795916,0.3606638204083765,False
0.718802193,130.1737,4.868869712,273.5073,273.6021778599863,0.09487785998629761,False
0.718802193,123.9865,4.820172689,273.1112,273.46414297777125,0.3529429777712494,False
0.718802193,122.2826,4.806334759,272.9989,273.42328191848173,0.42438191848174256,False
0.718802193,122.2826,4.806334759,272.9989,273.42328191848173,0.42438191848174256,False
0.718802193,121.4507,4.799508419,272.8478,273.4059788661833,0.5581788661833116,False
0.718802193,121.0979,4.796599309,272.7775,273.3993984734937,0.6218984734937294,False
0.718802193,120.4008,4.790826177,272.6381,273.38345015995935,0.7453501599593437,False
0.718802193,119.0178,4.779273062,272.3596,273.35584630168245,0.9962463016824472,False
0.718802193,116.2962,4.756140385,271.8035,273.3241535933723,1.5206535933722876,False
0.718802193,111.0262,4.709766209,270.6949,273.28635434398177,2.591454343981752,False
0.718802193,101.1479,4.616583802,268.4919,273.23261837086454,4.740718370864556,False
0.718802193,83.801,4.428444941,264.1432,272.36009302730696,8.21689302730698,False
0.718802193,69.18193,4.236739701,259.8454,266.3526022604059,6.507202260405904,False
0.718802193,56.77447,4.039086753,255.5509,259.00461685798757,3.4537168579875583,False
0.718802193,46.30084,3.835160103,251.2607,252.26099827585202,1.0002982758520034,False
0.718802193,37.5084,3.624564908,246.975,246.55158673878745,0.42341326121254497,False
0.718802193,30.17108,3.40688385,242.6936,241.79105496361404,0.9025450363859591,False
0.718802193,24.08706,3.181674767,238.4166,237.85166877842371,0.5649312215762734,False
0.718802193,19.07678,2.948471889,234.1441,234.6084691008361,0.4643691008360804,False
0.718802193,14.98093,2.706778059,229.8763,231.9547830309937,2.0784830309937092,False
0.640729637,2532.238,7.836858776,294.5508,295.3057962438852,0.7549962438852162,False
0.640729637,2463.647,7.809398051,294.4064,295.0078266535381,0.6014266535380557,False
0.640729637,2395.057,7.781162309,294.2588,294.7606919335485,0.5018919335485066,False
0.640729637,2326.573,7.752151648,294.1079,294.5474800119537,0.4395800119537512,False
0.640729637,2258.198,7.722322429,293.9534,294.34308197330654,0.3896819733065513,False
0.640729637,2189.938,7.691628512,293.795,294.18760549993584,0.3926054999358257,False
0.640729637,2121.799,7.660019593,293.6323,294.09240075219776,0.4601007521977749,False
0.640729637,2053.789,7.627441659,293.4649,294.0135635263444,0.5486635263443986,False
0.640729637,1985.914,7.593834541,293.2921,293.9121171156275,0.6200171156274905,False
0.640729637,1918.184,7.559134184,293.1134,293.78448376815345,0.6710837681534372,False
0.640729637,1850.606,7.523268432,292.9281,293.6212217874364,0.6931217874364393,False
0.640729637,1783.191,7.486159735,292.7353,293.60663046113984,0.8713304611398485,False
0.640729637,1715.948,7.447720977,292.5341,293.1746610856198,0.6405610856197654,False
0.640729637,1648.891,7.40785822,292.3234,292.74016550731926,0.4167655073192691,False
0.640729637,1582.032,7.366465376,292.1019,292.35855031831795,0.25665031831795204,False
0.640729637,1515.385,7.323424811,291.8683,292.0549357113944,0.18663571139444457,False
0.640729637,1448.966,7.278605478,291.621,291.9712241092598,0.35022410925984104,False
0.640729637,1444.738,7.275683269,291.6047,291.9666190642348,0.3619190642348258,False
0.640729637,1442.535,7.274157262,291.5962,291.9646801257793,0.36848012577928557,False
0.640729637,1442.527,7.274151716,291.5961,291.9646742985048,0.36857429850482504,False
0.640729637,1440.328,7.272626144,291.5879,291.9628118329377,0.37491183293769836,False
0.640729637,1439.224,7.271859358,291.5837,291.96069978066754,0.3769997806675178,False
0.640729637,1437.017,7.270324716,291.5753,291.9541407383842,0.3788407383841559,False
0.640729637,1432.608,7.267251838,291.5586,291.94050073732706,0.38190073732704377,False
0.640729637,1423.819,7.261097977,291.525,291.9205066280183,0.3955066280183246,False
0.640729637,1406.35,7.248752975,291.4572,291.8604727233843,0.40327272338430475,False
0.640729637,1371.848,7.223914015,291.3191,291.73355656707304,0.4144565670730458,False
0.640729637,1304.577,7.173634129,291.0335,291.2987244896564,0.2652244896564184,False
0.640729637,1239.076,7.12212122,290.7321,290.75246055174586,0.020360551745852717,False
0.640729637,1173.826,7.068023778,290.4063,290.2867152170536,0.11958478294639008,False
0.640729637,1108.924,7.011145455,290.0539,290.0852893157653,0.03138931576529558,False
0.640729637,1044.401,6.951198794,289.6718,289.8498527288823,0.1780527288822782,False
0.640729637,980.2942,6.887852731,289.2566,289.5600743488154,0.3034743488154277,False
0.640729637,916.6461,6.820721465,288.8046,289.05517100804565,0.2505710080456538,False
0.640729637,853.5066,6.749353275,288.3113,288.5449702014812,0.2336702014811749,False
0.640729637,790.9333,6.673213641,287.7716,287.89303664643785,0.12143664643787133,False
0.640729637,728.9937,6.59166509,287.1792,287.25715786419,0.0779578641900116,False
0.640729637,667.7676,6.503940209,286.5271,286.5872530171782,0.060153017178208756,False
0.640729637,607.3497,6.409104737,285.8066,285.941969342403,0.1353693424030098,False
0.640729637,547.8534,6.306007733,285.0071,284.95095731960663,0.05614268039335002,False
0.640729637,489.416,6.193212844,284.1158,283.8173637700723,0.29843622992768815,False
0.640729637,432.2054,6.068900938,283.1167,282.66381689946286,0.45288310053712166,False
0.640729637,376.4284,5.930727857,281.9897,281.54431474715517,0.44538525284485786,False
0.640729637,322.3431,5.775616506,280.7094,280.45340749981415,0.2559925001858687,False
0.640729637,270.2747,5.599438849,279.2424,279.4195817453116,0.17718174531160003,False
0.640729637,220.6371,5.39651927,277.5454,278.3581225178141,0.8127225178141089,False
0.640729637,173.9607,5.158829412,275.5603,276.1009583205726,0.5406583205726179,False
0.640729637,130.9275,4.874643735,273.2084,273.61509895395415,0.40669895395416233,False
0.640729637,128.107,4.852865852,273.0297,273.56745160760346,0.5377516076034681,False
0.640729637,128.107,4.852865852,273.0297,273.56745160760346,0.5377516076034681,False
0.640729637,127.2886,4.846456949,272.8809,273.55135303274625,0.6704530327462521,False
0.640729637,126.9197,4.843554603,272.811,273.5423312333629,0.7313312333629369,False
0.640729637,126.1873,4.837767311,272.6716,273.5221456346094,0.8505456346093752,False
0.640729637,124.7345,4.826187478,272.3931,273.4832086803117,1.0901086803116868,False
0.640729637,121.8755,4.803000032,271.837,273.41419938204507,1.5771993820450803,False
0.640729637,116.3402,4.756518658,270.7283,273.3242086769838,2.595908676983811,False
0.640729637,105.9667,4.663124894,268.5255,273.28052214531226,4.755022145312239,False
0.640729637,87.75792,4.474582115,264.1773,272.84405686992744,8.66675686992744,False
0.640729637,72.42058,4.282490513,259.88,268.18756691202026,8.307566912020263,False
0.640729637,59.40994,4.084461552,255.586,260.60467714346584,5.018677143465823,False
0.640729637,48.43265,3.880174173,251.2964,253.6915005842372,2.395100584237184,False
0.640729637,39.22198,3.669237304,247.011,247.66514087797782,0.6541408779778237,False
0.640729637,31.53942,3.451238192,242.73,242.67784397968512,0.0521560203148681,False
0.640729637,25.17216,3.225738622,238.4534,238.55398816328648,0.10058816328648845,False
0.640729637,19.93101,2.99227681,234.1812,235.16155253856826,0.980352538568269,False
0.640729637,15.64826,2.750359729,229.9137,232.38738052576286,2.473680525762859,False
0.637835056,2478.415,7.815374522,294.2807,295.06986876761164,0.7891687676116135,False
0.637835056,2409.905,7.787342607,294.1314,294.8082099535785,0.6768099535785268,False
0.637835056,2341.395,7.758502185,293.9784,294.5959775626037,0.6175775626036852,False
0.637835056,2272.996,7.728854064,293.8217,294.38366133882374,0.5619613388237212,False
0.637835056,2204.711,7.698351714,293.6609,294.2199440633212,0.5590440633211529,False
0.637835056,2136.545,7.666945317,293.4955,294.11050033177185,0.6150003317718529,False
0.637835056,2068.507,7.63458237,293.3252,294.0311840773601,0.7059840773600854,False
0.637835056,2000.602,7.601203414,293.1493,293.93309231172515,0.7837923117251648,False
0.637835056,1932.839,7.566745186,292.9673,293.8176737703622,0.8503737703621823,False
0.637835056,1865.228,7.531138577,292.7784,293.61935828116845,0.8409582811684686,False
0.637835056,1797.776,7.494305624,292.5819,293.6437728058624,1.0618728058623788,False
0.637835056,1730.496,7.456163352,292.3767,293.2805149110353,0.9038149110352833,False
0.637835056,1663.397,7.416617176,292.1618,292.8485691322877,0.6867691322876794,False
0.637835056,1596.494,7.375565254,291.936,292.42253918180586,0.48653918180588107,False
0.637835056,1529.8,7.332892287,291.698,292.1046136263469,0.4066136263469389,False
0.637835056,1463.33,7.288469939,291.4463,291.9777983561965,0.5314983561964937,False
0.637835056,1397.101,7.242154654,291.179,291.82548318034407,0.6464831803440916,False
0.637835056,1331.134,7.19378649,290.8944,291.5126378956317,0.6182378956316938,False
0.637835056,1326.93,7.190623282,290.8756,291.48299447793414,0.6073944779341218,False
0.637835056,1324.732,7.188965454,290.8657,291.4683410442888,0.6026410442888164,False
0.637835056,1323.631,7.188133997,290.8607,291.45880520478045,0.5981052047804383,False
0.637835056,1323.08,7.187717631,290.8582,291.45441690791057,0.5962169079105593,False
0.637835056,1323.08,7.187717631,290.8582,291.45441690791057,0.5962169079105593,False
0.637835056,1320.875,7.186049675,290.8484,291.4354455497784,0.5870455497783951,False
0.637835056,1319.774,7.185215789,290.8435,291.42871382149895,0.5852138214989395,False
0.637835056,1317.572,7.183545928,290.8337,291.4111245977037,0.5774245977036685,False
0.637835056,1313.174,7.180202386,290.814,291.3765795078364,0.5625795078364035,False
0.637835056,1304.409,7.173505344,290.7745,291.2972549196567,0.5227549196567338,False
0.637835056,1286.997,7.160066877,290.6947,291.14016699705587,0.4454669970558598,False
0.637835056,1252.648,7.13301499,290.5323,290.85827769604543,0.32597769604541327,False
0.637835056,1185.829,7.078197387,290.1963,290.34640368097723,0.15010368097722449,False
0.637835056,1120.935,7.021918437,289.8417,290.11579647040264,0.2740964704026396,False
0.637835056,1056.336,6.962561595,289.4576,289.90181352992175,0.4442135299217398,False
0.637835056,992.1487,6.899872995,289.041,289.62443536136425,0.583435361364252,False
0.637835056,928.412,6.8334756,288.5882,289.1536803315971,0.5654803315971435,False
0.637835056,865.174,6.762930643,288.0948,288.6442777761196,0.5494777761196019,False
0.637835056,802.491,6.68772064,287.5558,288.0172349099772,0.46143490997724257,False
0.637835056,740.4283,6.607228803,286.9652,287.3775708817162,0.41237088171624237,False
0.637835056,679.0632,6.520714201,286.316,286.70534363423354,0.389343634233569,False
0.637835056,618.4875,6.427276981,285.5999,286.08458705733875,0.4846870573387605,False
0.637835056,558.8107,6.325810775,284.8066,285.13441863230804,0.32781863230803765,False
0.637835056,500.1653,6.214938644,283.9237,284.038470365088,0.1147703650880203,False
0.637835056,442.7129,6.092921479,282.9358,282.86108628840236,0.0747137115976102,False
0.637835056,386.6522,5.957525581,281.8237,281.7671951888072,0.056504811192780835,False
0.637835056,332.2309,5.805830209,280.5628,280.64504066926605,0.08224066926607065,False
0.637835056,279.7603,5.633933165,279.1216,279.6119100430617,0.49031004306169734,False
0.637835056,229.6357,5.43649414,277.4584,278.56530864822696,1.1069086482269768,False
0.637835056,182.3638,5.206003593,275.518,276.64812057386774,1.1301205738677709,False
0.637835056,138.5954,4.931558897,273.2257,273.722101777868,0.496401777867959,False
0.637835056,135.7254,4.910633727,273.0523,273.66783838034127,0.6155383803412633,False
0.637835056,135.7254,4.910633727,273.0523,273.66783838034127,0.6155383803412633,False
0.637835056,134.7761,4.903614883,272.9086,273.655557222761,0.7469572227610115,False
0.637835056,134.3805,4.900675328,272.8376,273.6495788209431,0.8119788209430681,False
0.637835056,133.6072,4.894904152,272.6982,273.6408090282726,0.9426090282726136,False
0.637835056,132.0731,4.883355557,272.4197,273.6295570110957,1.2098570110957212,False
0.637835056,129.0541,4.860231696,271.8636,273.5856997450149,1.722099745014873,False
0.637835056,123.2085,4.813878042,270.755,273.4449952902923,2.689995290292302,False
0.637835056,112.2513,4.720740108,268.5522,273.2879378829602,4.735737882960166,False
0.637835056,93.01056,4.532713035,264.2043,273.0560488841867,8.85174888418669,False
0.637835056,76.79523,4.341142529,259.9074,270.3054269681535,10.398026968153488,False
0.637835056,63.03221,4.143645866,255.6138,262.7581328365319,7.144332836531902,False
0.637835056,51.41378,3.93990623,251.3243,255.65596872942945,4.3316687294294525,False
0.637835056,41.65981,3.729536875,247.0392,249.24989974539687,2.21069974539688,False
0.637835056,33.51953,3.512128254,242.7584,243.96185615480852,1.2034561548085208,False
0.637835056,26.76906,3.287246743,238.4819,239.58770184536004,1.1058018453600482,False
0.637835056,21.20918,3.054434107,234.2099,235.98897418560708,1.7790741856070724,False
0.637835056,16.66317,2.813200895,229.9424,233.04510320860854,3.1027032086085455,False
0.637835056,12.97504,2.563027512,225.6796,230.65377707941147,4.974177079411476,False
0.930837318,2835.926,7.950123794,295.5391,296.4231465676388,0.8840465676387907,False
0.930837318,2766.936,7.92549585,295.4142,296.17908491220635,0.7648849122063552,False
0.930837318,2697.945,7.900245651,295.2872,295.931289086535,0.6440890865350184,False
0.930837318,2629.041,7.87437442,295.1583,295.6941277839621,0.5358277839620769,False
0.930837318,2560.224,7.847850034,295.0273,295.4236839128223,0.39638391282227303,False
0.930837318,2491.499,7.820639816,294.8941,295.1268041065144,0.23270410651440443,False
0.930837318,2422.87,7.792708067,294.7585,294.851692565807,0.0931925658069872,False
0.930837318,2354.344,7.764017411,294.6205,294.63686215277,0.016362152770000193,False
0.930837318,2285.924,7.734525598,294.4798,294.42044170273454,0.05935829726547581,False
0.930837318,2217.616,7.704188024,294.3362,294.24817991734176,0.08802008265826089,False
0.930837318,2149.428,7.672957039,294.1897,294.12561651949727,0.06408348050274526,False
0.930837318,2081.364,7.640778727,294.0399,294.0497636021585,0.009863602158532103,False
0.930837318,2013.434,7.607597001,293.8866,293.9569583412432,0.07035834124320672,False
0.930837318,1945.644,7.573348307,293.7295,293.8389738473496,0.10947384734964771,False
0.930837318,1878.003,7.537964257,293.5683,293.64512475165066,0.07682475165063352,False
0.930837318,1869.432,7.53338992,293.5475,293.6267702881904,0.0792702881904006,False
0.930837318,1865.01,7.531021694,293.5368,293.6192921484522,0.08249214845216102,False
0.930837318,1864.456,7.530724601,293.5354,293.6195883699731,0.08418836997310564,False
0.930837318,1863.901,7.530426882,293.5341,293.62013725265206,0.08603725265203366,False
0.930837318,1862.233,7.529531584,293.5318,293.61653734201946,0.08473734201947991,False
0.930837318,1861.123,7.528935348,293.5297,293.6177561028902,0.0880561028902207,False
0.930837318,1858.796,7.527684245,293.5254,293.62019533901565,0.09479533901566128,False
0.930837318,1853.965,7.525081868,293.5163,293.6230901457946,0.106790145794605,False
0.930837318,1843.762,7.519563329,293.497,293.6222676245676,0.12526762456758433,False
0.930837318,1821.973,7.507675259,293.455,293.6417321959512,0.18673219595120827,False
0.930837318,1775.835,7.482026014,293.3628,293.5905421383101,0.22774213831013412,False
0.930837318,1680.843,7.427050732,293.1576,292.96670332181014,0.19089667818985845,False
0.930837318,1593.553,7.373721393,292.9486,292.4092057317931,0.5393942682068769,False
0.930837318,1513.742,7.32234001,292.7376,292.05001109291726,0.687588907082727,False
0.930837318,1436.832,7.270195969,292.514,291.9535227128933,0.5604772871067212,False
0.930837318,1361.313,7.216204954,292.2725,291.69357619302576,0.5789238069742169,False
0.930837318,1286.576,7.159739705,292.0092,291.1362950004916,0.872904999508421,False
0.930837318,1221.505,7.107838984,291.7577,290.6111646244656,1.1465353755344267,False
0.930837318,1156.327,7.053003881,291.4826,290.21556378502623,1.267036214973757,False
0.930837318,1091.525,6.99533108,291.183,290.03573227180556,1.1472677281944357,False
0.930837318,1027.11,6.934504312,290.8562,289.7750125461427,1.0811874538572965,False
0.930837318,963.1222,6.870180299,290.499,289.4427974724586,1.0562025275414157,False
0.930837318,899.6057,6.801956556,290.1077,288.91502390888667,1.1926760911133556,False
0.930837318,836.6125,6.729361,289.678,288.3806723357704,1.2973276642296128,False
0.930837318,774.2026,6.651833596,289.205,287.7218119595836,1.483188040416394,False
0.930837318,712.4466,6.568704962,288.6826,287.0795569599282,1.6030430400717819,False
0.930837318,651.4279,6.479166723,288.1035,286.4293577488177,1.6741422511822748,False
0.930837318,591.2459,6.382232005,287.4593,285.6764852943494,1.782814705650594,False
0.930837318,532.0199,6.276680895,286.7391,284.66737607459487,2.071723925405138,False
0.930837318,473.8947,6.160985145,285.93,283.4954676656297,2.434532334370317,False
0.930837318,417.0475,6.033200124,285.0154,282.3858282442517,2.629571755748316,False
0.930837318,361.6978,5.890809057,283.9748,281.22494158852305,2.749858411476964,False
0.930837318,308.12,5.730489317,282.7814,280.17556680563814,2.605833194361878,False
0.930837318,256.6606,5.54775459,281.4006,279.15654789752267,2.244052102477326,False
0.930837318,207.7619,5.336392712,279.7867,278.0190965689329,1.767603431067073,False
0.930837318,161.9916,5.087544482,277.8783,275.2352885624887,2.6430114375113476,False
0.930837318,120.0784,4.788144863,275.5923,273.3766519940759,2.215648005924095,False
0.930837318,99.79992,4.603167382,274.1953,273.2125815681215,0.9827184318784816,False
0.930837318,88.68168,4.485053329,273.3122,272.90073787285195,0.41146212714807007,False
0.930837318,85.70551,4.450917118,273.0584,272.65339304675587,0.4050069532441398,False
0.930837318,84.90896,4.441579624,272.9892,272.5398571850136,0.4493428149863803,False
0.930837318,84.90896,4.441579624,272.9892,272.5398571850136,0.4493428149863803,False
0.930837318,84.29445,4.434316027,272.8226,272.4306772398337,0.39192276016632377,False
0.930837318,84.04152,4.431310962,272.7529,272.3832294921621,0.36967050783789546,False
0.930837318,83.53792,4.425300661,272.6135,272.32287228310537,0.29062771689461897,False
0.930837318,82.5392,4.413273332,272.335,272.1212245913135,0.21377540868650158,False
0.930837318,80.57526,4.389191655,271.7789,271.67154414966683,0.10735585033319239,False
0.930837318,76.77818,4.340920485,270.6701,270.29709847837483,0.3730015216251559,False
0.930837318,69.68197,4.243941604,268.4668,266.6577423348374,1.8090576651625838,False
0.930837318,57.2944,4.048202888,264.1168,259.3316355198914,4.7851644801086195,False
0.930837318,46.93916,3.848852295,259.8177,252.6769224621513,7.140777537848692,False
0.930837318,38.22238,3.643421208,255.5224,247.01550449685504,8.50689550314496,False
0.930837318,30.92485,3.431560068,251.2317,242.2795086891284,8.952191310871598,False
0.930837318,24.84981,3.212850107,246.9456,238.34534583722447,8.600254162775542,False
0.930837318,19.82313,2.986849438,242.6642,235.09170917004258,7.572490829957417,False
0.930837318,15.69107,2.753091761,238.3875,232.4151285684659,5.9723714315341,False
0.960716115,2556.825,7.846521533,294.0537,295.40992999235004,1.3562299923500518,False
0.960716115,2488.199,7.819314435,293.9356,295.1126039238963,1.1770039238962795,False
0.960716115,2419.573,7.791346357,293.8156,294.83902960556753,1.0234296055675145,False
0.960716115,2351.052,7.762618167,293.6938,294.62651167019726,0.93271167019725,False
0.960716115,2282.637,7.733086633,293.57,294.4108837753322,0.8408837753322018,False
0.960716115,2214.335,7.702707412,293.4442,294.24096417862364,0.7967641786236186,False
0.960716115,2146.152,7.67143175,293.3162,294.11823269246804,0.8020326924680603,False
0.960716115,2078.095,7.639206888,293.1859,294.04496721484423,0.8590672148442309,False
0.960716115,2010.171,7.605975072,293.053,293.954151820253,0.9011518202530056,False
0.960716115,1942.388,7.571673423,292.9175,293.83410623398026,0.9166062339802465,False
0.960716115,1874.755,7.536233263,292.7791,293.6353813943067,0.8562813943066772,False
0.960716115,1807.28,7.499578232,292.6374,293.6447998722059,1.0073998722058946,False
0.960716115,1739.975,7.461626024,292.4924,293.35135769291,0.8589576929100531,False
0.960716115,1672.85,7.422284038,292.3434,292.9154070593872,0.5720070593872038,False
0.960716115,1605.918,7.381450835,292.1903,292.4671892335171,0.27688923351712447,False
0.960716115,1539.193,7.339013532,292.0324,292.1499951746099,0.1175951746099031,False
0.960716115,1530.719,7.333492839,292.0119,292.1088721805809,0.096972180580849,False
0.960716115,1526.321,7.330615544,292.0013,292.0911571197325,0.08985711973247135,False
0.960716115,1525.217,7.329891974,291.9986,292.0876980393343,0.08909803933431704,False
0.960716115,1524.664,7.329529337,291.9973,292.08488824721917,0.08758824721917335,False
0.960716115,1524.664,7.329529337,291.9973,292.08488824721917,0.08758824721917335,False
0.960716115,1522.452,7.328077472,291.9916,292.0764679075734,0.08486790757336848,False
0.960716115,1521.347,7.327351406,291.9887,292.0733720916469,0.08467209164689393,False
0.960716115,1519.111,7.325880574,291.9829,292.06545357451915,0.08255357451918144,False
0.960716115,1514.599,7.322905996,291.9712,292.05222218585124,0.081022185851225,False
0.960716115,1505.418,7.316825879,291.9471,292.0252604164059,0.07816041640592175,False
0.960716115,1486.511,7.304187042,291.8966,291.9897522775606,0.09315227756064814,False
0.960716115,1447.007,7.277252564,291.7876,291.96928324637145,0.18168324637144906,False
0.960716115,1363.821,7.218045598,291.5409,291.7019272524215,0.16102725242149063,False
0.960716115,1282.732,7.156747457,291.2755,291.1018709172351,0.17362908276493272,False
0.960716115,1205.656,7.094779096,290.9972,290.48823442620323,0.508965573796786,False
0.960716115,1130.614,7.030516127,290.6984,290.13876703915946,0.5596329608405313,False
0.960716115,1056.669,6.962876786,290.373,289.9028190404721,0.4701809595279087,False
0.960716115,992.9783,6.900708811,290.0645,289.6285300555937,0.43596994440628123,False
0.960716115,929.2071,6.834331642,289.7253,289.1603606583694,0.564939341630577,False
0.960716115,865.9643,6.763843684,289.3543,288.6505389243422,0.7037610756578374,False
0.960716115,803.2738,6.688695627,288.9471,288.02595031041295,0.9211496895870255,False
0.960716115,741.2028,6.608274272,288.4983,287.3855297001986,1.1127702998013547,False
0.960716115,679.8285,6.52184056,288.0015,286.71271297379064,1.288787026209377,False
0.960716115,619.2422,6.428496472,287.4489,286.0934752111148,1.3554247888851592,False
0.960716115,559.5534,6.327138966,286.8311,285.1483743208637,1.682725679136297,False
0.960716115,500.8941,6.216394701,286.1364,284.0533628300904,2.0830371699095735,False
0.960716115,443.4256,6.094530031,285.3502,282.8757969444423,2.474403055557673,False
0.960716115,387.3461,5.959318609,284.4541,281.7817555456663,2.672344454333711,False
0.960716115,332.9024,5.807849354,283.425,280.6573380061549,2.767661993845138,False
0.960716115,280.405,5.636234987,282.2324,279.6254942054095,2.6069057945904888,False
0.960716115,230.2482,5.439157858,280.837,278.5784684699491,2.2585315300509023,False
0.960716115,182.9367,5.209140191,279.1861,276.6788745848146,2.5072254151854168,False
0.960716115,139.1197,4.935334714,277.2089,273.73421908955305,3.4746809104469776,False
0.960716115,99.6263,4.601426186,274.8087,273.2080508373015,1.6006491626984598,False
0.960716115,80.77387,4.391653522,273.3201,271.734031919454,1.5860680805459992,False
0.960716115,78.05951,4.357471485,273.0795,270.8645047660825,2.2149952339174774,False
0.960716115,76.52863,4.337664919,272.9404,270.17492769788976,2.765472302110254,False
0.960716115,76.52863,4.337664919,272.9404,270.17492769788976,2.765472302110254,False
0.960716115,75.85569,4.328832719,272.7776,269.85700036168026,2.920599638319743,False
0.960716115,75.62236,4.325752007,272.7072,269.7505199843698,2.956680015630184,False
0.960716115,75.16217,4.319648046,272.5678,269.56672876814724,3.001071231852734,False
0.960716115,74.2497,4.307433737,272.2893,269.07297463974095,3.216325360259077,False
0.960716115,72.45591,4.282978239,271.7331,268.20355692408424,3.52954307591574,False
0.960716115,68.98975,4.233957943,270.6242,266.243944769909,4.380255230090995,False
0.960716115,62.51936,4.135476269,268.4204,262.4562650568663,5.964134943133672,False
0.960716115,51.24978,3.936711325,264.0688,255.54817470398228,8.520625296017727,False
0.960716115,41.8592,3.734311606,259.7677,249.37952423018297,10.388175769817025,False
0.960716115,33.98049,3.525786536,255.4706,244.2609141472935,11.209685852706485,False
0.960716115,27.40626,3.310771454,251.1784,240.0002548870968,11.178145112903223,False
0.960716115,21.95144,3.088832741,246.8911,236.46942185336314,10.42167814663685,False
0.960716115,17.45304,2.859513846,242.6086,233.55684037000603,9.051759629993967,False
0.960716115,13.76781,2.622333259,238.331,231.16808777160472,7.162912228395271,False
0.634030725,2387.941,7.778186767,292.8672,294.73925672205274,1.8720567220527187,False
0.634030725,2319.575,7.749139258,292.7153,294.524111786027,1.808811786026979,False
0.634030725,2251.209,7.719222684,292.5594,294.3250427112488,1.7656427112488018,False
0.634030725,2182.961,7.688437491,292.3994,294.17430246350926,1.7749024635092496,False
0.634030725,2114.835,7.656732074,292.235,294.08903507371105,1.8540350737110316,False
0.634030725,2046.838,7.624051442,292.0655,294.0065938960539,1.9410938960539283,False
0.634030725,1978.978,7.590335829,291.8905,293.89970704196674,2.0092070419667607,False
0.634030725,1911.262,7.555519036,291.7093,293.7627559396705,2.0534559396705276,False
0.634030725,1843.701,7.519530243,291.5212,293.62231405532987,2.1011140553298446,False
0.634030725,1776.303,7.482289517,291.3253,293.59198524082973,2.266685240829702,False
0.634030725,1709.079,7.443709908,291.1207,293.1292061134114,2.0085061134113857,False
0.634030725,1642.041,7.403695259,290.9062,292.6889261324568,1.7827261324567871,False
0.634030725,1575.203,7.362139432,290.6806,292.3259901879058,1.6453901879057753,False
0.634030725,1508.578,7.318922764,290.4426,292.03326569897854,1.590665698978512,False
0.634030725,1442.183,7.273913217,290.1905,291.9643279372558,1.7738279372558168,False
0.634030725,1376.036,7.226962181,289.9226,291.7490759905958,1.8264759905958385,False
0.634030725,1310.156,7.177901493,289.6369,291.3505246553888,1.7136246553887986,False
0.634030725,1244.566,7.126542154,289.3312,290.79568522782176,1.46448522782174,False
0.634030725,1211.489,7.099605461,289.1681,290.53193813920524,1.3638381392052565,False
0.634030725,1194.457,7.085446968,289.0816,290.40241872824294,1.3208187282429549,False
0.634030725,1185.808,7.078179678,289.0369,290.34629675480204,1.3093967548020373,False
0.634030725,1181.448,7.074496084,289.0143,290.3222322030579,1.3079322030579306,False
0.634030725,1180.352,7.073567978,289.0086,290.3173941290552,1.3087941290551726,False
0.634030725,1179.803,7.073102754,289.0057,290.31502959693046,1.3093295969304677,False
0.634030725,1179.803,7.073102754,289.0057,290.31502959693046,1.3093295969304677,False
0.634030725,1177.605,7.071237994,288.9943,290.3043819093666,1.3100819093666018,False
0.634030725,1176.508,7.070306008,288.9885,290.2998247422222,1.3113247422222116,False
0.634030725,1174.313,7.068438575,288.9771,290.28936075269996,1.312260752699956,False
0.634030725,1169.931,7.064700052,288.9541,290.27157418111653,1.3174741811165518,False
0.634030725,1161.201,7.057210093,288.908,290.235085090151,1.3270850901510016,False
0.634030725,1143.873,7.042175152,288.8148,290.17483417045986,1.360034170459869,False
0.634030725,1109.745,7.011885538,288.6251,290.0877860369606,1.4626860369606334,False
0.634030725,1043.584,6.950416222,288.2319,289.84611546692736,1.6142154669273623,False
0.634030725,979.5717,6.887115435,287.8158,289.5567321965181,1.740932196518088,False
0.634030725,915.9239,6.819933283,287.3624,289.0493919584528,1.6869919584528361,False
0.634030725,852.7908,6.748514265,286.8677,288.5378313093991,1.6701313093990962,False
0.634030725,790.2243,6.672316829,286.3266,287.88533812154736,1.5587381215473783,False
0.634030725,728.2924,6.590702616,285.7328,287.24967659347055,1.5168765934705561,False
0.634030725,667.075,6.502902483,285.0791,286.5805696554996,1.5014696554995908,False
0.634030725,606.6668,6.407979711,284.3567,285.9311758375613,1.5744758375612946,False
0.634030725,547.1817,6.304780923,283.555,284.93853126868623,1.3835312686862267,False
0.634030725,488.7574,6.191866252,282.661,283.80425141518805,1.1432514151880468,False
0.634030725,431.5618,6.067410722,281.6584,282.6512964351552,0.9928964351552167,False
0.634030725,375.8025,5.929063739,280.5272,281.53013419372616,1.002934193726162,False
0.634030725,321.7382,5.773738171,279.2412,280.4419864937416,1.2007864937415889,False
0.634030725,269.695,5.597291691,277.7669,279.40800852625483,1.6411085262548113,False
0.634030725,220.0878,5.394026558,276.0601,278.34687206367556,2.286772063675585,False
0.634030725,173.4488,5.155882455,274.0617,276.06310432748893,2.001404327488956,False
0.634030725,161.5285,5.084681598,273.4664,275.1994922690892,1.733092269089184,False
0.634030725,154.6272,5.041017059,273.102,274.64741684069566,1.5454168406956796,False
0.634030725,152.8456,5.029428262,273.0055,274.4816808340204,1.476180834020397,False
0.634030725,152.387,5.026423338,272.9804,274.4421359396381,1.4617359396381175,False
0.634030725,152.387,5.026423338,272.9804,274.4421359396381,1.4617359396381175,False
0.634030725,151.4856,5.020490571,272.8382,274.3741469686791,1.5359469686791272,False
0.634030725,151.0453,5.017579792,272.7686,274.33529672866314,1.5666967286631461,False
0.634030725,150.1684,5.011757331,272.6292,274.25663118577194,1.6274311857719113,False
0.634030725,148.4289,5.000106056,272.3507,274.12420190955606,1.773501909556046,False
0.634030725,145.0061,4.976775811,271.7946,273.94362167549934,2.149021675499341,False
0.634030725,138.3809,4.930010028,270.686,273.716997473831,3.0309974738310075,False
0.634030725,125.971,4.836051722,268.4832,273.5161414636081,5.032941463608097,False
0.634030725,104.2089,4.646397538,264.1354,273.26844767939895,9.133047679398942,False
0.634030725,85.90245,4.45321235,259.8385,272.6807044963743,12.84220449637428,False
0.634030725,70.39346,4.254100361,255.5447,267.0288198682765,11.484119868276508,False
0.634030725,57.32578,4.048750435,251.2552,259.34999664421264,8.094796644212636,False
0.634030725,46.37593,3.836780575,246.9699,252.3094643267668,5.339564326766805,False
0.634030725,37.25499,3.617785896,242.6889,246.38695183546807,3.6980518354680783,False
0.634030725,29.70566,3.3913376,238.4123,241.48950868655467,3.077208686554684,False
0.634030725,23.49956,3.156981698,234.14,237.4714250414674,3.331425041467412,False
0.634030725,18.43469,2.914234216,229.8724,234.19266832562178,4.320268325621782,False
0.634030725,14.33322,2.66257992,225.6094,231.53479779399353,5.92539779399354,False
0.608103658,2403.957,7.784871409,293.0597,294.7886020108239,1.7289020108239015,False
0.608103658,2335.565,7.756009111,292.905,294.5768137304603,1.6718137304603147,False
0.608103658,2267.172,7.726288519,292.7463,294.36756623304586,1.6212662330458443,False
0.608103658,2198.897,7.69571115,292.5832,294.2072723730869,1.6240723730869036,False
0.608103658,2130.742,7.664225555,292.4155,294.1017362315078,1.6862362315077917,False
0.608103658,2062.714,7.63177787,292.2426,294.0243426603853,1.781742660385305,False
0.608103658,1994.821,7.598309601,292.064,293.9262942515076,1.862294251507592,False
0.608103658,1927.071,7.563756513,291.8791,293.80601806437176,1.9269180643717618,False
0.608103658,1859.473,7.528048393,291.687,293.61950345839006,1.9325034583900447,False
0.608103658,1792.036,7.491107683,291.487,293.6343336434489,2.14733364344886,False
0.608103658,1724.77,7.452848987,291.2782,293.23788299586164,1.9596829958616127,False
0.608103658,1657.688,7.413179139,291.0594,292.80667779962516,1.7472777996251807,False
0.608103658,1590.802,7.371993571,290.8296,292.3970442422037,1.5674442422036918,False
0.608103658,1524.126,7.32917641,290.5872,292.08292455621887,1.4957245562188746,False
0.608103658,1457.676,7.284598666,290.3309,291.9775356888404,1.6466356888404334,False
0.608103658,1391.469,7.238115303,290.0589,291.8074462788934,1.7485462788934,False
0.608103658,1325.524,7.189563132,289.7694,291.47264482057085,1.7032448205708306,False
0.608103658,1259.864,7.138759058,289.4602,290.9122024941935,1.4520024941934935,False
0.608103658,1194.513,7.08549385,289.129,290.4028819985378,1.2738819985377745,False
0.608103658,1129.498,7.029528565,288.773,290.135718181276,1.362718181275966,False
0.608103658,1127.42,7.027687115,288.7611,290.13075655450973,1.3696565545097314,False
0.608103658,1127.42,7.027687115,288.7611,290.13075655450973,1.3696565545097314,False
0.608103658,1125.228,7.025740961,288.7487,290.1246112430695,1.3759112430695382,False
0.608103658,1124.132,7.024766461,288.7424,290.12291587069353,1.3805158706935572,False
0.608103658,1121.94,7.022814609,288.7299,290.117857108818,1.387957108818,False
0.608103658,1117.565,7.01890749,288.7048,290.10788850133423,1.4030885013342527,False
0.608103658,1108.85,7.011078721,288.6543,290.0851575657008,1.4308575657008191,False
0.608103658,1091.557,6.995360396,288.5525,290.03584517196873,1.4833451719687218,False
0.608103658,1057.524,6.963685606,288.3452,289.90560166816215,1.5604016681621715,False
0.608103658,991.6428,6.899362962,287.9157,289.6212743062261,1.705574306226083,False
0.608103658,928.0056,6.833037767,287.4616,289.15026996280966,1.6886699628096835,False
0.608103658,864.7653,6.762458141,286.9663,288.64103981547873,1.6747398154787447,False
0.608103658,802.0863,6.687216208,286.4255,288.0127661701335,1.5872661701334891,False
0.608103658,740.0279,6.606687888,285.8332,287.3732838066177,1.5400838066177016,False
0.608103658,678.6676,6.520131464,285.1823,286.70153439462894,1.5192343946289384,False
0.608103658,618.0973,6.426645888,284.4643,286.07838523458463,1.6140852345846497,False
0.608103658,558.4268,6.325123545,283.6691,285.12753271588764,1.458432715887625,False
0.608103658,499.7886,6.214185209,282.784,284.03076300732505,1.2467630073250575,False
0.608103658,442.3445,6.09208899,281.7937,282.8535515093041,1.05985150930411,False
0.608103658,386.2936,5.956597702,280.6785,281.75900517370974,1.0805051737097529,False
0.608103658,331.8839,5.804785209,279.4139,280.63870580194805,1.2248058019480368,False
0.608103658,279.4271,5.632741436,277.9678,279.6046227351089,1.636822735108865,False
0.608103658,229.3193,5.435115356,276.2982,278.5584769057641,2.2602769057641012,False
0.608103658,182.0678,5.204379145,274.3491,276.62835509032755,2.279255090327524,False
0.608103658,158.6961,5.066991053,273.1935,274.9854675842878,1.7919675842878178,False
0.608103658,157.0421,5.056513922,273.1056,274.8532436424405,1.7476436424404937,False
0.608103658,156.1214,5.05063391,273.0563,274.7703896170704,1.7140896170703854,False
0.608103658,155.659,5.047667717,273.0314,274.7311367332171,1.6997367332170938,False
0.608103658,155.659,5.047667717,273.0314,274.7311367332171,1.6997367332170938,False
0.608103658,154.6269,5.041015118,272.8932,274.64739895156083,1.754198951560852,False
0.608103658,154.1687,5.038047457,272.822,274.60476466741886,1.78276466741886,False
0.608103658,153.2751,5.032234346,272.6827,274.5220311804294,1.839331180429383,False
0.608103658,151.5023,5.020600806,272.4042,274.37499689218043,1.9707968921804309,False
0.608103658,148.0142,4.997308215,271.8481,274.1011848182277,2.2530848182277055,False
0.608103658,141.262,4.950616322,270.7395,273.7968171024313,3.057317102431284,False
0.608103658,128.613,4.856807895,268.5369,273.5750048891863,5.038104889186286,False
0.608103658,106.427,4.667459304,264.1894,273.2817972948855,9.09239729488553,False
0.608103658,87.75824,4.474585761,259.893,272.8440867089515,12.95108670895155,False
0.608103658,71.93723,4.275793933,255.5997,267.9394350936543,12.339735093654298,False
0.608103658,58.6024,4.070775651,251.3107,260.1281021703728,8.817402170372816,False
0.608103658,47.42514,3.859152468,247.0258,253.01079109901352,5.984991099013513,False
0.608103658,38.11175,3.640522634,242.7452,246.94361564335222,4.198415643352206,False
0.608103658,30.40052,3.414459714,238.4689,241.93972386449246,3.4708238644924734,False
0.608103658,24.05909,3.180512888,234.197,237.83356591244672,3.636565912446713,False
0.608103658,18.88185,2.938201143,229.9296,234.48224452414138,4.552644524141385,False
0.608103658,14.6877,2.687010409,225.6669,231.76466154174173,6.097761541741733,False
0.680532885,2880.152,7.96559835,295.1992,296.58286251750013,1.3836625175001132,False
0.680532885,2811.11,7.941334702,295.0722,296.3357672575428,1.2635672575427748,False
0.680532885,2742.068,7.916467659,294.9433,296.0885766484291,1.1452766484291033,False
0.680532885,2673.109,7.890997493,294.8126,295.8458430868681,1.03324308686814,False
0.680532885,2604.236,7.864894629,294.6799,295.5998672202321,0.9199672202321381,False
0.680532885,2535.451,7.838126809,294.5452,295.3197379275664,0.7745379275663709,False
0.680532885,2466.761,7.810661233,294.4082,295.0208574089269,0.6126574089268502,False
0.680532885,2398.168,7.782460392,294.2688,294.7708711490485,0.5020711490485041,False
0.680532885,2329.679,7.753485769,294.1269,294.55727954883264,0.4303795488326614,False
0.680532885,2261.299,7.723694706,293.9821,294.35130087998135,0.3692008799813493,False
0.680532885,2193.034,7.693041252,293.8342,294.1941493684057,0.3599493684056938,False
0.680532885,2124.89,7.661475315,293.6828,294.0965487835724,0.41374878357243006,False
0.680532885,2056.873,7.628942147,293.5276,294.016896033124,0.48929603312399195,False
0.680532885,1988.993,7.595383759,293.3681,293.9160933394323,0.5479933394322529,False
0.680532885,1921.255,7.560733897,293.2037,293.79231455290784,0.5886145529078135,False
0.680532885,1853.67,7.524922737,293.0337,293.62333652013206,0.5896365201320464,False
0.680532885,1819.646,7.506397256,292.9456,293.6426391336799,0.6970391336798798,False
0.680532885,1802.272,7.49680337,292.8999,293.6458538182687,0.7459538182686742,False
0.680532885,1801.722,7.496498153,292.8985,293.6458219262941,0.7473219262940916,False
0.680532885,1801.722,7.496498153,292.8985,293.6458219262941,0.7473219262940916,False
0.680532885,1799.501,7.495264683,292.8931,293.643844698257,0.7507446982569945,False
0.680532885,1798.392,7.494648211,292.8904,293.6445171207104,0.7541171207104185,False
0.680532885,1796.173,7.493413569,292.885,293.6408515738283,0.7558515738282949,False
0.680532885,1791.74,7.490942494,292.8742,293.63275582857193,0.7585558285719571,False
0.680532885,1782.898,7.485995409,292.8524,293.6063552260052,0.7539552260051892,False
0.680532885,1765.3,7.476075927,292.8087,293.53152630001415,0.7228263000141624,False
0.680532885,1730.458,7.456141392,292.7197,293.2802393034951,0.5605393034950907,False
0.680532885,1662.176,7.415882866,292.536,292.8393241380442,0.30332413804421776,False
0.680532885,1595.32,7.374829622,292.343,292.4171497477297,0.07414974772967753,False
0.680532885,1528.628,7.33212588,292.136,292.1004516166138,0.03554838338624222,False
0.680532885,1462.162,7.287671441,291.9137,291.97785657280684,0.06415657280683718,False
0.680532885,1395.938,7.24132187,291.6745,291.8222312085571,0.1477312085571043,False
0.680532885,1329.975,7.192915424,291.4167,291.5057155021009,0.08901550210089226,False
0.680532885,1264.295,7.142269934,291.1383,290.9487000113049,0.18959998869513583,False
0.680532885,1198.922,7.089178099,290.8373,290.4380443009132,0.39925569908683656,False
0.680532885,1133.883,7.033403304,290.5111,290.1466922029987,0.36440779700132,False
0.680532885,1069.21,6.974675337,290.1572,289.953371688658,0.20382831134196522,False
0.680532885,1004.938,6.912681127,289.7723,289.6821503759154,0.0901496240845745,False
0.680532885,941.1079,6.847057798,289.353,289.26062275531837,0.09237724468164288,False
0.680532885,877.7661,6.777380157,288.8951,288.74029090336086,0.15480909663915554,False
0.680532885,814.9673,6.70314799,288.3939,288.1548672947517,0.23903270524829168,False
0.680532885,752.7749,6.623766246,287.8437,287.50296945561564,0.3407305443843711,False
0.680532885,691.2636,6.538521227,287.2378,286.8372719549399,0.4005280450600708,False
0.680532885,630.522,6.446548048,286.5683,286.2219749528747,0.3463250471253332,False
0.680532885,570.6558,6.346786226,285.8255,285.33233277694285,0.493167223057128,False
0.680532885,511.7925,6.237919269,284.9976,284.2744241771139,0.7231758228861054,False
0.680532885,454.0872,6.11828925,284.07,283.085545965169,0.9844540348310034,False
0.680532885,397.7304,5.985774389,283.0243,282.0001148460966,1.0241851539033746,False
0.680532885,342.959,5.837610906,281.8372,280.8529622638857,0.9842377361143235,False
0.680532885,290.0701,5.670122618,280.4788,279.8228803412944,0.6559196587055567,False
0.680532885,239.4403,5.478304116,278.9098,278.786460107444,0.12333989255603228,False
0.680532885,191.5515,5.255156702,277.078,277.1859827043755,0.10798270437550173,False
0.680532885,147.0229,4.990588357,274.9134,274.05390089376033,0.8594991062396957,False
0.680532885,125.2184,4.830059413,273.6108,273.4959790793235,0.11482092067649319,False
0.680532885,119.0972,4.779939966,273.2065,273.35775208528145,0.15125208528144185,False
0.680532885,117.4089,4.765662714,273.0916,273.33197510182003,0.24037510182000688,False
0.680532885,116.9735,4.761947413,273.0617,273.33069271789424,0.26899271789426393,False
0.680532885,116.9735,4.761947413,273.0617,273.33069271789424,0.26899271789426393,False
0.680532885,116.0539,4.754054738,272.9093,273.3206938353459,0.4113938353459048,False
0.680532885,115.7039,4.751034341,272.8384,273.31606700348294,0.47766700348296354,False
0.680532885,115.0195,4.745101679,272.699,273.3083851862254,0.6093851862253814,False
0.680532885,113.6621,4.733230012,272.4205,273.2934713943602,0.8729713943602064,False
0.680532885,110.9925,4.709462631,271.8644,273.28648129059206,1.4220812905920752,False
0.680532885,105.829,4.661824584,270.7557,273.2805346097547,2.5248346097546914,False
0.680532885,96.17183,4.566136487,268.5528,273.1425036923132,4.589703692313208,False
0.680532885,79.28732,4.373078217,264.2045,271.27571244397285,7.071212443972854,False
0.680532885,65.1398,4.17653573,259.9072,264.03561529362867,4.128415293628677,False
0.680532885,53.20036,3.974065163,255.6133,256.79343964230907,1.180139642309058,False
0.680532885,43.17834,3.765338981,251.3237,250.23694214710943,1.086757852890571,False
0.680532885,34.81191,3.54995957,247.0386,244.8004646518944,2.238135348105601,False
0.680532885,27.86878,3.327507066,242.7578,240.29974763538138,2.4580523646186236,False
0.680532885,22.14336,3.097537677,238.4815,236.59364328676045,1.8878567132395574,False
0.680532885,17.45426,2.859583745,234.2097,233.55763068720796,0.6520693127920367,False
0.680532885,13.64192,2.613147405,229.9426,231.0864274945484,1.1438274945483897,False
0.627548258,2434.909,7.797664663,292.7317,294.89500646962506,2.16330646962507,False
0.627548258,2366.467,7.769153405,292.584,294.67406124593646,2.090061245936454,False
0.627548258,2298.025,7.739805337,292.4328,294.456123819612,2.023323819612017,False
0.627548258,2229.697,7.709620981,292.278,294.2744911018009,1.9964911018008706,False
0.627548258,2161.487,7.67855169,292.119,294.14194134761834,2.022941347618314,False
0.627548258,2093.401,7.646545295,291.9557,294.06703637027135,2.111336370271374,False
0.627548258,2025.446,7.613545202,291.7873,293.98126947519734,2.1939694751973207,False
0.627548258,1957.631,7.579490348,291.6135,293.85781267891065,2.24431267891066,False
0.627548258,1889.963,7.544312531,291.4334,293.6938172177639,2.2604172177639157,False
0.627548258,1822.451,7.507937577,291.2463,293.64087675301926,2.394576753019237,False
0.627548258,1755.107,7.470285103,291.0513,293.4679569299048,2.416656929904775,False
0.627548258,1687.941,7.431264722,290.8475,293.00953791131786,2.1620379113178387,False
0.627548258,1620.964,7.390776313,290.6337,292.5472119796862,1.913511979686234,False
0.627548258,1554.192,7.348711075,290.4086,292.2230713497297,1.814471349729729,False
0.627548258,1487.638,7.304944906,290.1707,291.9909399486371,1.820239948637095,False
0.627548258,1421.319,7.259340593,289.9184,291.9140136311515,1.995613631151457,False
0.627548258,1355.253,7.211743432,289.6498,291.6707305956666,2.0209305956665844,False
0.627548258,1289.462,7.161980356,289.363,291.1621676774772,1.7991676774772145,False
0.627548258,1256.288,7.13591662,289.2102,290.88501081249876,1.6748108124987766,False
0.627548258,1239.221,7.122238235,289.1293,290.753521565486,1.624221565485982,False
0.627548258,1237.049,7.120483984,289.1189,290.7362453851446,1.617345385144631,False
0.627548258,1235.951,7.119595993,289.1136,290.72731496069787,1.6137149606978483,False
0.627548258,1235.401,7.119150893,289.1109,290.7231945365814,1.6122945365813734,False
0.627548258,1235.401,7.119150893,289.1109,290.7231945365814,1.6122945365813734,False
0.627548258,1233.2,7.117367696,289.1004,290.7061592702484,1.6057592702484271,False
0.627548258,1232.101,7.116476121,289.0951,290.69710593123915,1.6020059312391481,False
0.627548258,1229.903,7.114690583,289.0846,290.678752863669,1.5941528636689668,False
0.627548258,1225.515,7.111116443,289.0634,290.64274039381604,1.5793403938160395,False
0.627548258,1216.77,7.103955086,289.0209,290.5741766776839,1.5532766776839253,False
0.627548258,1199.407,7.089582547,288.9351,290.44198598780423,1.506885987804253,False
0.627548258,1165.187,7.060636868,288.7603,290.2531061682661,1.4928061682660996,False
0.627548258,1098.754,7.001932089,288.3981,290.05914491336097,1.6610449133609677,False
0.627548258,1034.377,6.941554592,288.0149,289.8096594828903,1.7947594828902993,False
0.627548258,970.3336,6.87763993,287.598,289.4970064671308,1.8990064671307891,False
0.627548258,906.7617,6.809879681,287.1439,288.9745182987469,1.8306182987469128,False
0.627548258,843.7064,6.737804567,286.648,288.45850492163606,1.8105049216360385,False
0.627548258,781.2272,6.660866017,286.1051,287.7921780480841,1.6870780480841177,False
0.627548258,719.3934,6.578408357,285.5087,287.1532269805292,1.6445269805292355,False
0.627548258,658.2867,6.489640551,284.8513,286.49494955113545,1.6436495511354678,False
0.627548258,598.0045,6.393598279,284.1241,285.78504695135007,1.6609469513500699,False
0.627548258,538.6637,6.289091443,283.316,284.7877929995449,1.4717929995449026,False
0.627548258,480.4058,6.174631163,282.4136,283.6304821443101,1.2168821443101479,False
0.627548258,423.404,6.048326806,281.4003,282.5023023227428,1.1020023227428055,False
0.627548258,367.8724,5.907736139,280.2551,281.3571939585087,1.1020939585086467,False
0.627548258,314.0784,5.749642636,278.951,280.2910245423518,1.3400245423517845,False
0.627548258,262.3594,5.569715319,277.4531,279.26602018707337,1.8129201870733596,False
0.627548258,213.1454,5.361974562,275.7152,278.18609712437467,2.4708971243746873,False
0.627548258,166.9881,5.117922552,273.6755,275.595533737439,1.9200337374389846,False
0.627548258,155.1996,5.04471203,273.0661,274.6937386397899,1.6276386397898932,False
0.627548258,154.3274,5.03907632,273.0193,274.61987634725324,1.6005763472532522,False
0.627548258,153.8659,5.036081444,272.9944,274.57579938552004,1.5813993855200579,False
0.627548258,153.8659,5.036081444,272.9944,274.57579938552004,1.5813993855200579,False
0.627548258,152.7767,5.028977378,272.858,274.4750459127766,1.6170459127765753,False
0.627548258,152.3148,5.025949432,272.786,274.435230529444,1.6492305294440257,False
0.627548258,151.424,5.020083849,272.6467,274.3689303372002,1.7222303372001875,False
0.627548258,149.6568,5.008344673,272.3682,274.2173091874516,1.8491091874515746,False
0.627548258,146.1804,4.984841475,271.812,274.0093461429624,2.197346142962374,False
0.627548258,139.4535,4.937731212,270.7034,273.74253685610614,3.039136856106154,False
0.627548258,126.8607,4.843089634,268.5007,273.54069629326614,5.039996293266142,False
0.627548258,104.8047,4.652098618,264.1528,273.27197944329043,9.11917944329042,False
0.627548258,86.28077,4.457606746,259.8558,272.70765499958935,12.851854999589364,False
0.627548258,70.61237,4.257205342,255.562,267.16689085817694,11.60489085817693,False
0.627548258,57.43093,4.050583008,251.2724,259.41381868227575,8.141418682275742,False
0.627548258,46.4027,3.837357647,246.9871,252.3267395227435,5.339639522743511,False
0.627548258,37.23034,3.61712402,242.7061,246.37093790277382,3.664837902773826,False
0.627548258,29.64974,3.389453356,238.4294,241.45328058215503,3.0238805821550443,False
0.627548258,23.42705,3.153891338,234.1572,237.4244947815441,3.267294781544109,False
0.627548258,18.35596,2.909954317,229.8895,234.14168009951538,4.252180099515385,False
0.627548258,14.25528,2.657127364,225.6265,231.4842529340689,5.8577529340689125,False
0.63687582,2697.33,7.900017674,294.2997,295.92931517283887,1.6296151728388963,False
0.63687582,2628.512,7.874173186,294.1647,295.69216388760526,1.527463887605279,False
0.63687582,2559.693,7.847642608,294.0272,295.4215827910558,1.3943827910558184,False
0.63687582,2490.969,7.82042707,293.8872,295.1244668977934,1.237266897793404,False
0.63687582,2422.341,7.792489707,293.7446,294.8496304124954,1.1050304124954096,False
0.63687582,2353.815,7.763792695,293.5989,294.6351789764695,1.0362789764694753,False
0.63687582,2285.396,7.734294592,293.4501,294.4189691402643,0.968869140264303,False
0.63687582,2217.09,7.703950804,293.2977,294.2470073000117,0.9493073000116965,False
0.63687582,2148.902,7.672712293,293.1415,294.12442199265604,0.9829219926560313,False
0.63687582,2080.84,7.640526937,292.9808,294.0488985347192,1.0680985347192404,False
0.63687582,2012.91,7.607336715,292.8153,293.9565498143983,1.141249814398293,False
0.63687582,1945.121,7.573079465,292.6444,293.83837616033605,1.1939761603360353,False
0.63687582,1877.482,7.537686796,292.4673,293.64262006000484,1.1753200600048217,False
0.63687582,1810.0,7.501082124,292.2832,293.646027740723,1.3628277407229916,False
0.63687582,1742.688,7.463184028,292.0913,293.3720306882147,1.2807306882147032,False
0.63687582,1675.556,7.423900329,291.8905,292.9327852500109,1.0422852500109343,False
0.63687582,1608.616,7.383129461,291.6796,292.4805958273505,0.8009958273505049,False
0.63687582,1574.896,7.361944517,291.5689,292.32439172154346,0.7554917215434784,False
0.63687582,1557.63,7.350920714,291.511,292.2424150164785,0.7314150164784792,False
0.63687582,1548.889,7.345293179,291.4813,292.19665626021185,0.7153562602118768,False
0.63687582,1546.688,7.34387115,291.4738,292.1873549732391,0.7135549732391269,False
0.63687582,1546.136,7.343514194,291.4719,292.1844326688015,0.7125326688014866,False
0.63687582,1546.136,7.343514194,291.4719,292.1844326688015,0.7125326688014866,False
0.63687582,1543.922,7.342081211,291.4645,292.1737714243619,0.7092714243619298,False
0.63687582,1542.817,7.341365245,291.4608,292.1685783441908,0.7077783441907854,False
0.63687582,1540.605,7.339930475,291.4534,292.1587234493228,0.7053234493228047,False
0.63687582,1536.189,7.337059953,291.4387,292.1341206126959,0.6954206126958979,False
0.63687582,1527.381,7.331309783,291.409,292.09496437702745,0.6859643770274602,False
0.63687582,1509.869,7.319778171,291.3492,292.0379754884495,0.6887754884494939,False
0.63687582,1475.254,7.296585457,291.2275,291.9791828865807,0.7516828865806815,False
0.63687582,1407.645,7.249673374,290.9759,291.864455519742,0.888555519741999,False
0.63687582,1341.691,7.201686038,290.7111,291.59571132391153,0.8846113239115425,False
0.63687582,1275.957,7.151451764,290.4257,291.04507898861164,0.6193789886116292,False
0.63687582,1210.527,7.098811081,290.1178,290.52500902085916,0.4072090208591703,False
0.63687582,1145.427,7.043532772,289.7851,290.1792161060428,0.3941161060428158,False
0.63687582,1080.686,6.985351304,289.4247,289.99771591445625,0.5730159144562776,False
0.63687582,1016.34,6.923963218,289.0336,289.7281449840654,0.6945449840654305,False
0.63687582,952.4281,6.859014619,288.6083,289.3562367568406,0.7479367568406019,False
0.63687582,888.9956,6.790092286,288.1447,288.828964437993,0.6842644379930221,False
0.63687582,826.0958,6.716710747,287.638,288.2769673630085,0.6389673630085326,False
0.63687582,763.7904,6.638293406,287.0828,287.61500365433216,0.532203654332136,False
0.63687582,702.152,6.554149905,286.4724,286.9604187457674,0.48801874576741966,False
0.63687582,641.2663,6.463444815,285.7991,286.333864060897,0.5347640608969755,False
0.63687582,581.2358,6.365156526,285.0535,285.50597395327696,0.4524739532769786,False
0.63687582,522.1836,6.25801925,284.224,284.48123660576323,0.25723660576323937,False
0.63687582,464.2595,6.140443663,283.2964,283.2954529210264,0.0009470789735814833,False
0.63687582,407.647,6.010401604,282.2532,282.20273717657665,0.05046282342334507,False
0.63687582,352.5738,5.865259962,281.0718,281.03955653375823,0.03224346624176633,False
0.63687582,299.325,5.70152994,279.7235,280.0066093968672,0.2831093968671894,False
0.63687582,248.2615,5.514482626,278.1707,278.98549990712667,0.8147999071266554,False
0.63687582,199.8443,5.297538563,276.3638,277.6222902017743,1.2584902017742934,False
0.63687582,154.6655,5.04126472,274.2357,274.6497023313802,0.41400233138017484,False
0.63687582,143.146,4.963865088,273.5967,273.8599166930028,0.26321669300278927,False
0.63687582,136.4288,4.915802867,273.2011,273.67927221055186,0.4781722105518611,False
0.63687582,134.6926,4.902995145,273.0958,273.6543189144895,0.5585189144895253,False
0.63687582,133.7984,4.896334189,273.0411,273.6423560670364,0.6012560670364451,False
0.63687582,133.7819,4.896210862,273.0401,273.64221634965406,0.602116349654068,False
0.63687582,132.9722,4.890140084,272.8926,273.63432592735336,0.7417259273533432,False
0.63687582,132.5813,4.887196042,272.8231,273.631863739967,0.8087637399669916,False
0.63687582,131.8016,4.881297762,272.6837,273.6271970613651,0.9434970613651217,False
0.63687582,130.255,4.869494068,272.4052,273.60395992256196,1.198759922561976,False
0.63687582,127.2128,4.845861275,271.8491,273.54943505765436,1.7003350576543426,False
0.63687582,121.3275,4.798493501,270.7405,273.4035347988627,2.663034798862725,False
0.63687582,110.3158,4.703347162,268.5377,273.28706816505456,4.749368165054591,False
0.63687582,91.04729,4.511379042,264.1898,272.9940023463469,8.804202346346926,False
0.63687582,74.88401,4.315940383,259.8929,269.41529225592626,9.522392255926263,False
0.63687582,61.22785,4.114602151,255.5993,261.7046848639843,6.1053848639843125,False
0.63687582,49.7517,3.907044634,251.31,254.56860320431878,3.2586032043187743,False
0.63687582,40.16027,3.692878198,247.0251,248.27504509054626,1.2499450905462481,False
0.63687582,32.19113,3.471690949,242.7444,243.10034279080017,0.35594279080015667,False
0.63687582,25.61161,3.243045764,238.4681,238.83843378697827,0.37033378697827857,False
0.63687582,20.21618,3.006483274,234.1963,235.34617027732804,1.1498702773280343,False
0.63687582,15.82376,2.761512608,229.9291,232.50113124600358,2.5720312460035757,False
