Water,Methane,Ethane,Propane,Isobutane,Butane,Isopentane,Pentane,Hexane,Heptane,Carbon Dioxide,SPECIFIC GRAVITY,Pressure (psia),PR,Hydrate Temperature (K)
5.714286,64.7619,16.19048,6.666667,0.952381,1.904762,0.952381,0.952381,0.952381,0.952381,0,0.82973851,1324.378,1.64872058,293.815
4.379562,65.69343,12.40876,5.109489,0.729927,1.459854,0.729927,0.729927,0.729927,0.729927,7.29927,0.835746521,981.8808,1.225919271,291.4083
17.69912,35.39823,8.849558,6.19469,0.8849558,1.769912,4.424779,0.8849558,0.8849558,0.8849558,22.12389,1.070778126,41.8592,0.035233438,259.7677
0,76.31,0,0,0,0,0,0,0,0,23.69,0.782477815,500,0.655559221,283.9076843
13.44086,64.51613,9.139785,3.763441,0.5376344,1.075269,0.5376344,0.5376344,0.5376344,0.5376344,5.376344,0.768418394,91.27166,0.089097864,273.1489
4.520796,86.79928,0.9041591,1.265823,0.1808318,0.3616637,0.9041591,0.1808318,0.1808318,0.1808318,4.520796,0.655660836,1237.049,1.554070994,289.1189
0,50.02,0,0,0,0,0,0,0,0,49.98,1.036275685,478.76,0.550983337,279.5
4.520796,86.79928,0.9041591,1.265823,0.1808318,0.3616637,0.9041591,0.1808318,0.1808318,0.1808318,4.520796,0.655660836,1620.964,2.03637296,290.6337
0.7407407,88.88889,1.851852,2.592593,0.3703704,0.7407407,1.851852,0.3703704,0.3703704,0.3703704,1.851852,0.685139183,1782.898,2.600787998,292.8524
0,60,0,0,0,0,0,0,0,0,40,0.939930963,944.4444444,1.13980744,288.2112732
0,84.21,0,0,0,0,0,0,0,0,15.79,0.706212955,1611.111111,2.204610878,291.0505676
0,92,0,0,0,0,0,0,0,0,8,0.63101001,2500,3.574901333,293.0265808
0,24.42,3.99,0.75,0.92,0,0,0,0,0,66.85,1.222079631,1160,1.265582705,295.6
3.490401,87.26003,1.745201,1.22164,0.1745201,0.3490401,0.8726003,0.1745201,0.1745201,0.1745201,4.363002,0.65573579,1709.079,2.22028776,291.1207
0,84.21,0,0,0,0,0,0,0,0,15.79,0.706212955,2500,3.420947915,293.0974121
0.7407407,88.88889,1.851852,2.592593,0.3703704,0.7407407,1.851852,0.3703704,0.3703704,0.3703704,1.851852,0.685139183,65.1398,0.095022155,259.9072
0,50.02,0,0,0,0,0,0,0,0,49.98,1.036275685,1611.111111,1.854155267,291.0880737
4.411765,73.52941,6.25,2.573529,0.3676471,0.7352941,1.838235,0.3676471,0.3676471,0.3676471,9.191176,0.779020869,21.24226,0.026224465,238.4028
0,94,0,0,0,0,0,0,0,0,6,0.611702451,2500,3.616688849,292.9425354
0,85.75,0,0,0,0,0,0,0,0,14.25,0.691346134,1166.666667,1.610150389,289.144043
4.520796,86.79928,0.9041591,1.265823,0.1808318,0.3616637,0.9041591,0.1808318,0.1808318,0.1808318,4.520796,0.655660836,367.8724,0.462148085,280.2551
3.490401,87.26003,1.745201,1.22164,0.1745201,0.3490401,0.8726003,0.1745201,0.1745201,0.1745201,4.363002,0.65573579,1143.873,1.486020963,288.8148
1.686341,92.74874,1.686341,1.180438,0.1686341,0.3372681,0.8431703,0.1686341,0.1686341,0.1686341,0.8431703,0.618590173,71.93723,0.101327256,255.5997
2.325581,62.0155,7.751938,5.426357,0.7751938,1.550388,3.875969,0.7751938,0.7751938,0.7751938,13.95349,0.945298948,2354.344,3.066759387,294.6205
0.7407407,88.88889,1.851852,2.592593,0.3703704,0.7407407,1.851852,0.3703704,0.3703704,0.3703704,1.851852,0.685139183,1765.3,2.575117058,292.8087
4.411765,73.52941,6.25,2.573529,0.3676471,0.7352941,1.838235,0.3676471,0.3676471,0.3676471,9.191176,0.779020869,16.77362,0.020707741,234.1304
0,52,0,0,0,0,0,0,0,0,48,1.017161201,1611.111111,1.871383068,291.0880737
1.686341,92.74874,1.686341,1.180438,0.1686341,0.3372681,0.8431703,0.1686341,0.1686341,0.1686341,0.8431703,0.618590173,802.0863,1.129779446,286.4255
0,90,0,0,0,0,0,0,0,0,10,0.65031757,2277.777778,3.219929005,292.6039124
4.411765,73.52941,6.25,2.573529,0.3676471,0.7352941,1.838235,0.3676471,0.3676471,0.3676471,9.191176,0.779020869,841.2837,1.038600181,288.8156
0.530504,92.8382,1.32626,1.856764,0.265252,0.530504,1.32626,0.265252,0.265252,0.265252,0.530504,0.64017476,130.255,0.192385966,272.4052
4.411765,73.52941,6.25,2.573529,0.3676471,0.7352941,1.838235,0.3676471,0.3676471,0.3676471,9.191176,0.779020869,536.3939,0.662200874,285.6207
4.520796,86.79928,0.9041591,1.265823,0.1808318,0.3616637,0.9041591,0.1808318,0.1808318,0.1808318,4.520796,0.655660836,1098.754,1.380334749,288.3981
5.714286,64.7619,16.19048,6.666667,0.952381,1.904762,0.952381,0.952381,0.952381,0.952381,0,0.82973851,1249.867,1.555961701,293.5119
1.677852,83.89262,5.704698,2.348993,0.3355705,0.6711409,1.677852,0.3355705,0.3355705,0.3355705,2.684564,0.702698121,1334.547,1.866520311,291.743
0.530504,92.8382,1.32626,1.856764,0.265252,0.530504,1.32626,0.265252,0.265252,0.265252,0.530504,0.64017476,1548.889,2.287701097,291.4813
0,78.14,0,0,0,0,0,0,0,0,21.86,0.764811398,2055.555556,2.721456861,292.3765564
1.677852,83.89262,5.704698,2.348993,0.3355705,0.6711409,1.677852,0.3355705,0.3355705,0.3355705,2.684564,0.702698121,1635.905,2.288004776,292.7903
3.490401,87.26003,1.745201,1.22164,0.1745201,0.3490401,0.8726003,0.1745201,0.1745201,0.1745201,4.363002,0.65573579,790.2243,1.026591129,286.3266
0,76.31,0,0,0,0,0,0,0,0,23.69,0.782477815,722.2222222,0.946918875,286.2550049
5.714286,64.7619,16.19048,6.666667,0.952381,1.904762,0.952381,0.952381,0.952381,0.952381,0,0.82973851,22.02746,0.027422025,247.0913
0,76.31,0,0,0,0,0,0,0,0,23.69,0.782477815,1833.333333,2.403717143,291.7012939
0.530504,92.8382,1.32626,1.856764,0.265252,0.530504,1.32626,0.265252,0.265252,0.265252,0.530504,0.64017476,1608.616,2.375917569,291.6796
0.6465517,90.51724,4.310345,1.508621,0.2155172,0.4310345,1.077586,0.2155172,0.2155172,0.2155172,0.6465517,0.641855639,1932.839,2.830693527,292.9673
0.6465517,90.51724,4.310345,1.508621,0.2155172,0.4310345,1.077586,0.2155172,0.2155172,0.2155172,0.6465517,0.641855639,1397.101,2.046091143,291.179
5.714286,64.7619,16.19048,6.666667,0.952381,1.904762,0.952381,0.952381,0.952381,0.952381,0,0.82973851,1769.58,2.202953359,295.1566
1.686341,92.74874,1.686341,1.180438,0.1686341,0.3372681,0.8431703,0.1686341,0.1686341,0.1686341,0.8431703,0.618590173,155.659,0.219253637,273.0314
5.714286,64.7619,16.19048,6.666667,0.952381,1.904762,0.952381,0.952381,0.952381,0.952381,0,0.82973851,1119.997,1.394286302,292.908
0.530504,92.8382,1.32626,1.856764,0.265252,0.530504,1.32626,0.265252,0.265252,0.265252,0.530504,0.64017476,15.82376,0.023371612,229.9291
0,64,0,0,0,0,0,0,0,0,36,0.901315844,342.29,0.421311112,277.15
1.677852,83.89262,5.704698,2.348993,0.3355705,0.6711409,1.677852,0.3355705,0.3355705,0.3355705,2.684564,0.702698121,515.8446,0.7214691,285.2626
17.69912,35.39823,8.849558,6.19469,0.8849558,1.769912,4.424779,0.8849558,0.8849558,0.8849558,22.12389,1.070778126,1874.755,1.578005906,292.7791
0.7407407,88.88889,1.851852,2.592593,0.3703704,0.7407407,1.851852,0.3703704,0.3703704,0.3703704,1.851852,0.685139183,1801.722,2.628247355,292.8985
0,87,0,0,0,0,0,0,0,0,13,0.679278909,1833.333333,2.547994959,291.4531555
0,78.4,0,0,0,0,0,0,0,0,21.6,0.762301415,522.14,0.692250989,282.9
0.7407407,88.88889,1.851852,2.592593,0.3703704,0.7407407,1.851852,0.3703704,0.3703704,0.3703704,1.851852,0.685139183,752.7749,1.09810428,287.8437
0,50.42,0,0,0,0,0,0,0,0,49.58,1.032414173,1388.888889,1.601387945,290.4651794
4.379562,65.69343,12.40876,5.109489,0.729927,1.459854,0.729927,0.729927,0.729927,0.729927,7.29927,0.835746521,75.34997,0.094077591,270.7267
3.490401,87.26003,1.745201,1.22164,0.1745201,0.3490401,0.8726003,0.1745201,0.1745201,0.1745201,4.363002,0.65573579,1181.448,1.534835156,289.0143
0.530504,92.8382,1.32626,1.856764,0.265252,0.530504,1.32626,0.265252,0.265252,0.265252,0.530504,0.64017476,1080.686,1.596167671,289.4247
0,51.62,0,0,0,0,0,0,0,0,48.38,1.020829638,722.2222222,0.837402595,286.2098694
0,52,0,0,0,0,0,0,0,0,48,1.017161201,500,0.580774056,283.8873596
1.340483,80.42895,6.702413,1.876676,0.2680965,0.536193,1.340483,0.2680965,0.2680965,0.2680965,6.702413,0.727137989,119.0178,0.164246301,272.3596
4.379562,65.69343,12.40876,5.109489,0.729927,1.459854,0.729927,0.729927,0.729927,0.729927,7.29927,0.835746521,2510.05,3.133902472,296.0065
3.490401,87.26003,1.745201,1.22164,0.1745201,0.3490401,0.8726003,0.1745201,0.1745201,0.1745201,4.363002,0.65573579,220.0878,0.285919053,276.0601
4.379562,65.69343,12.40876,5.109489,0.729927,1.459854,0.729927,0.729927,0.729927,0.729927,7.29927,0.835746521,2578.802,3.219742221,296.1433
5.714286,64.7619,16.19048,6.666667,0.952381,1.904762,0.952381,0.952381,0.952381,0.952381,0,0.82973851,67.36335,0.083860757,270.8013
13.44086,64.51613,9.139785,3.763441,0.5376344,1.075269,0.5376344,0.5376344,0.5376344,0.5376344,5.376344,0.768418394,619.0956,0.604350741,288.1194
13.44086,64.51613,9.139785,3.763441,0.5376344,1.075269,0.5376344,0.5376344,0.5376344,0.5376344,5.376344,0.768418394,929.054,0.906926933,290.8582
0.7407407,88.88889,1.851852,2.592593,0.3703704,0.7407407,1.851852,0.3703704,0.3703704,0.3703704,1.851852,0.685139183,941.1079,1.372833517,289.353
4.784689,83.73206,4.784689,1.674641,0.2392344,0.4784689,1.196172,0.2392344,0.2392344,0.2392344,2.392344,0.670483235,1442.535,1.816023176,291.5962
0,52.55,4.74,3.11,1.31,1.88,0,4.01,0,0,31.4,1.02843914,1611.111111,2.075139083,292.7391357
4.520796,86.79928,0.9041591,1.265823,0.1808318,0.3616637,0.9041591,0.1808318,0.1808318,0.1808318,4.520796,0.655660836,1235.401,1.552000656,289.1109
0.6465517,90.51724,4.310345,1.508621,0.2155172,0.4310345,1.077586,0.2155172,0.2155172,0.2155172,0.6465517,0.641855639,129.0541,0.189003122,271.8636
0.6465517,90.51724,4.310345,1.508621,0.2155172,0.4310345,1.077586,0.2155172,0.2155172,0.2155172,0.6465517,0.641855639,2409.905,3.529369226,294.1314
17.69912,35.39823,8.849558,6.19469,0.8849558,1.769912,4.424779,0.8849558,0.8849558,0.8849558,22.12389,1.070778126,33.98049,0.028601825,255.4706
0.6465517,90.51724,4.310345,1.508621,0.2155172,0.4310345,1.077586,0.2155172,0.2155172,0.2155172,0.6465517,0.641855639,2068.507,3.02938288,293.3252
17.69912,35.39823,8.849558,6.19469,0.8849558,1.769912,4.424779,0.8849558,0.8849558,0.8849558,22.12389,1.070778126,1739.975,1.46455981,292.4924
1.677852,83.89262,5.704698,2.348993,0.3355705,0.6711409,1.677852,0.3355705,0.3355705,0.3355705,2.684564,0.702698121,945.5251,1.322427613,289.6538
2.325581,62.0155,7.751938,5.426357,0.7751938,1.550388,3.875969,0.7751938,0.7751938,0.7751938,13.95349,0.945298948,15.69107,0.020439127,238.3875
1.686341,92.74874,1.686341,1.180438,0.1686341,0.3372681,0.8431703,0.1686341,0.1686341,0.1686341,0.8431703,0.618590173,128.613,0.181157968,268.5369
1.340483,80.42895,6.702413,1.876676,0.2680965,0.536193,1.340483,0.2680965,0.2680965,0.2680965,6.702413,0.727137989,698.7098,0.964229722,287.073
0,77.78,0,0,0,0,0,0,0,0,22.22,0.768286759,944.4444444,1.247996012,288.2564087
13.44086,64.51613,9.139785,3.763441,0.5376344,1.075269,0.5376344,0.5376344,0.5376344,0.5376344,5.376344,0.768418394,1317.494,1.286115546,292.8508
2.325581,62.0155,7.751938,5.426357,0.7751938,1.550388,3.875969,0.7751938,0.7751938,0.7751938,13.95349,0.945298948,85.70551,0.111639666,273.0584
1.686341,92.74874,1.686341,1.180438,0.1686341,0.3372681,0.8431703,0.1686341,0.1686341,0.1686341,0.8431703,0.618590173,2403.957,3.386095996,293.0597
0,52.26,0,0,0,0,0,0,0,0,47.74,1.014651219,722.2222222,0.839920637,286.2098694
3.490401,87.26003,1.745201,1.22164,0.1745201,0.3490401,0.8726003,0.1745201,0.1745201,0.1745201,4.363002,0.65573579,1310.156,1.702041468,289.6369
0,0,0,0,0,0,0,0,0,0,100,1.519157749,725.2,0.677124183,283.26
0.530504,92.8382,1.32626,1.856764,0.265252,0.530504,1.32626,0.265252,0.265252,0.265252,0.530504,0.64017476,1546.688,2.284450231,291.4738
4.520796,86.79928,0.9041591,1.265823,0.1808318,0.3616637,0.9041591,0.1808318,0.1808318,0.1808318,4.520796,0.655660836,1554.192,1.952489114,290.4086
0,50.4,0,0,0,0,0,0,0,0,49.6,1.032607249,2055.555556,2.369833379,292.1621094
1.340483,80.42895,6.702413,1.876676,0.2680965,0.536193,1.340483,0.2680965,0.2680965,0.2680965,6.702413,0.727137989,1476.066,2.036992623,291.8079
0,60,0,0,0,0,0,0,0,0,40,0.939930963,500,0.603427468,283.8873596
0,50,0,0,0,0,0,0,0,0,50,1.036468761,1598,1.838895282,296.58
3.490401,87.26003,1.745201,1.22164,0.1745201,0.3490401,0.8726003,0.1745201,0.1745201,0.1745201,4.363002,0.65573579,152.387,0.197968023,272.9804
0.6465517,90.51724,4.310345,1.508621,0.2155172,0.4310345,1.077586,0.2155172,0.2155172,0.2155172,0.6465517,0.641855639,500.1653,0.732505231,283.9237
0,92,0,0,0,0,0,0,0,0,8,0.63101001,1833.333333,2.62159431,291.460083
5.714286,64.7619,16.19048,6.666667,0.952381,1.904762,0.952381,0.952381,0.952381,0.952381,0,0.82973851,137.9942,0.17178923,277.7181
0,50.58,0,0,0,0,0,0,0,0,49.42,1.030869569,722.2222222,0.833342821,286.2098694
17.69912,35.39823,8.849558,6.19469,0.8849558,1.769912,4.424779,0.8849558,0.8849558,0.8849558,22.12389,1.070778126,1447.007,1.217964797,291.7876
0,52.55,8.12,4.74,1.31,1.88,0,0,0,0,31.4,0.988463027,944.4444444,1.194352371,290.0488892
0,52.55,8.12,4.74,1.31,1.88,0,0,0,0,31.4,0.988463027,1388.888889,1.756400545,292.1719055
1.340483,80.42895,6.702413,1.876676,0.2680965,0.536193,1.340483,0.2680965,0.2680965,0.2680965,6.702413,0.727137989,2468.812,3.406996592,294.4365
0,52.26,0,0,0,0,0,0,0,0,47.74,1.014651219,1388.888889,1.615231994,290.4651794
0,74.96,0,0,0,0,0,0,0,0,25.04,0.795510418,1833.333333,2.386650586,291.7012939
0,94.5,0,0,0,0,0,0,0,0,5.5,0.606875561,1388.888889,2.015160455,290.2572327
4.784689,83.73206,4.784689,1.674641,0.2392344,0.4784689,1.196172,0.2392344,0.2392344,0.2392344,2.392344,0.670483235,1439.224,1.811854922,291.5837
1.340483,80.42895,6.702413,1.876676,0.2680965,0.536193,1.340483,0.2680965,0.2680965,0.2680965,6.702413,0.727137989,1457.338,2.01114771,291.7419
0,64,0,0,0,0,0,0,0,0,36,0.901315844,2500,3.077150313,293.1330872
0,87.56,0,0,0,0,0,0,0,0,12.44,0.673872793,695,0.968968471,284.12
4.411765,73.52941,6.25,2.573529,0.3676471,0.7352941,1.838235,0.3676471,0.3676471,0.3676471,9.191176,0.779020869,967.8711,1.194877661,289.716
1.677852,83.89262,5.704698,2.348993,0.3355705,0.6711409,1.677852,0.3355705,0.3355705,0.3355705,2.684564,0.702698121,128.0377,0.179075722,273.9106
0.530504,92.8382,1.32626,1.856764,0.265252,0.530504,1.32626,0.265252,0.265252,0.265252,0.530504,0.64017476,1543.922,2.280364864,291.4645
0,74.3,0,0,0,0,0,0,0,0,25.7,0.801881912,944.4444444,1.225233702,288.2564087
3.490401,87.26003,1.745201,1.22164,0.1745201,0.3490401,0.8726003,0.1745201,0.1745201,0.1745201,4.363002,0.65573579,1843.701,2.39517703,291.5212
1.686341,92.74874,1.686341,1.180438,0.1686341,0.3372681,0.8431703,0.1686341,0.1686341,0.1686341,0.8431703,0.618590173,1524.126,2.146809176,290.5872
0,85,0,0,0,0,0,0,0,0,15,0.698586469,1388.888889,1.908863234,290.4219055
4.379562,65.69343,12.40876,5.109489,0.729927,1.459854,0.729927,0.729927,0.729927,0.729927,7.29927,0.835746521,377.7942,0.47169187,284.7788
1.686341,92.74874,1.686341,1.180438,0.1686341,0.3372681,0.8431703,0.1686341,0.1686341,0.1686341,0.8431703,0.618590173,2062.714,2.905437833,292.2426
0,49.6,0,0,0,0,0,0,0,0,50.4,1.040330273,507.63,0.583069918,280.6
0.530504,92.8382,1.32626,1.856764,0.265252,0.530504,1.32626,0.265252,0.265252,0.265252,0.530504,0.64017476,1341.691,1.981670715,290.7111
1.340483,80.42895,6.702413,1.876676,0.2680965,0.536193,1.340483,0.2680965,0.2680965,0.2680965,6.702413,0.727137989,46.30084,0.063895835,251.2607
13.44086,64.51613,9.139785,3.763441,0.5376344,1.075269,0.5376344,0.5376344,0.5376344,0.5376344,5.376344,0.768418394,2530.092,2.469833375,295.9392
0,64,0,0,0,0,0,0,0,0,36,0.901315844,1388.888889,1.709527952,290.545166
1.340483,80.42895,6.702413,1.876676,0.2680965,0.536193,1.340483,0.2680965,0.2680965,0.2680965,6.702413,0.727137989,1466.133,2.023284938,291.773
0.6465517,90.51724,4.310345,1.508621,0.2155172,0.4310345,1.077586,0.2155172,0.2155172,0.2155172,0.6465517,0.641855639,1323.631,1.938492396,290.8607
4.784689,83.73206,4.784689,1.674641,0.2392344,0.4784689,1.196172,0.2392344,0.2392344,0.2392344,2.392344,0.670483235,1582.032,1.991637483,292.1019
0,78,0,2,0,0,0,0,0,0,20,0.766222989,356.94,0.477972094,280.56
5.714286,64.7619,16.19048,6.666667,0.952381,1.904762,0.952381,0.952381,0.952381,0.952381,0,0.82973851,79.85525,0.099411946,273.6156
4.379562,65.69343,12.40876,5.109489,0.729927,1.459854,0.729927,0.729927,0.729927,0.729927,7.29927,0.835746521,2099.733,2.621604525,295.1285
4.784689,83.73206,4.784689,1.674641,0.2392344,0.4784689,1.196172,0.2392344,0.2392344,0.2392344,2.392344,0.670483235,1918.184,2.414822933,293.1134
2.325581,62.0155,7.751938,5.426357,0.7751938,1.550388,3.875969,0.7751938,0.7751938,0.7751938,13.95349,0.945298948,99.79992,0.12999899,274.1953
4.411765,73.52941,6.25,2.573529,0.3676471,0.7352941,1.838235,0.3676471,0.3676471,0.3676471,9.191176,0.779020869,1702.439,2.10173269,292.7011
3.490401,87.26003,1.745201,1.22164,0.1745201,0.3490401,0.8726003,0.1745201,0.1745201,0.1745201,4.363002,0.65573579,85.90245,0.11159704,259.8385
4.784689,83.73206,4.784689,1.674641,0.2392344,0.4784689,1.196172,0.2392344,0.2392344,0.2392344,2.392344,0.670483235,124.7345,0.157029634,272.3931
17.69912,35.39823,8.849558,6.19469,0.8849558,1.769912,4.424779,0.8849558,0.8849558,0.8849558,22.12389,1.070778126,75.16217,0.063264986,272.5678
4.379562,65.69343,12.40876,5.109489,0.729927,1.459854,0.729927,0.729927,0.729927,0.729927,7.29927,0.835746521,79.01839,0.098657767,271.8353
2.325581,62.0155,7.751938,5.426357,0.7751938,1.550388,3.875969,0.7751938,0.7751938,0.7751938,13.95349,0.945298948,38.22238,0.049788324,255.5224
0.6465517,90.51724,4.310345,1.508621,0.2155172,0.4310345,1.077586,0.2155172,0.2155172,0.2155172,0.6465517,0.641855639,279.7603,0.409716314,279.1216
17.69912,35.39823,8.849558,6.19469,0.8849558,1.769912,4.424779,0.8849558,0.8849558,0.8849558,22.12389,1.070778126,992.9783,0.835802877,290.0645
1.340483,80.42895,6.702413,1.876676,0.2680965,0.536193,1.340483,0.2680965,0.2680965,0.2680965,6.702413,0.727137989,122.2826,0.168751773,272.9989
1.677852,83.89262,5.704698,2.348993,0.3355705,0.6711409,1.677852,0.3355705,0.3355705,0.3355705,2.684564,0.702698121,1138.388,1.592168971,290.8256
0.6465517,90.51724,4.310345,1.508621,0.2155172,0.4310345,1.077586,0.2155172,0.2155172,0.2155172,0.6465517,0.641855639,134.7761,0.197383142,272.9086
0,50,0,0,0,0,0,0,0,0,50,1.036468761,319.08,0.367180667,275.7
1.677852,83.89262,5.704698,2.348993,0.3355705,0.6711409,1.677852,0.3355705,0.3355705,0.3355705,2.684564,0.702698121,2620.054,3.664452437,295.1603
0,60,0,0,0,0,0,0,0,0,40,0.939930963,2055.555556,2.480757369,292.1621094
13.44086,64.51613,9.139785,3.763441,0.5376344,1.075269,0.5376344,0.5376344,0.5376344,0.5376344,5.376344,0.768418394,13.53262,0.013210317,234.188
5.714286,64.7619,16.19048,6.666667,0.952381,1.904762,0.952381,0.952381,0.952381,0.952381,0,0.82973851,13.95263,0.017369654,238.5382
13.44086,64.51613,9.139785,3.763441,0.5376344,1.075269,0.5376344,0.5376344,0.5376344,0.5376344,5.376344,0.768418394,94.4477,0.092198261,273.4115
13.44086,64.51613,9.139785,3.763441,0.5376344,1.075269,0.5376344,0.5376344,0.5376344,0.5376344,5.376344,0.768418394,2119.582,2.069100399,295.0661
0,52.55,8.12,4.74,1.31,1.88,0,0,0,0,31.4,0.988463027,1149,1.453035043,295.8
4.520796,86.79928,0.9041591,1.265823,0.1808318,0.3616637,0.9041591,0.1808318,0.1808318,0.1808318,4.520796,0.655660836,781.2272,0.981434471,286.1051
0.6465517,90.51724,4.310345,1.508621,0.2155172,0.4310345,1.077586,0.2155172,0.2155172,0.2155172,0.6465517,0.641855639,112.2513,0.16439498,268.5522
0,7.86,1.13,0.86,0.2,0.33,0,0,0,0,89.62,1.440449575,595,0.578553095,282.3
3.490401,87.26003,1.745201,1.22164,0.1745201,0.3490401,0.8726003,0.1745201,0.1745201,0.1745201,4.363002,0.65573579,667.075,0.8666062,285.0791
0.7407407,88.88889,1.851852,2.592593,0.3703704,0.7407407,1.851852,0.3703704,0.3703704,0.3703704,1.851852,0.685139183,570.6558,0.83243952,285.8255
4.411765,73.52941,6.25,2.573529,0.3676471,0.7352941,1.838235,0.3676471,0.3676471,0.3676471,9.191176,0.779020869,104.7809,0.129356437,271.7918
2.325581,62.0155,7.751938,5.426357,0.7751938,1.550388,3.875969,0.7751938,0.7751938,0.7751938,13.95349,0.945298948,417.0475,0.54324446,285.0154
1.686341,92.74874,1.686341,1.180438,0.1686341,0.3372681,0.8431703,0.1686341,0.1686341,0.1686341,0.8431703,0.618590173,1194.513,1.682532461,289.129
0.6465517,90.51724,4.310345,1.508621,0.2155172,0.4310345,1.077586,0.2155172,0.2155172,0.2155172,0.6465517,0.641855639,1596.494,2.338107433,291.936
0,94.5,0,0,0,0,0,0,0,0,5.5,0.606875561,1166.666667,1.692734783,288.9642029
1.677852,83.89262,5.704698,2.348993,0.3355705,0.6711409,1.677852,0.3355705,0.3355705,0.3355705,2.684564,0.702698121,1653.463,2.312561695,292.8413
0,48.01,0,0,0,0,0,0,0,0,51.99,1.055679783,348.09,0.396891999,276.8
0,56,0,0,0,0,0,0,0,0,44,0.978546082,1611.111111,1.907182053,291.0880737
0,74.3,0,0,0,0,0,0,0,0,25.7,0.801881912,2500,3.243265683,293.2647095
0,10.04,0,0,0,0,0,0,0,0,89.96,1.4222338,1667,1.617758034,295.16
0,87.56,0,0,0,0,0,0,0,0,12.44,0.673872793,493.13,0.687521471,278.3
0,74.3,0,0,0,0,0,0,0,0,25.7,0.801881912,188.54,0.244594125,274.6
1.677852,83.89262,5.704698,2.348993,0.3355705,0.6711409,1.677852,0.3355705,0.3355705,0.3355705,2.684564,0.702698121,1533.203,2.144363998,292.4726
17.69912,35.39823,8.849558,6.19469,0.8849558,1.769912,4.424779,0.8849558,0.8849558,0.8849558,22.12389,1.070778126,1522.452,1.281467844,291.9916
4.784689,83.73206,4.784689,1.674641,0.2392344,0.4784689,1.196172,0.2392344,0.2392344,0.2392344,2.392344,0.670483235,126.9197,0.159780606,272.811
0.6465517,90.51724,4.310345,1.508621,0.2155172,0.4310345,1.077586,0.2155172,0.2155172,0.2155172,0.6465517,0.641855639,93.01056,0.13621641,264.2043
4.784689,83.73206,4.784689,1.674641,0.2392344,0.4784689,1.196172,0.2392344,0.2392344,0.2392344,2.392344,0.670483235,2258.198,2.842870297,293.9534
0,92,0,0,0,0,0,0,0,0,8,0.63101001,500,0.714980267,283.0489502
0,78.14,0,0,0,0,0,0,0,0,21.86,0.764811398,435.11,0.576064749,281.6
2.325581,62.0155,7.751938,5.426357,0.7751938,1.550388,3.875969,0.7751938,0.7751938,0.7751938,13.95349,0.945298948,1853.965,2.414967637,293.5163
0,0,0,42,0,0,0,0,0,0,58,1.520419054,240,0.272758268,283.71
0,87,0,0,0,0,0,0,0,0,13,0.679278909,722.2222222,1.00375559,285.7506104
1.340483,80.42895,6.702413,1.876676,0.2680965,0.536193,1.340483,0.2680965,0.2680965,0.2680965,6.702413,0.727137989,577.8903,0.797497048,285.6518
0,80,0,0,0,0,0,0,0,0,20,0.746855368,918,1.227600963,290.79
4.784689,83.73206,4.784689,1.674641,0.2392344,0.4784689,1.196172,0.2392344,0.2392344,0.2392344,2.392344,0.670483235,2532.238,3.187862267,294.5508
0.7407407,88.88889,1.851852,2.592593,0.3703704,0.7407407,1.851852,0.3703704,0.3703704,0.3703704,1.851852,0.685139183,1796.173,2.620152797,292.885
4.784689,83.73206,4.784689,1.674641,0.2392344,0.4784689,1.196172,0.2392344,0.2392344,0.2392344,2.392344,0.670483235,48.43265,0.060972396,251.2964
1.340483,80.42895,6.702413,1.876676,0.2680965,0.536193,1.340483,0.2680965,0.2680965,0.2680965,6.702413,0.727137989,1855.783,2.561007625,292.9896
2.325581,62.0155,7.751938,5.426357,0.7751938,1.550388,3.875969,0.7751938,0.7751938,0.7751938,13.95349,0.945298948,1869.432,2.435114892,293.5475
4.784689,83.73206,4.784689,1.674641,0.2392344,0.4784689,1.196172,0.2392344,0.2392344,0.2392344,2.392344,0.670483235,1783.191,2.244878761,292.7353
1.340483,80.42895,6.702413,1.876676,0.2680965,0.536193,1.340483,0.2680965,0.2680965,0.2680965,6.702413,0.727137989,1272.275,1.755758069,291.0051
1.686341,92.74874,1.686341,1.180438,0.1686341,0.3372681,0.8431703,0.1686341,0.1686341,0.1686341,0.8431703,0.618590173,148.0142,0.208485547,271.8481
0,78.4,0,0,0,0,0,0,0,0,21.6,0.762301415,2055.555556,2.725246805,292.3765564
13.44086,64.51613,9.139785,3.763441,0.5376344,1.075269,0.5376344,0.5376344,0.5376344,0.5376344,5.376344,0.768418394,803.1217,0.783993933,289.9197
0,50,0,0,0,0,0,0,0,0,50,1.036468761,725.19,0.834510932,283
0,52.55,8.12,4.74,1.31,1.88,0,0,0,0,31.4,0.988463027,86,0.108756322,273.7
0,52.55,4.74,3.11,1.31,1.88,0,4.01,0,0,31.4,1.02843914,944.4444444,1.216460842,289.9602051
5.714286,64.7619,16.19048,6.666667,0.952381,1.904762,0.952381,0.952381,0.952381,0.952381,0,0.82973851,385.8558,0.480352587,285.649
3.490401,87.26003,1.745201,1.22164,0.1745201,0.3490401,0.8726003,0.1745201,0.1745201,0.1745201,4.363002,0.65573579,1180.352,1.533411327,289.0086
1.340483,80.42895,6.702413,1.876676,0.2680965,0.536193,1.340483,0.2680965,0.2680965,0.2680965,6.702413,0.727137989,518.8972,0.716085709,284.82
0.7407407,88.88889,1.851852,2.592593,0.3703704,0.7407407,1.851852,0.3703704,0.3703704,0.3703704,1.851852,0.685139183,53.20036,0.077605594,255.6133
0,76.31,0,0,0,0,0,0,0,0,23.69,0.782477815,2500,3.277796104,293.2647095
4.411765,73.52941,6.25,2.573529,0.3676471,0.7352941,1.838235,0.3676471,0.3676471,0.3676471,9.191176,0.779020869,365.7619,0.451548479,282.6566
1.686341,92.74874,1.686341,1.180438,0.1686341,0.3372681,0.8431703,0.1686341,0.1686341,0.1686341,0.8431703,0.618590173,1657.688,2.334938062,291.0594
0,50,0,0,0,0,0,0,0,0,50,1.036468761,591,0.68009206,280.38
0,86,0,0,0,0,0,0,0,0,14,0.688932689,174.99,0.241845873,279.43
2.325581,62.0155,7.751938,5.426357,0.7751938,1.550388,3.875969,0.7751938,0.7751938,0.7751938,13.95349,0.945298948,120.0784,0.156413659,275.5923
0,0,0,0,0,0,0,0,0,0,100,1.519157749,347.1,0.324089636,278.7
4.379562,65.69343,12.40876,5.109489,0.729927,1.459854,0.729927,0.729927,0.729927,0.729927,7.29927,0.835746521,93.30004,0.116489005,273.9005
1.340483,80.42895,6.702413,1.876676,0.2680965,0.536193,1.340483,0.2680965,0.2680965,0.2680965,6.702413,0.727137989,1077.06,1.48635852,290.0158
2.325581,62.0155,7.751938,5.426357,0.7751938,1.550388,3.875969,0.7751938,0.7751938,0.7751938,13.95349,0.945298948,1286.576,1.675888921,292.0092
0,12.38,1.96,1.66,0.37,0.48,0,0,0,0,83.15,1.39440368,798,0.796557745,286.63
13.44086,64.51613,9.139785,3.763441,0.5376344,1.075269,0.5376344,0.5376344,0.5376344,0.5376344,5.376344,0.768418394,500.7525,0.488826192,286.5594
0,52,0,0,0,0,0,0,0,0,48,1.017161201,1388.888889,1.613261266,290.4651794
0,86,0,0,0,0,0,0,0,0,14,0.688932689,944.4444444,1.305274538,287.9468384
2.325581,62.0155,7.751938,5.426357,0.7751938,1.550388,3.875969,0.7751938,0.7751938,0.7751938,13.95349,0.945298948,473.8947,0.617293403,285.93
4.784689,83.73206,4.784689,1.674641,0.2392344,0.4784689,1.196172,0.2392344,0.2392344,0.2392344,2.392344,0.670483235,489.416,0.616131185,284.1158
4.379562,65.69343,12.40876,5.109489,0.729927,1.459854,0.729927,0.729927,0.729927,0.729927,7.29927,0.835746521,1963.937,2.452057536,294.8091
1.686341,92.74874,1.686341,1.180438,0.1686341,0.3372681,0.8431703,0.1686341,0.1686341,0.1686341,0.8431703,0.618590173,1091.557,1.537513686,288.5525
0,94,0,0,0,0,0,0,0,0,6,0.611702451,2277.777778,3.295205396,292.5131531
0,52.55,4.74,3.11,1.31,1.88,0,4.01,0,0,31.4,1.02843914,122,0.157138118,276.5
0.530504,92.8382,1.32626,1.856764,0.265252,0.530504,1.32626,0.265252,0.265252,0.265252,0.530504,0.64017476,199.8443,0.295169005,276.3638
0,24.42,3.99,0.75,0.92,0,0,0,0,0,66.85,1.222079631,320,0.349126264,278.08
1.340483,80.42895,6.702413,1.876676,0.2680965,0.536193,1.340483,0.2680965,0.2680965,0.2680965,6.702413,0.727137989,637.8693,0.880268944,286.399
2.325581,62.0155,7.751938,5.426357,0.7751938,1.550388,3.875969,0.7751938,0.7751938,0.7751938,13.95349,0.945298948,361.6978,0.471146155,283.9748
13.44086,64.51613,9.139785,3.763441,0.5376344,1.075269,0.5376344,0.5376344,0.5376344,0.5376344,5.376344,0.768418394,41.15017,0.040170106,255.5858
5.714286,64.7619,16.19048,6.666667,0.952381,1.904762,0.952381,0.952381,0.952381,0.952381,0,0.82973851,1811.306,2.254898133,295.2525
0,60,0,0,0,0,0,0,0,0,40,0.939930963,722.2222222,0.871617454,286.2098694
4.784689,83.73206,4.784689,1.674641,0.2392344,0.4784689,1.196172,0.2392344,0.2392344,0.2392344,2.392344,0.670483235,547.8534,0.68969867,285.0071
4.411765,73.52941,6.25,2.573529,0.3676471,0.7352941,1.838235,0.3676471,0.3676471,0.3676471,9.191176,0.779020869,165.2768,0.204041175,276.237
17.69912,35.39823,8.849558,6.19469,0.8849558,1.769912,4.424779,0.8849558,0.8849558,0.8849558,22.12389,1.070778126,332.9024,0.280208322,283.425
0,77.78,0,0,0,0,0,0,0,0,22.22,0.768286759,1833.333333,2.422580494,291.7012939
1.677852,83.89262,5.704698,2.348993,0.3355705,0.6711409,1.677852,0.3355705,0.3355705,0.3355705,2.684564,0.702698121,2551.247,3.568217788,295.0214
1.340483,80.42895,6.702413,1.876676,0.2680965,0.536193,1.340483,0.2680965,0.2680965,0.2680965,6.702413,0.727137989,1923.373,2.654282812,293.1698
0,84.21,0,0,0,0,0,0,0,0,15.79,0.706212955,1166.666667,1.596442361,289.144043
0,52.26,0,0,0,0,0,0,0,0,47.74,1.014651219,2500,2.90741759,292.9526672
2.325581,62.0155,7.751938,5.426357,0.7751938,1.550388,3.875969,0.7751938,0.7751938,0.7751938,13.95349,0.945298948,84.29445,0.109801624,272.8226
0.6465517,90.51724,4.310345,1.508621,0.2155172,0.4310345,1.077586,0.2155172,0.2155172,0.2155172,0.6465517,0.641855639,1320.875,1.934456162,290.8484
0.6465517,90.51724,4.310345,1.508621,0.2155172,0.4310345,1.077586,0.2155172,0.2155172,0.2155172,0.6465517,0.641855639,135.7254,0.198773416,273.0523
13.44086,64.51613,9.139785,3.763441,0.5376344,1.075269,0.5376344,0.5376344,0.5376344,0.5376344,5.376344,0.768418394,33.42481,0.032628739,251.2971
0,87.56,0,0,0,0,0,0,0,0,12.44,0.673872793,944.4444444,1.316743726,287.8270264
0,93,0,0,0,0,0,0,0,0,7,0.621356231,500,0.719134737,282.9581909
0,94.5,0,0,0,0,0,0,0,0,5.5,0.606875561,722.2222222,1.047883437,285.6667786
0,91,0,0,0,0,0,0,0,0,9,0.64066379,440.01,0.625582916,283.48
1.677852,83.89262,5.704698,2.348993,0.3355705,0.6711409,1.677852,0.3355705,0.3355705,0.3355705,2.684564,0.702698121,111.9691,0.156601903,272.4153
0,50.4,0,0,0,0,0,0,0,0,49.6,1.032607249,1166.666667,1.345040567,289.1873169
0.6465517,90.51724,4.310345,1.508621,0.2155172,0.4310345,1.077586,0.2155172,0.2155172,0.2155172,0.6465517,0.641855639,135.7254,0.198773416,273.0523
0,90,0,0,0,0,0,0,0,0,10,0.65031757,1388.888889,1.963371344,290.3479919
4.784689,83.73206,4.784689,1.674641,0.2392344,0.4784689,1.196172,0.2392344,0.2392344,0.2392344,2.392344,0.670483235,1448.966,1.824119232,291.621
0,52.55,8.12,4.74,1.31,1.88,0,0,0,0,31.4,0.988463027,2277.777778,2.880496894,294.3149109
2.325581,62.0155,7.751938,5.426357,0.7751938,1.550388,3.875969,0.7751938,0.7751938,0.7751938,13.95349,0.945298948,1865.01,2.429354812,293.5368
0,43.31,0,0,0,0,0,0,0,0,56.69,1.101052547,189.99,0.212035879,273.9
0,50,0,0,0,0,0,0,0,0,50,1.036468761,413.5,0.475834292,278.7
4.411765,73.52941,6.25,2.573529,0.3676471,0.7352941,1.838235,0.3676471,0.3676471,0.3676471,9.191176,0.779020869,108.5339,0.133989673,272.6264
0,93,0,0,0,0,0,0,0,0,7,0.621356231,2277.777778,3.276058247,292.5131531
4.411765,73.52941,6.25,2.573529,0.3676471,0.7352941,1.838235,0.3676471,0.3676471,0.3676471,9.191176,0.779020869,778.828,0.961495987,288.2983
0,80,0,0,0,0,0,0,0,0,20,0.746855368,944.4444444,1.262963953,288.2564087
5.714286,64.7619,16.19048,6.666667,0.952381,1.904762,0.952381,0.952381,0.952381,0.952381,0,0.82973851,73.2276,0.091161172,272.7445
4.379562,65.69343,12.40876,5.109489,0.729927,1.459854,0.729927,0.729927,0.729927,0.729927,7.29927,0.835746521,2304.391,2.877128603,295.5809
3.490401,87.26003,1.745201,1.22164,0.1745201,0.3490401,0.8726003,0.1745201,0.1745201,0.1745201,4.363002,0.65573579,375.8025,0.488210136,280.5272
5.714286,64.7619,16.19048,6.666667,0.952381,1.904762,0.952381,0.952381,0.952381,0.952381,0,0.82973851,441.8947,0.550115515,286.6664
4.379562,65.69343,12.40876,5.109489,0.729927,1.459854,0.729927,0.729927,0.729927,0.729927,7.29927,0.835746521,918.2207,1.146436972,291.0057
0.530504,92.8382,1.32626,1.856764,0.265252,0.530504,1.32626,0.265252,0.265252,0.265252,0.530504,0.64017476,1540.605,2.275465672,291.4534
4.379562,65.69343,12.40876,5.109489,0.729927,1.459854,0.729927,0.729927,0.729927,0.729927,7.29927,0.835746521,855.0679,1.067588058,290.5642
1.686341,92.74874,1.686341,1.180438,0.1686341,0.3372681,0.8431703,0.1686341,0.1686341,0.1686341,0.8431703,0.618590173,2335.565,3.289762377,292.905
4.379562,65.69343,12.40876,5.109489,0.729927,1.459854,0.729927,0.729927,0.729927,0.729927,7.29927,0.835746521,490.8531,0.612850638,286.7451
1.686341,92.74874,1.686341,1.180438,0.1686341,0.3372681,0.8431703,0.1686341,0.1686341,0.1686341,0.8431703,0.618590173,442.3445,0.62306478,281.7937
0,82,11.3,4.2,0.1,0.1,0,0.2,0,0,0.5,0.65191039,500,0.757340064,285.5722351
17.69912,35.39823,8.849558,6.19469,0.8849558,1.769912,4.424779,0.8849558,0.8849558,0.8849558,22.12389,1.070778126,2351.052,1.978911347,293.6938
0.7407407,88.88889,1.851852,2.592593,0.3703704,0.7407407,1.851852,0.3703704,0.3703704,0.3703704,1.851852,0.685139183,113.6621,0.165803667,272.4205
17.69912,35.39823,8.849558,6.19469,0.8849558,1.769912,4.424779,0.8849558,0.8849558,0.8849558,22.12389,1.070778126,1539.193,1.295558964,292.0324
2.325581,62.0155,7.751938,5.426357,0.7751938,1.550388,3.875969,0.7751938,0.7751938,0.7751938,13.95349,0.945298948,532.0199,0.693007064,286.7391
0,78,0,2,0,0,0,0,0,0,20,0.766222989,1833.333333,2.454984511,292.2862854
4.520796,86.79928,0.9041591,1.265823,0.1808318,0.3616637,0.9041591,0.1808318,0.1808318,0.1808318,4.520796,0.655660836,1225.515,1.539581143,289.0634
4.379562,65.69343,12.40876,5.109489,0.729927,1.459854,0.729927,0.729927,0.729927,0.729927,7.29927,0.835746521,37.89113,0.047308662,255.5857
1.340483,80.42895,6.702413,1.876676,0.2680965,0.536193,1.340483,0.2680965,0.2680965,0.2680965,6.702413,0.727137989,24.08706,0.033240494,238.4166
0,24.42,3.99,0.75,0.92,0,0,0,0,0,66.85,1.222079631,950,1.036468595,291.22
0,12.38,1.66,0.37,0.48,0,0,0,0,0,83.19,1.364838057,271.07,0.273778253,276.5
0,50.4,0,0,0,0,0,0,0,0,49.6,1.032607249,488.79,0.563522039,280.1
0,84.21,0,0,0,0,0,0,0,0,15.79,0.706212955,2055.555556,2.812779397,292.1916504
0.7407407,88.88889,1.851852,2.592593,0.3703704,0.7407407,1.851852,0.3703704,0.3703704,0.3703704,1.851852,0.685139183,1730.458,2.524291573,292.7197
1.677852,83.89262,5.704698,2.348993,0.3355705,0.6711409,1.677852,0.3355705,0.3355705,0.3355705,2.684564,0.702698121,1683.222,2.354183143,292.9279
0,50,0,0,0,0,0,0,0,0,50,1.036468761,944.4444444,1.086817542,288.2112732
0,54.21,0,0,0,0,0,0,0,0,45.79,0.995826348,2055.555556,2.412647679,292.1621094
17.69912,35.39823,8.849558,6.19469,0.8849558,1.769912,4.424779,0.8849558,0.8849558,0.8849558,22.12389,1.070778126,865.9643,0.728893525,289.3543
0.7407407,88.88889,1.851852,2.592593,0.3703704,0.7407407,1.851852,0.3703704,0.3703704,0.3703704,1.851852,0.685139183,125.2184,0.182661325,273.6108
0,12.38,1.66,0.37,0.48,0,0,0,0,0,83.19,1.364838057,198.05,0.200028712,273.7
1.677852,83.89262,5.704698,2.348993,0.3355705,0.6711409,1.677852,0.3355705,0.3355705,0.3355705,2.684564,0.702698121,34.90093,0.048813039,247.0323
0,60,0,0,0,0,0,0,0,0,40,0.939930963,1833.333333,2.212567382,291.5715027
0,77.78,0,0,0,0,0,0,0,0,22.22,0.768286759,500,0.660703771,283.9076843
0,7.86,1.13,0.86,0,0.33,0,0,0,0,89.62,1.436436873,503.15,0.489745923,282
0.530504,92.8382,1.32626,1.856764,0.265252,0.530504,1.32626,0.265252,0.265252,0.265252,0.530504,0.64017476,40.16027,0.059316513,247.0251
0,54.21,0,0,0,0,0,0,0,0,45.79,0.995826348,570,0.66902068,285.09
4.411765,73.52941,6.25,2.573529,0.3676471,0.7352941,1.838235,0.3676471,0.3676471,0.3676471,9.191176,0.779020869,1357.658,1.676086015,291.6401
0,64,0,0,0,0,0,0,0,0,36,0.901315844,1833.333333,2.256576896,291.6572571
0.6465517,90.51724,4.310345,1.508621,0.2155172,0.4310345,1.077586,0.2155172,0.2155172,0.2155172,0.6465517,0.641855639,740.4283,1.08437671,286.9652
13.44086,64.51613,9.139785,3.763441,0.5376344,1.075269,0.5376344,0.5376344,0.5376344,0.5376344,5.376344,0.768418394,1251.87,1.222054497,292.5849
4.784689,83.73206,4.784689,1.674641,0.2392344,0.4784689,1.196172,0.2392344,0.2392344,0.2392344,2.392344,0.670483235,1304.577,1.642346332,291.0335
4.411765,73.52941,6.25,2.573529,0.3676471,0.7352941,1.838235,0.3676471,0.3676471,0.3676471,9.191176,0.779020869,50.63931,0.062516362,255.5377
0,59,0,0,0,0,0,0,0,0,42,0.96477632,1166.666667,1.383371871,289.1873169
0.7407407,88.88889,1.851852,2.592593,0.3703704,0.7407407,1.851852,0.3703704,0.3703704,0.3703704,1.851852,0.685139183,1921.255,2.80261515,293.2037
3.490401,87.26003,1.745201,1.22164,0.1745201,0.3490401,0.8726003,0.1745201,0.1745201,0.1745201,4.363002,0.65573579,125.971,0.163650638,268.4832
2.325581,62.0155,7.751938,5.426357,0.7751938,1.550388,3.875969,0.7751938,0.7751938,0.7751938,13.95349,0.945298948,2422.87,3.15602109,294.7585
0,50.58,0,0,0,0,0,0,0,0,49.42,1.030869569,1166.666667,1.346169172,289.1873169
13.44086,64.51613,9.139785,3.763441,0.5376344,1.075269,0.5376344,0.5376344,0.5376344,0.5376344,5.376344,0.768418394,87.53002,0.085445337,272.391
2.325581,62.0155,7.751938,5.426357,0.7751938,1.550388,3.875969,0.7751938,0.7751938,0.7751938,13.95349,0.945298948,2217.616,2.888658023,294.3362
5.714286,64.7619,16.19048,6.666667,0.952381,1.904762,0.952381,0.952381,0.952381,0.952381,0,0.82973851,33.76463,0.042033649,255.6627
0,82.16,0,0,0,0,0,0,0,0,17.84,0.726003203,944.4444444,1.277876039,288.0162048
0,60,0,0,0,0,0,0,0,0,40,0.939930963,290.08,0.35008448,275.86
0.530504,92.8382,1.32626,1.856764,0.265252,0.530504,1.32626,0.265252,0.265252,0.265252,0.530504,0.64017476,61.22785,0.09043322,255.5993
0.530504,92.8382,1.32626,1.856764,0.265252,0.530504,1.32626,0.265252,0.265252,0.265252,0.530504,0.64017476,522.1836,0.771262495,284.224
1.677852,83.89262,5.704698,2.348993,0.3355705,0.6711409,1.677852,0.3355705,0.3355705,0.3355705,2.684564,0.702698121,17.64817,0.024683033,234.2028
0.7407407,88.88889,1.851852,2.592593,0.3703704,0.7407407,1.851852,0.3703704,0.3703704,0.3703704,1.851852,0.685139183,397.7304,0.580185995,283.0243
1.677852,83.89262,5.704698,2.348993,0.3355705,0.6711409,1.677852,0.3355705,0.3355705,0.3355705,2.684564,0.702698121,109.3827,0.152984519,271.8592
17.69912,35.39823,8.849558,6.19469,0.8849558,1.769912,4.424779,0.8849558,0.8849558,0.8849558,22.12389,1.070778126,1524.664,1.283329714,291.9973
4.411765,73.52941,6.25,2.573529,0.3676471,0.7352941,1.838235,0.3676471,0.3676471,0.3676471,9.191176,0.779020869,1719.772,2.123131008,292.7492
17.69912,35.39823,8.849558,6.19469,0.8849558,1.769912,4.424779,0.8849558,0.8849558,0.8849558,22.12389,1.070778126,2419.573,2.036586373,293.8156
1.677852,83.89262,5.704698,2.348993,0.3355705,0.6711409,1.677852,0.3355705,0.3355705,0.3355705,2.684564,0.702698121,1801.723,2.519920673,293.2697
2.325581,62.0155,7.751938,5.426357,0.7751938,1.550388,3.875969,0.7751938,0.7751938,0.7751938,13.95349,0.945298948,899.6057,1.171822905,290.1077
0,52,0,0,0,0,0,0,0,0,48,1.017161201,2277.777778,2.645748476,292.6289063
17.69912,35.39823,8.849558,6.19469,0.8849558,1.769912,4.424779,0.8849558,0.8849558,0.8849558,22.12389,1.070778126,2488.199,2.094349778,293.9356
17.69912,35.39823,8.849558,6.19469,0.8849558,1.769912,4.424779,0.8849558,0.8849558,0.8849558,22.12389,1.070778126,1672.85,1.408059816,292.3434
0,92,0,0,0,0,0,0,0,0,8,0.63101001,1388.888889,1.986056296,290.3479919
0,52.55,8.12,4.74,1.31,1.88,0,0,0,0,31.4,0.988463027,1611.111111,2.037424632,292.7947998
4.520796,86.79928,0.9041591,1.265823,0.1808318,0.3616637,0.9041591,0.1808318,0.1808318,0.1808318,4.520796,0.655660836,151.424,0.19022985,272.6467
0,76.31,0,0,0,0,0,0,0,0,23.69,0.782477815,2055.555556,2.695076797,292.3589478
3.490401,87.26003,1.745201,1.22164,0.1745201,0.3490401,0.8726003,0.1745201,0.1745201,0.1745201,4.363002,0.65573579,1179.803,1.532698114,289.0057
0.530504,92.8382,1.32626,1.856764,0.265252,0.530504,1.32626,0.265252,0.265252,0.265252,0.530504,0.64017476,2490.969,3.679148418,293.8872
2.325581,62.0155,7.751938,5.426357,0.7751938,1.550388,3.875969,0.7751938,0.7751938,0.7751938,13.95349,0.945298948,84.90896,0.110602083,272.9892
1.340483,80.42895,6.702413,1.876676,0.2680965,0.536193,1.340483,0.2680965,0.2680965,0.2680965,6.702413,0.727137989,2059.001,2.841451431,293.5125
3.490401,87.26003,1.745201,1.22164,0.1745201,0.3490401,0.8726003,0.1745201,0.1745201,0.1745201,4.363002,0.65573579,1169.931,1.519873265,288.9541
0,50,0,0,0,0,0,0,0,0,50,1.036468761,1034,1.189873418,289.9
0,80,0,0,0,0,0,0,0,0,20,0.746855368,2500,3.343139877,293.2823181
1.686341,92.74874,1.686341,1.180438,0.1686341,0.3372681,0.8431703,0.1686341,0.1686341,0.1686341,0.8431703,0.618590173,58.6024,0.082544468,251.3107
1.340483,80.42895,6.702413,1.876676,0.2680965,0.536193,1.340483,0.2680965,0.2680965,0.2680965,6.702413,0.727137989,1991.115,2.74776776,293.3438
0.7407407,88.88889,1.851852,2.592593,0.3703704,0.7407407,1.851852,0.3703704,0.3703704,0.3703704,1.851852,0.685139183,1791.74,2.613686194,292.8742
0,87.56,0,0,0,0,0,0,0,0,12.44,0.673872793,2500,3.485498097,293.0196533
0.6465517,90.51724,4.310345,1.508621,0.2155172,0.4310345,1.077586,0.2155172,0.2155172,0.2155172,0.6465517,0.641855639,134.3805,0.196803775,272.8376
4.520796,86.79928,0.9041591,1.265823,0.1808318,0.3616637,0.9041591,0.1808318,0.1808318,0.1808318,4.520796,0.655660836,155.1996,0.194973034,273.0661
17.69912,35.39823,8.849558,6.19469,0.8849558,1.769912,4.424779,0.8849558,0.8849558,0.8849558,22.12389,1.070778126,76.52863,0.064415153,272.9404
0,51.62,0,0,0,0,0,0,0,0,48.38,1.020829638,500,0.579740258,283.8873596
1.677852,83.89262,5.704698,2.348993,0.3355705,0.6711409,1.677852,0.3355705,0.3355705,0.3355705,2.684564,0.702698121,2413.919,3.376148493,294.7361
0,94,0,0,0,0,0,0,0,0,6,0.611702451,1833.333333,2.652238489,291.3693237
0,76.31,0,0,0,0,0,0,0,0,23.69,0.782477815,2277.777778,2.986436451,292.842041
0,44.54,0,0,0,0,0,0,0,0,55.46,1.089178398,233.51,0.262059142,275.4
4.411765,73.52941,6.25,2.573529,0.3676471,0.7352941,1.838235,0.3676471,0.3676471,0.3676471,9.191176,0.779020869,1031.892,1.27391416,290.1087
17.69912,35.39823,8.849558,6.19469,0.8849558,1.769912,4.424779,0.8849558,0.8849558,0.8849558,22.12389,1.070778126,51.24978,0.043137613,264.0688
0,56,0,0,0,0,0,0,0,0,44,0.978546082,1166.666667,1.381062866,289.1873169
0,90,0,0,0,0,0,0,0,0,10,0.65031757,722.2222222,1.020953099,285.7575378
4.784689,83.73206,4.784689,1.674641,0.2392344,0.4784689,1.196172,0.2392344,0.2392344,0.2392344,2.392344,0.670483235,2395.057,3.015163597,294.2588
0,78,0,2,0,0,0,0,0,0,20,0.766222989,1050.21,1.406317791,288.62
4.411765,73.52941,6.25,2.573529,0.3676471,0.7352941,1.838235,0.3676471,0.3676471,0.3676471,9.191176,0.779020869,2365.012,2.91970698,294.2818
17.69912,35.39823,8.849558,6.19469,0.8849558,1.769912,4.424779,0.8849558,0.8849558,0.8849558,22.12389,1.070778126,2214.335,1.863834852,293.4442
0.6465517,90.51724,4.310345,1.508621,0.2155172,0.4310345,1.077586,0.2155172,0.2155172,0.2155172,0.6465517,0.641855639,1326.93,1.943323868,290.8756
0,78.4,0,0,0,0,0,0,0,0,21.6,0.762301415,2500,3.314489357,293.2823181
5.714286,64.7619,16.19048,6.666667,0.952381,1.904762,0.952381,0.952381,0.952381,0.952381,0,0.82973851,70.65821,0.087962534,271.9099
0,50.58,0,0,0,0,0,0,0,0,49.42,1.030869569,500,0.576929645,283.8873596
1.686341,92.74874,1.686341,1.180438,0.1686341,0.3372681,0.8431703,0.1686341,0.1686341,0.1686341,0.8431703,0.618590173,30.40052,0.042820682,238.4689
0,91,0,0,0,0,0,0,0,0,9,0.64066379,2055.555556,2.922480033,292.1208191
0.7407407,88.88889,1.851852,2.592593,0.3703704,0.7407407,1.851852,0.3703704,0.3703704,0.3703704,1.851852,0.685139183,2261.299,3.298651577,293.9821
0,50.58,0,0,0,0,0,0,0,0,49.42,1.030869569,1833.333333,2.115408698,291.5715027
0,60,0,0,0,0,0,0,0,0,40,0.939930963,2277.777778,2.748947355,292.6289063
1.340483,80.42895,6.702413,1.876676,0.2680965,0.536193,1.340483,0.2680965,0.2680965,0.2680965,6.702413,0.727137989,1788.355,2.467956001,292.8026
1.686341,92.74874,1.686341,1.180438,0.1686341,0.3372681,0.8431703,0.1686341,0.1686341,0.1686341,0.8431703,0.618590173,24.05909,0.033888455,234.197
0,52,0,0,0,0,0,0,0,0,48,1.017161201,2055.555556,2.387626674,292.1621094
4.784689,83.73206,4.784689,1.674641,0.2392344,0.4784689,1.196172,0.2392344,0.2392344,0.2392344,2.392344,0.670483235,1437.017,1.809076505,291.5753
0,0,0,48,0,0,0,0,0,0,52,1.520599241,155,0.181796857,281.09
1.677852,83.89262,5.704698,2.348993,0.3355705,0.6711409,1.677852,0.3355705,0.3355705,0.3355705,2.684564,0.702698121,1672.252,2.338840313,292.8948
0,77.37,0,0,0,0,0,0,0,0,22.63,0.772244808,2500,3.296303973,293.2647095
0,50.02,0,0,0,0,0,0,0,0,49.98,1.036275685,2277.777778,2.621391929,292.6289063
0,87,0,0,0,0,0,0,0,0,13,0.679278909,1166.666667,1.621451338,289.0480347
4.520796,86.79928,0.9041591,1.265823,0.1808318,0.3616637,0.9041591,0.1808318,0.1808318,0.1808318,4.520796,0.655660836,152.7767,0.191929211,272.858
4.411765,73.52941,6.25,2.573529,0.3676471,0.7352941,1.838235,0.3676471,0.3676471,0.3676471,9.191176,0.779020869,1226.351,1.51398199,291.1026
2.325581,62.0155,7.751938,5.426357,0.7751938,1.550388,3.875969,0.7751938,0.7751938,0.7751938,13.95349,0.945298948,2629.041,3.424578637,295.1583
13.44086,64.51613,9.139785,3.763441,0.5376344,1.075269,0.5376344,0.5376344,0.5376344,0.5376344,5.376344,0.768418394,61.20459,0.059746894,264.1756
1.686341,92.74874,1.686341,1.180438,0.1686341,0.3372681,0.8431703,0.1686341,0.1686341,0.1686341,0.8431703,0.618590173,2267.172,3.19342735,292.7463
0,64,0,0,0,0,0,0,0,0,36,0.901315844,1611.111111,1.983052424,291.1738281
4.379562,65.69343,12.40876,5.109489,0.729927,1.459854,0.729927,0.729927,0.729927,0.729927,7.29927,0.835746521,1761.369,2.19914291,294.2967
0,85,0,0,0,0,0,0,0,0,15,0.698586469,1833.333333,2.519699468,291.5339966
0,7.86,1.13,0.86,0.2,0.33,0,0,0,0,89.62,1.440449575,395,0.384081466,278
0,94.5,0,0,0,0,0,0,0,0,5.5,0.606875561,500,0.725457764,282.9581909
4.379562,65.69343,12.40876,5.109489,0.729927,1.459854,0.729927,0.729927,0.729927,0.729927,7.29927,0.835746521,271.5402,0.339029304,282.2184
0,84.21,0,0,0,0,0,0,0,0,15.79,0.706212955,2277.777778,3.116863656,292.6747437
0.7407407,88.88889,1.851852,2.592593,0.3703704,0.7407407,1.851852,0.3703704,0.3703704,0.3703704,1.851852,0.685139183,13.64192,0.01990004,229.9426
0,59,0,0,0,0,0,0,0,0,42,0.96477632,2500,2.964368293,292.9526672
0.6465517,90.51724,4.310345,1.508621,0.2155172,0.4310345,1.077586,0.2155172,0.2155172,0.2155172,0.6465517,0.641855639,2136.545,3.12902632,293.4955
0,59,0,0,0,0,0,0,0,0,42,0.96477632,2055.555556,2.437369486,292.1621094
4.520796,86.79928,0.9041591,1.265823,0.1808318,0.3616637,0.9041591,0.1808318,0.1808318,0.1808318,4.520796,0.655660836,262.3594,0.329594974,277.4531
3.490401,87.26003,1.745201,1.22164,0.1745201,0.3490401,0.8726003,0.1745201,0.1745201,0.1745201,4.363002,0.65573579,145.0061,0.188379396,271.7946
1.677852,83.89262,5.704698,2.348993,0.3355705,0.6711409,1.677852,0.3355705,0.3355705,0.3355705,2.684564,0.702698121,882.1477,1.233786895,289.1909
17.69912,35.39823,8.849558,6.19469,0.8849558,1.769912,4.424779,0.8849558,0.8849558,0.8849558,22.12389,1.070778126,72.45591,0.060987091,271.7331
0,50.42,0,0,0,0,0,0,0,0,49.58,1.032414173,1166.666667,1.345165874,289.1873169
4.520796,86.79928,0.9041591,1.265823,0.1808318,0.3616637,0.9041591,0.1808318,0.1808318,0.1808318,4.520796,0.655660836,1235.951,1.552691606,289.1136
0.6465517,90.51724,4.310345,1.508621,0.2155172,0.4310345,1.077586,0.2155172,0.2155172,0.2155172,0.6465517,0.641855639,16.66317,0.024403651,229.9424
0,24.42,3.99,0.75,0.92,0,0,0,0,0,66.85,1.222079631,530,0.578240374,282.46
4.784689,83.73206,4.784689,1.674641,0.2392344,0.4784689,1.196172,0.2392344,0.2392344,0.2392344,2.392344,0.670483235,2189.938,2.756937032,293.795
4.784689,83.73206,4.784689,1.674641,0.2392344,0.4784689,1.196172,0.2392344,0.2392344,0.2392344,2.392344,0.670483235,376.4284,0.473889853,281.9897
0,94,0,0,0,0,0,0,0,0,6,0.611702451,2055.555556,2.973721943,292.0300598
0,78,0,2,0,0,0,0,0,0,20,0.766222989,240.76,0.322397493,277.18
0,52.55,8.12,4.74,1.31,1.88,0,0,0,0,31.4,0.988463027,2055.555556,2.599472808,293.848114
0.7407407,88.88889,1.851852,2.592593,0.3703704,0.7407407,1.851852,0.3703704,0.3703704,0.3703704,1.851852,0.685139183,1801.722,2.628247355,292.8985
0,87.56,0,0,0,0,0,0,0,0,12.44,0.673872793,1388.888889,1.936387832,290.3410645
2.325581,62.0155,7.751938,5.426357,0.7751938,1.550388,3.875969,0.7751938,0.7751938,0.7751938,13.95349,0.945298948,19.82313,0.025821532,242.6642
0.6465517,90.51724,4.310345,1.508621,0.2155172,0.4310345,1.077586,0.2155172,0.2155172,0.2155172,0.6465517,0.641855639,133.6072,0.195671257,272.6982
3.490401,87.26003,1.745201,1.22164,0.1745201,0.3490401,0.8726003,0.1745201,0.1745201,0.1745201,4.363002,0.65573579,1109.745,1.441684814,288.6251
0,77.78,0,0,0,0,0,0,0,0,22.22,0.768286759,1611.111111,2.128934373,291.217865
4.520796,86.79928,0.9041591,1.265823,0.1808318,0.3616637,0.9041591,0.1808318,0.1808318,0.1808318,4.520796,0.655660836,1822.451,2.289495595,291.2463
1.686341,92.74874,1.686341,1.180438,0.1686341,0.3372681,0.8431703,0.1686341,0.1686341,0.1686341,0.8431703,0.618590173,1127.42,1.588028549,288.7611
0,50,0,0,0,0,0,0,0,0,50,1.036468761,486.01,0.559275029,279.7
1.677852,83.89262,5.704698,2.348993,0.3355705,0.6711409,1.677852,0.3355705,0.3355705,0.3355705,2.684564,0.702698121,115.2051,0.161127828,273.0572
4.411765,73.52941,6.25,2.573529,0.3676471,0.7352941,1.838235,0.3676471,0.3676471,0.3676471,9.191176,0.779020869,110.7352,0.136707271,273.0238
1.677852,83.89262,5.704698,2.348993,0.3355705,0.6711409,1.677852,0.3355705,0.3355705,0.3355705,2.684564,0.702698121,194.7764,0.272417612,277.3481
0,54.21,0,0,0,0,0,0,0,0,45.79,0.995826348,774,0.908459661,290.29
0.6465517,90.51724,4.310345,1.508621,0.2155172,0.4310345,1.077586,0.2155172,0.2155172,0.2155172,0.6465517,0.641855639,802.491,1.175269166,287.5558
17.69912,35.39823,8.849558,6.19469,0.8849558,1.769912,4.424779,0.8849558,0.8849558,0.8849558,22.12389,1.070778126,1525.217,1.283795181,291.9986
0,44.1,0,0,0,0,0,0,0,0,55.9,1.093426061,223.36,0.250169124,275.1
2.325581,62.0155,7.751938,5.426357,0.7751938,1.550388,3.875969,0.7751938,0.7751938,0.7751938,13.95349,0.945298948,24.84981,0.032369266,246.9456
4.520796,86.79928,0.9041591,1.265823,0.1808318,0.3616637,0.9041591,0.1808318,0.1808318,0.1808318,4.520796,0.655660836,14.25528,0.01790852,225.6265
0.530504,92.8382,1.32626,1.856764,0.265252,0.530504,1.32626,0.265252,0.265252,0.265252,0.530504,0.64017476,1536.189,2.268943262,291.4387
0,50,0,0,0,0,0,0,0,0,50,1.036468761,189,0.217491369,273.9
0.6465517,90.51724,4.310345,1.508621,0.2155172,0.4310345,1.077586,0.2155172,0.2155172,0.2155172,0.6465517,0.641855639,1331.134,1.949480737,290.8944
4.379562,65.69343,12.40876,5.109489,0.729927,1.459854,0.729927,0.729927,0.729927,0.729927,7.29927,0.835746521,1751.411,2.186709931,294.2743
0,84.21,0,0,0,0,0,0,0,0,15.79,0.706212955,377.1,0.516015783,276
0,86,0,0,0,0,0,0,0,0,14,0.688932689,1388.888889,1.919521379,290.4219055
1.340483,80.42895,6.702413,1.876676,0.2680965,0.536193,1.340483,0.2680965,0.2680965,0.2680965,6.702413,0.727137989,1470.544,2.029372183,291.7885
4.411765,73.52941,6.25,2.573529,0.3676471,0.7352941,1.838235,0.3676471,0.3676471,0.3676471,9.191176,0.779020869,61.87369,0.076385678,259.8325
1.677852,83.89262,5.704698,2.348993,0.3355705,0.6711409,1.677852,0.3355705,0.3355705,0.3355705,2.684564,0.702698121,1734.432,2.425806327,293.079
0,94,0,0,0,0,0,0,0,0,6,0.611702451,1166.666667,1.68778813,288.9642029
1.340483,80.42895,6.702413,1.876676,0.2680965,0.536193,1.340483,0.2680965,0.2680965,0.2680965,6.702413,0.727137989,1520.489,2.098297012,291.9655
5.714286,64.7619,16.19048,6.666667,0.952381,1.904762,0.952381,0.952381,0.952381,0.952381,0,0.82973851,73.88584,0.091980617,272.9543
0,87.56,0,0,0,0,0,0,0,0,12.44,0.673872793,1068,1.489004787,294.24
0,50,0,0,0,0,0,0,0,0,50,1.036468761,840,0.966628308,285.8
0,77.78,0,0,0,0,0,0,0,0,22.22,0.768286759,398.86,0.527056612,280.6
0,78.14,0,0,0,0,0,0,0,0,21.86,0.764811398,1166.666667,1.544610651,289.328949
4.520796,86.79928,0.9041591,1.265823,0.1808318,0.3616637,0.9041591,0.1808318,0.1808318,0.1808318,4.520796,0.655660836,1233.2,1.5492356,289.1004
0.7407407,88.88889,1.851852,2.592593,0.3703704,0.7407407,1.851852,0.3703704,0.3703704,0.3703704,1.851852,0.685139183,1819.646,2.654393845,292.9456
4.411765,73.52941,6.25,2.573529,0.3676471,0.7352941,1.838235,0.3676471,0.3676471,0.3676471,9.191176,0.779020869,1700.242,2.0990204,292.6954
4.379562,65.69343,12.40876,5.109489,0.729927,1.459854,0.729927,0.729927,0.729927,0.729927,7.29927,0.835746521,175.0789,0.218593334,278.7666
17.69912,35.39823,8.849558,6.19469,0.8849558,1.769912,4.424779,0.8849558,0.8849558,0.8849558,22.12389,1.070778126,929.2071,0.78212582,289.7253
1.686341,92.74874,1.686341,1.180438,0.1686341,0.3372681,0.8431703,0.1686341,0.1686341,0.1686341,0.8431703,0.618590173,141.262,0.198974729,270.7395
13.44086,64.51613,9.139785,3.763441,0.5376344,1.075269,0.5376344,0.5376344,0.5376344,0.5376344,5.376344,0.768418394,559.4091,0.546085781,287.3827
0,82,11.3,4.2,0.1,0.1,0,0.2,0,0,0.5,0.65191039,1833.333333,2.776913568,293.8306885
17.69912,35.39823,8.849558,6.19469,0.8849558,1.769912,4.424779,0.8849558,0.8849558,0.8849558,22.12389,1.070778126,17.45304,0.014690453,242.6086
0,50,0,0,0,0,0,0,0,0,50,1.036468761,1833.333333,2.109704641,291.5715027
0,50.4,0,0,0,0,0,0,0,0,49.6,1.032607249,722.2222222,0.83264416,286.2098694
5.714286,64.7619,16.19048,6.666667,0.952381,1.904762,0.952381,0.952381,0.952381,0.952381,0,0.82973851,1806.876,2.249383218,295.2417
4.784689,83.73206,4.784689,1.674641,0.2392344,0.4784689,1.196172,0.2392344,0.2392344,0.2392344,2.392344,0.670483235,1715.948,2.160225808,292.5341
0,50,0,0,0,0,0,0,0,0,50,1.036468761,647,0.744533947,281.7
1.677852,83.89262,5.704698,2.348993,0.3355705,0.6711409,1.677852,0.3355705,0.3355705,0.3355705,2.684564,0.702698121,1869.184,2.614272784,293.453
4.784689,83.73206,4.784689,1.674641,0.2392344,0.4784689,1.196172,0.2392344,0.2392344,0.2392344,2.392344,0.670483235,1444.738,1.818796557,291.6047
0.530504,92.8382,1.32626,1.856764,0.265252,0.530504,1.32626,0.265252,0.265252,0.265252,0.530504,0.64017476,888.9956,1.313041935,288.1447
0,87.56,0,0,0,0,0,0,0,0,12.44,0.673872793,1166.666667,1.626565779,289.0480347
0,51.62,0,0,0,0,0,0,0,0,48.38,1.020829638,944.4444444,1.095064931,288.2112732
5.714286,64.7619,16.19048,6.666667,0.952381,1.904762,0.952381,0.952381,0.952381,0.952381,0,0.82973851,1184.981,1.475185001,293.2231
0,50.42,0,0,0,0,0,0,0,0,49.58,1.032414173,2055.555556,2.370054159,292.1621094
4.411765,73.52941,6.25,2.573529,0.3676471,0.7352941,1.838235,0.3676471,0.3676471,0.3676471,9.191176,0.779020869,2228.25,2.750868528,293.9886
4.784689,83.73206,4.784689,1.674641,0.2392344,0.4784689,1.196172,0.2392344,0.2392344,0.2392344,2.392344,0.670483235,1239.076,1.559886403,290.7321
2.325581,62.0155,7.751938,5.426357,0.7751938,1.550388,3.875969,0.7751938,0.7751938,0.7751938,13.95349,0.945298948,76.77818,0.10001096,270.6701
0,78.4,0,0,0,0,0,0,0,0,21.6,0.762301415,722.2222222,0.957519147,286.2550049
4.411765,73.52941,6.25,2.573529,0.3676471,0.7352941,1.838235,0.3676471,0.3676471,0.3676471,9.191176,0.779020869,1956.195,2.415005165,293.3611
0,82,11.3,4.2,0.1,0.1,0,0.2,0,0,0.5,0.65191039,847.16,1.283176418,291.29
0,50.42,0,0,0,0,0,0,0,0,49.58,1.032414173,1611.111111,1.857610016,291.0880737
4.520796,86.79928,0.9041591,1.265823,0.1808318,0.3616637,0.9041591,0.1808318,0.1808318,0.1808318,4.520796,0.655660836,1687.941,2.120514343,290.8475
1.677852,83.89262,5.704698,2.348993,0.3355705,0.6711409,1.677852,0.3355705,0.3355705,0.3355705,2.684564,0.702698121,115.2051,0.161127828,273.0572
3.490401,87.26003,1.745201,1.22164,0.1745201,0.3490401,0.8726003,0.1745201,0.1745201,0.1745201,4.363002,0.65573579,547.1817,0.710851184,283.555
1.686341,92.74874,1.686341,1.180438,0.1686341,0.3372681,0.8431703,0.1686341,0.1686341,0.1686341,0.8431703,0.618590173,154.6269,0.217799872,272.8932
13.44086,64.51613,9.139785,3.763441,0.5376344,1.075269,0.5376344,0.5376344,0.5376344,0.5376344,5.376344,0.768418394,90.05198,0.087907233,273.0459
0.6465517,90.51724,4.310345,1.508621,0.2155172,0.4310345,1.077586,0.2155172,0.2155172,0.2155172,0.6465517,0.641855639,2341.395,3.42903453,293.9784
1.677852,83.89262,5.704698,2.348993,0.3355705,0.6711409,1.677852,0.3355705,0.3355705,0.3355705,2.684564,0.702698121,22.32673,0.031226547,238.4748
4.520796,86.79928,0.9041591,1.265823,0.1808318,0.3616637,0.9041591,0.1808318,0.1808318,0.1808318,4.520796,0.655660836,2093.401,2.629882707,291.9557
13.44086,64.51613,9.139785,3.763441,0.5376344,1.075269,0.5376344,0.5376344,0.5376344,0.5376344,5.376344,0.768418394,1747.056,1.705446765,294.1504
0.6465517,90.51724,4.310345,1.508621,0.2155172,0.4310345,1.077586,0.2155172,0.2155172,0.2155172,0.6465517,0.641855639,2204.711,3.228857219,293.6609
1.340483,80.42895,6.702413,1.876676,0.2680965,0.536193,1.340483,0.2680965,0.2680965,0.2680965,6.702413,0.727137989,1478.264,2.040025895,291.8158
4.379562,65.69343,12.40876,5.109489,0.729927,1.459854,0.729927,0.729927,0.729927,0.729927,7.29927,0.835746521,1759.228,2.196469782,294.2918
1.686341,92.74874,1.686341,1.180438,0.1686341,0.3372681,0.8431703,0.1686341,0.1686341,0.1686341,0.8431703,0.618590173,1724.77,2.429426479,291.2782
0.6465517,90.51724,4.310345,1.508621,0.2155172,0.4310345,1.077586,0.2155172,0.2155172,0.2155172,0.6465517,0.641855639,1865.228,2.731675441,292.7784
5.714286,64.7619,16.19048,6.666667,0.952381,1.904762,0.952381,0.952381,0.952381,0.952381,0,0.82973851,181.7065,0.226206752,279.8395
4.784689,83.73206,4.784689,1.674641,0.2392344,0.4784689,1.196172,0.2392344,0.2392344,0.2392344,2.392344,0.670483235,87.75792,0.110479411,264.1773
0,78.14,0,0,0,0,0,0,0,0,21.86,0.764811398,2277.777778,3.015668413,292.8596497
13.44086,64.51613,9.139785,3.763441,0.5376344,1.075269,0.5376344,0.5376344,0.5376344,0.5376344,5.376344,0.768418394,1724.838,1.683757926,294.0964
0,50.02,0,0,0,0,0,0,0,0,49.98,1.036275685,1833.333333,2.10990082,291.5715027
0,10.04,0,0,0,0,0,0,0,0,89.96,1.4222338,494,0.4794076,280.92
0,87,0,0,0,0,0,0,0,0,13,0.679278909,2500,3.474538581,293.0196533
0,50.42,0,0,0,0,0,0,0,0,49.58,1.032414173,722.2222222,0.832721731,286.2098694
4.520796,86.79928,0.9041591,1.265823,0.1808318,0.3616637,0.9041591,0.1808318,0.1808318,0.1808318,4.520796,0.655660836,1034.377,1.299459676,288.0149
0,52.55,4.74,3.11,1.31,1.88,0,4.01,0,0,31.4,1.02843914,2277.777778,2.933817325,294.2619019
0,94,0,0,0,0,0,0,0,0,6,0.611702451,500,0.72333777,282.9581909
0,54.21,0,0,0,0,0,0,0,0,45.79,0.995826348,944.4444444,1.108513798,288.2112732
13.44086,64.51613,9.139785,3.763441,0.5376344,1.075269,0.5376344,0.5376344,0.5376344,0.5376344,5.376344,0.768418394,280.2798,0.27360444,282.036
0,20,0,0,0,0,0,0,0,0,80,1.326082154,493.13,0.498010503,278.3
0.6465517,90.51724,4.310345,1.508621,0.2155172,0.4310345,1.077586,0.2155172,0.2155172,0.2155172,0.6465517,0.641855639,1252.648,1.834535927,290.5323
0,54.21,0,0,0,0,0,0,0,0,45.79,0.995826348,1833.333333,2.151820902,291.5715027
2.325581,62.0155,7.751938,5.426357,0.7751938,1.550388,3.875969,0.7751938,0.7751938,0.7751938,13.95349,0.945298948,1858.796,2.421260479,293.5254
2.325581,62.0155,7.751938,5.426357,0.7751938,1.550388,3.875969,0.7751938,0.7751938,0.7751938,13.95349,0.945298948,836.6125,1.089768206,289.678
4.520796,86.79928,0.9041591,1.265823,0.1808318,0.3616637,0.9041591,0.1808318,0.1808318,0.1808318,4.520796,0.655660836,423.404,0.531910923,281.4003
1.340483,80.42895,6.702413,1.876676,0.2680965,0.536193,1.340483,0.2680965,0.2680965,0.2680965,6.702413,0.727137989,1473.857,2.033944171,291.8001
0,87.56,0,0,0,0,0,0,0,0,12.44,0.673872793,882,1.229683729,289.18
4.784689,83.73206,4.784689,1.674641,0.2392344,0.4784689,1.196172,0.2392344,0.2392344,0.2392344,2.392344,0.670483235,1515.385,1.907734842,291.8683
0,50.4,0,0,0,0,0,0,0,0,49.6,1.032607249,944.4444444,1.088842363,288.2112732
0,51.62,0,0,0,0,0,0,0,0,48.38,1.020829638,1611.111111,1.868051942,291.0880737
1.340483,80.42895,6.702413,1.876676,0.2680965,0.536193,1.340483,0.2680965,0.2680965,0.2680965,6.702413,0.727137989,2331.822,3.217948393,294.1429
0,82,11.3,4.2,0.1,0.1,0,0.2,0,0,0.5,0.65191039,221.91,0.336122667,281.08
0,92,0,0,0,0,0,0,0,0,8,0.63101001,1611.111111,2.303825303,290.9766541
0.6465517,90.51724,4.310345,1.508621,0.2155172,0.4310345,1.077586,0.2155172,0.2155172,0.2155172,0.6465517,0.641855639,51.41378,0.075296832,251.3243
2.325581,62.0155,7.751938,5.426357,0.7751938,1.550388,3.875969,0.7751938,0.7751938,0.7751938,13.95349,0.945298948,774.2026,1.008473312,289.205
0,92,0,0,0,0,0,0,0,0,8,0.63101001,2055.555556,2.939363319,292.1208191
0,74.3,0,0,0,0,0,0,0,0,25.7,0.801881912,1833.333333,2.378394834,291.7012939
17.69912,35.39823,8.849558,6.19469,0.8849558,1.769912,4.424779,0.8849558,0.8849558,0.8849558,22.12389,1.070778126,75.85569,0.063848731,272.7776
0,90,0,0,0,0,0,0,0,0,10,0.65031757,2500,3.53406842,293.0265808
1.686341,92.74874,1.686341,1.180438,0.1686341,0.3372681,0.8431703,0.1686341,0.1686341,0.1686341,0.8431703,0.618590173,2198.897,3.097258531,292.5832
4.411765,73.52941,6.25,2.573529,0.3676471,0.7352941,1.838235,0.3676471,0.3676471,0.3676471,9.191176,0.779020869,595.6957,0.735411445,286.3994
0.530504,92.8382,1.32626,1.856764,0.265252,0.530504,1.32626,0.265252,0.265252,0.265252,0.530504,0.64017476,2697.33,3.983942555,294.2997
2.325581,62.0155,7.751938,5.426357,0.7751938,1.550388,3.875969,0.7751938,0.7751938,0.7751938,13.95349,0.945298948,46.93916,0.061142768,259.8177
0,86,0,0,0,0,0,0,0,0,14,0.688932689,2055.555556,2.840891641,292.1916504
0.7407407,88.88889,1.851852,2.592593,0.3703704,0.7407407,1.851852,0.3703704,0.3703704,0.3703704,1.851852,0.685139183,119.0972,0.173732075,273.2065
0,52.55,8.12,4.74,1.31,1.88,0,0,0,0,31.4,0.988463027,500,0.632304196,286.0358276
1.677852,83.89262,5.704698,2.348993,0.3355705,0.6711409,1.677852,0.3355705,0.3355705,0.3355705,2.684564,0.702698121,757.0725,1.058854576,288.1291
4.784689,83.73206,4.784689,1.674641,0.2392344,0.4784689,1.196172,0.2392344,0.2392344,0.2392344,2.392344,0.670483235,1423.819,1.792461398,291.525
0,86,0,0,0,0,0,0,0,0,14,0.688932689,1166.666667,1.612397959,289.144043
17.69912,35.39823,8.849558,6.19469,0.8849558,1.769912,4.424779,0.8849558,0.8849558,0.8849558,22.12389,1.070778126,2282.637,1.921325543,293.57
1.677852,83.89262,5.704698,2.348993,0.3355705,0.6711409,1.677852,0.3355705,0.3355705,0.3355705,2.684564,0.702698121,1009.388,1.41174736,290.0779
4.784689,83.73206,4.784689,1.674641,0.2392344,0.4784689,1.196172,0.2392344,0.2392344,0.2392344,2.392344,0.670483235,1442.527,1.816013105,291.5961
1.340483,80.42895,6.702413,1.876676,0.2680965,0.536193,1.340483,0.2680965,0.2680965,0.2680965,6.702413,0.727137989,1337.928,1.846360167,291.2856
0.530504,92.8382,1.32626,1.856764,0.265252,0.530504,1.32626,0.265252,0.265252,0.265252,0.530504,0.64017476,2012.91,2.973057731,292.8153
13.44086,64.51613,9.139785,3.763441,0.5376344,1.075269,0.5376344,0.5376344,0.5376344,0.5376344,5.376344,0.768418394,182.8254,0.178471089,278.6131
2.325581,62.0155,7.751938,5.426357,0.7751938,1.550388,3.875969,0.7751938,0.7751938,0.7751938,13.95349,0.945298948,1361.313,1.773241048,292.2725
0.6465517,90.51724,4.310345,1.508621,0.2155172,0.4310345,1.077586,0.2155172,0.2155172,0.2155172,0.6465517,0.641855639,12.97504,0.019002287,225.6796
1.686341,92.74874,1.686341,1.180438,0.1686341,0.3372681,0.8431703,0.1686341,0.1686341,0.1686341,0.8431703,0.618590173,864.7653,1.218066014,286.9663
0,82,11.3,4.2,0.1,0.1,0,0.2,0,0,0.5,0.65191039,2055.555556,3.113509153,294.456604
1.677852,83.89262,5.704698,2.348993,0.3355705,0.6711409,1.677852,0.3355705,0.3355705,0.3355705,2.684564,0.702698121,1662.289,2.32490589,292.8665
2.325581,62.0155,7.751938,5.426357,0.7751938,1.550388,3.875969,0.7751938,0.7751938,0.7751938,13.95349,0.945298948,88.68168,0.115516413,273.3122
4.784689,83.73206,4.784689,1.674641,0.2392344,0.4784689,1.196172,0.2392344,0.2392344,0.2392344,2.392344,0.670483235,127.2886,0.160245018,272.8809
0,0,0,86,0,0,0,0,0,0,14,1.521740421,49,0.072090628,275.98
1.686341,92.74874,1.686341,1.180438,0.1686341,0.3372681,0.8431703,0.1686341,0.1686341,0.1686341,0.8431703,0.618590173,386.2936,0.54411423,280.6785
1.340483,80.42895,6.702413,1.876676,0.2680965,0.536193,1.340483,0.2680965,0.2680965,0.2680965,6.702413,0.727137989,885.4465,1.221929093,288.7432
0,91,0,0,0,0,0,0,0,0,9,0.64066379,1166.666667,1.658704884,289.0549622
4.379562,65.69343,12.40876,5.109489,0.729927,1.459854,0.729927,0.729927,0.729927,0.729927,7.29927,0.835746521,56.47459,0.070510889,264.1758
0.530504,92.8382,1.32626,1.856764,0.265252,0.530504,1.32626,0.265252,0.265252,0.265252,0.530504,0.64017476,133.7984,0.19761955,273.0411
0.530504,92.8382,1.32626,1.856764,0.265252,0.530504,1.32626,0.265252,0.265252,0.265252,0.530504,0.64017476,131.8016,0.194670286,272.6837
1.340483,80.42895,6.702413,1.876676,0.2680965,0.536193,1.340483,0.2680965,0.2680965,0.2680965,6.702413,0.727137989,1721.099,2.37514174,292.6078
0,52.26,0,0,0,0,0,0,0,0,47.74,1.014651219,2055.555556,2.390543352,292.1621094
4.411765,73.52941,6.25,2.573529,0.3676471,0.7352941,1.838235,0.3676471,0.3676471,0.3676471,9.191176,0.779020869,2296.575,2.83521862,294.1367
13.44086,64.51613,9.139785,3.763441,0.5376344,1.075269,0.5376344,0.5376344,0.5376344,0.5376344,5.376344,0.768418394,2187.717,2.135612643,295.2191
0,77.37,0,0,0,0,0,0,0,0,22.63,0.772244808,326.33,0.43027315,279.1
0,20,0,0,0,0,0,0,0,0,80,1.326082154,290.08,0.292950919,273.56
0,60,0,0,0,0,0,0,0,0,40,0.939930963,377.1,0.455104996,277.96
0,50.58,0,0,0,0,0,0,0,0,49.42,1.030869569,1388.888889,1.602582347,290.4651794
1.686341,92.74874,1.686341,1.180438,0.1686341,0.3372681,0.8431703,0.1686341,0.1686341,0.1686341,0.8431703,0.618590173,1108.85,1.561871758,288.6543
3.490401,87.26003,1.745201,1.22164,0.1745201,0.3490401,0.8726003,0.1745201,0.1745201,0.1745201,4.363002,0.65573579,1185.808,1.540499291,289.0369
0,0,0,21,0,0,0,0,0,0,79,1.519788402,52,0.053308729,273.98
0,84.21,0,0,0,0,0,0,0,0,15.79,0.706212955,1388.888889,1.900526619,290.4219055
5.714286,64.7619,16.19048,6.666667,0.952381,1.904762,0.952381,0.952381,0.952381,0.952381,0,0.82973851,2040.269,2.539934588,295.8364
0.7407407,88.88889,1.851852,2.592593,0.3703704,0.7407407,1.851852,0.3703704,0.3703704,0.3703704,1.851852,0.685139183,2880.152,4.201398372,295.1992
1.677852,83.89262,5.704698,2.348993,0.3355705,0.6711409,1.677852,0.3355705,0.3355705,0.3355705,2.684564,0.702698121,2072.489,2.898618642,293.9669
1.677852,83.89262,5.704698,2.348993,0.3355705,0.6711409,1.677852,0.3355705,0.3355705,0.3355705,2.684564,0.702698121,1672.252,2.338840313,292.8948
0,54.21,0,0,0,0,0,0,0,0,45.79,0.995826348,1166.666667,1.369340574,289.1873169
2.325581,62.0155,7.751938,5.426357,0.7751938,1.550388,3.875969,0.7751938,0.7751938,0.7751938,13.95349,0.945298948,1775.835,2.313195802,293.3628
4.379562,65.69343,12.40876,5.109489,0.729927,1.459854,0.729927,0.729927,0.729927,0.729927,7.29927,0.835746521,30.74361,0.038384684,251.297
1.677852,83.89262,5.704698,2.348993,0.3355705,0.6711409,1.677852,0.3355705,0.3355705,0.3355705,2.684564,0.702698121,149.991,0.209779984,275.1999
1.686341,92.74874,1.686341,1.180438,0.1686341,0.3372681,0.8431703,0.1686341,0.1686341,0.1686341,0.8431703,0.618590173,18.88185,0.026596048,229.9296
0,50,0,0,0,0,0,0,0,0,50,1.036468761,261,0.300345224,273.5
0,52.55,4.74,3.11,1.31,1.88,0,4.01,0,0,31.4,1.02843914,500,0.644008681,285.6845398
0,51.62,0,0,0,0,0,0,0,0,48.38,1.020829638,1833.333333,2.125714278,291.5715027
0,20,0,0,0,0,0,0,0,0,80,1.326082154,435.11,0.43941628,277.1
0,78.14,0,0,0,0,0,0,0,0,21.86,0.764811398,2500,3.309879965,293.2823181
3.490401,87.26003,1.745201,1.22164,0.1745201,0.3490401,0.8726003,0.1745201,0.1745201,0.1745201,4.363002,0.65573579,1176.508,1.528417535,288.9885
13.44086,64.51613,9.139785,3.763441,0.5376344,1.075269,0.5376344,0.5376344,0.5376344,0.5376344,5.376344,0.768418394,1596.872,1.558839663,293.7669
0,50.02,0,0,0,0,0,0,0,0,49.98,1.036275685,1388.888889,1.598409713,290.4651794
0.6465517,90.51724,4.310345,1.508621,0.2155172,0.4310345,1.077586,0.2155172,0.2155172,0.2155172,0.6465517,0.641855639,618.4875,0.905791203,285.5999
0,10.04,0,0,0,0,0,0,0,0,89.96,1.4222338,662,0.642445002,282.95
13.44086,64.51613,9.139785,3.763441,0.5376344,1.075269,0.5376344,0.5376344,0.5376344,0.5376344,5.376344,0.768418394,74.14817,0.0723822,268.5235
0,54.21,0,0,0,0,0,0,0,0,45.79,0.995826348,500,0.586860246,283.8873596
2.325581,62.0155,7.751938,5.426357,0.7751938,1.550388,3.875969,0.7751938,0.7751938,0.7751938,13.95349,0.945298948,712.4466,0.928030185,288.6826
1.340483,80.42895,6.702413,1.876676,0.2680965,0.536193,1.340483,0.2680965,0.2680965,0.2680965,6.702413,0.727137989,14.98093,0.020673902,229.8763
4.379562,65.69343,12.40876,5.109489,0.729927,1.459854,0.729927,0.729927,0.729927,0.729927,7.29927,0.835746521,1175.441,1.467587281,292.4224
1.686341,92.74874,1.686341,1.180438,0.1686341,0.3372681,0.8431703,0.1686341,0.1686341,0.1686341,0.8431703,0.618590173,740.0279,1.042367026,285.8332
0,87,0,0,0,0,0,0,0,0,13,0.679278909,227.99,0.31686402,280.93
13.44086,64.51613,9.139785,3.763441,0.5376344,1.075269,0.5376344,0.5376344,0.5376344,0.5376344,5.376344,0.768418394,1706.889,1.666236414,294.0529
4.784689,83.73206,4.784689,1.674641,0.2392344,0.4784689,1.196172,0.2392344,0.2392344,0.2392344,2.392344,0.670483235,1985.914,2.500088975,293.2921
0,7.86,1.13,0.86,0,0.33,0,0,0,0,89.62,1.436436873,194.05,0.188880446,273.7
0.6465517,90.51724,4.310345,1.508621,0.2155172,0.4310345,1.077586,0.2155172,0.2155172,0.2155172,0.6465517,0.641855639,2478.415,3.629703922,294.2807
3.490401,87.26003,1.745201,1.22164,0.1745201,0.3490401,0.8726003,0.1745201,0.1745201,0.1745201,4.363002,0.65573579,1776.303,2.307619372,291.3253
0,20,0,0,0,0,0,0,0,0,80,1.326082154,377.1,0.380832155,276
0,94.5,0,0,0,0,0,0,0,0,5.5,0.606875561,618.99,0.898102202,284.82
4.784689,83.73206,4.784689,1.674641,0.2392344,0.4784689,1.196172,0.2392344,0.2392344,0.2392344,2.392344,0.670483235,728.9937,0.917738186,287.1792
0,12.38,1.66,0.37,0,0.48,0,0,0,0,83.19,1.364838057,509.13,0.514162863,282
13.44086,64.51613,9.139785,3.763441,0.5376344,1.075269,0.5376344,0.5376344,0.5376344,0.5376344,5.376344,0.768418394,332.772,0.324846445,283.3998
1.340483,80.42895,6.702413,1.876676,0.2680965,0.536193,1.340483,0.2680965,0.2680965,0.2680965,6.702413,0.727137989,152.2374,0.210089834,274.7885
2.325581,62.0155,7.751938,5.426357,0.7751938,1.550388,3.875969,0.7751938,0.7751938,0.7751938,13.95349,0.945298948,1156.327,1.506227077,291.4826
0,74.3,0,0,0,0,0,0,0,0,25.7,0.801881912,1166.666667,1.513523986,289.3113403
0,50,0,0,0,0,0,0,0,0,50,1.036468761,348.09,0.400563867,276.8
0,54.21,0,0,0,0,0,0,0,0,45.79,0.995826348,722.2222222,0.847687022,286.2098694
4.520796,86.79928,0.9041591,1.265823,0.1808318,0.3616637,0.9041591,0.1808318,0.1808318,0.1808318,4.520796,0.655660836,1235.401,1.552000656,289.1109
0,80,0,0,0,0,0,0,0,0,20,0.746855368,500,0.668627975,283.9076843
3.490401,87.26003,1.745201,1.22164,0.1745201,0.3490401,0.8726003,0.1745201,0.1745201,0.1745201,4.363002,0.65573579,728.2924,0.946134556,285.7328
0.530504,92.8382,1.32626,1.856764,0.265252,0.530504,1.32626,0.265252,0.265252,0.265252,0.530504,0.64017476,1016.34,1.50112896,289.0336
0,10.04,0,0,0,0,0,0,0,0,89.96,1.4222338,997,0.967549346,287.02
4.520796,86.79928,0.9041591,1.265823,0.1808318,0.3616637,0.9041591,0.1808318,0.1808318,0.1808318,4.520796,0.655660836,2025.446,2.54451269,291.7873
0.7407407,88.88889,1.851852,2.592593,0.3703704,0.7407407,1.851852,0.3703704,0.3703704,0.3703704,1.851852,0.685139183,1528.628,2.229873698,292.136
3.490401,87.26003,1.745201,1.22164,0.1745201,0.3490401,0.8726003,0.1745201,0.1745201,0.1745201,4.363002,0.65573579,104.2089,0.135379198,264.1354
1.677852,83.89262,5.704698,2.348993,0.3355705,0.6711409,1.677852,0.3355705,0.3355705,0.3355705,2.684564,0.702698121,1668.929,2.334192708,292.8854
0,78,0,2,0,0,0,0,0,0,20,0.766222989,492.68,0.659739147,283.21
0.530504,92.8382,1.32626,1.856764,0.265252,0.530504,1.32626,0.265252,0.265252,0.265252,0.530504,0.64017476,702.152,1.037074897,286.4724
4.379562,65.69343,12.40876,5.109489,0.729927,1.459854,0.729927,0.729927,0.729927,0.729927,7.29927,0.835746521,1724.071,2.152574797,294.212
5.714286,64.7619,16.19048,6.666667,0.952381,1.904762,0.952381,0.952381,0.952381,0.952381,0,0.82973851,557.958,0.694602929,288.3711
0,90,0,0,0,0,0,0,0,0,10,0.65031757,1166.666667,1.64923193,289.0549622
4.379562,65.69343,12.40876,5.109489,0.729927,1.459854,0.729927,0.729927,0.729927,0.729927,7.29927,0.835746521,19.81831,0.024743989,242.7333
17.69912,35.39823,8.849558,6.19469,0.8849558,1.769912,4.424779,0.8849558,0.8849558,0.8849558,22.12389,1.070778126,139.1197,0.117098879,277.2089
17.69912,35.39823,8.849558,6.19469,0.8849558,1.769912,4.424779,0.8849558,0.8849558,0.8849558,22.12389,1.070778126,679.8285,0.572220577,288.0015
0,52.26,0,0,0,0,0,0,0,0,47.74,1.014651219,1166.666667,1.356794876,289.1873169
0,82.16,0,0,0,0,0,0,0,0,17.84,0.726003203,2500,3.382613044,293.1667786
0,52.55,8.12,4.74,1.31,1.88,0,0,0,0,31.4,0.988463027,724,0.915576476,286.96
13.44086,64.51613,9.139785,3.763441,0.5376344,1.075269,0.5376344,0.5376344,0.5376344,0.5376344,5.376344,0.768418394,1186.559,1.158298995,292.296
1.677852,83.89262,5.704698,2.348993,0.3355705,0.6711409,1.677852,0.3355705,0.3355705,0.3355705,2.684564,0.702698121,1674.458,2.341925662,292.9015
0,86,0,0,0,0,0,0,0,0,14,0.688932689,722.2222222,0.998151117,285.8704224
4.520796,86.79928,0.9041591,1.265823,0.1808318,0.3616637,0.9041591,0.1808318,0.1808318,0.1808318,4.520796,0.655660836,2161.487,2.715417296,292.119
1.340483,80.42895,6.702413,1.876676,0.2680965,0.536193,1.340483,0.2680965,0.2680965,0.2680965,6.702413,0.727137989,2195.169,3.029365259,293.8357
2.325581,62.0155,7.751938,5.426357,0.7751938,1.550388,3.875969,0.7751938,0.7751938,0.7751938,13.95349,0.945298948,1680.843,2.18945959,293.1576
17.69912,35.39823,8.849558,6.19469,0.8849558,1.769912,4.424779,0.8849558,0.8849558,0.8849558,22.12389,1.070778126,76.52863,0.064415153,272.9404
0,85.75,0,0,0,0,0,0,0,0,14.25,0.691346134,1388.888889,1.9168457,290.4219055
4.520796,86.79928,0.9041591,1.265823,0.1808318,0.3616637,0.9041591,0.1808318,0.1808318,0.1808318,4.520796,0.655660836,1421.319,1.78556438,289.9184
4.520796,86.79928,0.9041591,1.265823,0.1808318,0.3616637,0.9041591,0.1808318,0.1808318,0.1808318,4.520796,0.655660836,146.1804,0.183642458,271.812
0,78.14,0,0,0,0,0,0,0,0,21.86,0.764811398,1833.333333,2.427245307,291.7189026
17.69912,35.39823,8.849558,6.19469,0.8849558,1.769912,4.424779,0.8849558,0.8849558,0.8849558,22.12389,1.070778126,27.40626,0.023068209,251.1784
4.784689,83.73206,4.784689,1.674641,0.2392344,0.4784689,1.196172,0.2392344,0.2392344,0.2392344,2.392344,0.670483235,130.9275,0.16482607,273.2084
1.340483,80.42895,6.702413,1.876676,0.2680965,0.536193,1.340483,0.2680965,0.2680965,0.2680965,6.702413,0.727137989,1012.737,1.397591841,289.6277
1.677852,83.89262,5.704698,2.348993,0.3355705,0.6711409,1.677852,0.3355705,0.3355705,0.3355705,2.684564,0.702698121,104.3765,0.145982762,270.7505
0.7407407,88.88889,1.851852,2.592593,0.3703704,0.7407407,1.851852,0.3703704,0.3703704,0.3703704,1.851852,0.685139183,511.7925,0.746573159,284.9976
0,77.37,0,0,0,0,0,0,0,0,22.63,0.772244808,2277.777778,3.003299176,292.842041
0,80,0,0,0,0,0,0,0,0,20,0.746855368,558,0.746188821,280.93
1.686341,92.74874,1.686341,1.180438,0.1686341,0.3372681,0.8431703,0.1686341,0.1686341,0.1686341,0.8431703,0.618590173,151.5023,0.213398714,272.4042
1.686341,92.74874,1.686341,1.180438,0.1686341,0.3372681,0.8431703,0.1686341,0.1686341,0.1686341,0.8431703,0.618590173,158.6961,0.223531548,273.1935
0,84.21,0,0,0,0,0,0,0,0,15.79,0.706212955,722.2222222,0.988273842,285.8704224
0,24.42,3.99,0.75,0.92,0,0,0,0,0,66.85,1.222079631,740,0.807354484,286.84
1.677852,83.89262,5.704698,2.348993,0.3355705,0.6711409,1.677852,0.3355705,0.3355705,0.3355705,2.684564,0.702698121,114.2858,0.159842079,272.9043
3.490401,87.26003,1.745201,1.22164,0.1745201,0.3490401,0.8726003,0.1745201,0.1745201,0.1745201,4.363002,0.65573579,1244.566,1.616832608,289.3312
1.677852,83.89262,5.704698,2.348993,0.3355705,0.6711409,1.677852,0.3355705,0.3355705,0.3355705,2.684564,0.702698121,401.5957,0.56167863,283.282
0,50.02,0,0,0,0,0,0,0,0,49.98,1.036275685,2055.555556,2.365646375,292.1621094
0,50,0,0,0,0,0,0,0,0,50,1.036468761,409.73,0.471495972,278.4
13.44086,64.51613,9.139785,3.763441,0.5376344,1.075269,0.5376344,0.5376344,0.5376344,0.5376344,5.376344,0.768418394,992.7955,0.969150316,291.2664
5.714286,64.7619,16.19048,6.666667,0.952381,1.904762,0.952381,0.952381,0.952381,0.952381,0,0.82973851,1904.721,2.371190636,295.4984
13.44086,64.51613,9.139785,3.763441,0.5376344,1.075269,0.5376344,0.5376344,0.5376344,0.5376344,5.376344,0.768418394,741.0524,0.723402924,289.3788
4.411765,73.52941,6.25,2.573529,0.3676471,0.7352941,1.838235,0.3676471,0.3676471,0.3676471,9.191176,0.779020869,107.2692,0.132428348,272.3479
4.520796,86.79928,0.9041591,1.265823,0.1808318,0.3616637,0.9041591,0.1808318,0.1808318,0.1808318,4.520796,0.655660836,213.1454,0.267768766,275.7152
0.530504,92.8382,1.32626,1.856764,0.265252,0.530504,1.32626,0.265252,0.265252,0.265252,0.530504,0.64017476,1407.645,2.079084435,290.9759
0,0,0,26,0,0,0,0,0,0,74,1.519938557,189,0.198383542,281.82
13.44086,64.51613,9.139785,3.763441,0.5376344,1.075269,0.5376344,0.5376344,0.5376344,0.5376344,5.376344,0.768418394,2324.344,2.268985629,295.5155
2.325581,62.0155,7.751938,5.426357,0.7751938,1.550388,3.875969,0.7751938,0.7751938,0.7751938,13.95349,0.945298948,2560.224,3.334937879,295.0273
0,77.78,0,0,0,0,0,0,0,0,22.22,0.768286759,1166.666667,1.541642133,289.3113403
0.530504,92.8382,1.32626,1.856764,0.265252,0.530504,1.32626,0.265252,0.265252,0.265252,0.530504,0.64017476,1945.121,2.872933726,292.6444
0.7407407,88.88889,1.851852,2.592593,0.3703704,0.7407407,1.851852,0.3703704,0.3703704,0.3703704,1.851852,0.685139183,34.81191,0.050781591,247.0386
2.325581,62.0155,7.751938,5.426357,0.7751938,1.550388,3.875969,0.7751938,0.7751938,0.7751938,13.95349,0.945298948,1945.644,2.534388348,293.7295
13.44086,64.51613,9.139785,3.763441,0.5376344,1.075269,0.5376344,0.5376344,0.5376344,0.5376344,5.376344,0.768418394,2255.973,2.202243005,295.3688
0,76.31,0,0,0,0,0,0,0,0,23.69,0.782477815,1166.666667,1.529638182,289.3113403
0.530504,92.8382,1.32626,1.856764,0.265252,0.530504,1.32626,0.265252,0.265252,0.265252,0.530504,0.64017476,581.2358,0.858482291,285.0535
4.411765,73.52941,6.25,2.573529,0.3676471,0.7352941,1.838235,0.3676471,0.3676471,0.3676471,9.191176,0.779020869,1692.466,2.089420601,292.6757
0,50.4,0,0,0,0,0,0,0,0,49.6,1.032607249,1611.111111,1.857436973,291.0880737
1.340483,80.42895,6.702413,1.876676,0.2680965,0.536193,1.340483,0.2680965,0.2680965,0.2680965,6.702413,0.727137989,19.07678,0.026326235,234.1441
1.677852,83.89262,5.704698,2.348993,0.3355705,0.6711409,1.677852,0.3355705,0.3355705,0.3355705,2.684564,0.702698121,116.0157,0.162261547,273.1137
0.530504,92.8382,1.32626,1.856764,0.265252,0.530504,1.32626,0.265252,0.265252,0.265252,0.530504,0.64017476,1546.136,2.28363493,291.4719
1.677852,83.89262,5.704698,2.348993,0.3355705,0.6711409,1.677852,0.3355705,0.3355705,0.3355705,2.684564,0.702698121,1601.17,2.239423809,292.6868
0,52,0,0,0,0,0,0,0,0,48,1.017161201,722.2222222,0.838895858,286.2098694
0,90,0,0,0,0,0,0,0,0,10,0.65031757,2055.555556,2.90578959,292.1208191
0.7407407,88.88889,1.851852,2.592593,0.3703704,0.7407407,1.851852,0.3703704,0.3703704,0.3703704,1.851852,0.685139183,1662.176,2.42468576,292.536
0,84.21,0,0,0,0,0,0,0,0,15.79,0.706212955,944.4444444,1.292358101,287.9468384
13.44086,64.51613,9.139785,3.763441,0.5376344,1.075269,0.5376344,0.5376344,0.5376344,0.5376344,5.376344,0.768418394,85.48908,0.083453006,271.8349
0.530504,92.8382,1.32626,1.856764,0.265252,0.530504,1.32626,0.265252,0.265252,0.265252,0.530504,0.64017476,641.2663,0.947147031,285.7991
2.325581,62.0155,7.751938,5.426357,0.7751938,1.550388,3.875969,0.7751938,0.7751938,0.7751938,13.95349,0.945298948,1513.742,1.971794474,292.7376
0.6465517,90.51724,4.310345,1.508621,0.2155172,0.4310345,1.077586,0.2155172,0.2155172,0.2155172,0.6465517,0.641855639,1313.174,1.923177845,290.814
2.325581,62.0155,7.751938,5.426357,0.7751938,1.550388,3.875969,0.7751938,0.7751938,0.7751938,13.95349,0.945298948,82.5392,0.107515243,272.335
0,80,0,0,0,0,0,0,0,0,20,0.746855368,1388.888889,1.857299932,290.6068115
0,78,0,2,0,0,0,0,0,0,20,0.766222989,2055.555556,2.752558392,292.9409485
5.714286,64.7619,16.19048,6.666667,0.952381,1.904762,0.952381,0.952381,0.952381,0.952381,0,0.82973851,2518.653,3.135475699,296.8975
0,87,0,0,0,0,0,0,0,0,13,0.679278909,1388.888889,1.930299212,290.3410645
4.784689,83.73206,4.784689,1.674641,0.2392344,0.4784689,1.196172,0.2392344,0.2392344,0.2392344,2.392344,0.670483235,105.9667,0.133402644,268.5255
1.677852,83.89262,5.704698,2.348993,0.3355705,0.6711409,1.677852,0.3355705,0.3355705,0.3355705,2.684564,0.702698121,242.8737,0.33968732,279.1707
5.714286,64.7619,16.19048,6.666667,0.952381,1.904762,0.952381,0.952381,0.952381,0.952381,0,0.82973851,2381.418,2.964631598,296.6104
4.411765,73.52941,6.25,2.573529,0.3676471,0.7352941,1.838235,0.3676471,0.3676471,0.3676471,9.191176,0.779020869,1699.134,2.097652528,292.6926
2.325581,62.0155,7.751938,5.426357,0.7751938,1.550388,3.875969,0.7751938,0.7751938,0.7751938,13.95349,0.945298948,2697.945,3.514332721,295.2872
0.7407407,88.88889,1.851852,2.592593,0.3703704,0.7407407,1.851852,0.3703704,0.3703704,0.3703704,1.851852,0.685139183,1133.883,1.65404263,290.5111
5.714286,64.7619,16.19048,6.666667,0.952381,1.904762,0.952381,0.952381,0.952381,0.952381,0,0.82973851,678.1846,0.844273242,289.7401
0.6465517,90.51724,4.310345,1.508621,0.2155172,0.4310345,1.077586,0.2155172,0.2155172,0.2155172,0.6465517,0.641855639,21.20918,0.031061402,234.2099
4.411765,73.52941,6.25,2.573529,0.3676471,0.7352941,1.838235,0.3676471,0.3676471,0.3676471,9.191176,0.779020869,655.9439,0.809790387,287.0983
13.44086,64.51613,9.139785,3.763441,0.5376344,1.075269,0.5376344,0.5376344,0.5376344,0.5376344,5.376344,0.768418394,2461.409,2.402786183,295.8005
0,77.37,0,0,0,0,0,0,0,0,22.63,0.772244808,1388.888889,1.831279985,290.5892029
0,50.58,0,0,0,0,0,0,0,0,49.42,1.030869569,944.4444444,1.089755996,288.2112732
0,56,0,0,0,0,0,0,0,0,44,0.978546082,944.4444444,1.118003272,288.2112732
0,20,0,0,0,0,0,0,0,0,80,1.326082154,333.59,0.336891537,274
0,94,0,0,0,0,0,0,0,0,6,0.611702451,944.4444444,1.366304676,287.7431946
0,50,0,0,0,0,0,0,0,0,50,1.036468761,454,0.522439586,277.6
0.7407407,88.88889,1.851852,2.592593,0.3703704,0.7407407,1.851852,0.3703704,0.3703704,0.3703704,1.851852,0.685139183,877.7661,1.28043418,288.8951
0,80,0,0,0,0,0,0,0,0,20,0.746855368,2055.555556,2.748803899,292.3765564
2.325581,62.0155,7.751938,5.426357,0.7751938,1.550388,3.875969,0.7751938,0.7751938,0.7751938,13.95349,0.945298948,963.1222,1.254559252,290.499
0,93,0,0,0,0,0,0,0,0,7,0.621356231,1166.666667,1.677981054,288.9642029
17.69912,35.39823,8.849558,6.19469,0.8849558,1.769912,4.424779,0.8849558,0.8849558,0.8849558,22.12389,1.070778126,280.405,0.236020571,282.2324
4.520796,86.79928,0.9041591,1.265823,0.1808318,0.3616637,0.9041591,0.1808318,0.1808318,0.1808318,4.520796,0.655660836,1957.631,2.459318551,291.6135
0,84.21,0,0,0,0,0,0,0,0,15.79,0.706212955,500,0.684189583,283.1618347
1.340483,80.42895,6.702413,1.876676,0.2680965,0.536193,1.340483,0.2680965,0.2680965,0.2680965,6.702413,0.727137989,948.8505,1.309427539,289.2049
1.677852,83.89262,5.704698,2.348993,0.3355705,0.6711409,1.677852,0.3355705,0.3355705,0.3355705,2.684564,0.702698121,634.713,0.887720482,286.8431
4.784689,83.73206,4.784689,1.674641,0.2392344,0.4784689,1.196172,0.2392344,0.2392344,0.2392344,2.392344,0.670483235,1044.401,1.314807905,289.6718
1.677852,83.89262,5.704698,2.348993,0.3355705,0.6711409,1.677852,0.3355705,0.3355705,0.3355705,2.684564,0.702698121,346.7054,0.484908116,282.0933
4.520796,86.79928,0.9041591,1.265823,0.1808318,0.3616637,0.9041591,0.1808318,0.1808318,0.1808318,4.520796,0.655660836,1199.407,1.506782374,288.9351
0.7407407,88.88889,1.851852,2.592593,0.3703704,0.7407407,1.851852,0.3703704,0.3703704,0.3703704,1.851852,0.685139183,2056.873,3.000446807,293.5276
0.530504,92.8382,1.32626,1.856764,0.265252,0.530504,1.32626,0.265252,0.265252,0.265252,0.530504,0.64017476,1527.381,2.255933892,291.409
0,50,0,0,0,0,0,0,0,0,50,1.036468761,1227,1.411967779,294
4.784689,83.73206,4.784689,1.674641,0.2392344,0.4784689,1.196172,0.2392344,0.2392344,0.2392344,2.392344,0.670483235,1648.891,2.075807014,292.3234
2.325581,62.0155,7.751938,5.426357,0.7751938,1.550388,3.875969,0.7751938,0.7751938,0.7751938,13.95349,0.945298948,2285.924,2.97763576,294.4798
2.325581,62.0155,7.751938,5.426357,0.7751938,1.550388,3.875969,0.7751938,0.7751938,0.7751938,13.95349,0.945298948,207.7619,0.270629847,279.7867
1.340483,80.42895,6.702413,1.876676,0.2680965,0.536193,1.340483,0.2680965,0.2680965,0.2680965,6.702413,0.727137989,1439.854,1.987019535,291.679
0.530504,92.8382,1.32626,1.856764,0.265252,0.530504,1.32626,0.265252,0.265252,0.265252,0.530504,0.64017476,2559.693,3.780653413,294.0272
0.7407407,88.88889,1.851852,2.592593,0.3703704,0.7407407,1.851852,0.3703704,0.3703704,0.3703704,1.851852,0.685139183,115.7039,0.168782126,272.8384
0,52.26,0,0,0,0,0,0,0,0,47.74,1.014651219,1611.111111,1.873669113,291.0880737
3.490401,87.26003,1.745201,1.22164,0.1745201,0.3490401,0.8726003,0.1745201,0.1745201,0.1745201,4.363002,0.65573579,1174.313,1.52556598,288.9771
4.411765,73.52941,6.25,2.573529,0.3676471,0.7352941,1.838235,0.3676471,0.3676471,0.3676471,9.191176,0.779020869,1629.618,2.011832096,292.5104
1.686341,92.74874,1.686341,1.180438,0.1686341,0.3372681,0.8431703,0.1686341,0.1686341,0.1686341,0.8431703,0.618590173,106.427,0.149907855,264.1894
0,82.16,0,0,0,0,0,0,0,0,17.84,0.726003203,722.2222222,0.977199324,285.9397888
0,92,0,0,0,0,0,0,0,0,8,0.63101001,98,0.140136132,273.93
1.686341,92.74874,1.686341,1.180438,0.1686341,0.3372681,0.8431703,0.1686341,0.1686341,0.1686341,0.8431703,0.618590173,1057.524,1.48957647,288.3452
5.714286,64.7619,16.19048,6.666667,0.952381,1.904762,0.952381,0.952381,0.952381,0.952381,0,0.82973851,17.59994,0.021910197,242.8125
1.340483,80.42895,6.702413,1.876676,0.2680965,0.536193,1.340483,0.2680965,0.2680965,0.2680965,6.702413,0.727137989,122.2826,0.168751773,272.9989
2.325581,62.0155,7.751938,5.426357,0.7751938,1.550388,3.875969,0.7751938,0.7751938,0.7751938,13.95349,0.945298948,1091.525,1.421816243,291.183
5.714286,64.7619,16.19048,6.666667,0.952381,1.904762,0.952381,0.952381,0.952381,0.952381,0,0.82973851,1727.56,2.150642585,295.0567
4.411765,73.52941,6.25,2.573529,0.3676471,0.7352941,1.838235,0.3676471,0.3676471,0.3676471,9.191176,0.779020869,2160.042,2.666662877,293.8373
0,80,0,0,0,0,0,0,0,0,20,0.746855368,2277.777778,3.045971888,292.8596497
0.530504,92.8382,1.32626,1.856764,0.265252,0.530504,1.32626,0.265252,0.265252,0.265252,0.530504,0.64017476,25.61161,0.037828216,238.4681
0.6465517,90.51724,4.310345,1.508621,0.2155172,0.4310345,1.077586,0.2155172,0.2155172,0.2155172,0.6465517,0.641855639,76.79523,0.112468633,259.9074
4.520796,86.79928,0.9041591,1.265823,0.1808318,0.3616637,0.9041591,0.1808318,0.1808318,0.1808318,4.520796,0.655660836,154.3274,0.193877313,273.0193
1.686341,92.74874,1.686341,1.180438,0.1686341,0.3372681,0.8431703,0.1686341,0.1686341,0.1686341,0.8431703,0.618590173,87.75824,0.123611955,259.893
4.379562,65.69343,12.40876,5.109489,0.729927,1.459854,0.729927,0.729927,0.729927,0.729927,7.29927,0.835746521,1755.889,2.192300901,294.2844
0,78.4,0,0,0,0,0,0,0,0,21.6,0.762301415,500,0.662897871,283.9076843
4.411765,73.52941,6.25,2.573529,0.3676471,0.7352941,1.838235,0.3676471,0.3676471,0.3676471,9.191176,0.779020869,13.13207,0.016212094,229.8627
0,0,0,0,0,0,0,0,0,0,100,1.519157749,200,0.186741363,273.93
0,87.56,0,0,0,0,0,0,0,0,12.44,0.673872793,1833.333333,2.556031937,291.4531555
0,85.75,0,0,0,0,0,0,0,0,14.25,0.691346134,1833.333333,2.530236324,291.5339966
0,78.4,0,0,0,0,0,0,0,0,21.6,0.762301415,944.4444444,1.252140424,288.2564087
17.69912,35.39823,8.849558,6.19469,0.8849558,1.769912,4.424779,0.8849558,0.8849558,0.8849558,22.12389,1.070778126,1605.918,1.351722273,292.1903
0,60,0,0,0,0,0,0,0,0,40,0.939930963,507.63,0.612635771,280.16
0,92,0,0,0,0,0,0,0,0,8,0.63101001,944.4444444,1.350518281,287.8339539
0.6465517,90.51724,4.310345,1.508621,0.2155172,0.4310345,1.077586,0.2155172,0.2155172,0.2155172,0.6465517,0.641855639,1286.997,1.88484094,290.6947
1.677852,83.89262,5.704698,2.348993,0.3355705,0.6711409,1.677852,0.3355705,0.3355705,0.3355705,2.684564,0.702698121,2688.862,3.760688486,295.2965
0,52.55,8.12,4.74,1.31,1.88,0,0,0,0,31.4,0.988463027,722.2222222,0.913328283,288.1549683
1.340483,80.42895,6.702413,1.876676,0.2680965,0.536193,1.340483,0.2680965,0.2680965,0.2680965,6.702413,0.727137989,1476.066,2.036992623,291.8079
17.69912,35.39823,8.849558,6.19469,0.8849558,1.769912,4.424779,0.8849558,0.8849558,0.8849558,22.12389,1.070778126,2146.152,1.806444326,293.3162
5.714286,64.7619,16.19048,6.666667,0.952381,1.904762,0.952381,0.952381,0.952381,0.952381,0,0.82973851,2587.415,3.221077638,297.037
5.714286,64.7619,16.19048,6.666667,0.952381,1.904762,0.952381,0.952381,0.952381,0.952381,0,0.82973851,2312.956,2.87940313,296.4625
1.677852,83.89262,5.704698,2.348993,0.3355705,0.6711409,1.677852,0.3355705,0.3355705,0.3355705,2.684564,0.702698121,819.3093,1.145900032,288.6845
0,50,0,0,0,0,0,0,0,0,50,1.036468761,307.47,0.353820483,275.6
3.490401,87.26003,1.745201,1.22164,0.1745201,0.3490401,0.8726003,0.1745201,0.1745201,0.1745201,4.363002,0.65573579,18.43469,0.023948756,229.8724
17.69912,35.39823,8.849558,6.19469,0.8849558,1.769912,4.424779,0.8849558,0.8849558,0.8849558,22.12389,1.070778126,99.6263,0.083856765,274.8087
1.340483,80.42895,6.702413,1.876676,0.2680965,0.536193,1.340483,0.2680965,0.2680965,0.2680965,6.702413,0.727137989,1472.753,2.032420635,291.7963
0,93,0,0,0,0,0,0,0,0,7,0.621356231,1833.333333,2.636827369,291.3693237
4.411765,73.52941,6.25,2.573529,0.3676471,0.7352941,1.838235,0.3676471,0.3676471,0.3676471,9.191176,0.779020869,1888.53,2.331469871,293.1936
1.686341,92.74874,1.686341,1.180438,0.1686341,0.3372681,0.8431703,0.1686341,0.1686341,0.1686341,0.8431703,0.618590173,1124.132,1.583397234,288.7424
5.714286,64.7619,16.19048,6.666667,0.952381,1.904762,0.952381,0.952381,0.952381,0.952381,0,0.82973851,1475.896,1.837345614,294.3514
0,54.21,0,0,0,0,0,0,0,0,45.79,0.995826348,2277.777778,2.673474454,292.6289063
0.530504,92.8382,1.32626,1.856764,0.265252,0.530504,1.32626,0.265252,0.265252,0.265252,0.530504,0.64017476,952.4281,1.406731412,288.6083
0,82,11.3,4.2,0.1,0.1,0,0.2,0,0,0.5,0.65191039,1166.666667,1.767126817,291.4407349
0,94,0,0,0,0,0,0,0,0,6,0.611702451,722.2222222,1.044821223,285.6667786
17.69912,35.39823,8.849558,6.19469,0.8849558,1.769912,4.424779,0.8849558,0.8849558,0.8849558,22.12389,1.070778126,1521.347,1.280537751,291.9887
0.7407407,88.88889,1.851852,2.592593,0.3703704,0.7407407,1.851852,0.3703704,0.3703704,0.3703704,1.851852,0.685139183,1004.938,1.465945157,289.7723
3.490401,87.26003,1.745201,1.22164,0.1745201,0.3490401,0.8726003,0.1745201,0.1745201,0.1745201,4.363002,0.65573579,915.9239,1.189889188,287.3624
3.490401,87.26003,1.745201,1.22164,0.1745201,0.3490401,0.8726003,0.1745201,0.1745201,0.1745201,4.363002,0.65573579,1911.262,2.482946443,291.7093
4.520796,86.79928,0.9041591,1.265823,0.1808318,0.3616637,0.9041591,0.1808318,0.1808318,0.1808318,4.520796,0.655660836,149.6568,0.188009765,272.3682
17.69912,35.39823,8.849558,6.19469,0.8849558,1.769912,4.424779,0.8849558,0.8849558,0.8849558,22.12389,1.070778126,2010.171,1.691987332,293.053
0.530504,92.8382,1.32626,1.856764,0.265252,0.530504,1.32626,0.265252,0.265252,0.265252,0.530504,0.64017476,1675.556,2.474787606,291.8905
4.411765,73.52941,6.25,2.573529,0.3676471,0.7352941,1.838235,0.3676471,0.3676471,0.3676471,9.191176,0.779020869,110.3051,0.136176294,272.9929
5.714286,64.7619,16.19048,6.666667,0.952381,1.904762,0.952381,0.952381,0.952381,0.952381,0,0.82973851,1639.059,2.040467529,294.8309
1.677852,83.89262,5.704698,2.348993,0.3355705,0.6711409,1.677852,0.3355705,0.3355705,0.3355705,2.684564,0.702698121,64.73626,0.090541243,259.9016
2.325581,62.0155,7.751938,5.426357,0.7751938,1.550388,3.875969,0.7751938,0.7751938,0.7751938,13.95349,0.945298948,1593.553,2.075755973,292.9486
5.714286,64.7619,16.19048,6.666667,0.952381,1.904762,0.952381,0.952381,0.952381,0.952381,0,0.82973851,228.933,0.284999108,281.6328
4.379562,65.69343,12.40876,5.109489,0.729927,1.459854,0.729927,0.729927,0.729927,0.729927,7.29927,0.835746521,549.3186,0.685847261,287.5642
1.340483,80.42895,6.702413,1.876676,0.2680965,0.536193,1.340483,0.2680965,0.2680965,0.2680965,6.702413,0.727137989,2127.021,2.935320024,293.6763
5.714286,64.7619,16.19048,6.666667,0.952381,1.904762,0.952381,0.952381,0.952381,0.952381,0,0.82973851,73.66424,0.091704746,272.8839
0,50.4,0,0,0,0,0,0,0,0,49.6,1.032607249,1388.888889,1.60123877,290.4651794
4.411765,73.52941,6.25,2.573529,0.3676471,0.7352941,1.838235,0.3676471,0.3676471,0.3676471,9.191176,0.779020869,2024.007,2.498721937,293.5239
4.379562,65.69343,12.40876,5.109489,0.729927,1.459854,0.729927,0.729927,0.729927,0.729927,7.29927,0.835746521,82.36462,0.102835675,272.8093
0,74.96,0,0,0,0,0,0,0,0,25.04,0.795510418,500,0.650904705,283.9076843
0,51.62,0,0,0,0,0,0,0,0,48.38,1.020829638,2055.555556,2.383376616,292.1621094
4.379562,65.69343,12.40876,5.109489,0.729927,1.459854,0.729927,0.729927,0.729927,0.729927,7.29927,0.835746521,2372.84,2.962590044,295.7255
0,74.96,0,0,0,0,0,0,0,0,25.04,0.795510418,1388.888889,1.808068626,290.5892029
0.7407407,88.88889,1.851852,2.592593,0.3703704,0.7407407,1.851852,0.3703704,0.3703704,0.3703704,1.851852,0.685139183,17.45426,0.02546126,234.2097
1.686341,92.74874,1.686341,1.180438,0.1686341,0.3372681,0.8431703,0.1686341,0.1686341,0.1686341,0.8431703,0.618590173,14.6877,0.020688374,225.6669
5.714286,64.7619,16.19048,6.666667,0.952381,1.904762,0.952381,0.952381,0.952381,0.952381,0,0.82973851,331.4603,0.41263553,284.4924
0,59,0,0,0,0,0,0,0,0,42,0.96477632,1611.111111,1.910370678,291.0880737
0.6465517,90.51724,4.310345,1.508621,0.2155172,0.4310345,1.077586,0.2155172,0.2155172,0.2155172,0.6465517,0.641855639,229.6357,0.336307519,277.4584
0,10.04,0,0,0,0,0,0,0,0,89.96,1.4222338,829,0.804511944,284.99
4.520796,86.79928,0.9041591,1.265823,0.1808318,0.3616637,0.9041591,0.1808318,0.1808318,0.1808318,4.520796,0.655660836,1755.107,2.204893161,291.0513
0.530504,92.8382,1.32626,1.856764,0.265252,0.530504,1.32626,0.265252,0.265252,0.265252,0.530504,0.64017476,1145.427,1.691789796,289.7851
4.520796,86.79928,0.9041591,1.265823,0.1808318,0.3616637,0.9041591,0.1808318,0.1808318,0.1808318,4.520796,0.655660836,1355.253,1.702567462,289.6498
0.6465517,90.51724,4.310345,1.508621,0.2155172,0.4310345,1.077586,0.2155172,0.2155172,0.2155172,0.6465517,0.641855639,123.2085,0.180442087,270.755
0,50,0,0,0,0,0,0,0,0,50,1.036468761,994,1.143843498,286.86
2.325581,62.0155,7.751938,5.426357,0.7751938,1.550388,3.875969,0.7751938,0.7751938,0.7751938,13.95349,0.945298948,84.04152,0.109472159,272.7529
4.784689,83.73206,4.784689,1.674641,0.2392344,0.4784689,1.196172,0.2392344,0.2392344,0.2392344,2.392344,0.670483235,121.8755,0.153430407,271.837
0,46.97,0,0,0,0,0,0,0,0,53.03,1.065719713,297.32,0.337387766,275.2
1.686341,92.74874,1.686341,1.180438,0.1686341,0.3372681,0.8431703,0.1686341,0.1686341,0.1686341,0.8431703,0.618590173,678.6676,0.955937915,285.1823
0,64,0,0,0,0,0,0,0,0,36,0.901315844,500,0.615430063,283.8873291
0.7407407,88.88889,1.851852,2.592593,0.3703704,0.7407407,1.851852,0.3703704,0.3703704,0.3703704,1.851852,0.685139183,43.17834,0.062986053,251.3237
0,78,0,2,0,0,0,0,0,0,20,0.766222989,1611.111111,2.157410631,291.8028564
5.714286,64.7619,16.19048,6.666667,0.952381,1.904762,0.952381,0.952381,0.952381,0.952381,0,0.82973851,61.20002,0.076188016,268.5986
0,24.42,3.07,0.75,0.92,0,0,0,0,0,66.85,1.212530304,158.05,0.173669471,276.5
4.379562,65.69343,12.40876,5.109489,0.729927,1.459854,0.729927,0.729927,0.729927,0.729927,7.29927,0.835746521,1455.439,1.817176502,293.4857
17.69912,35.39823,8.849558,6.19469,0.8849558,1.769912,4.424779,0.8849558,0.8849558,0.8849558,22.12389,1.070778126,80.77387,0.067988427,273.3201
4.520796,86.79928,0.9041591,1.265823,0.1808318,0.3616637,0.9041591,0.1808318,0.1808318,0.1808318,4.520796,0.655660836,658.2867,0.826987667,284.8513
13.44086,64.51613,9.139785,3.763441,0.5376344,1.075269,0.5376344,0.5376344,0.5376344,0.5376344,5.376344,0.768418394,81.54,0.07959798,270.7262
1.677852,83.89262,5.704698,2.348993,0.3355705,0.6711409,1.677852,0.3355705,0.3355705,0.3355705,2.684564,0.702698121,2208.708,3.08913687,294.2855
3.490401,87.26003,1.745201,1.22164,0.1745201,0.3490401,0.8726003,0.1745201,0.1745201,0.1745201,4.363002,0.65573579,1642.041,2.133197783,290.9062
1.340483,80.42895,6.702413,1.876676,0.2680965,0.536193,1.340483,0.2680965,0.2680965,0.2680965,6.702413,0.727137989,1486.899,2.051942321,291.8469
0.6465517,90.51724,4.310345,1.508621,0.2155172,0.4310345,1.077586,0.2155172,0.2155172,0.2155172,0.6465517,0.641855639,442.7129,0.64836468,282.9358
4.520796,86.79928,0.9041591,1.265823,0.1808318,0.3616637,0.9041591,0.1808318,0.1808318,0.1808318,4.520796,0.655660836,719.3934,0.903754351,285.5087
0,82,11.3,4.2,0.1,0.1,0,0.2,0,0,0.5,0.65191039,2500,3.786700321,295.3484497
13.44086,64.51613,9.139785,3.763441,0.5376344,1.075269,0.5376344,0.5376344,0.5376344,0.5376344,5.376344,0.768418394,139.0178,0.135706845,276.4309
0,50,0,0,0,0,0,0,0,0,50,1.036468761,735.34,0.846191024,283.1
0,24.42,3.07,0.75,0.92,0,0,0,0,0,66.85,1.212530304,110.03,0.12090384,273.7
4.379562,65.69343,12.40876,5.109489,0.729927,1.459854,0.729927,0.729927,0.729927,0.729927,7.29927,0.835746521,323.6633,0.404107175,283.5878
0,52.26,0,0,0,0,0,0,0,0,47.74,1.014651219,1833.333333,2.132106232,291.5715027
5.714286,64.7619,16.19048,6.666667,0.952381,1.904762,0.952381,0.952381,0.952381,0.952381,0,0.82973851,499.3286,0.621615082,287.5676
3.490401,87.26003,1.745201,1.22164,0.1745201,0.3490401,0.8726003,0.1745201,0.1745201,0.1745201,4.363002,0.65573579,70.39346,0.091449101,255.5447
4.379562,65.69343,12.40876,5.109489,0.729927,1.459854,0.729927,0.729927,0.729927,0.729927,7.29927,0.835746521,68.48584,0.085507437,268.5238
4.411765,73.52941,6.25,2.573529,0.3676471,0.7352941,1.838235,0.3676471,0.3676471,0.3676471,9.191176,0.779020869,2639.683,3.258799905,294.8364
4.520796,86.79928,0.9041591,1.265823,0.1808318,0.3616637,0.9041591,0.1808318,0.1808318,0.1808318,4.520796,0.655660836,166.9881,0.209782606,273.6755
5.714286,64.7619,16.19048,6.666667,0.952381,1.904762,0.952381,0.952381,0.952381,0.952381,0,0.82973851,74.53891,0.092793625,273.1138
0,7.86,1.13,0.86,0.2,0.33,0,0,0,0,89.62,1.440449575,997,0.969441069,290.9
2.325581,62.0155,7.751938,5.426357,0.7751938,1.550388,3.875969,0.7751938,0.7751938,0.7751938,13.95349,0.945298948,2835.926,3.694066237,295.5391
4.379562,65.69343,12.40876,5.109489,0.729927,1.459854,0.729927,0.729927,0.729927,0.729927,7.29927,0.835746521,2647.555,3.305583219,296.2776
0.6465517,90.51724,4.310345,1.508621,0.2155172,0.4310345,1.077586,0.2155172,0.2155172,0.2155172,0.6465517,0.641855639,1185.829,1.736677744,290.1963
0,56,0,0,0,0,0,0,0,0,44,0.978546082,2500,2.959420427,292.9526672
0.530504,92.8382,1.32626,1.856764,0.265252,0.530504,1.32626,0.265252,0.265252,0.265252,0.530504,0.64017476,1542.817,2.278732784,291.4608
0,54.21,0,0,0,0,0,0,0,0,45.79,0.995826348,979,1.149072362,295.49
13.44086,64.51613,9.139785,3.763441,0.5376344,1.075269,0.5376344,0.5376344,0.5376344,0.5376344,5.376344,0.768418394,99.53614,0.09716551,273.8159
13.44086,64.51613,9.139785,3.763441,0.5376344,1.075269,0.5376344,0.5376344,0.5376344,0.5376344,5.376344,0.768418394,2392.825,2.335835632,295.6593
1.686341,92.74874,1.686341,1.180438,0.1686341,0.3372681,0.8431703,0.1686341,0.1686341,0.1686341,0.8431703,0.618590173,229.3193,0.323007925,276.2982
4.379562,65.69343,12.40876,5.109489,0.729927,1.459854,0.729927,0.729927,0.729927,0.729927,7.29927,0.835746521,15.73161,0.019641573,238.4583
4.379562,65.69343,12.40876,5.109489,0.729927,1.459854,0.729927,0.729927,0.729927,0.729927,7.29927,0.835746521,1828.729,2.28324469,294.4725
0,52.26,0,0,0,0,0,0,0,0,47.74,1.014651219,500,0.581483518,283.8873596
4.379562,65.69343,12.40876,5.109489,0.729927,1.459854,0.729927,0.729927,0.729927,0.729927,7.29927,0.835746521,608.8394,0.760161471,288.2958
0,50,0,0,0,0,0,0,0,0,50,1.036468761,2055.555556,2.365426417,292.1621094
0.6465517,90.51724,4.310345,1.508621,0.2155172,0.4310345,1.077586,0.2155172,0.2155172,0.2155172,0.6465517,0.641855639,26.76906,0.039203992,238.4819
0.7407407,88.88889,1.851852,2.592593,0.3703704,0.7407407,1.851852,0.3703704,0.3703704,0.3703704,1.851852,0.685139183,1798.392,2.623389745,292.8904
0.6465517,90.51724,4.310345,1.508621,0.2155172,0.4310345,1.077586,0.2155172,0.2155172,0.2155172,0.6465517,0.641855639,2272.996,3.328862396,293.8217
13.44086,64.51613,9.139785,3.763441,0.5376344,1.075269,0.5376344,0.5376344,0.5376344,0.5376344,5.376344,0.768418394,1121.587,1.094874418,291.9819
4.411765,73.52941,6.25,2.573529,0.3676471,0.7352941,1.838235,0.3676471,0.3676471,0.3676471,9.191176,0.779020869,312.0412,0.385228011,281.3882
1.677852,83.89262,5.704698,2.348993,0.3355705,0.6711409,1.677852,0.3355705,0.3355705,0.3355705,2.684564,0.702698121,1073.689,1.501679841,290.4673
4.784689,83.73206,4.784689,1.674641,0.2392344,0.4784689,1.196172,0.2392344,0.2392344,0.2392344,2.392344,0.670483235,790.9333,0.99571463,287.7716
0,85.75,0,0,0,0,0,0,0,0,14.25,0.691346134,435.11,0.600507887,277.1
1.677852,83.89262,5.704698,2.348993,0.3355705,0.6711409,1.677852,0.3355705,0.3355705,0.3355705,2.684564,0.702698121,95.00029,0.132869034,268.5476
4.520796,86.79928,0.9041591,1.265823,0.1808318,0.3616637,0.9041591,0.1808318,0.1808318,0.1808318,4.520796,0.655660836,314.0784,0.394568147,278.951
4.379562,65.69343,12.40876,5.109489,0.729927,1.459854,0.729927,0.729927,0.729927,0.729927,7.29927,0.835746521,1110.532,1.386545678,292.1133
0.530504,92.8382,1.32626,1.856764,0.265252,0.530504,1.32626,0.265252,0.265252,0.265252,0.530504,0.64017476,1546.136,2.28363493,291.4719
0,93,0,0,0,0,0,0,0,0,7,0.621356231,2055.555556,2.956442809,292.0300598
3.490401,87.26003,1.745201,1.22164,0.1745201,0.3490401,0.8726003,0.1745201,0.1745201,0.1745201,4.363002,0.65573579,151.4856,0.196797002,272.8382
0,52.55,4.74,3.11,1.31,1.88,0,4.01,0,0,31.4,1.02843914,1166.666667,1.502686923,290.8383789
0.530504,92.8382,1.32626,1.856764,0.265252,0.530504,1.32626,0.265252,0.265252,0.265252,0.530504,0.64017476,2628.512,3.882298723,294.1647
4.784689,83.73206,4.784689,1.674641,0.2392344,0.4784689,1.196172,0.2392344,0.2392344,0.2392344,2.392344,0.670483235,1850.606,2.329748245,292.9281
4.379562,65.69343,12.40876,5.109489,0.729927,1.459854,0.729927,0.729927,0.729927,0.729927,7.29927,0.835746521,792.4798,0.989444196,290.0789
4.784689,83.73206,4.784689,1.674641,0.2392344,0.4784689,1.196172,0.2392344,0.2392344,0.2392344,2.392344,0.670483235,1432.608,1.803525966,291.5586
4.379562,65.69343,12.40876,5.109489,0.729927,1.459854,0.729927,0.729927,0.729927,0.729927,7.29927,0.835746521,2236.053,2.79180575,295.4333
0,78.14,0,0,0,0,0,0,0,0,21.86,0.764811398,722.2222222,0.956187545,286.2550049
0,0,0,23,0,0,0,0,0,0,77,1.519848464,103,0.10658664,278.04
0.530504,92.8382,1.32626,1.856764,0.265252,0.530504,1.32626,0.265252,0.265252,0.265252,0.530504,0.64017476,352.5738,0.520749692,281.0718
0,94.5,0,0,0,0,0,0,0,0,5.5,0.606875561,2277.777778,3.304863147,292.5131531
1.677852,83.89262,5.704698,2.348993,0.3355705,0.6711409,1.677852,0.3355705,0.3355705,0.3355705,2.684564,0.702698121,1400.528,1.958802469,292.0044
0,74.3,0,0,0,0,0,0,0,0,25.7,0.801881912,2055.555556,2.666685118,292.3589478
0,59,0,0,0,0,0,0,0,0,42,0.96477632,1388.888889,1.646871274,290.4651794
0,52.55,4.74,3.11,1.31,1.88,0,4.01,0,0,31.4,1.02843914,722.2222222,0.930234761,287.9837952
0.7407407,88.88889,1.851852,2.592593,0.3703704,0.7407407,1.851852,0.3703704,0.3703704,0.3703704,1.851852,0.685139183,2604.236,3.798908145,294.6799
1.686341,92.74874,1.686341,1.180438,0.1686341,0.3372681,0.8431703,0.1686341,0.1686341,0.1686341,0.8431703,0.618590173,1859.473,2.619162522,291.687
3.490401,87.26003,1.745201,1.22164,0.1745201,0.3490401,0.8726003,0.1745201,0.1745201,0.1745201,4.363002,0.65573579,154.6272,0.200878297,273.102
1.340483,80.42895,6.702413,1.876676,0.2680965,0.536193,1.340483,0.2680965,0.2680965,0.2680965,6.702413,0.727137989,245.4658,0.338746387,278.7411
4.411765,73.52941,6.25,2.573529,0.3676471,0.7352941,1.838235,0.3676471,0.3676471,0.3676471,9.191176,0.779020869,1096.337,1.353474228,290.4686
0,54.21,0,0,0,0,0,0,0,0,45.79,0.995826348,1611.111111,1.890994126,291.0880737
4.411765,73.52941,6.25,2.573529,0.3676471,0.7352941,1.838235,0.3676471,0.3676471,0.3676471,9.191176,0.779020869,41.18392,0.050843285,251.2473
1.677852,83.89262,5.704698,2.348993,0.3355705,0.6711409,1.677852,0.3355705,0.3355705,0.3355705,2.684564,0.702698121,1203.451,1.683167198,291.1559
0,50,0,0,0,0,0,0,0,0,50,1.036468761,722.2222222,0.831095768,286.2098694
4.379562,65.69343,12.40876,5.109489,0.729927,1.459854,0.729927,0.729927,0.729927,0.729927,7.29927,0.835746521,83.24821,0.103938874,273.044
0,90,0,0,0,0,0,0,0,0,10,0.65031757,1611.111111,2.277510759,290.9766541
17.69912,35.39823,8.849558,6.19469,0.8849558,1.769912,4.424779,0.8849558,0.8849558,0.8849558,22.12389,1.070778126,74.2497,0.062496948,272.2893
4.411765,73.52941,6.25,2.573529,0.3676471,0.7352941,1.838235,0.3676471,0.3676471,0.3676471,9.191176,0.779020869,260.4102,0.321487366,279.9284
0,54.21,0,0,0,0,0,0,0,0,45.79,0.995826348,365,0.42840798,279.9
0,45.29,0,0,0,0,0,0,0,0,54.71,1.081938064,266.87,0.300519668,276.1
4.379562,65.69343,12.40876,5.109489,0.729927,1.459854,0.729927,0.729927,0.729927,0.729927,7.29927,0.835746521,2441.395,3.048183831,295.8673
4.379562,65.69343,12.40876,5.109489,0.729927,1.459854,0.729927,0.729927,0.729927,0.729927,7.29927,0.835746521,1305.894,1.630463311,292.9663
0.530504,92.8382,1.32626,1.856764,0.265252,0.530504,1.32626,0.265252,0.265252,0.265252,0.530504,0.64017476,1810,2.673360703,292.2832
5.714286,64.7619,16.19048,6.666667,0.952381,1.904762,0.952381,0.952381,0.952381,0.952381,0,0.82973851,1055.408,1.313879338,292.5659
1.686341,92.74874,1.686341,1.180438,0.1686341,0.3372681,0.8431703,0.1686341,0.1686341,0.1686341,0.8431703,0.618590173,157.0421,0.221201804,273.1056
0,80,0,0,0,0,0,0,0,0,20,0.746855368,1099,1.46964429,295.72
0,59,0,0,0,0,0,0,0,0,42,0.96477632,944.4444444,1.119872466,288.2112732
4.784689,83.73206,4.784689,1.674641,0.2392344,0.4784689,1.196172,0.2392344,0.2392344,0.2392344,2.392344,0.670483235,667.7676,0.840659975,286.5271
4.784689,83.73206,4.784689,1.674641,0.2392344,0.4784689,1.196172,0.2392344,0.2392344,0.2392344,2.392344,0.670483235,853.5066,1.074488845,288.3113
1.686341,92.74874,1.686341,1.180438,0.1686341,0.3372681,0.8431703,0.1686341,0.1686341,0.1686341,0.8431703,0.618590173,1259.864,1.774582676,289.4602
3.490401,87.26003,1.745201,1.22164,0.1745201,0.3490401,0.8726003,0.1745201,0.1745201,0.1745201,4.363002,0.65573579,1043.584,1.35573416,288.2319
0,50.02,0,0,0,0,0,0,0,0,49.98,1.036275685,500,0.575427497,283.8873596
0,64,0,0,0,0,0,0,0,0,36,0.901315844,2277.777778,2.803625841,292.7353516
5.714286,64.7619,16.19048,6.666667,0.952381,1.904762,0.952381,0.952381,0.952381,0.952381,0,0.82973851,2725.124,3.392511822,297.3086
0,59,0,0,0,0,0,0,0,0,42,0.96477632,2277.777778,2.70086889,292.6289063
0,76.31,0,0,0,0,0,0,0,0,23.69,0.782477815,1611.111111,2.112357489,291.217865
4.379562,65.69343,12.40876,5.109489,0.729927,1.459854,0.729927,0.729927,0.729927,0.729927,7.29927,0.835746521,2031.766,2.536744881,294.9708
4.379562,65.69343,12.40876,5.109489,0.729927,1.459854,0.729927,0.729927,0.729927,0.729927,7.29927,0.835746521,1758.119,2.195085149,294.2894
0,82,11.3,4.2,0.1,0.1,0,0.2,0,0,0.5,0.65191039,944.4444444,1.430531232,290.3110046
4.379562,65.69343,12.40876,5.109489,0.729927,1.459854,0.729927,0.729927,0.729927,0.729927,7.29927,0.835746521,1761.369,2.19914291,294.2967
4.784689,83.73206,4.784689,1.674641,0.2392344,0.4784689,1.196172,0.2392344,0.2392344,0.2392344,2.392344,0.670483235,173.9607,0.219001038,275.5603
0,0,0,0,0,0,0,0,0,0,100,1.519157749,239.5,0.223622782,275.5
17.69912,35.39823,8.849558,6.19469,0.8849558,1.769912,4.424779,0.8849558,0.8849558,0.8849558,22.12389,1.070778126,62.51936,0.052623366,268.4204
0,87.56,0,0,0,0,0,0,0,0,12.44,0.673872793,2055.555556,2.865853992,292.1138916
0,74.96,0,0,0,0,0,0,0,0,25.04,0.795510418,217.56,0.283221655,275.6
4.784689,83.73206,4.784689,1.674641,0.2392344,0.4784689,1.196172,0.2392344,0.2392344,0.2392344,2.392344,0.670483235,1406.35,1.770469481,291.4572
1.686341,92.74874,1.686341,1.180438,0.1686341,0.3372681,0.8431703,0.1686341,0.1686341,0.1686341,0.8431703,0.618590173,1325.524,1.867068133,289.7694
0.7407407,88.88889,1.851852,2.592593,0.3703704,0.7407407,1.851852,0.3703704,0.3703704,0.3703704,1.851852,0.685139183,290.0701,0.423137406,280.4788
17.69912,35.39823,8.849558,6.19469,0.8849558,1.769912,4.424779,0.8849558,0.8849558,0.8849558,22.12389,1.070778126,1363.821,1.147946048,291.5409
0.7407407,88.88889,1.851852,2.592593,0.3703704,0.7407407,1.851852,0.3703704,0.3703704,0.3703704,1.851852,0.685139183,691.2636,1.00837517,287.2378
4.520796,86.79928,0.9041591,1.265823,0.1808318,0.3616637,0.9041591,0.1808318,0.1808318,0.1808318,4.520796,0.655660836,153.8659,0.193297543,272.9944
0,52.55,4.74,3.11,1.31,1.88,0,4.01,0,0,31.4,1.02843914,86.01,0.110782373,273.7
0,50.58,0,0,0,0,0,0,0,0,49.42,1.030869569,2500,2.884648225,292.9526672
0,12.38,1.96,1.66,0.37,0.48,0,0,0,0,83.15,1.39440368,999,0.99719447,290.94
1.340483,80.42895,6.702413,1.876676,0.2680965,0.536193,1.340483,0.2680965,0.2680965,0.2680965,6.702413,0.727137989,56.77447,0.078349597,255.5509
0,74.96,0,0,0,0,0,0,0,0,25.04,0.795510418,2055.555556,2.675941568,292.3589478
0,0,0,0,0,0,0,0,0,0,100,1.519157749,565.6,0.528104575,282.41
0,50.58,0,0,0,0,0,0,0,0,49.42,1.030869569,2277.777778,2.62823505,292.6289063
4.379562,65.69343,12.40876,5.109489,0.729927,1.459854,0.729927,0.729927,0.729927,0.729927,7.29927,0.835746521,669.2787,0.835622467,288.9524
2.325581,62.0155,7.751938,5.426357,0.7751938,1.550388,3.875969,0.7751938,0.7751938,0.7751938,13.95349,0.945298948,57.2944,0.074631464,264.1168
0,94.5,0,0,0,0,0,0,0,0,5.5,0.606875561,1611.111111,2.337586128,290.8858948
3.490401,87.26003,1.745201,1.22164,0.1745201,0.3490401,0.8726003,0.1745201,0.1745201,0.1745201,4.363002,0.65573579,2114.835,2.747410895,292.235
0,0,0,60,0,0,0,0,0,0,40,1.520959613,115,0.144110276,279.71
0.7407407,88.88889,1.851852,2.592593,0.3703704,0.7407407,1.851852,0.3703704,0.3703704,0.3703704,1.851852,0.685139183,2466.761,3.598367603,294.4082
0,10.04,0,0,0,0,0,0,0,0,89.96,1.4222338,1332,1.29265369,291.09
0,0,0,0,0,0,0,0,0,0,100,1.519157749,507.6,0.47394958,281.46
5.714286,64.7619,16.19048,6.666667,0.952381,1.904762,0.952381,0.952381,0.952381,0.952381,0,0.82973851,41.38835,0.051524432,259.9552
1.677852,83.89262,5.704698,2.348993,0.3355705,0.6711409,1.677852,0.3355705,0.3355705,0.3355705,2.684564,0.702698121,2140.535,2.993788944,294.1283
0.7407407,88.88889,1.851852,2.592593,0.3703704,0.7407407,1.851852,0.3703704,0.3703704,0.3703704,1.851852,0.685139183,1329.975,1.940090245,291.4167
1.686341,92.74874,1.686341,1.180438,0.1686341,0.3372681,0.8431703,0.1686341,0.1686341,0.1686341,0.8431703,0.618590173,1121.94,1.58030969,288.7299
0,50,0,0,0,0,0,0,0,0,50,1.036468761,265.41,0.305420023,274.2
4.411765,73.52941,6.25,2.573529,0.3676471,0.7352941,1.838235,0.3676471,0.3676471,0.3676471,9.191176,0.779020869,904.3178,1.116418434,289.2864
4.411765,73.52941,6.25,2.573529,0.3676471,0.7352941,1.838235,0.3676471,0.3676471,0.3676471,9.191176,0.779020869,1696.912,2.094909375,292.687
13.44086,64.51613,9.139785,3.763441,0.5376344,1.075269,0.5376344,0.5376344,0.5376344,0.5376344,5.376344,0.768418394,1848.407,1.804383912,294.4154
0,85,0,0,0,0,0,0,0,0,15,0.698586469,500,0.687190764,283.1618347
1.340483,80.42895,6.702413,1.876676,0.2680965,0.536193,1.340483,0.2680965,0.2680965,0.2680965,6.702413,0.727137989,1141.779,1.575671684,290.3727
0,52.55,4.74,3.11,1.31,1.88,0,4.01,0,0,31.4,1.02843914,2055.555556,2.647591245,293.795105
4.379562,65.69343,12.40876,5.109489,0.729927,1.459854,0.729927,0.729927,0.729927,0.729927,7.29927,0.835746521,83.24821,0.103938874,273.044
0,50,0,0,0,0,0,0,0,0,50,1.036468761,261,0.300345224,273.5
0,7.86,1.13,0.86,0.2,0.33,0,0,0,0,89.62,1.440449575,796,0.773997082,286.6
4.411765,73.52941,6.25,2.573529,0.3676471,0.7352941,1.838235,0.3676471,0.3676471,0.3676471,9.191176,0.779020869,211.303,0.260862458,278.2316
0,90,0,0,0,0,0,0,0,0,10,0.65031757,500,0.706813684,283.0489502
0,85.75,0,0,0,0,0,0,0,0,14.25,0.691346134,2500,3.45032226,293.0974121
0.530504,92.8382,1.32626,1.856764,0.265252,0.530504,1.32626,0.265252,0.265252,0.265252,0.530504,0.64017476,91.04729,0.13447638,264.1898
5.714286,64.7619,16.19048,6.666667,0.952381,1.904762,0.952381,0.952381,0.952381,0.952381,0,0.82973851,2108.253,2.624567993,295.9987
4.784689,83.73206,4.784689,1.674641,0.2392344,0.4784689,1.196172,0.2392344,0.2392344,0.2392344,2.392344,0.670483235,607.3497,0.764599217,285.8066
0,51.62,0,0,0,0,0,0,0,0,48.38,1.020829638,1166.666667,1.352727269,289.1873169
0,93,0,0,0,0,0,0,0,0,7,0.621356231,2500,3.595673685,292.9358215
3.490401,87.26003,1.745201,1.22164,0.1745201,0.3490401,0.8726003,0.1745201,0.1745201,0.1745201,4.363002,0.65573579,1179.803,1.532698114,289.0057
4.411765,73.52941,6.25,2.573529,0.3676471,0.7352941,1.838235,0.3676471,0.3676471,0.3676471,9.191176,0.779020869,110.3051,0.136176294,272.9929
0.7407407,88.88889,1.851852,2.592593,0.3703704,0.7407407,1.851852,0.3703704,0.3703704,0.3703704,1.851852,0.685139183,110.9925,0.161909409,271.8644
2.325581,62.0155,7.751938,5.426357,0.7751938,1.550388,3.875969,0.7751938,0.7751938,0.7751938,13.95349,0.945298948,256.6606,0.334325105,281.4006
1.340483,80.42895,6.702413,1.876676,0.2680965,0.536193,1.340483,0.2680965,0.2680965,0.2680965,6.702413,0.727137989,197.2135,0.272157508,276.9258
0,78.4,0,0,0,0,0,0,0,0,21.6,0.762301415,1833.333333,2.430625528,291.7189026
0,51.62,0,0,0,0,0,0,0,0,48.38,1.020829638,2277.777778,2.641038953,292.6289063
2.325581,62.0155,7.751938,5.426357,0.7751938,1.550388,3.875969,0.7751938,0.7751938,0.7751938,13.95349,0.945298948,2013.434,2.62269134,293.8866
4.520796,86.79928,0.9041591,1.265823,0.1808318,0.3616637,0.9041591,0.1808318,0.1808318,0.1808318,4.520796,0.655660836,1487.638,1.868879135,290.1707
4.520796,86.79928,0.9041591,1.265823,0.1808318,0.3616637,0.9041591,0.1808318,0.1808318,0.1808318,4.520796,0.655660836,1165.187,1.463792719,288.7603
0,74.3,0,0,0,0,0,0,0,0,25.7,0.801881912,722.2222222,0.93694342,286.2550049
0.530504,92.8382,1.32626,1.856764,0.265252,0.530504,1.32626,0.265252,0.265252,0.265252,0.530504,0.64017476,2353.815,3.476572665,293.5989
4.784689,83.73206,4.784689,1.674641,0.2392344,0.4784689,1.196172,0.2392344,0.2392344,0.2392344,2.392344,0.670483235,128.107,0.161275311,273.0297
3.490401,87.26003,1.745201,1.22164,0.1745201,0.3490401,0.8726003,0.1745201,0.1745201,0.1745201,4.363002,0.65573579,606.6668,0.788129086,284.3567
0.530504,92.8382,1.32626,1.856764,0.265252,0.530504,1.32626,0.265252,0.265252,0.265252,0.530504,0.64017476,110.3158,0.16293587,268.5377
0,82.16,0,0,0,0,0,0,0,0,17.84,0.726003203,1166.666667,1.578552754,289.2134094
13.44086,64.51613,9.139785,3.763441,0.5376344,1.075269,0.5376344,0.5376344,0.5376344,0.5376344,5.376344,0.768418394,1915.98,1.870347541,294.5847
4.520796,86.79928,0.9041591,1.265823,0.1808318,0.3616637,0.9041591,0.1808318,0.1808318,0.1808318,4.520796,0.655660836,37.23034,0.046771463,242.7061
0.6465517,90.51724,4.310345,1.508621,0.2155172,0.4310345,1.077586,0.2155172,0.2155172,0.2155172,0.6465517,0.641855639,1319.774,1.932843718,290.8435
4.520796,86.79928,0.9041591,1.265823,0.1808318,0.3616637,0.9041591,0.1808318,0.1808318,0.1808318,4.520796,0.655660836,1216.77,1.528595038,289.0209
0,80,0,0,0,0,0,0,0,0,20,0.746855368,738,0.986894892,285.86
3.490401,87.26003,1.745201,1.22164,0.1745201,0.3490401,0.8726003,0.1745201,0.1745201,0.1745201,4.363002,0.65573579,150.1684,0.19508581,272.6292
0,82.16,0,0,0,0,0,0,0,0,17.84,0.726003203,1833.333333,2.480582899,291.603363
0.7407407,88.88889,1.851852,2.592593,0.3703704,0.7407407,1.851852,0.3703704,0.3703704,0.3703704,1.851852,0.685139183,342.959,0.50028866,281.8372
3.490401,87.26003,1.745201,1.22164,0.1745201,0.3490401,0.8726003,0.1745201,0.1745201,0.1745201,4.363002,0.65573579,173.4488,0.225329694,274.0617
0.6465517,90.51724,4.310345,1.508621,0.2155172,0.4310345,1.077586,0.2155172,0.2155172,0.2155172,0.6465517,0.641855639,41.65981,0.061011887,247.0392
13.44086,64.51613,9.139785,3.763441,0.5376344,1.075269,0.5376344,0.5376344,0.5376344,0.5376344,5.376344,0.768418394,387.2113,0.377989177,284.5891
0,90,0,0,0,0,0,0,0,0,10,0.65031757,944.4444444,1.335092514,287.8339539
3.490401,87.26003,1.745201,1.22164,0.1745201,0.3490401,0.8726003,0.1745201,0.1745201,0.1745201,4.363002,0.65573579,1508.578,1.959814185,290.4426
0,84.21,0,0,0,0,0,0,0,0,15.79,0.706212955,1833.333333,2.508695137,291.5339966
0,50,0,0,0,0,0,0,0,0,50,1.036468761,647,0.744533947,281.7
0.530504,92.8382,1.32626,1.856764,0.265252,0.530504,1.32626,0.265252,0.265252,0.265252,0.530504,0.64017476,407.647,0.602092525,282.2532
0.530504,92.8382,1.32626,1.856764,0.265252,0.530504,1.32626,0.265252,0.265252,0.265252,0.530504,0.64017476,49.7517,0.073483005,251.31
0,94.5,0,0,0,0,0,0,0,0,5.5,0.606875561,944.4444444,1.370309109,287.7431946
5.714286,64.7619,16.19048,6.666667,0.952381,1.904762,0.952381,0.952381,0.952381,0.952381,0,0.82973851,2244.603,2.794310356,296.3115
0,50.02,0,0,0,0,0,0,0,0,49.98,1.036275685,722.2222222,0.831173051,286.2098694
17.69912,35.39823,8.849558,6.19469,0.8849558,1.769912,4.424779,0.8849558,0.8849558,0.8849558,22.12389,1.070778126,78.05951,0.065703715,273.0795
0,50,0,0,0,0,0,0,0,0,50,1.036468761,1388.888889,1.598261092,290.4651794
0,50.02,0,0,0,0,0,0,0,0,49.98,1.036275685,1166.666667,1.342664159,289.1873169
1.340483,80.42895,6.702413,1.876676,0.2680965,0.536193,1.340483,0.2680965,0.2680965,0.2680965,6.702413,0.727137989,1587.153,2.190294305,292.1906
0.530504,92.8382,1.32626,1.856764,0.265252,0.530504,1.32626,0.265252,0.265252,0.265252,0.530504,0.64017476,2422.341,3.577785215,293.7446
1.686341,92.74874,1.686341,1.180438,0.1686341,0.3372681,0.8431703,0.1686341,0.1686341,0.1686341,0.8431703,0.618590173,991.6428,1.396779441,287.9157
3.490401,87.26003,1.745201,1.22164,0.1745201,0.3490401,0.8726003,0.1745201,0.1745201,0.1745201,4.363002,0.65573579,152.387,0.197968023,272.9804
1.677852,83.89262,5.704698,2.348993,0.3355705,0.6711409,1.677852,0.3355705,0.3355705,0.3355705,2.684564,0.702698121,113.9464,0.159367388,272.8332
0,46.53,0,0,0,0,0,0,0,0,53.47,1.069967377,258.16,0.292360706,273.5
0.530504,92.8382,1.32626,1.856764,0.265252,0.530504,1.32626,0.265252,0.265252,0.265252,0.530504,0.64017476,2217.09,3.274630542,293.2977
4.520796,86.79928,0.9041591,1.265823,0.1808318,0.3616637,0.9041591,0.1808318,0.1808318,0.1808318,4.520796,0.655660836,126.8607,0.159371645,268.5007
0,50.02,0,0,0,0,0,0,0,0,49.98,1.036275685,944.4444444,1.086918605,288.2112732
0,12.38,1.96,1.66,0.37,0.48,0,0,0,0,83.15,1.39440368,598,0.596919212,282.32
4.411765,73.52941,6.25,2.573529,0.3676471,0.7352941,1.838235,0.3676471,0.3676471,0.3676471,9.191176,0.779020869,109.1715,0.134776817,272.7658
0,56,0,0,0,0,0,0,0,0,44,0.978546082,1388.888889,1.64412246,290.4651794
0,50.4,0,0,0,0,0,0,0,0,49.6,1.032607249,500,0.576445957,283.8873596
1.340483,80.42895,6.702413,1.876676,0.2680965,0.536193,1.340483,0.2680965,0.2680965,0.2680965,6.702413,0.727137989,1206.86,1.665484414,290.7015
0,86,0,0,0,0,0,0,0,0,14,0.688932689,2277.777778,3.148015062,292.6747437
4.784689,83.73206,4.784689,1.674641,0.2392344,0.4784689,1.196172,0.2392344,0.2392344,0.2392344,2.392344,0.670483235,2326.573,2.928948336,294.1079
13.44086,64.51613,9.139785,3.763441,0.5376344,1.075269,0.5376344,0.5376344,0.5376344,0.5376344,5.376344,0.768418394,2051.576,2.002714082,294.9096
0.6465517,90.51724,4.310345,1.508621,0.2155172,0.4310345,1.077586,0.2155172,0.2155172,0.2155172,0.6465517,0.641855639,138.5954,0.202976607,273.2257
0,50,0,0,0,0,0,0,0,0,50,1.036468761,1195,1.375143843,290.1
4.411765,73.52941,6.25,2.573529,0.3676471,0.7352941,1.838235,0.3676471,0.3676471,0.3676471,9.191176,0.779020869,1291.856,1.594850673,291.3822
0,7.86,1.13,0.86,0.2,0.33,0,0,0,0,89.62,1.440449575,194,0.18863748,273.7
0,86,0,0,0,0,0,0,0,0,14,0.688932689,1833.333333,2.53376822,291.5339966
4.784689,83.73206,4.784689,1.674641,0.2392344,0.4784689,1.196172,0.2392344,0.2392344,0.2392344,2.392344,0.670483235,1173.826,1.477742461,290.4063
0.6465517,90.51724,4.310345,1.508621,0.2155172,0.4310345,1.077586,0.2155172,0.2155172,0.2155172,0.6465517,0.641855639,132.0731,0.193424527,272.4197
0,51.62,0,0,0,0,0,0,0,0,48.38,1.020829638,2500,2.898701289,292.9526672
4.411765,73.52941,6.25,2.573529,0.3676471,0.7352941,1.838235,0.3676471,0.3676471,0.3676471,9.191176,0.779020869,1665.667,2.056336106,292.6066
0,59,0,0,0,0,0,0,0,0,42,0.96477632,813.19,0.964237861,281.1
4.411765,73.52941,6.25,2.573529,0.3676471,0.7352941,1.838235,0.3676471,0.3676471,0.3676471,9.191176,0.779020869,1556.379,1.921415464,292.3027
0,64,0,0,0,0,0,0,0,0,36,0.901315844,944.4444444,1.162479007,288.2360535
0,74.96,0,0,0,0,0,0,0,0,25.04,0.795510418,722.2222222,0.940195686,286.2550049
4.411765,73.52941,6.25,2.573529,0.3676471,0.7352941,1.838235,0.3676471,0.3676471,0.3676471,9.191176,0.779020869,2091.959,2.582611545,293.6825
0.7407407,88.88889,1.851852,2.592593,0.3703704,0.7407407,1.851852,0.3703704,0.3703704,0.3703704,1.851852,0.685139183,79.28732,0.115659735,264.2045
4.379562,65.69343,12.40876,5.109489,0.729927,1.459854,0.729927,0.729927,0.729927,0.729927,7.29927,0.835746521,1896.255,2.367553727,294.6431
13.44086,64.51613,9.139785,3.763441,0.5376344,1.075269,0.5376344,0.5376344,0.5376344,0.5376344,5.376344,0.768418394,1744.878,1.703320638,294.1446
1.686341,92.74874,1.686341,1.180438,0.1686341,0.3372681,0.8431703,0.1686341,0.1686341,0.1686341,0.8431703,0.618590173,47.42514,0.066800728,247.0258
0.530504,92.8382,1.32626,1.856764,0.265252,0.530504,1.32626,0.265252,0.265252,0.265252,0.530504,0.64017476,20.21618,0.029859194,234.1963
0,50.58,0,0,0,0,0,0,0,0,49.42,1.030869569,725.19,0.836767219,283
17.69912,35.39823,8.849558,6.19469,0.8849558,1.769912,4.424779,0.8849558,0.8849558,0.8849558,22.12389,1.070778126,75.62236,0.063652334,272.7072
0,50.02,0,0,0,0,0,0,0,0,49.98,1.036275685,2500,2.877137483,292.9526672
2.325581,62.0155,7.751938,5.426357,0.7751938,1.550388,3.875969,0.7751938,0.7751938,0.7751938,13.95349,0.945298948,2149.428,2.799836598,294.1897
5.714286,64.7619,16.19048,6.666667,0.952381,1.904762,0.952381,0.952381,0.952381,0.952381,0,0.82973851,72.36158,0.090083063,272.466
13.44086,64.51613,9.139785,3.763441,0.5376344,1.075269,0.5376344,0.5376344,0.5376344,0.5376344,5.376344,0.768418394,2667.651,2.604116164,296.2095
4.520796,86.79928,0.9041591,1.265823,0.1808318,0.3616637,0.9041591,0.1808318,0.1808318,0.1808318,4.520796,0.655660836,598.0045,0.751256779,284.1241
0,78,0,2,0,0,0,0,0,0,20,0.766222989,1388.888889,1.859836751,291.1741943
0.7407407,88.88889,1.851852,2.592593,0.3703704,0.7407407,1.851852,0.3703704,0.3703704,0.3703704,1.851852,0.685139183,2673.109,3.899376075,294.8126
0.6465517,90.51724,4.310345,1.508621,0.2155172,0.4310345,1.077586,0.2155172,0.2155172,0.2155172,0.6465517,0.641855639,1304.409,1.910341272,290.7745
0,78,0,2,0,0,0,0,0,0,20,0.766222989,500,0.66954123,284.5227051
1.340483,80.42895,6.702413,1.876676,0.2680965,0.536193,1.340483,0.2680965,0.2680965,0.2680965,6.702413,0.727137989,2263.438,3.123577475,293.9911
1.340483,80.42895,6.702413,1.876676,0.2680965,0.536193,1.340483,0.2680965,0.2680965,0.2680965,6.702413,0.727137989,349.5303,0.482356915,281.6555
0.530504,92.8382,1.32626,1.856764,0.265252,0.530504,1.32626,0.265252,0.265252,0.265252,0.530504,0.64017476,127.2128,0.187892652,271.8491
4.520796,86.79928,0.9041591,1.265823,0.1808318,0.3616637,0.9041591,0.1808318,0.1808318,0.1808318,4.520796,0.655660836,2434.909,3.058909913,292.7317
0.7407407,88.88889,1.851852,2.592593,0.3703704,0.7407407,1.851852,0.3703704,0.3703704,0.3703704,1.851852,0.685139183,2329.679,3.398400347,294.1269
0,85.75,0,0,0,0,0,0,0,0,14.25,0.691346134,2277.777778,3.143626948,292.6747437
4.784689,83.73206,4.784689,1.674641,0.2392344,0.4784689,1.196172,0.2392344,0.2392344,0.2392344,2.392344,0.670483235,19.93101,0.025091368,234.1812
0,64,0,0,0,0,0,0,0,0,36,0.901315844,2055.555556,2.530101369,292.2522583
17.69912,35.39823,8.849558,6.19469,0.8849558,1.769912,4.424779,0.8849558,0.8849558,0.8849558,22.12389,1.070778126,803.2738,0.676126108,288.9471
13.44086,64.51613,9.139785,3.763441,0.5376344,1.075269,0.5376344,0.5376344,0.5376344,0.5376344,5.376344,0.768418394,679.6799,0.663492119,288.7814
5.714286,64.7619,16.19048,6.666667,0.952381,1.904762,0.952381,0.952381,0.952381,0.952381,0,0.82973851,739.539,0.920653446,290.3269
3.490401,87.26003,1.745201,1.22164,0.1745201,0.3490401,0.8726003,0.1745201,0.1745201,0.1745201,4.363002,0.65573579,1161.201,1.508532003,288.908
4.379562,65.69343,12.40876,5.109489,0.729927,1.459854,0.729927,0.729927,0.729927,0.729927,7.29927,0.835746521,1608.777,2.008625412,293.9276
0,90,0,0,0,0,0,0,0,0,10,0.65031757,1833.333333,2.591650174,291.460083
0.7407407,88.88889,1.851852,2.592593,0.3703704,0.7407407,1.851852,0.3703704,0.3703704,0.3703704,1.851852,0.685139183,117.4089,0.171269281,273.0916
0,36,0,0,0,0,0,0,0,0,64,1.171621678,406.11,0.438772203,277.15
0,50,0,0,0,0,0,0,0,0,50,1.036468761,488.79,0.562474108,280.1
0,92,0,0,0,0,0,0,0,0,8,0.63101001,1166.666667,1.668287289,289.0549622
0.6465517,90.51724,4.310345,1.508621,0.2155172,0.4310345,1.077586,0.2155172,0.2155172,0.2155172,0.6465517,0.641855639,1323.08,1.937685442,290.8582
1.677852,83.89262,5.704698,2.348993,0.3355705,0.6711409,1.677852,0.3355705,0.3355705,0.3355705,2.684564,0.702698121,43.16376,0.060369575,251.3177
5.714286,64.7619,16.19048,6.666667,0.952381,1.904762,0.952381,0.952381,0.952381,0.952381,0,0.82973851,1399.537,1.742286156,294.0934
0,85,0,0,0,0,0,0,0,0,15,0.698586469,1166.666667,1.603445117,289.144043
0,80,0,0,0,0,0,0,0,0,20,0.746855368,1166.666667,1.560131943,289.328949
4.520796,86.79928,0.9041591,1.265823,0.1808318,0.3616637,0.9041591,0.1808318,0.1808318,0.1808318,4.520796,0.655660836,153.8659,0.193297543,272.9944
13.44086,64.51613,9.139785,3.763441,0.5376344,1.075269,0.5376344,0.5376344,0.5376344,0.5376344,5.376344,0.768418394,865.8107,0.845189884,290.4109
4.520796,86.79928,0.9041591,1.265823,0.1808318,0.3616637,0.9041591,0.1808318,0.1808318,0.1808318,4.520796,0.655660836,1256.288,1.578240426,289.2102
0.6465517,90.51724,4.310345,1.508621,0.2155172,0.4310345,1.077586,0.2155172,0.2155172,0.2155172,0.6465517,0.641855639,1529.8,2.240432317,291.698
4.520796,86.79928,0.9041591,1.265823,0.1808318,0.3616637,0.9041591,0.1808318,0.1808318,0.1808318,4.520796,0.655660836,104.8047,0.131663292,264.1528
0.530504,92.8382,1.32626,1.856764,0.265252,0.530504,1.32626,0.265252,0.265252,0.265252,0.530504,0.64017476,32.19113,0.047546134,242.7444
2.325581,62.0155,7.751938,5.426357,0.7751938,1.550388,3.875969,0.7751938,0.7751938,0.7751938,13.95349,0.945298948,591.2459,0.770154622,287.4593
3.490401,87.26003,1.745201,1.22164,0.1745201,0.3490401,0.8726003,0.1745201,0.1745201,0.1745201,4.363002,0.65573579,29.70566,0.038591027,238.4123
17.69912,35.39823,8.849558,6.19469,0.8849558,1.769912,4.424779,0.8849558,0.8849558,0.8849558,22.12389,1.070778126,500.8941,0.421609143,286.1364
4.411765,73.52941,6.25,2.573529,0.3676471,0.7352941,1.838235,0.3676471,0.3676471,0.3676471,9.191176,0.779020869,1161.168,1.43351083,290.7989
3.490401,87.26003,1.745201,1.22164,0.1745201,0.3490401,0.8726003,0.1745201,0.1745201,0.1745201,4.363002,0.65573579,161.5285,0.20984387,273.4664
0,50,0,0,0,0,0,0,0,0,50,1.036468761,1227,1.411967779,294
0,52.55,4.74,3.11,1.31,1.88,0,4.01,0,0,31.4,1.02843914,1833.333333,2.361365163,293.2225647
4.520796,86.79928,0.9041591,1.265823,0.1808318,0.3616637,0.9041591,0.1808318,0.1808318,0.1808318,4.520796,0.655660836,538.6637,0.676708547,283.316
0,91,0,0,0,0,0,0,0,0,9,0.64066379,210.99,0.299974409,278.87
4.379562,65.69343,12.40876,5.109489,0.729927,1.459854,0.729927,0.729927,0.729927,0.729927,7.29927,0.835746521,433.6097,0.541379857,285.8231
0,50,0,0,0,0,0,0,0,0,50,1.036468761,2277.777778,2.621148191,292.6289063
2.325581,62.0155,7.751938,5.426357,0.7751938,1.550388,3.875969,0.7751938,0.7751938,0.7751938,13.95349,0.945298948,1843.762,2.401677249,293.497
0.7407407,88.88889,1.851852,2.592593,0.3703704,0.7407407,1.851852,0.3703704,0.3703704,0.3703704,1.851852,0.685139183,27.86878,0.040653357,242.7578
4.520796,86.79928,0.9041591,1.265823,0.1808318,0.3616637,0.9041591,0.1808318,0.1808318,0.1808318,4.520796,0.655660836,152.3148,0.191348938,272.786
0,0,0,0,0,0,0,0,0,0,100,1.519157749,648,0.605042017,283.32
0,50,0,0,0,0,0,0,0,0,50,1.036468761,258.16,0.2970771,273.5
0.7407407,88.88889,1.851852,2.592593,0.3703704,0.7407407,1.851852,0.3703704,0.3703704,0.3703704,1.851852,0.685139183,96.17183,0.140289877,268.5528
0,78,0,2,0,0,0,0,0,0,20,0.766222989,1166.666667,1.562262871,289.8963318
0.7407407,88.88889,1.851852,2.592593,0.3703704,0.7407407,1.851852,0.3703704,0.3703704,0.3703704,1.851852,0.685139183,1462.162,2.132916959,291.9137
3.490401,87.26003,1.745201,1.22164,0.1745201,0.3490401,0.8726003,0.1745201,0.1745201,0.1745201,4.363002,0.65573579,152.8456,0.198563797,273.0055
3.490401,87.26003,1.745201,1.22164,0.1745201,0.3490401,0.8726003,0.1745201,0.1745201,0.1745201,4.363002,0.65573579,979.5717,1.27257491,287.8158
4.784689,83.73206,4.784689,1.674641,0.2392344,0.4784689,1.196172,0.2392344,0.2392344,0.2392344,2.392344,0.670483235,322.3431,0.405801274,280.7094
4.411765,73.52941,6.25,2.573529,0.3676471,0.7352941,1.838235,0.3676471,0.3676471,0.3676471,9.191176,0.779020869,75.14968,0.092775447,264.1308
4.379562,65.69343,12.40876,5.109489,0.729927,1.459854,0.729927,0.729927,0.729927,0.729927,7.29927,0.835746521,2167.831,2.706627728,295.2826
4.784689,83.73206,4.784689,1.674641,0.2392344,0.4784689,1.196172,0.2392344,0.2392344,0.2392344,2.392344,0.670483235,916.6461,1.153975856,288.8046
1.340483,80.42895,6.702413,1.876676,0.2680965,0.536193,1.340483,0.2680965,0.2680965,0.2680965,6.702413,0.727137989,121.4507,0.167603739,272.8478
13.44086,64.51613,9.139785,3.763441,0.5376344,1.075269,0.5376344,0.5376344,0.5376344,0.5376344,5.376344,0.768418394,443.2871,0.432729432,285.6344
0,0,0,0,0,0,0,0,0,0,100,1.519157749,290.1,0.270868347,277.16
0,76.31,0,0,0,0,0,0,0,0,23.69,0.782477815,1388.888889,1.820997836,290.5892029
0,7.86,1.13,0.86,0.2,0.33,0,0,0,0,89.62,1.440449575,1197,1.163912697,295.2
0,24.42,3.07,0.75,0.92,0,0,0,0,0,66.85,1.212530304,227.05,0.249488474,279.3
2.325581,62.0155,7.751938,5.426357,0.7751938,1.550388,3.875969,0.7751938,0.7751938,0.7751938,13.95349,0.945298948,161.9916,0.211009632,277.8783
5.714286,64.7619,16.19048,6.666667,0.952381,1.904762,0.952381,0.952381,0.952381,0.952381,0,0.82973851,50.42152,0.062769842,264.2512
0.7407407,88.88889,1.851852,2.592593,0.3703704,0.7407407,1.851852,0.3703704,0.3703704,0.3703704,1.851852,0.685139183,147.0229,0.214468463,274.9134
0,50,0,0,0,0,0,0,0,0,50,1.036468761,2500,2.876869965,292.9526672
0,85,0,0,0,0,0,0,0,0,15,0.698586469,2277.777778,3.130535704,292.6747437
1.677852,83.89262,5.704698,2.348993,0.3355705,0.6711409,1.677852,0.3355705,0.3355705,0.3355705,2.684564,0.702698121,2345.406,3.280325036,294.5891
5.714286,64.7619,16.19048,6.666667,0.952381,1.904762,0.952381,0.952381,0.952381,0.952381,0,0.82973851,864.2668,1.075927311,291.3448
17.69912,35.39823,8.849558,6.19469,0.8849558,1.769912,4.424779,0.8849558,0.8849558,0.8849558,22.12389,1.070778126,230.2482,0.193802934,280.837
0,87.56,0,0,0,0,0,0,0,0,12.44,0.673872793,500,0.697099619,283.0420227
0,54.21,0,0,0,0,0,0,0,0,45.79,0.995826348,739.69,0.868189311,283.2
0.530504,92.8382,1.32626,1.856764,0.265252,0.530504,1.32626,0.265252,0.265252,0.265252,0.530504,0.64017476,1742.688,2.573941225,292.0913
3.490401,87.26003,1.745201,1.22164,0.1745201,0.3490401,0.8726003,0.1745201,0.1745201,0.1745201,4.363002,0.65573579,151.0453,0.196225002,272.7686
13.44086,64.51613,9.139785,3.763441,0.5376344,1.075269,0.5376344,0.5376344,0.5376344,0.5376344,5.376344,0.768418394,88.56749,0.086458098,272.6695
4.520796,86.79928,0.9041591,1.265823,0.1808318,0.3616637,0.9041591,0.1808318,0.1808318,0.1808318,4.520796,0.655660836,1232.101,1.547854956,289.0951
4.784689,83.73206,4.784689,1.674641,0.2392344,0.4784689,1.196172,0.2392344,0.2392344,0.2392344,2.392344,0.670483235,220.6371,0.277762472,277.5454
17.69912,35.39823,8.849558,6.19469,0.8849558,1.769912,4.424779,0.8849558,0.8849558,0.8849558,22.12389,1.070778126,68.98975,0.058069579,270.6242
1.686341,92.74874,1.686341,1.180438,0.1686341,0.3372681,0.8431703,0.1686341,0.1686341,0.1686341,0.8431703,0.618590173,1994.821,2.809807081,292.064
0,78.4,0,0,0,0,0,0,0,0,21.6,0.762301415,1388.888889,1.841382976,290.6068115
3.490401,87.26003,1.745201,1.22164,0.1745201,0.3490401,0.8726003,0.1745201,0.1745201,0.1745201,4.363002,0.65573579,321.7382,0.417974469,279.2412
4.784689,83.73206,4.784689,1.674641,0.2392344,0.4784689,1.196172,0.2392344,0.2392344,0.2392344,2.392344,0.670483235,2463.647,3.101512302,294.4064
0,52,0,0,0,0,0,0,0,0,48,1.017161201,362.61,0.421188961,277.15
0.7407407,88.88889,1.851852,2.592593,0.3703704,0.7407407,1.851852,0.3703704,0.3703704,0.3703704,1.851852,0.685139183,2535.451,3.698568584,294.5452
17.69912,35.39823,8.849558,6.19469,0.8849558,1.769912,4.424779,0.8849558,0.8849558,0.8849558,22.12389,1.070778126,2556.825,2.152113184,294.0537
4.379562,65.69343,12.40876,5.109489,0.729927,1.459854,0.729927,0.729927,0.729927,0.729927,7.29927,0.835746521,131.9456,0.164739604,276.5565
4.784689,83.73206,4.784689,1.674641,0.2392344,0.4784689,1.196172,0.2392344,0.2392344,0.2392344,2.392344,0.670483235,2121.799,2.671156096,293.6323
0,87,0,0,0,0,0,0,0,0,13,0.679278909,944.4444444,1.312603464,287.8270264
0.530504,92.8382,1.32626,1.856764,0.265252,0.530504,1.32626,0.265252,0.265252,0.265252,0.530504,0.64017476,2285.396,3.375518153,293.4501
2.325581,62.0155,7.751938,5.426357,0.7751938,1.550388,3.875969,0.7751938,0.7751938,0.7751938,13.95349,0.945298948,83.53792,0.108816171,272.6135
0,87,0,0,0,0,0,0,0,0,13,0.679278909,2277.777778,3.165690708,292.5969849
4.379562,65.69343,12.40876,5.109489,0.729927,1.459854,0.729927,0.729927,0.729927,0.729927,7.29927,0.835746521,1686.549,2.105727009,294.1234
0.7407407,88.88889,1.851852,2.592593,0.3703704,0.7407407,1.851852,0.3703704,0.3703704,0.3703704,1.851852,0.685139183,1595.32,2.327160112,292.343
0,10.04,0,0,0,0,0,0,0,0,89.96,1.4222338,1499,1.454720632,293.13
0,87,0,0,0,0,0,0,0,0,13,0.679278909,2055.555556,2.856842834,292.1138916
3.490401,87.26003,1.745201,1.22164,0.1745201,0.3490401,0.8726003,0.1745201,0.1745201,0.1745201,4.363002,0.65573579,14.33322,0.018620481,225.6094
0.6465517,90.51724,4.310345,1.508621,0.2155172,0.4310345,1.077586,0.2155172,0.2155172,0.2155172,0.6465517,0.641855639,1323.08,1.937685442,290.8582
5.714286,64.7619,16.19048,6.666667,0.952381,1.904762,0.952381,0.952381,0.952381,0.952381,0,0.82973851,1972.422,2.455471734,295.6698
1.340483,80.42895,6.702413,1.876676,0.2680965,0.536193,1.340483,0.2680965,0.2680965,0.2680965,6.702413,0.727137989,121.0979,0.167116869,272.7775
1.677852,83.89262,5.704698,2.348993,0.3355705,0.6711409,1.677852,0.3355705,0.3355705,0.3355705,2.684564,0.702698121,1936.805,2.708848674,293.6298
0,91,0,0,0,0,0,0,0,0,9,0.64066379,256.99,0.365374773,280.37
3.490401,87.26003,1.745201,1.22164,0.1745201,0.3490401,0.8726003,0.1745201,0.1745201,0.1745201,4.363002,0.65573579,1978.978,2.570917219,291.8905
0,52.55,4.74,3.11,1.31,1.88,0,4.01,0,0,31.4,1.02843914,2500,3.220043405,294.5793762
0,85,0,0,0,0,0,0,0,0,15,0.698586469,1611.111111,2.214281351,291.0505676
3.490401,87.26003,1.745201,1.22164,0.1745201,0.3490401,0.8726003,0.1745201,0.1745201,0.1745201,4.363002,0.65573579,2046.838,2.659075068,292.0655
0.7407407,88.88889,1.851852,2.592593,0.3703704,0.7407407,1.851852,0.3703704,0.3703704,0.3703704,1.851852,0.685139183,1395.938,2.036313236,291.6745
13.44086,64.51613,9.139785,3.763441,0.5376344,1.075269,0.5376344,0.5376344,0.5376344,0.5376344,5.376344,0.768418394,1522.982,1.486709485,293.5538
4.520796,86.79928,0.9041591,1.265823,0.1808318,0.3616637,0.9041591,0.1808318,0.1808318,0.1808318,4.520796,0.655660836,2366.467,2.972928091,292.584
0,50.58,0,0,0,0,0,0,0,0,49.42,1.030869569,1611.111111,1.858995523,291.0880737
4.411765,73.52941,6.25,2.573529,0.3676471,0.7352941,1.838235,0.3676471,0.3676471,0.3676471,9.191176,0.779020869,109.4944,0.135175451,272.8361
1.677852,83.89262,5.704698,2.348993,0.3355705,0.6711409,1.677852,0.3355705,0.3355705,0.3355705,2.684564,0.702698121,78.56118,0.109877013,264.1991
0,85,0,0,0,0,0,0,0,0,15,0.698586469,2500,3.435953821,293.0974121
0,52.55,4.74,3.11,1.31,1.88,0,4.01,0,0,31.4,1.02843914,243.77,0.313979992,282
0.6465517,90.51724,4.310345,1.508621,0.2155172,0.4310345,1.077586,0.2155172,0.2155172,0.2155172,0.6465517,0.641855639,679.0632,0.994505908,286.316
0.530504,92.8382,1.32626,1.856764,0.265252,0.530504,1.32626,0.265252,0.265252,0.265252,0.530504,0.64017476,143.146,0.211425907,273.5967
1.686341,92.74874,1.686341,1.180438,0.1686341,0.3372681,0.8431703,0.1686341,0.1686341,0.1686341,0.8431703,0.618590173,1457.676,2.053210963,290.3309
0,77.78,0,0,0,0,0,0,0,0,22.22,0.768286759,2277.777778,3.009872735,292.842041
1.686341,92.74874,1.686341,1.180438,0.1686341,0.3372681,0.8431703,0.1686341,0.1686341,0.1686341,0.8431703,0.618590173,1927.071,2.714377752,291.8791
0,50,0,0,0,0,0,0,0,0,50,1.036468761,840,0.966628308,285.8
0,94,0,0,0,0,0,0,0,0,6,0.611702451,1611.111111,2.330755036,290.8858948
0.6465517,90.51724,4.310345,1.508621,0.2155172,0.4310345,1.077586,0.2155172,0.2155172,0.2155172,0.6465517,0.641855639,332.2309,0.486560887,280.5628
5.714286,64.7619,16.19048,6.666667,0.952381,1.904762,0.952381,0.952381,0.952381,0.952381,0,0.82973851,1789.42,2.227652211,295.2023
1.340483,80.42895,6.702413,1.876676,0.2680965,0.536193,1.340483,0.2680965,0.2680965,0.2680965,6.702413,0.727137989,1654.028,2.282582781,292.4042
0,60,0,0,0,0,0,0,0,0,40,0.939930963,1388.888889,1.676187411,290.4651794
1.677852,83.89262,5.704698,2.348993,0.3355705,0.6711409,1.677852,0.3355705,0.3355705,0.3355705,2.684564,0.702698121,28.02011,0.039189406,242.7514
4.784689,83.73206,4.784689,1.674641,0.2392344,0.4784689,1.196172,0.2392344,0.2392344,0.2392344,2.392344,0.670483235,1440.328,1.813244759,291.5879
4.784689,83.73206,4.784689,1.674641,0.2392344,0.4784689,1.196172,0.2392344,0.2392344,0.2392344,2.392344,0.670483235,31.53942,0.039705323,242.73
4.411765,73.52941,6.25,2.573529,0.3676471,0.7352941,1.838235,0.3676471,0.3676471,0.3676471,9.191176,0.779020869,1753.682,2.164994332,292.842
4.520796,86.79928,0.9041591,1.265823,0.1808318,0.3616637,0.9041591,0.1808318,0.1808318,0.1808318,4.520796,0.655660836,1289.462,1.619916019,289.363
0,52,0,0,0,0,0,0,0,0,48,1.017161201,944.4444444,1.097017661,288.2112732
0.530504,92.8382,1.32626,1.856764,0.265252,0.530504,1.32626,0.265252,0.265252,0.265252,0.530504,0.64017476,299.325,0.442101488,279.7235
0,91,0,0,0,0,0,0,0,0,9,0.64066379,1833.333333,2.606536245,291.460083
4.379562,65.69343,12.40876,5.109489,0.729927,1.459854,0.729927,0.729927,0.729927,0.729927,7.29927,0.835746521,1380.459,1.723560834,293.2376
0.530504,92.8382,1.32626,1.856764,0.265252,0.530504,1.32626,0.265252,0.265252,0.265252,0.530504,0.64017476,464.2595,0.685708897,283.2964
0,92,0,0,0,0,0,0,0,0,8,0.63101001,460.99,0.659197506,283.71
0,50,0,0,0,0,0,0,0,0,50,1.036468761,478.76,0.550932106,279.5
3.490401,87.26003,1.745201,1.22164,0.1745201,0.3490401,0.8726003,0.1745201,0.1745201,0.1745201,4.363002,0.65573579,1575.203,2.046367629,290.6806
0,78.14,0,0,0,0,0,0,0,0,21.86,0.764811398,944.4444444,1.250399098,288.2564087
0.530504,92.8382,1.32626,1.856764,0.265252,0.530504,1.32626,0.265252,0.265252,0.265252,0.530504,0.64017476,1210.527,1.787942161,290.1178
13.44086,64.51613,9.139785,3.763441,0.5376344,1.075269,0.5376344,0.5376344,0.5376344,0.5376344,5.376344,0.768418394,1738.219,1.696820234,294.1284
0,60,0,0,0,0,0,0,0,0,40,0.939930963,217.56,0.26256336,273.56
0,74.96,0,0,0,0,0,0,0,0,25.04,0.795510418,1166.666667,1.518777647,289.3113403
0,94.5,0,0,0,0,0,0,0,0,5.5,0.606875561,2055.555556,2.982437474,292.0300598
1.686341,92.74874,1.686341,1.180438,0.1686341,0.3372681,0.8431703,0.1686341,0.1686341,0.1686341,0.8431703,0.618590173,618.0973,0.87062156,284.4643
2.325581,62.0155,7.751938,5.426357,0.7751938,1.550388,3.875969,0.7751938,0.7751938,0.7751938,13.95349,0.945298948,1027.11,1.337909513,290.8562
3.490401,87.26003,1.745201,1.22164,0.1745201,0.3490401,0.8726003,0.1745201,0.1745201,0.1745201,4.363002,0.65573579,1194.457,1.551735325,289.0816
0,59,0,0,0,0,0,0,0,0,42,0.96477632,500,0.592873659,283.8873596
0.6465517,90.51724,4.310345,1.508621,0.2155172,0.4310345,1.077586,0.2155172,0.2155172,0.2155172,0.6465517,0.641855639,1797.776,2.632890213,292.5819
2.325581,62.0155,7.751938,5.426357,0.7751938,1.550388,3.875969,0.7751938,0.7751938,0.7751938,13.95349,0.945298948,1878.003,2.446279443,293.5683
0,51.62,0,0,0,0,0,0,0,0,48.38,1.020829638,735.34,0.852612402,283.1
0,12.38,1.66,0.37,0.48,0,0,0,0,0,83.19,1.364838057,372.1,0.375817641,279.3
1.686341,92.74874,1.686341,1.180438,0.1686341,0.3372681,0.8431703,0.1686341,0.1686341,0.1686341,0.8431703,0.618590173,155.659,0.219253637,273.0314
0.6465517,90.51724,4.310345,1.508621,0.2155172,0.4310345,1.077586,0.2155172,0.2155172,0.2155172,0.6465517,0.641855639,865.174,1.267070067,288.0948
17.69912,35.39823,8.849558,6.19469,0.8849558,1.769912,4.424779,0.8849558,0.8849558,0.8849558,22.12389,1.070778126,1526.321,1.284724432,292.0013
0,24.42,3.99,0.75,0.92,0,0,0,0,0,66.85,1.222079631,110,0.120012153,273.7
0,78,0,2,0,0,0,0,0,0,20,0.766222989,2277.777778,3.050132272,293.4240417
0,45.11,0,0,0,0,0,0,0,0,54.89,1.083675744,262.52,0.295379292,275.9
1.686341,92.74874,1.686341,1.180438,0.1686341,0.3372681,0.8431703,0.1686341,0.1686341,0.1686341,0.8431703,0.618590173,558.4268,0.786572618,283.6691
4.379562,65.69343,12.40876,5.109489,0.729927,1.459854,0.729927,0.729927,0.729927,0.729927,7.29927,0.835746521,83.62307,0.104406903,273.0776
3.490401,87.26003,1.745201,1.22164,0.1745201,0.3490401,0.8726003,0.1745201,0.1745201,0.1745201,4.363002,0.65573579,148.4289,0.192826002,272.3507
0,20,0,0,0,0,0,0,0,0,80,1.326082154,725.19,0.732367199,281.46
0.7407407,88.88889,1.851852,2.592593,0.3703704,0.7407407,1.851852,0.3703704,0.3703704,0.3703704,1.851852,0.685139183,2193.034,3.199070562,293.8342
4.379562,65.69343,12.40876,5.109489,0.729927,1.459854,0.729927,0.729927,0.729927,0.729927,7.29927,0.835746521,82.60968,0.103141643,272.8793
17.69912,35.39823,8.849558,6.19469,0.8849558,1.769912,4.424779,0.8849558,0.8849558,0.8849558,22.12389,1.070778126,559.5534,0.470983446,286.8311
0,86,0,0,0,0,0,0,0,0,14,0.688932689,2500,3.455138482,293.0974121
17.69912,35.39823,8.849558,6.19469,0.8849558,1.769912,4.424779,0.8849558,0.8849558,0.8849558,22.12389,1.070778126,1524.664,1.283329714,291.9973
1.340483,80.42895,6.702413,1.876676,0.2680965,0.536193,1.340483,0.2680965,0.2680965,0.2680965,6.702413,0.727137989,1405.313,1.939352451,291.551
4.411765,73.52941,6.25,2.573529,0.3676471,0.7352941,1.838235,0.3676471,0.3676471,0.3676471,9.191176,0.779020869,33.26987,0.041073057,246.9613
17.69912,35.39823,8.849558,6.19469,0.8849558,1.769912,4.424779,0.8849558,0.8849558,0.8849558,22.12389,1.070778126,619.2422,0.521224293,287.4489
4.520796,86.79928,0.9041591,1.265823,0.1808318,0.3616637,0.9041591,0.1808318,0.1808318,0.1808318,4.520796,0.655660836,480.4058,0.603520733,282.4136
0.7407407,88.88889,1.851852,2.592593,0.3703704,0.7407407,1.851852,0.3703704,0.3703704,0.3703704,1.851852,0.685139183,2742.068,3.999969457,294.9433
0.7407407,88.88889,1.851852,2.592593,0.3703704,0.7407407,1.851852,0.3703704,0.3703704,0.3703704,1.851852,0.685139183,454.0872,0.66239602,284.07
5.714286,64.7619,16.19048,6.666667,0.952381,1.904762,0.952381,0.952381,0.952381,0.952381,0,0.82973851,279.0204,0.347353003,283.1667
0,77.78,0,0,0,0,0,0,0,0,22.22,0.768286759,722.2222222,0.954349892,286.2550049
0.530504,92.8382,1.32626,1.856764,0.265252,0.530504,1.32626,0.265252,0.265252,0.265252,0.530504,0.64017476,1509.869,2.230068758,291.3492
0.7407407,88.88889,1.851852,2.592593,0.3703704,0.7407407,1.851852,0.3703704,0.3703704,0.3703704,1.851852,0.685139183,116.9735,0.170634144,273.0617
1.686341,92.74874,1.686341,1.180438,0.1686341,0.3372681,0.8431703,0.1686341,0.1686341,0.1686341,0.8431703,0.618590173,1129.498,1.590955518,288.773
0,94.5,0,0,0,0,0,0,0,0,5.5,0.606875561,2500,3.627288819,292.9425354
5.714286,64.7619,16.19048,6.666667,0.952381,1.904762,0.952381,0.952381,0.952381,0.952381,0,0.82973851,2449.986,3.049992026,296.7554
0.530504,92.8382,1.32626,1.856764,0.265252,0.530504,1.32626,0.265252,0.265252,0.265252,0.530504,0.64017476,763.7904,1.128114498,287.0828
0,74.96,0,0,0,0,0,0,0,0,25.04,0.795510418,1611.111111,2.097359606,291.217865
4.411765,73.52941,6.25,2.573529,0.3676471,0.7352941,1.838235,0.3676471,0.3676471,0.3676471,9.191176,0.779020869,90.94903,0.11228041,268.48
0,91,0,0,0,0,0,0,0,0,9,0.64066379,1388.888889,1.974648671,290.3479919
0,82,11.3,4.2,0.1,0.1,0,0.2,0,0,0.5,0.65191039,722.2222222,1.093935648,288.2688293
4.784689,83.73206,4.784689,1.674641,0.2392344,0.4784689,1.196172,0.2392344,0.2392344,0.2392344,2.392344,0.670483235,980.2942,1.234103149,289.2566
0.530504,92.8382,1.32626,1.856764,0.265252,0.530504,1.32626,0.265252,0.265252,0.265252,0.530504,0.64017476,826.0958,1.220139253,287.638
0,20,0,0,0,0,0,0,0,0,80,1.326082154,377.1,0.380832155,275.36
0.7407407,88.88889,1.851852,2.592593,0.3703704,0.7407407,1.851852,0.3703704,0.3703704,0.3703704,1.851852,0.685139183,1802.272,2.629049663,292.8999
0,78.14,0,0,0,0,0,0,0,0,21.86,0.764811398,500,0.661975993,283.9076843
1.677852,83.89262,5.704698,2.348993,0.3355705,0.6711409,1.677852,0.3355705,0.3355705,0.3355705,2.684564,0.702698121,1268.846,1.774629766,291.4609
0,77.37,0,0,0,0,0,0,0,0,22.63,0.772244808,1833.333333,2.41728958,291.7012939
1.677852,83.89262,5.704698,2.348993,0.3355705,0.6711409,1.677852,0.3355705,0.3355705,0.3355705,2.684564,0.702698121,695.5112,0.972753887,287.5179
13.44086,64.51613,9.139785,3.763441,0.5376344,1.075269,0.5376344,0.5376344,0.5376344,0.5376344,5.376344,0.768418394,1743.77,1.702239027,294.1416
0,44.65,0,0,0,0,0,0,0,0,55.35,1.088116483,253.81,0.284983169,275.6
0,50,0,0,0,0,0,0,0,0,50,1.036468761,390,0.448791715,277.14
2.325581,62.0155,7.751938,5.426357,0.7751938,1.550388,3.875969,0.7751938,0.7751938,0.7751938,13.95349,0.945298948,1436.832,1.871611805,292.514
5.714286,64.7619,16.19048,6.666667,0.952381,1.904762,0.952381,0.952381,0.952381,0.952381,0,0.82973851,98.6308,0.122785662,275.1763
0,78,0,2,0,0,0,0,0,0,20,0.766222989,722.2222222,0.96711511,286.8700256
3.490401,87.26003,1.745201,1.22164,0.1745201,0.3490401,0.8726003,0.1745201,0.1745201,0.1745201,4.363002,0.65573579,431.5618,0.5606478,281.6584
0.7407407,88.88889,1.851852,2.592593,0.3703704,0.7407407,1.851852,0.3703704,0.3703704,0.3703704,1.851852,0.685139183,1988.993,2.901427408,293.3681
0,82,11.3,4.2,0.1,0.1,0,0.2,0,0,0.5,0.65191039,389.27,0.589619534,285.12
0,54.21,0,0,0,0,0,0,0,0,45.79,0.995826348,161,0.188968999,274.7
4.784689,83.73206,4.784689,1.674641,0.2392344,0.4784689,1.196172,0.2392344,0.2392344,0.2392344,2.392344,0.670483235,59.40994,0.074791827,255.586
0.530504,92.8382,1.32626,1.856764,0.265252,0.530504,1.32626,0.265252,0.265252,0.265252,0.530504,0.64017476,2148.902,3.173917216,293.1415
17.69912,35.39823,8.849558,6.19469,0.8849558,1.769912,4.424779,0.8849558,0.8849558,0.8849558,22.12389,1.070778126,741.2028,0.623880132,288.4983
1.340483,80.42895,6.702413,1.876676,0.2680965,0.536193,1.340483,0.2680965,0.2680965,0.2680965,6.702413,0.727137989,116.2962,0.160490453,271.8035
0.6465517,90.51724,4.310345,1.508621,0.2155172,0.4310345,1.077586,0.2155172,0.2155172,0.2155172,0.6465517,0.641855639,928.412,1.359683781,288.5882
1.677852,83.89262,5.704698,2.348993,0.3355705,0.6711409,1.677852,0.3355705,0.3355705,0.3355705,2.684564,0.702698121,293.6746,0.41073833,280.7356
5.714286,64.7619,16.19048,6.666667,0.952381,1.904762,0.952381,0.952381,0.952381,0.952381,0,0.82973851,1805.767,2.248002621,295.2393
3.490401,87.26003,1.745201,1.22164,0.1745201,0.3490401,0.8726003,0.1745201,0.1745201,0.1745201,4.363002,0.65573579,2387.941,3.102206612,292.8672
5.714286,64.7619,16.19048,6.666667,0.952381,1.904762,0.952381,0.952381,0.952381,0.952381,0,0.82973851,927.4972,1.154642951,291.788
4.520796,86.79928,0.9041591,1.265823,0.1808318,0.3616637,0.9041591,0.1808318,0.1808318,0.1808318,4.520796,0.655660836,1889.963,2.374309084,291.4334
0.7407407,88.88889,1.851852,2.592593,0.3703704,0.7407407,1.851852,0.3703704,0.3703704,0.3703704,1.851852,0.685139183,2398.168,3.498308121,294.2688
0,78.14,0,0,0,0,0,0,0,0,21.86,0.764811398,1611.111111,2.133033755,291.2354736
1.340483,80.42895,6.702413,1.876676,0.2680965,0.536193,1.340483,0.2680965,0.2680965,0.2680965,6.702413,0.727137989,30.17108,0.041636531,242.6936
4.520796,86.79928,0.9041591,1.265823,0.1808318,0.3616637,0.9041591,0.1808318,0.1808318,0.1808318,4.520796,0.655660836,1229.903,1.545093668,289.0846
0.6465517,90.51724,4.310345,1.508621,0.2155172,0.4310345,1.077586,0.2155172,0.2155172,0.2155172,0.6465517,0.641855639,63.03221,0.092312329,255.6138
1.686341,92.74874,1.686341,1.180438,0.1686341,0.3372681,0.8431703,0.1686341,0.1686341,0.1686341,0.8431703,0.618590173,2130.742,3.001258739,292.4155
0,87,0,0,0,0,0,0,0,0,13,0.679278909,75,0.104236157,273.82
0,12.38,1.96,1.66,0.37,0.48,0,0,0,0,83.15,1.39440368,1199,1.196833002,295.25
4.411765,73.52941,6.25,2.573529,0.3676471,0.7352941,1.838235,0.3676471,0.3676471,0.3676471,9.191176,0.779020869,478.181,0.590334596,284.7491
0,46.6,0,0,0,0,0,0,0,0,53.4,1.069291612,265.41,0.30066747,274.2
1.686341,92.74874,1.686341,1.180438,0.1686341,0.3372681,0.8431703,0.1686341,0.1686341,0.1686341,0.8431703,0.618590173,928.0056,1.3071432,287.4616
0.6465517,90.51724,4.310345,1.508621,0.2155172,0.4310345,1.077586,0.2155172,0.2155172,0.2155172,0.6465517,0.641855639,1663.397,2.436088635,292.1618
13.44086,64.51613,9.139785,3.763441,0.5376344,1.075269,0.5376344,0.5376344,0.5376344,0.5376344,5.376344,0.768418394,1733.766,1.69247329,294.1178
4.520796,86.79928,0.9041591,1.265823,0.1808318,0.3616637,0.9041591,0.1808318,0.1808318,0.1808318,4.520796,0.655660836,18.35596,0.023060093,229.8895
0.7407407,88.88889,1.851852,2.592593,0.3703704,0.7407407,1.851852,0.3703704,0.3703704,0.3703704,1.851852,0.685139183,1264.295,1.844280078,291.1383
17.69912,35.39823,8.849558,6.19469,0.8849558,1.769912,4.424779,0.8849558,0.8849558,0.8849558,22.12389,1.070778126,1942.388,1.634933491,292.9175
3.490401,87.26003,1.745201,1.22164,0.1745201,0.3490401,0.8726003,0.1745201,0.1745201,0.1745201,4.363002,0.65573579,2319.575,3.013391412,292.7153
2.325581,62.0155,7.751938,5.426357,0.7751938,1.550388,3.875969,0.7751938,0.7751938,0.7751938,13.95349,0.945298948,1821.973,2.373294982,293.455
0,91,0,0,0,0,0,0,0,0,9,0.64066379,944.4444444,1.342761096,287.8339539
5.714286,64.7619,16.19048,6.666667,0.952381,1.904762,0.952381,0.952381,0.952381,0.952381,0,0.82973851,1808.645,2.251585449,295.2453
4.379562,65.69343,12.40876,5.109489,0.729927,1.459854,0.729927,0.729927,0.729927,0.729927,7.29927,0.835746521,46.40031,0.057932729,259.879
0,93,0,0,0,0,0,0,0,0,7,0.621356231,944.4444444,1.358365614,287.7431946
4.520796,86.79928,0.9041591,1.265823,0.1808318,0.3616637,0.9041591,0.1808318,0.1808318,0.1808318,4.520796,0.655660836,970.3336,1.219003695,287.598
0.530504,92.8382,1.32626,1.856764,0.265252,0.530504,1.32626,0.265252,0.265252,0.265252,0.530504,0.64017476,1574.896,2.326113303,291.5689
0,92,0,0,0,0,0,0,0,0,8,0.63101001,2277.777778,3.257132326,292.6039124
13.44086,64.51613,9.139785,3.763441,0.5376344,1.075269,0.5376344,0.5376344,0.5376344,0.5376344,5.376344,0.768418394,89.09053,0.086968681,272.8088
0,50.42,0,0,0,0,0,0,0,0,49.58,1.032414173,639.61,0.737469895,281.8
0.530504,92.8382,1.32626,1.856764,0.265252,0.530504,1.32626,0.265252,0.265252,0.265252,0.530504,0.64017476,1475.254,2.17894258,291.2275
0,92,0,0,0,0,0,0,0,0,8,0.63101001,722.2222222,1.032749274,285.7575378
0,56,0,0,0,0,0,0,0,0,44,0.978546082,722.2222222,0.854943679,286.2098694
2.325581,62.0155,7.751938,5.426357,0.7751938,1.550388,3.875969,0.7751938,0.7751938,0.7751938,13.95349,0.945298948,80.57526,0.104957022,271.7789
13.44086,64.51613,9.139785,3.763441,0.5376344,1.075269,0.5376344,0.5376344,0.5376344,0.5376344,5.376344,0.768418394,230.1292,0.224648265,280.4579
1.677852,83.89262,5.704698,2.348993,0.3355705,0.6711409,1.677852,0.3355705,0.3355705,0.3355705,2.684564,0.702698121,1466.772,2.051452463,292.2471
0.6465517,90.51724,4.310345,1.508621,0.2155172,0.4310345,1.077586,0.2155172,0.2155172,0.2155172,0.6465517,0.641855639,1324.732,1.94010484,290.8657
0,74.3,0,0,0,0,0,0,0,0,25.7,0.801881912,1611.111111,2.090104551,291.217865
0,56,0,0,0,0,0,0,0,0,44,0.978546082,1833.333333,2.170241646,291.5715027
0,52.55,8.12,4.74,1.31,1.88,0,0,0,0,31.4,0.988463027,1833.333333,2.318448719,293.2782288
0.6465517,90.51724,4.310345,1.508621,0.2155172,0.4310345,1.077586,0.2155172,0.2155172,0.2155172,0.6465517,0.641855639,558.8107,0.818392961,284.8066
0,92,0,0,0,0,0,0,0,0,8,0.63101001,316.99,0.453283189,281.71
4.784689,83.73206,4.784689,1.674641,0.2392344,0.4784689,1.196172,0.2392344,0.2392344,0.2392344,2.392344,0.670483235,15.64826,0.019699767,229.9137
13.44086,64.51613,9.139785,3.763441,0.5376344,1.075269,0.5376344,0.5376344,0.5376344,0.5376344,5.376344,0.768418394,1670.645,1.630855629,293.9625
0,50,0,0,0,0,0,0,0,0,50,1.036468761,1611.111111,1.853982867,291.0880737
0,12.38,1.96,1.66,0.37,0.48,0,0,0,0,83.15,1.39440368,398,0.39728068,278.01
5.714286,64.7619,16.19048,6.666667,0.952381,1.904762,0.952381,0.952381,0.952381,0.952381,0,0.82973851,1809.096,2.2521469,295.2465
0,94,0,0,0,0,0,0,0,0,6,0.611702451,166.99,0.241580348,276.26
0,93,0,0,0,0,0,0,0,0,7,0.621356231,1611.111111,2.31721193,290.8858948
2.325581,62.0155,7.751938,5.426357,0.7751938,1.550388,3.875969,0.7751938,0.7751938,0.7751938,13.95349,0.945298948,2766.936,3.60420013,295.4142
17.69912,35.39823,8.849558,6.19469,0.8849558,1.769912,4.424779,0.8849558,0.8849558,0.8849558,22.12389,1.070778126,443.4256,0.373237151,285.3502
0,52.55,4.74,3.11,1.31,1.88,0,4.01,0,0,31.4,1.02843914,1388.888889,1.788913003,292.1162415
0.530504,92.8382,1.32626,1.856764,0.265252,0.530504,1.32626,0.265252,0.265252,0.265252,0.530504,0.64017476,133.7819,0.197595179,273.0401
0,56,0,0,0,0,0,0,0,0,44,0.978546082,2055.555556,2.433301241,292.1621094
4.520796,86.79928,0.9041591,1.265823,0.1808318,0.3616637,0.9041591,0.1808318,0.1808318,0.1808318,4.520796,0.655660836,29.64974,0.037248161,238.4294
0,85.75,0,0,0,0,0,0,0,0,14.25,0.691346134,722.2222222,0.996759764,285.8704224
1.677852,83.89262,5.704698,2.348993,0.3355705,0.6711409,1.677852,0.3355705,0.3355705,0.3355705,2.684564,0.702698121,2004.576,2.803634356,293.8009
1.686341,92.74874,1.686341,1.180438,0.1686341,0.3372681,0.8431703,0.1686341,0.1686341,0.1686341,0.8431703,0.618590173,182.0678,0.256451779,274.3491
4.411765,73.52941,6.25,2.573529,0.3676471,0.7352941,1.838235,0.3676471,0.3676471,0.3676471,9.191176,0.779020869,1683.555,2.078419596,292.653
5.714286,64.7619,16.19048,6.666667,0.952381,1.904762,0.952381,0.952381,0.952381,0.952381,0,0.82973851,1554.684,1.935428938,294.5942
4.784689,83.73206,4.784689,1.674641,0.2392344,0.4784689,1.196172,0.2392344,0.2392344,0.2392344,2.392344,0.670483235,1371.848,1.727034534,291.3191
0,91,0,0,0,0,0,0,0,0,9,0.64066379,1611.111111,2.290592458,290.9766541
4.411765,73.52941,6.25,2.573529,0.3676471,0.7352941,1.838235,0.3676471,0.3676471,0.3676471,9.191176,0.779020869,1490.07,1.839554209,292.099
5.714286,64.7619,16.19048,6.666667,0.952381,1.904762,0.952381,0.952381,0.952381,0.952381,0,0.82973851,801.5922,0.997903587,290.8597
3.490401,87.26003,1.745201,1.22164,0.1745201,0.3490401,0.8726003,0.1745201,0.1745201,0.1745201,4.363002,0.65573579,37.25499,0.048398464,242.6889
0,0,0,0,0,0,0,0,0,0,100,1.519157749,454,0.423902894,280.71
4.784689,83.73206,4.784689,1.674641,0.2392344,0.4784689,1.196172,0.2392344,0.2392344,0.2392344,2.392344,0.670483235,72.42058,0.091171065,259.88
0,87.56,0,0,0,0,0,0,0,0,12.44,0.673872793,2277.777778,3.175676044,292.5969849
0,93,0,0,0,0,0,0,0,0,7,0.621356231,722.2222222,1.038750176,285.6667786
3.490401,87.26003,1.745201,1.22164,0.1745201,0.3490401,0.8726003,0.1745201,0.1745201,0.1745201,4.363002,0.65573579,2182.961,2.835914307,292.3994
0,87.56,0,0,0,0,0,0,0,0,12.44,0.673872793,722.2222222,1.006921672,285.7506104
17.69912,35.39823,8.849558,6.19469,0.8849558,1.769912,4.424779,0.8849558,0.8849558,0.8849558,22.12389,1.070778126,1519.111,1.278655681,291.9829
0,74.3,0,0,0,0,0,0,0,0,25.7,0.801881912,2277.777778,2.9549754,292.842041
0,50,0,0,0,0,0,0,0,0,50,1.036468761,1396,1.606444189,293.34
0,52.26,0,0,0,0,0,0,0,0,47.74,1.014651219,580.15,0.674695326,281.2
0,56,0,0,0,0,0,0,0,0,44,0.978546082,500,0.591884085,283.8873596
0,52.26,0,0,0,0,0,0,0,0,47.74,1.014651219,944.4444444,1.098357756,288.2112732
0,80,0,0,0,0,0,0,0,0,20,0.746855368,1611.111111,2.154467921,291.2354736
1.686341,92.74874,1.686341,1.180438,0.1686341,0.3372681,0.8431703,0.1686341,0.1686341,0.1686341,0.8431703,0.618590173,156.1214,0.219904951,273.0563
13.44086,64.51613,9.139785,3.763441,0.5376344,1.075269,0.5376344,0.5376344,0.5376344,0.5376344,5.376344,0.768418394,1449.291,1.414773567,293.3219
4.520796,86.79928,0.9041591,1.265823,0.1808318,0.3616637,0.9041591,0.1808318,0.1808318,0.1808318,4.520796,0.655660836,57.43093,0.072148914,251.2724
0,52.55,8.12,4.74,1.31,1.88,0,0,0,0,31.4,0.988463027,937,1.184938064,291.38
0.7407407,88.88889,1.851852,2.592593,0.3703704,0.7407407,1.851852,0.3703704,0.3703704,0.3703704,1.851852,0.685139183,2811.11,4.100683914,295.0722
0,60,0,0,0,0,0,0,0,0,40,0.939930963,1166.666667,1.407997426,289.1873169
0.7407407,88.88889,1.851852,2.592593,0.3703704,0.7407407,1.851852,0.3703704,0.3703704,0.3703704,1.851852,0.685139183,116.9735,0.170634144,273.0617
4.520796,86.79928,0.9041591,1.265823,0.1808318,0.3616637,0.9041591,0.1808318,0.1808318,0.1808318,4.520796,0.655660836,1239.221,1.556799618,289.1293
13.44086,64.51613,9.139785,3.763441,0.5376344,1.075269,0.5376344,0.5376344,0.5376344,0.5376344,5.376344,0.768418394,1740.442,1.698990289,294.1336
0,82,11.3,4.2,0.1,0.1,0,0.2,0,0,0.5,0.65191039,1611.111111,2.440317984,293.3472595
0.6465517,90.51724,4.310345,1.508621,0.2155172,0.4310345,1.077586,0.2155172,0.2155172,0.2155172,0.6465517,0.641855639,1056.336,1.547031842,289.4576
0,48.61,0,0,0,0,0,0,0,0,51.39,1.049887515,409.73,0.468468662,278.4
0,50.42,0,0,0,0,0,0,0,0,49.58,1.032414173,944.4444444,1.088943802,288.2112732
0,56,0,0,0,0,0,0,0,0,44,0.978546082,2277.777778,2.696360834,292.6289063
4.379562,65.69343,12.40876,5.109489,0.729927,1.459854,0.729927,0.729927,0.729927,0.729927,7.29927,0.835746521,730.5236,0.912089287,289.5439
2.325581,62.0155,7.751938,5.426357,0.7751938,1.550388,3.875969,0.7751938,0.7751938,0.7751938,13.95349,0.945298948,651.4279,0.848547463,288.1035
0,77.78,0,0,0,0,0,0,0,0,22.22,0.768286759,1388.888889,1.835288253,290.5892029
0,43.71,0,0,0,0,0,0,0,0,56.29,1.097191036,200.14,0.223767223,274.3
5.714286,64.7619,16.19048,6.666667,0.952381,1.904762,0.952381,0.952381,0.952381,0.952381,0,0.82973851,74.53891,0.092793625,273.1138
13.44086,64.51613,9.139785,3.763441,0.5376344,1.075269,0.5376344,0.5376344,0.5376344,0.5376344,5.376344,0.768418394,1741.551,1.700072877,294.1362
1.340483,80.42895,6.702413,1.876676,0.2680965,0.536193,1.340483,0.2680965,0.2680965,0.2680965,6.702413,0.727137989,69.18193,0.095472073,259.8454
0,91,0,0,0,0,0,0,0,0,9,0.64066379,722.2222222,1.026817309,285.7575378
4.411765,73.52941,6.25,2.573529,0.3676471,0.7352941,1.838235,0.3676471,0.3676471,0.3676471,9.191176,0.779020869,2433.555,3.004326202,294.4242
0,86,0,0,0,0,0,0,0,0,14,0.688932689,500,0.691027696,283.1618347
0,7.86,1.13,0.86,0,0.33,0,0,0,0,89.62,1.436436873,267.08,0.259964904,276.5
0,77.37,0,0,0,0,0,0,0,0,22.63,0.772244808,944.4444444,1.24527039,288.2564087
5.714286,64.7619,16.19048,6.666667,0.952381,1.904762,0.952381,0.952381,0.952381,0.952381,0,0.82973851,2176.367,2.709363235,296.1569
0.530504,92.8382,1.32626,1.856764,0.265252,0.530504,1.32626,0.265252,0.265252,0.265252,0.530504,0.64017476,154.6655,0.228440149,274.2357
0,78.14,0,0,0,0,0,0,0,0,21.86,0.764811398,1388.888889,1.838822203,290.6068115
0,85,0,0,0,0,0,0,0,0,15,0.698586469,110,0.151181968,276.48
4.784689,83.73206,4.784689,1.674641,0.2392344,0.4784689,1.196172,0.2392344,0.2392344,0.2392344,2.392344,0.670483235,432.2054,0.544108131,283.1167
4.411765,73.52941,6.25,2.573529,0.3676471,0.7352941,1.838235,0.3676471,0.3676471,0.3676471,9.191176,0.779020869,112.3502,0.138701057,273.1386
0,52.55,8.12,4.74,1.31,1.88,0,0,0,0,31.4,0.988463027,2500,3.161520981,294.6323853
4.520796,86.79928,0.9041591,1.265823,0.1808318,0.3616637,0.9041591,0.1808318,0.1808318,0.1808318,4.520796,0.655660836,2298.025,2.886946269,292.4328
0,77.78,0,0,0,0,0,0,0,0,22.22,0.768286759,2055.555556,2.716226615,292.3589478
0.7407407,88.88889,1.851852,2.592593,0.3703704,0.7407407,1.851852,0.3703704,0.3703704,0.3703704,1.851852,0.685139183,115.0195,0.167783763,272.699
0,85.75,0,0,0,0,0,0,0,0,14.25,0.691346134,1611.111111,2.223541012,291.0505676
17.69912,35.39823,8.849558,6.19469,0.8849558,1.769912,4.424779,0.8849558,0.8849558,0.8849558,22.12389,1.070778126,2078.095,1.749159855,293.1859
1.340483,80.42895,6.702413,1.876676,0.2680965,0.536193,1.340483,0.2680965,0.2680965,0.2680965,6.702413,0.727137989,2400.317,3.312472493,294.2914
0,74.3,0,0,0,0,0,0,0,0,25.7,0.801881912,500,0.648653137,283.9076843
4.411765,73.52941,6.25,2.573529,0.3676471,0.7352941,1.838235,0.3676471,0.3676471,0.3676471,9.191176,0.779020869,99.9655,0.123411622,270.6831
0,52.55,8.12,4.74,1.31,1.88,0,0,0,0,31.4,0.988463027,1166.666667,1.475376458,290.894043
13.44086,64.51613,9.139785,3.763441,0.5376344,1.075269,0.5376344,0.5376344,0.5376344,0.5376344,5.376344,0.768418394,1743.77,1.702239027,294.1416
4.784689,83.73206,4.784689,1.674641,0.2392344,0.4784689,1.196172,0.2392344,0.2392344,0.2392344,2.392344,0.670483235,39.22198,0.049376982,247.011
17.69912,35.39823,8.849558,6.19469,0.8849558,1.769912,4.424779,0.8849558,0.8849558,0.8849558,22.12389,1.070778126,1514.599,1.274857871,291.9712
0,94,0,0,0,0,0,0,0,0,6,0.611702451,1388.888889,2.009271583,290.2572327
0,85.75,0,0,0,0,0,0,0,0,14.25,0.691346134,944.4444444,1.303455076,287.9468384
2.325581,62.0155,7.751938,5.426357,0.7751938,1.550388,3.875969,0.7751938,0.7751938,0.7751938,13.95349,0.945298948,2491.499,3.24541696,294.8941
4.520796,86.79928,0.9041591,1.265823,0.1808318,0.3616637,0.9041591,0.1808318,0.1808318,0.1808318,4.520796,0.655660836,906.7617,1.139140047,287.1439
0.6465517,90.51724,4.310345,1.508621,0.2155172,0.4310345,1.077586,0.2155172,0.2155172,0.2155172,0.6465517,0.641855639,1730.496,2.534356885,292.3767
0,78.4,0,0,0,0,0,0,0,0,21.6,0.762301415,2277.777778,3.019868081,292.8596497
0,80,0,0,0,0,0,0,0,0,20,0.746855368,377,0.504145493,276
13.44086,64.51613,9.139785,3.763441,0.5376344,1.075269,0.5376344,0.5376344,0.5376344,0.5376344,5.376344,0.768418394,1780.997,1.7385794,294.2407
1.340483,80.42895,6.702413,1.876676,0.2680965,0.536193,1.340483,0.2680965,0.2680965,0.2680965,6.702413,0.727137989,83.801,0.115646603,264.1432
4.520796,86.79928,0.9041591,1.265823,0.1808318,0.3616637,0.9041591,0.1808318,0.1808318,0.1808318,4.520796,0.655660836,86.28077,0.108392183,259.8558
0,85,0,0,0,0,0,0,0,0,15,0.698586469,2055.555556,2.825117587,292.1916504
17.69912,35.39823,8.849558,6.19469,0.8849558,1.769912,4.424779,0.8849558,0.8849558,0.8849558,22.12389,1.070778126,387.3461,0.3260343,284.4541
4.784689,83.73206,4.784689,1.674641,0.2392344,0.4784689,1.196172,0.2392344,0.2392344,0.2392344,2.392344,0.670483235,126.1873,0.15885858,272.6716
0,59,0,0,0,0,0,0,0,0,42,0.96477632,722.2222222,0.856373062,286.2098694
13.44086,64.51613,9.139785,3.763441,0.5376344,1.075269,0.5376344,0.5376344,0.5376344,0.5376344,5.376344,0.768418394,90.46274,0.08830821,273.0807
0,44.61,0,0,0,0,0,0,0,0,55.39,1.088502634,246.56,0.276792494,275.5
0,10.04,0,0,0,0,0,0,0,0,89.96,1.4222338,1164,1.129616288,289.06
2.325581,62.0155,7.751938,5.426357,0.7751938,1.550388,3.875969,0.7751938,0.7751938,0.7751938,13.95349,0.945298948,69.68197,0.090767465,268.4668
13.44086,64.51613,9.139785,3.763441,0.5376344,1.075269,0.5376344,0.5376344,0.5376344,0.5376344,5.376344,0.768418394,1983.706,1.936460526,294.7493
3.490401,87.26003,1.745201,1.22164,0.1745201,0.3490401,0.8726003,0.1745201,0.1745201,0.1745201,4.363002,0.65573579,23.49956,0.030528598,234.14
0.530504,92.8382,1.32626,1.856764,0.265252,0.530504,1.32626,0.265252,0.265252,0.265252,0.530504,0.64017476,1557.63,2.300611509,291.511
13.44086,64.51613,9.139785,3.763441,0.5376344,1.075269,0.5376344,0.5376344,0.5376344,0.5376344,5.376344,0.768418394,50.33785,0.049138965,259.8789
0.7407407,88.88889,1.851852,2.592593,0.3703704,0.7407407,1.851852,0.3703704,0.3703704,0.3703704,1.851852,0.685139183,105.829,0.154377195,270.7557
1.677852,83.89262,5.704698,2.348993,0.3355705,0.6711409,1.677852,0.3355705,0.3355705,0.3355705,2.684564,0.702698121,2277,3.184651232,294.439
1.677852,83.89262,5.704698,2.348993,0.3355705,0.6711409,1.677852,0.3355705,0.3355705,0.3355705,2.684564,0.702698121,1670.037,2.335742376,292.8885
0,80,0,0,0,0,0,0,0,0,20,0.746855368,1833.333333,2.451635909,291.7189026
1.340483,80.42895,6.702413,1.876676,0.2680965,0.536193,1.340483,0.2680965,0.2680965,0.2680965,6.702413,0.727137989,111.0262,0.153217776,270.6949
4.379562,65.69343,12.40876,5.109489,0.729927,1.459854,0.729927,0.729927,0.729927,0.729927,7.29927,0.835746521,80.91461,0.101025277,272.3914
0,50,0,0,0,0,0,0,0,0,50,1.036468761,454,0.522439586,277.6
13.44086,64.51613,9.139785,3.763441,0.5376344,1.075269,0.5376344,0.5376344,0.5376344,0.5376344,5.376344,0.768418394,17.16601,0.016757171,238.4583
0.7407407,88.88889,1.851852,2.592593,0.3703704,0.7407407,1.851852,0.3703704,0.3703704,0.3703704,1.851852,0.685139183,1853.67,2.704026079,293.0337
4.411765,73.52941,6.25,2.573529,0.3676471,0.7352941,1.838235,0.3676471,0.3676471,0.3676471,9.191176,0.779020869,421.2317,0.520028285,283.768
0,86,0,0,0,0,0,0,0,0,14,0.688932689,1611.111111,2.226644799,291.0505676
0,91,0,0,0,0,0,0,0,0,9,0.64066379,500,0.710873521,283.0489502
0,76.31,0,0,0,0,0,0,0,0,23.69,0.782477815,268.32,0.3517993,277.5
1.340483,80.42895,6.702413,1.876676,0.2680965,0.536193,1.340483,0.2680965,0.2680965,0.2680965,6.702413,0.727137989,461.0416,0.636244137,283.8893
0,77.37,0,0,0,0,0,0,0,0,22.63,0.772244808,2055.555556,2.710294378,292.3589478
0.7407407,88.88889,1.851852,2.592593,0.3703704,0.7407407,1.851852,0.3703704,0.3703704,0.3703704,1.851852,0.685139183,1198.922,1.748917744,290.8373
4.411765,73.52941,6.25,2.573529,0.3676471,0.7352941,1.838235,0.3676471,0.3676471,0.3676471,9.191176,0.779020869,1702.439,2.10173269,292.7011
17.69912,35.39823,8.849558,6.19469,0.8849558,1.769912,4.424779,0.8849558,0.8849558,0.8849558,22.12389,1.070778126,1505.418,1.267130103,291.9471
5.714286,64.7619,16.19048,6.666667,0.952381,1.904762,0.952381,0.952381,0.952381,0.952381,0,0.82973851,2656.269,3.306794108,297.174
4.379562,65.69343,12.40876,5.109489,0.729927,1.459854,0.729927,0.729927,0.729927,0.729927,7.29927,0.835746521,221.8363,0.276971904,280.6296
3.490401,87.26003,1.745201,1.22164,0.1745201,0.3490401,0.8726003,0.1745201,0.1745201,0.1745201,4.363002,0.65573579,1442.183,1.873559538,290.1905
0,87,0,0,0,0,0,0,0,0,13,0.679278909,1611.111111,2.239147086,290.9697266
4.520796,86.79928,0.9041591,1.265823,0.1808318,0.3616637,0.9041591,0.1808318,0.1808318,0.1808318,4.520796,0.655660836,139.4535,0.175191637,270.7034
0,77.37,0,0,0,0,0,0,0,0,22.63,0.772244808,722.2222222,0.952265592,286.2550049
0,52,0,0,0,0,0,0,0,0,48,1.017161201,1166.666667,1.355139464,289.1873169
0,78.4,0,0,0,0,0,0,0,0,21.6,0.762301415,1611.111111,2.136004252,291.2354736
4.784689,83.73206,4.784689,1.674641,0.2392344,0.4784689,1.196172,0.2392344,0.2392344,0.2392344,2.392344,0.670483235,1108.924,1.396036619,290.0539
0,49.6,0,0,0,0,0,0,0,0,50.4,1.040330273,413.5,0.474951069,278.7
0,50.42,0,0,0,0,0,0,0,0,49.58,1.032414173,2277.777778,2.62627623,292.6289063
0,74.96,0,0,0,0,0,0,0,0,25.04,0.795510418,2500,3.254523527,293.2647095
17.69912,35.39823,8.849558,6.19469,0.8849558,1.769912,4.424779,0.8849558,0.8849558,0.8849558,22.12389,1.070778126,182.9367,0.153980223,279.1861
0,82,11.3,4.2,0.1,0.1,0,0.2,0,0,0.5,0.65191039,1388.888889,2.103722401,292.7185974
0,50.42,0,0,0,0,0,0,0,0,49.58,1.032414173,2500,2.8824983,292.9526672
0,77.78,0,0,0,0,0,0,0,0,22.22,0.768286759,2500,3.303518855,293.2647095
1.677852,83.89262,5.704698,2.348993,0.3355705,0.6711409,1.677852,0.3355705,0.3355705,0.3355705,2.684564,0.702698121,458.0531,0.640640918,284.3308
17.69912,35.39823,8.849558,6.19469,0.8849558,1.769912,4.424779,0.8849558,0.8849558,0.8849558,22.12389,1.070778126,1056.669,0.889412175,290.373
3.490401,87.26003,1.745201,1.22164,0.1745201,0.3490401,0.8726003,0.1745201,0.1745201,0.1745201,4.363002,0.65573579,1177.605,1.529842662,288.9943
0,74.3,0,0,0,0,0,0,0,0,25.7,0.801881912,1388.888889,1.801814269,290.5892029
0,51.62,0,0,0,0,0,0,0,0,48.38,1.020829638,1388.888889,1.610389605,290.4651794
0.530504,92.8382,1.32626,1.856764,0.265252,0.530504,1.32626,0.265252,0.265252,0.265252,0.530504,0.64017476,2080.84,3.073389992,292.9808
17.69912,35.39823,8.849558,6.19469,0.8849558,1.769912,4.424779,0.8849558,0.8849558,0.8849558,22.12389,1.070778126,1807.28,1.521211313,292.6374
17.69912,35.39823,8.849558,6.19469,0.8849558,1.769912,4.424779,0.8849558,0.8849558,0.8849558,22.12389,1.070778126,1530.719,1.288426287,292.0119
0,52.26,0,0,0,0,0,0,0,0,47.74,1.014651219,2277.777778,2.648980471,292.6289063
0,76.31,0,0,0,0,0,0,0,0,23.69,0.782477815,944.4444444,1.238278528,288.2564087
0,77.37,0,0,0,0,0,0,0,0,22.63,0.772244808,500,0.659260795,283.9076843
0,50.42,0,0,0,0,0,0,0,0,49.58,1.032414173,500,0.57649966,283.8873596
0,91,0,0,0,0,0,0,0,0,9,0.64066379,2500,3.554367607,293.0265808
0,50.42,0,0,0,0,0,0,0,0,49.58,1.032414173,1833.333333,2.113832087,291.5715027
0,64,0,0,0,0,0,0,0,0,36,0.901315844,1166.666667,1.43600348,289.2673035
0,59,0,0,0,0,0,0,0,0,42,0.96477632,1833.333333,2.173870081,291.5715027
0,87.56,0,0,0,0,0,0,0,0,12.44,0.673872793,1611.111111,2.246209885,290.9697266
0,82.16,0,0,0,0,0,0,0,0,17.84,0.726003203,1611.111111,2.179906184,291.1199341
1.686341,92.74874,1.686341,1.180438,0.1686341,0.3372681,0.8431703,0.1686341,0.1686341,0.1686341,0.8431703,0.618590173,279.4271,0.393587316,277.9678
17.69912,35.39823,8.849558,6.19469,0.8849558,1.769912,4.424779,0.8849558,0.8849558,0.8849558,22.12389,1.070778126,1282.732,1.079692372,291.2755
0.530504,92.8382,1.32626,1.856764,0.265252,0.530504,1.32626,0.265252,0.265252,0.265252,0.530504,0.64017476,248.2615,0.36668096,278.1707
2.325581,62.0155,7.751938,5.426357,0.7751938,1.550388,3.875969,0.7751938,0.7751938,0.7751938,13.95349,0.945298948,2081.364,2.711176695,294.0399
17.69912,35.39823,8.849558,6.19469,0.8849558,1.769912,4.424779,0.8849558,0.8849558,0.8849558,22.12389,1.070778126,21.95144,0.018476815,246.8911
2.325581,62.0155,7.751938,5.426357,0.7751938,1.550388,3.875969,0.7751938,0.7751938,0.7751938,13.95349,0.945298948,1221.505,1.591127688,291.7577
0,24.42,3.07,0.75,0.92,0,0,0,0,0,66.85,1.212530304,323.09,0.355019737,282
0,50.4,0,0,0,0,0,0,0,0,49.6,1.032607249,2277.777778,2.626031582,292.6289063
0,52.55,8.12,4.74,1.31,1.88,0,0,0,0,31.4,0.988463027,299,0.378117909,278.12
0.6465517,90.51724,4.310345,1.508621,0.2155172,0.4310345,1.077586,0.2155172,0.2155172,0.2155172,0.6465517,0.641855639,182.3638,0.267076579,275.518
0,0,0,15,0,0,0,0,0,0,85,1.519608215,120,0.119670905,275.37
0.6465517,90.51724,4.310345,1.508621,0.2155172,0.4310345,1.077586,0.2155172,0.2155172,0.2155172,0.6465517,0.641855639,33.51953,0.049090233,242.7584
0,12.38,1.96,1.66,0.37,0.48,0,0,0,0,83.15,1.39440368,198,0.197642147,273.7
3.490401,87.26003,1.745201,1.22164,0.1745201,0.3490401,0.8726003,0.1745201,0.1745201,0.1745201,4.363002,0.65573579,46.37593,0.060247601,246.9699
0,82.16,0,0,0,0,0,0,0,0,17.84,0.726003203,2277.777778,3.081936329,292.7441101
0,78,0,2,0,0,0,0,0,0,20,0.766222989,944.4444444,1.264688991,288.8714294
0.6465517,90.51724,4.310345,1.508621,0.2155172,0.4310345,1.077586,0.2155172,0.2155172,0.2155172,0.6465517,0.641855639,2000.602,2.929934222,293.1493
4.379562,65.69343,12.40876,5.109489,0.729927,1.459854,0.729927,0.729927,0.729927,0.729927,7.29927,0.835746521,1240.716,1.54908585,292.7065
0.530504,92.8382,1.32626,1.856764,0.265252,0.530504,1.32626,0.265252,0.265252,0.265252,0.530504,0.64017476,132.9722,0.196399256,272.8926
2.325581,62.0155,7.751938,5.426357,0.7751938,1.550388,3.875969,0.7751938,0.7751938,0.7751938,13.95349,0.945298948,1863.901,2.427910233,293.5341
0,50.4,0,0,0,0,0,0,0,0,49.6,1.032607249,1833.333333,2.113635175,291.5715027
3.490401,87.26003,1.745201,1.22164,0.1745201,0.3490401,0.8726003,0.1745201,0.1745201,0.1745201,4.363002,0.65573579,138.3809,0.179772508,270.686
0.7407407,88.88889,1.851852,2.592593,0.3703704,0.7407407,1.851852,0.3703704,0.3703704,0.3703704,1.851852,0.685139183,630.522,0.919768854,286.5683
0.7407407,88.88889,1.851852,2.592593,0.3703704,0.7407407,1.851852,0.3703704,0.3703704,0.3703704,1.851852,0.685139183,22.14336,0.032301447,238.4815
0,52.55,4.74,3.11,1.31,1.88,0,4.01,0,0,31.4,1.02843914,177.05,0.228043474,279.3
4.411765,73.52941,6.25,2.573529,0.3676471,0.7352941,1.838235,0.3676471,0.3676471,0.3676471,9.191176,0.779020869,2502.199,3.089070113,294.564
1.340483,80.42895,6.702413,1.876676,0.2680965,0.536193,1.340483,0.2680965,0.2680965,0.2680965,6.702413,0.727137989,123.9865,0.17110318,273.1112
1.686341,92.74874,1.686341,1.180438,0.1686341,0.3372681,0.8431703,0.1686341,0.1686341,0.1686341,0.8431703,0.618590173,331.8839,0.467475394,279.4139
0.7407407,88.88889,1.851852,2.592593,0.3703704,0.7407407,1.851852,0.3703704,0.3703704,0.3703704,1.851852,0.685139183,239.4403,0.349281596,278.9098
1.340483,80.42895,6.702413,1.876676,0.2680965,0.536193,1.340483,0.2680965,0.2680965,0.2680965,6.702413,0.727137989,120.4008,0.166154861,272.6381
1.686341,92.74874,1.686341,1.180438,0.1686341,0.3372681,0.8431703,0.1686341,0.1686341,0.1686341,0.8431703,0.618590173,1590.802,2.240725721,290.8296
0,82,11.3,4.2,0.1,0.1,0,0.2,0,0,0.5,0.65191039,2277.777778,3.450104737,294.9396973
0,50,0,0,0,0,0,0,0,0,50,1.036468761,1166.666667,1.342539318,289.1873169
0.530504,92.8382,1.32626,1.856764,0.265252,0.530504,1.32626,0.265252,0.265252,0.265252,0.530504,0.64017476,74.88401,0.110603298,259.8929
17.69912,35.39823,8.849558,6.19469,0.8849558,1.769912,4.424779,0.8849558,0.8849558,0.8849558,22.12389,1.070778126,1486.511,1.251215832,291.8966
2.325581,62.0155,7.751938,5.426357,0.7751938,1.550388,3.875969,0.7751938,0.7751938,0.7751938,13.95349,0.945298948,30.92485,0.04028259,251.2317
4.520796,86.79928,0.9041591,1.265823,0.1808318,0.3616637,0.9041591,0.1808318,0.1808318,0.1808318,4.520796,0.655660836,23.42705,0.029430765,234.1572
3.490401,87.26003,1.745201,1.22164,0.1745201,0.3490401,0.8726003,0.1745201,0.1745201,0.1745201,4.363002,0.65573579,488.7574,0.634951382,282.661
17.69912,35.39823,8.849558,6.19469,0.8849558,1.769912,4.424779,0.8849558,0.8849558,0.8849558,22.12389,1.070778126,13.76781,0.011588547,238.331
4.379562,65.69343,12.40876,5.109489,0.729927,1.459854,0.729927,0.729927,0.729927,0.729927,7.29927,0.835746521,1045.999,1.305973527,291.7763
1.686341,92.74874,1.686341,1.180438,0.1686341,0.3372681,0.8431703,0.1686341,0.1686341,0.1686341,0.8431703,0.618590173,154.1687,0.217154474,272.822
1.340483,80.42895,6.702413,1.876676,0.2680965,0.536193,1.340483,0.2680965,0.2680965,0.2680965,6.702413,0.727137989,37.5084,0.051762139,246.975
0.6465517,90.51724,4.310345,1.508621,0.2155172,0.4310345,1.077586,0.2155172,0.2155172,0.2155172,0.6465517,0.641855639,1317.572,1.929618831,290.8337
0,93,0,0,0,0,0,0,0,0,7,0.621356231,117.99,0.169701415,273.82
0,0,0,25,0,0,0,0,0,0,75,1.519908526,278,0.290415252,283.76
4.520796,86.79928,0.9041591,1.265823,0.1808318,0.3616637,0.9041591,0.1808318,0.1808318,0.1808318,4.520796,0.655660836,843.7064,1.05992539,286.648
1.686341,92.74874,1.686341,1.180438,0.1686341,0.3372681,0.8431703,0.1686341,0.1686341,0.1686341,0.8431703,0.618590173,1117.565,1.57414728,288.7048
13.44086,64.51613,9.139785,3.763441,0.5376344,1.075269,0.5376344,0.5376344,0.5376344,0.5376344,5.376344,0.768418394,26.96561,0.026323376,247.013
13.44086,64.51613,9.139785,3.763441,0.5376344,1.075269,0.5376344,0.5376344,0.5376344,0.5376344,5.376344,0.768418394,2598.872,2.536975258,296.0756
0,0,0,72,0,0,0,0,0,0,28,1.521319986,44,0.059187517,275.21
5.714286,64.7619,16.19048,6.666667,0.952381,1.904762,0.952381,0.952381,0.952381,0.952381,0,0.82973851,617.621,0.768877506,289.0914
0.530504,92.8382,1.32626,1.856764,0.265252,0.530504,1.32626,0.265252,0.265252,0.265252,0.530504,0.64017476,134.6926,0.198940278,273.0958
4.411765,73.52941,6.25,2.573529,0.3676471,0.7352941,1.838235,0.3676471,0.3676471,0.3676471,9.191176,0.779020869,1423.732,1.757657153,291.8784
1.340483,80.42895,6.702413,1.876676,0.2680965,0.536193,1.340483,0.2680965,0.2680965,0.2680965,6.702413,0.727137989,822.5783,1.13517006,288.2379
1.677852,83.89262,5.704698,2.348993,0.3355705,0.6711409,1.677852,0.3355705,0.3355705,0.3355705,2.684564,0.702698121,1700.547,2.378414185,292.9796
4.784689,83.73206,4.784689,1.674641,0.2392344,0.4784689,1.196172,0.2392344,0.2392344,0.2392344,2.392344,0.670483235,2053.789,2.585537559,293.4649
1.340483,80.42895,6.702413,1.876676,0.2680965,0.536193,1.340483,0.2680965,0.2680965,0.2680965,6.702413,0.727137989,130.1737,0.179641606,273.5073
2.325581,62.0155,7.751938,5.426357,0.7751938,1.550388,3.875969,0.7751938,0.7751938,0.7751938,13.95349,0.945298948,308.12,0.40135592,282.7814
0,87.56,0,0,0,0,0,0,0,0,12.44,0.673872793,322,0.448932155,274
0,50,0,0,0,0,0,0,0,0,50,1.036468761,297.32,0.342140391,275.2
17.69912,35.39823,8.849558,6.19469,0.8849558,1.769912,4.424779,0.8849558,0.8849558,0.8849558,22.12389,1.070778126,1130.614,0.951652653,290.6984
0,45.93,0,0,0,0,0,0,0,0,54.07,1.075759644,316.18,0.357086872,276.9
0,60,0,0,0,0,0,0,0,0,40,0.939930963,2500,3.01713734,292.9526672
0.6465517,90.51724,4.310345,1.508621,0.2155172,0.4310345,1.077586,0.2155172,0.2155172,0.2155172,0.6465517,0.641855639,386.6522,0.566262312,281.8237
5.714286,64.7619,16.19048,6.666667,0.952381,1.904762,0.952381,0.952381,0.952381,0.952381,0,0.82973851,27.3664,0.034068481,251.3747
5.714286,64.7619,16.19048,6.666667,0.952381,1.904762,0.952381,0.952381,0.952381,0.952381,0,0.82973851,1820.093,2.265837085,295.2761
0,50,0,0,0,0,0,0,0,0,50,1.036468761,1034,1.189873418,289.9
0,90,0,0,0,0,0,0,0,0,10,0.65031757,181.99,0.257266045,278.32
0.6465517,90.51724,4.310345,1.508621,0.2155172,0.4310345,1.077586,0.2155172,0.2155172,0.2155172,0.6465517,0.641855639,1463.33,2.143085254,291.4463
1.340483,80.42895,6.702413,1.876676,0.2680965,0.536193,1.340483,0.2680965,0.2680965,0.2680965,6.702413,0.727137989,760.3084,1.049236689,287.6833
13.44086,64.51613,9.139785,3.763441,0.5376344,1.075269,0.5376344,0.5376344,0.5376344,0.5376344,5.376344,0.768418394,90.05198,0.087907233,273.0459
1.686341,92.74874,1.686341,1.180438,0.1686341,0.3372681,0.8431703,0.1686341,0.1686341,0.1686341,0.8431703,0.618590173,1792.036,2.52417407,291.487
4.411765,73.52941,6.25,2.573529,0.3676471,0.7352941,1.838235,0.3676471,0.3676471,0.3676471,9.191176,0.779020869,1821.022,2.2481284,293.0208
1.686341,92.74874,1.686341,1.180438,0.1686341,0.3372681,0.8431703,0.1686341,0.1686341,0.1686341,0.8431703,0.618590173,499.7886,0.703977724,282.784
0,20,0,0,0,0,0,0,0,0,80,1.326082154,350.84,0.35431226,274.41
0.7407407,88.88889,1.851852,2.592593,0.3703704,0.7407407,1.851852,0.3703704,0.3703704,0.3703704,1.851852,0.685139183,116.0539,0.169292685,272.9093
1.677852,83.89262,5.704698,2.348993,0.3355705,0.6711409,1.677852,0.3355705,0.3355705,0.3355705,2.684564,0.702698121,53.02721,0.074164765,255.6075
3.490401,87.26003,1.745201,1.22164,0.1745201,0.3490401,0.8726003,0.1745201,0.1745201,0.1745201,4.363002,0.65573579,852.7908,1.10787212,286.8677
1.677852,83.89262,5.704698,2.348993,0.3355705,0.6711409,1.677852,0.3355705,0.3355705,0.3355705,2.684564,0.702698121,1666.714,2.331094771,292.8791
0.530504,92.8382,1.32626,1.856764,0.265252,0.530504,1.32626,0.265252,0.265252,0.265252,0.530504,0.64017476,136.4288,0.201504637,273.2011
0,50.58,0,0,0,0,0,0,0,0,49.42,1.030869569,2055.555556,2.371821875,292.1621094
0,82.16,0,0,0,0,0,0,0,0,17.84,0.726003203,2055.555556,2.781259615,292.2610168
4.784689,83.73206,4.784689,1.674641,0.2392344,0.4784689,1.196172,0.2392344,0.2392344,0.2392344,2.392344,0.670483235,270.2747,0.340251792,279.2424
0,94.5,0,0,0,0,0,0,0,0,5.5,0.606875561,1833.333333,2.6600118,291.3693237
1.686341,92.74874,1.686341,1.180438,0.1686341,0.3372681,0.8431703,0.1686341,0.1686341,0.1686341,0.8431703,0.618590173,38.11175,0.053682343,242.7452
4.411765,73.52941,6.25,2.573529,0.3676471,0.7352941,1.838235,0.3676471,0.3676471,0.3676471,9.191176,0.779020869,26.68541,0.032944263,242.6798
0.530504,92.8382,1.32626,1.856764,0.265252,0.530504,1.32626,0.265252,0.265252,0.265252,0.530504,0.64017476,1275.957,1.884581935,290.4257
13.44086,64.51613,9.139785,3.763441,0.5376344,1.075269,0.5376344,0.5376344,0.5376344,0.5376344,5.376344,0.768418394,21.59779,0.0210834,242.7334
13.44086,64.51613,9.139785,3.763441,0.5376344,1.075269,0.5376344,0.5376344,0.5376344,0.5376344,5.376344,0.768418394,1383.418,1.350469449,293.0962
3.490401,87.26003,1.745201,1.22164,0.1745201,0.3490401,0.8726003,0.1745201,0.1745201,0.1745201,4.363002,0.65573579,269.695,0.35036444,277.7669
1.340483,80.42895,6.702413,1.876676,0.2680965,0.536193,1.340483,0.2680965,0.2680965,0.2680965,6.702413,0.727137989,101.1479,0.139585578,268.4919
3.490401,87.26003,1.745201,1.22164,0.1745201,0.3490401,0.8726003,0.1745201,0.1745201,0.1745201,4.363002,0.65573579,1211.489,1.573861827,289.1681
0,85,0,0,0,0,0,0,0,0,15,0.698586469,944.4444444,1.298026999,287.9468384
0,47.01,0,0,0,0,0,0,0,0,52.99,1.065333562,307.47,0.348969605,275.6
2.325581,62.0155,7.751938,5.426357,0.7751938,1.550388,3.875969,0.7751938,0.7751938,0.7751938,13.95349,0.945298948,1861.123,2.42429162,293.5297
0,77.37,0,0,0,0,0,0,0,0,22.63,0.772244808,1611.111111,2.124284782,291.217865
0.530504,92.8382,1.32626,1.856764,0.265252,0.530504,1.32626,0.265252,0.265252,0.265252,0.530504,0.64017476,132.5813,0.195821899,272.8231
0.530504,92.8382,1.32626,1.856764,0.265252,0.530504,1.32626,0.265252,0.265252,0.265252,0.530504,0.64017476,121.3275,0.179200094,270.7405
0,77.37,0,0,0,0,0,0,0,0,22.63,0.772244808,1166.666667,1.538275188,289.3113403
0,56,0,0,0,0,0,0,0,0,44,0.978546082,768.24,0.90941806,280.1
4.411765,73.52941,6.25,2.573529,0.3676471,0.7352941,1.838235,0.3676471,0.3676471,0.3676471,9.191176,0.779020869,2570.941,3.173935009,294.7014
5.714286,64.7619,16.19048,6.666667,0.952381,1.904762,0.952381,0.952381,0.952381,0.952381,0,0.82973851,991.2271,1.233980419,292.1936
1.686341,92.74874,1.686341,1.180438,0.1686341,0.3372681,0.8431703,0.1686341,0.1686341,0.1686341,0.8431703,0.618590173,1127.42,1.588028549,288.7611
0.6465517,90.51724,4.310345,1.508621,0.2155172,0.4310345,1.077586,0.2155172,0.2155172,0.2155172,0.6465517,0.641855639,1120.935,1.641638776,289.8417
0,78.4,0,0,0,0,0,0,0,0,21.6,0.762301415,1166.666667,1.5467617,289.328949
0,82.16,0,0,0,0,0,0,0,0,17.84,0.726003203,500,0.676522609,283.2312012
0,93,0,0,0,0,0,0,0,0,7,0.621356231,1388.888889,1.997596492,290.2572327
0,74.96,0,0,0,0,0,0,0,0,25.04,0.795510418,944.4444444,1.229486666,288.2564087
4.379562,65.69343,12.40876,5.109489,0.729927,1.459854,0.729927,0.729927,0.729927,0.729927,7.29927,0.835746521,1531.295,1.911885893,293.7144
0,60,0,0,0,0,0,0,0,0,40,0.939930963,1611.111111,1.944377397,291.0880737
4.520796,86.79928,0.9041591,1.265823,0.1808318,0.3616637,0.9041591,0.1808318,0.1808318,0.1808318,4.520796,0.655660836,2229.697,2.801107662,292.278
2.325581,62.0155,7.751938,5.426357,0.7751938,1.550388,3.875969,0.7751938,0.7751938,0.7751938,13.95349,0.945298948,1862.233,2.425737502,293.5318
0,64,0,0,0,0,0,0,0,0,36,0.901315844,722.2222222,0.888954535,286.2346497
1.686341,92.74874,1.686341,1.180438,0.1686341,0.3372681,0.8431703,0.1686341,0.1686341,0.1686341,0.8431703,0.618590173,1125.228,1.584941006,288.7487
4.411765,73.52941,6.25,2.573529,0.3676471,0.7352941,1.838235,0.3676471,0.3676471,0.3676471,9.191176,0.779020869,717.0207,0.885192271,287.7284
5.714286,64.7619,16.19048,6.666667,0.952381,1.904762,0.952381,0.952381,0.952381,0.952381,0,0.82973851,1837.175,2.287102498,295.3217
1.677852,83.89262,5.704698,2.348993,0.3355705,0.6711409,1.677852,0.3355705,0.3355705,0.3355705,2.684564,0.702698121,574.7822,0.803900238,286.0952
2.325581,62.0155,7.751938,5.426357,0.7751938,1.550388,3.875969,0.7751938,0.7751938,0.7751938,13.95349,0.945298948,84.90896,0.110602083,272.9892
1.340483,80.42895,6.702413,1.876676,0.2680965,0.536193,1.340483,0.2680965,0.2680965,0.2680965,6.702413,0.727137989,296.3939,0.409027908,280.3011
0,52,0,0,0,0,0,0,0,0,48,1.017161201,2500,2.903870278,292.9526672
13.44086,64.51613,9.139785,3.763441,0.5376344,1.075269,0.5376344,0.5376344,0.5376344,0.5376344,5.376344,0.768418394,1056.987,1.031812981,291.6398
0.7407407,88.88889,1.851852,2.592593,0.3703704,0.7407407,1.851852,0.3703704,0.3703704,0.3703704,1.851852,0.685139183,1799.501,2.62500749,292.8931
5.714286,64.7619,16.19048,6.666667,0.952381,1.904762,0.952381,0.952381,0.952381,0.952381,0,0.82973851,1803.504,2.245185409,295.2342
17.69912,35.39823,8.849558,6.19469,0.8849558,1.769912,4.424779,0.8849558,0.8849558,0.8849558,22.12389,1.070778126,1205.656,1.01481649,290.9972
0,85.75,0,0,0,0,0,0,0,0,14.25,0.691346134,500,0.690064452,283.1618347
0,46.62,0,0,0,0,0,0,0,0,53.38,1.069098536,362.59,0.410794612,277.7
0,87,0,0,0,0,0,0,0,0,13,0.679278909,500,0.694907716,283.0420227
0.7407407,88.88889,1.851852,2.592593,0.3703704,0.7407407,1.851852,0.3703704,0.3703704,0.3703704,1.851852,0.685139183,2124.89,3.099666055,293.6828
0,50.4,0,0,0,0,0,0,0,0,49.6,1.032607249,2500,2.882229785,292.9526672
2.325581,62.0155,7.751938,5.426357,0.7751938,1.550388,3.875969,0.7751938,0.7751938,0.7751938,13.95349,0.945298948,1864.456,2.428633173,293.5354
0,91,0,0,0,0,0,0,0,0,9,0.64066379,2277.777778,3.23842382,292.6039124
3.490401,87.26003,1.745201,1.22164,0.1745201,0.3490401,0.8726003,0.1745201,0.1745201,0.1745201,4.363002,0.65573579,2251.209,2.924576212,292.5594
4.520796,86.79928,0.9041591,1.265823,0.1808318,0.3616637,0.9041591,0.1808318,0.1808318,0.1808318,4.520796,0.655660836,46.4027,0.058294449,246.9871
13.44086,64.51613,9.139785,3.763441,0.5376344,1.075269,0.5376344,0.5376344,0.5376344,0.5376344,5.376344,0.768418394,89.35445,0.087226315,272.8789
0.530504,92.8382,1.32626,1.856764,0.265252,0.530504,1.32626,0.265252,0.265252,0.265252,0.530504,0.64017476,1877.482,2.77303127,292.4673
3.490401,87.26003,1.745201,1.22164,0.1745201,0.3490401,0.8726003,0.1745201,0.1745201,0.1745201,4.363002,0.65573579,1376.036,1.787627072,289.9226
0,85,0,0,0,0,0,0,0,0,15,0.698586469,722.2222222,0.992608882,285.8704224
0.6465517,90.51724,4.310345,1.508621,0.2155172,0.4310345,1.077586,0.2155172,0.2155172,0.2155172,0.6465517,0.641855639,992.1487,1.453027854,289.041
0,20,0,0,0,0,0,0,0,0,80,1.326082154,741.44,0.748778025,281.51
4.784689,83.73206,4.784689,1.674641,0.2392344,0.4784689,1.196172,0.2392344,0.2392344,0.2392344,2.392344,0.670483235,25.17216,0.031689509,238.4534
0.7407407,88.88889,1.851852,2.592593,0.3703704,0.7407407,1.851852,0.3703704,0.3703704,0.3703704,1.851852,0.685139183,1069.21,1.559701416,290.1572
3.490401,87.26003,1.745201,1.22164,0.1745201,0.3490401,0.8726003,0.1745201,0.1745201,0.1745201,4.363002,0.65573579,57.32578,0.0744727,251.2552
4.411765,73.52941,6.25,2.573529,0.3676471,0.7352941,1.838235,0.3676471,0.3676471,0.3676471,9.191176,0.779020869,123.0472,0.151906954,273.8626
5.714286,64.7619,16.19048,6.666667,0.952381,1.904762,0.952381,0.952381,0.952381,0.952381,0,0.82973851,1798.901,2.239455126,295.2238
0,54.21,0,0,0,0,0,0,0,0,45.79,0.995826348,2500,2.93430123,292.9526672
4.784689,83.73206,4.784689,1.674641,0.2392344,0.4784689,1.196172,0.2392344,0.2392344,0.2392344,2.392344,0.670483235,128.107,0.161275311,273.0297
0,52.55,8.12,4.74,1.31,1.88,0,0,0,0,31.4,0.988463027,511,0.646214889,282.54
1.677852,83.89262,5.704698,2.348993,0.3355705,0.6711409,1.677852,0.3355705,0.3355705,0.3355705,2.684564,0.702698121,2482.534,3.472114608,294.8801
4.520796,86.79928,0.9041591,1.265823,0.1808318,0.3616637,0.9041591,0.1808318,0.1808318,0.1808318,4.520796,0.655660836,70.61237,0.088708399,255.562
0,50,0,0,0,0,0,0,0,0,50,1.036468761,793,0.912543153,283.62
1.340483,80.42895,6.702413,1.876676,0.2680965,0.536193,1.340483,0.2680965,0.2680965,0.2680965,6.702413,0.727137989,404.5091,0.558228462,282.842
1.686341,92.74874,1.686341,1.180438,0.1686341,0.3372681,0.8431703,0.1686341,0.1686341,0.1686341,0.8431703,0.618590173,153.2751,0.215895793,272.6827
0,78,0,2,0,0,0,0,0,0,20,0.766222989,2500,3.347706152,293.8467102
0,85.75,0,0,0,0,0,0,0,0,14.25,0.691346134,2055.555556,2.836931637,292.1916504
1.677852,83.89262,5.704698,2.348993,0.3355705,0.6711409,1.677852,0.3355705,0.3355705,0.3355705,2.684564,0.702698121,13.83176,0.019345337,229.9355
1.686341,92.74874,1.686341,1.180438,0.1686341,0.3372681,0.8431703,0.1686341,0.1686341,0.1686341,0.8431703,0.618590173,1391.469,1.959955028,290.0589
0,54.21,0,0,0,0,0,0,0,0,45.79,0.995826348,1388.888889,1.63016735,290.4651794
4.379562,65.69343,12.40876,5.109489,0.729927,1.459854,0.729927,0.729927,0.729927,0.729927,7.29927,0.835746521,24.77388,0.030931226,247.0129
0.7407407,88.88889,1.851852,2.592593,0.3703704,0.7407407,1.851852,0.3703704,0.3703704,0.3703704,1.851852,0.685139183,191.5515,0.279424197,277.078
0,7.86,1.13,0.86,0,0.33,0,0,0,0,89.62,1.436436873,367.09,0.357310605,279.3
0,74.96,0,0,0,0,0,0,0,0,25.04,0.795510418,2277.777778,2.965232547,292.842041
4.379562,65.69343,12.40876,5.109489,0.729927,1.459854,0.729927,0.729927,0.729927,0.729927,7.29927,0.835746521,1742.384,2.175439343,294.2539
0,82.16,0,0,0,0,0,0,0,0,17.84,0.726003203,1388.888889,1.879229469,290.491272
1.677852,83.89262,5.704698,2.348993,0.3355705,0.6711409,1.677852,0.3355705,0.3355705,0.3355705,2.684564,0.702698121,113.2837,0.158440525,272.6938
0,50,0,0,0,0,0,0,0,0,50,1.036468761,500,0.575373993,283.8873596
4.784689,83.73206,4.784689,1.674641,0.2392344,0.4784689,1.196172,0.2392344,0.2392344,0.2392344,2.392344,0.670483235,116.3402,0.146461957,270.7283
4.379562,65.69343,12.40876,5.109489,0.729927,1.459854,0.729927,0.729927,0.729927,0.729927,7.29927,0.835746521,81.8786,0.102228859,272.6699
0,0,0,0,0,0,0,0,0,0,100,1.519157749,380,0.35480859,279.49
0,50,0,0,0,0,0,0,0,0,50,1.036468761,639.61,0.736029919,281.8
0,47.29,0,0,0,0,0,0,0,0,52.71,1.062630504,319.08,0.362612171,275.7
0,52,0,0,0,0,0,0,0,0,48,1.017161201,1833.333333,2.12950487,291.5715027
0.7407407,88.88889,1.851852,2.592593,0.3703704,0.7407407,1.851852,0.3703704,0.3703704,0.3703704,1.851852,0.685139183,814.9673,1.188826939,288.3939
0,80,0,0,0,0,0,0,0,0,20,0.746855368,722.2222222,0.965795964,286.2550049
0,82.16,0,0,0,0,0,0,0,0,17.84,0.726003203,333.59,0.451362354,274
