Water,Methane,Ethane,Propane,Isobutane,Butane,Isopentane,Pentane,Hexane,Heptane,Carbon Dioxide,Nitrogen,H2S,Pressure (psia),Hydrate Temperature (K)
5.714286,64.7619,16.19048,6.666667,0.952381,1.904762,0.952381,0.952381,0.952381,0.952381,0,0,0,2725.124,297.3086
5.714286,64.7619,16.19048,6.666667,0.952381,1.904762,0.952381,0.952381,0.952381,0.952381,0,0,0,2656.269,297.174
5.714286,64.7619,16.19048,6.666667,0.952381,1.904762,0.952381,0.952381,0.952381,0.952381,0,0,0,2587.415,297.037
5.714286,64.7619,16.19048,6.666667,0.952381,1.904762,0.952381,0.952381,0.952381,0.952381,0,0,0,2518.653,296.8975
5.714286,64.7619,16.19048,6.666667,0.952381,1.904762,0.952381,0.952381,0.952381,0.952381,0,0,0,2449.986,296.7554
5.714286,64.7619,16.19048,6.666667,0.952381,1.904762,0.952381,0.952381,0.952381,0.952381,0,0,0,2381.418,296.6104
5.714286,64.7619,16.19048,6.666667,0.952381,1.904762,0.952381,0.952381,0.952381,0.952381,0,0,0,2312.956,296.4625
5.714286,64.7619,16.19048,6.666667,0.952381,1.904762,0.952381,0.952381,0.952381,0.952381,0,0,0,2244.603,296.3115
5.714286,64.7619,16.19048,6.666667,0.952381,1.904762,0.952381,0.952381,0.952381,0.952381,0,0,0,2176.367,296.1569
5.714286,64.7619,16.19048,6.666667,0.952381,1.904762,0.952381,0.952381,0.952381,0.952381,0,0,0,2108.253,295.9987
5.714286,64.7619,16.19048,6.666667,0.952381,1.904762,0.952381,0.952381,0.952381,0.952381,0,0,0,2040.269,295.8364
5.714286,64.7619,16.19048,6.666667,0.952381,1.904762,0.952381,0.952381,0.952381,0.952381,0,0,0,1972.422,295.6698
5.714286,64.7619,16.19048,6.666667,0.952381,1.904762,0.952381,0.952381,0.952381,0.952381,0,0,0,1904.721,295.4984
5.714286,64.7619,16.19048,6.666667,0.952381,1.904762,0.952381,0.952381,0.952381,0.952381,0,0,0,1837.175,295.3217
5.714286,64.7619,16.19048,6.666667,0.952381,1.904762,0.952381,0.952381,0.952381,0.952381,0,0,0,1820.093,295.2761
5.714286,64.7619,16.19048,6.666667,0.952381,1.904762,0.952381,0.952381,0.952381,0.952381,0,0,0,1811.306,295.2525
5.714286,64.7619,16.19048,6.666667,0.952381,1.904762,0.952381,0.952381,0.952381,0.952381,0,0,0,1809.096,295.2465
5.714286,64.7619,16.19048,6.666667,0.952381,1.904762,0.952381,0.952381,0.952381,0.952381,0,0,0,1808.645,295.2453
5.714286,64.7619,16.19048,6.666667,0.952381,1.904762,0.952381,0.952381,0.952381,0.952381,0,0,0,1806.876,295.2417
5.714286,64.7619,16.19048,6.666667,0.952381,1.904762,0.952381,0.952381,0.952381,0.952381,0,0,0,1805.767,295.2393
5.714286,64.7619,16.19048,6.666667,0.952381,1.904762,0.952381,0.952381,0.952381,0.952381,0,0,0,1803.504,295.2342
5.714286,64.7619,16.19048,6.666667,0.952381,1.904762,0.952381,0.952381,0.952381,0.952381,0,0,0,1798.901,295.2238
5.714286,64.7619,16.19048,6.666667,0.952381,1.904762,0.952381,0.952381,0.952381,0.952381,0,0,0,1789.42,295.2023
5.714286,64.7619,16.19048,6.666667,0.952381,1.904762,0.952381,0.952381,0.952381,0.952381,0,0,0,1769.58,295.1566
5.714286,64.7619,16.19048,6.666667,0.952381,1.904762,0.952381,0.952381,0.952381,0.952381,0,0,0,1727.56,295.0567
5.714286,64.7619,16.19048,6.666667,0.952381,1.904762,0.952381,0.952381,0.952381,0.952381,0,0,0,1639.059,294.8309
5.714286,64.7619,16.19048,6.666667,0.952381,1.904762,0.952381,0.952381,0.952381,0.952381,0,0,0,1554.684,294.5942
5.714286,64.7619,16.19048,6.666667,0.952381,1.904762,0.952381,0.952381,0.952381,0.952381,0,0,0,1475.896,294.3514
5.714286,64.7619,16.19048,6.666667,0.952381,1.904762,0.952381,0.952381,0.952381,0.952381,0,0,0,1399.537,294.0934
5.714286,64.7619,16.19048,6.666667,0.952381,1.904762,0.952381,0.952381,0.952381,0.952381,0,0,0,1324.378,293.815
5.714286,64.7619,16.19048,6.666667,0.952381,1.904762,0.952381,0.952381,0.952381,0.952381,0,0,0,1249.867,293.5119
5.714286,64.7619,16.19048,6.666667,0.952381,1.904762,0.952381,0.952381,0.952381,0.952381,0,0,0,1184.981,293.2231
5.714286,64.7619,16.19048,6.666667,0.952381,1.904762,0.952381,0.952381,0.952381,0.952381,0,0,0,1119.997,292.908
5.714286,64.7619,16.19048,6.666667,0.952381,1.904762,0.952381,0.952381,0.952381,0.952381,0,0,0,1055.408,292.5659
5.714286,64.7619,16.19048,6.666667,0.952381,1.904762,0.952381,0.952381,0.952381,0.952381,0,0,0,991.2271,292.1936
5.714286,64.7619,16.19048,6.666667,0.952381,1.904762,0.952381,0.952381,0.952381,0.952381,0,0,0,927.4972,291.788
5.714286,64.7619,16.19048,6.666667,0.952381,1.904762,0.952381,0.952381,0.952381,0.952381,0,0,0,864.2668,291.3448
5.714286,64.7619,16.19048,6.666667,0.952381,1.904762,0.952381,0.952381,0.952381,0.952381,0,0,0,801.5922,290.8597
5.714286,64.7619,16.19048,6.666667,0.952381,1.904762,0.952381,0.952381,0.952381,0.952381,0,0,0,739.539,290.3269
5.714286,64.7619,16.19048,6.666667,0.952381,1.904762,0.952381,0.952381,0.952381,0.952381,0,0,0,678.1846,289.7401
5.714286,64.7619,16.19048,6.666667,0.952381,1.904762,0.952381,0.952381,0.952381,0.952381,0,0,0,617.621,289.0914
5.714286,64.7619,16.19048,6.666667,0.952381,1.904762,0.952381,0.952381,0.952381,0.952381,0,0,0,557.958,288.3711
5.714286,64.7619,16.19048,6.666667,0.952381,1.904762,0.952381,0.952381,0.952381,0.952381,0,0,0,499.3286,287.5676
5.714286,64.7619,16.19048,6.666667,0.952381,1.904762,0.952381,0.952381,0.952381,0.952381,0,0,0,441.8947,286.6664
5.714286,64.7619,16.19048,6.666667,0.952381,1.904762,0.952381,0.952381,0.952381,0.952381,0,0,0,385.8558,285.649
5.714286,64.7619,16.19048,6.666667,0.952381,1.904762,0.952381,0.952381,0.952381,0.952381,0,0,0,331.4603,284.4924
5.714286,64.7619,16.19048,6.666667,0.952381,1.904762,0.952381,0.952381,0.952381,0.952381,0,0,0,279.0204,283.1667
5.714286,64.7619,16.19048,6.666667,0.952381,1.904762,0.952381,0.952381,0.952381,0.952381,0,0,0,228.933,281.6328
5.714286,64.7619,16.19048,6.666667,0.952381,1.904762,0.952381,0.952381,0.952381,0.952381,0,0,0,181.7065,279.8395
5.714286,64.7619,16.19048,6.666667,0.952381,1.904762,0.952381,0.952381,0.952381,0.952381,0,0,0,137.9942,277.7181
5.714286,64.7619,16.19048,6.666667,0.952381,1.904762,0.952381,0.952381,0.952381,0.952381,0,0,0,98.6308,275.1763
5.714286,64.7619,16.19048,6.666667,0.952381,1.904762,0.952381,0.952381,0.952381,0.952381,0,0,0,79.85525,273.6156
5.714286,64.7619,16.19048,6.666667,0.952381,1.904762,0.952381,0.952381,0.952381,0.952381,0,0,0,74.53891,273.1138
5.714286,64.7619,16.19048,6.666667,0.952381,1.904762,0.952381,0.952381,0.952381,0.952381,0,0,0,74.53891,273.1138
5.714286,64.7619,16.19048,6.666667,0.952381,1.904762,0.952381,0.952381,0.952381,0.952381,0,0,0,73.88584,272.9543
5.714286,64.7619,16.19048,6.666667,0.952381,1.904762,0.952381,0.952381,0.952381,0.952381,0,0,0,73.66424,272.8839
5.714286,64.7619,16.19048,6.666667,0.952381,1.904762,0.952381,0.952381,0.952381,0.952381,0,0,0,73.2276,272.7445
5.714286,64.7619,16.19048,6.666667,0.952381,1.904762,0.952381,0.952381,0.952381,0.952381,0,0,0,72.36158,272.466
5.714286,64.7619,16.19048,6.666667,0.952381,1.904762,0.952381,0.952381,0.952381,0.952381,0,0,0,70.65821,271.9099
5.714286,64.7619,16.19048,6.666667,0.952381,1.904762,0.952381,0.952381,0.952381,0.952381,0,0,0,67.36335,270.8013
5.714286,64.7619,16.19048,6.666667,0.952381,1.904762,0.952381,0.952381,0.952381,0.952381,0,0,0,61.20002,268.5986
5.714286,64.7619,16.19048,6.666667,0.952381,1.904762,0.952381,0.952381,0.952381,0.952381,0,0,0,50.42152,264.2512
5.714286,64.7619,16.19048,6.666667,0.952381,1.904762,0.952381,0.952381,0.952381,0.952381,0,0,0,41.38835,259.9552
5.714286,64.7619,16.19048,6.666667,0.952381,1.904762,0.952381,0.952381,0.952381,0.952381,0,0,0,33.76463,255.6627
5.714286,64.7619,16.19048,6.666667,0.952381,1.904762,0.952381,0.952381,0.952381,0.952381,0,0,0,27.3664,251.3747
5.714286,64.7619,16.19048,6.666667,0.952381,1.904762,0.952381,0.952381,0.952381,0.952381,0,0,0,22.02746,247.0913
5.714286,64.7619,16.19048,6.666667,0.952381,1.904762,0.952381,0.952381,0.952381,0.952381,0,0,0,17.59994,242.8125
5.714286,64.7619,16.19048,6.666667,0.952381,1.904762,0.952381,0.952381,0.952381,0.952381,0,0,0,13.95263,238.5382
4.379562,65.69343,12.40876,5.109489,0.729927,1.459854,0.729927,0.729927,0.729927,0.729927,7.29927,0,0,2647.555,296.2776
4.379562,65.69343,12.40876,5.109489,0.729927,1.459854,0.729927,0.729927,0.729927,0.729927,7.29927,0,0,2578.802,296.1433
4.379562,65.69343,12.40876,5.109489,0.729927,1.459854,0.729927,0.729927,0.729927,0.729927,7.29927,0,0,2510.05,296.0065
4.379562,65.69343,12.40876,5.109489,0.729927,1.459854,0.729927,0.729927,0.729927,0.729927,7.29927,0,0,2441.395,295.8673
4.379562,65.69343,12.40876,5.109489,0.729927,1.459854,0.729927,0.729927,0.729927,0.729927,7.29927,0,0,2372.84,295.7255
4.379562,65.69343,12.40876,5.109489,0.729927,1.459854,0.729927,0.729927,0.729927,0.729927,7.29927,0,0,2304.391,295.5809
4.379562,65.69343,12.40876,5.109489,0.729927,1.459854,0.729927,0.729927,0.729927,0.729927,7.29927,0,0,2236.053,295.4333
4.379562,65.69343,12.40876,5.109489,0.729927,1.459854,0.729927,0.729927,0.729927,0.729927,7.29927,0,0,2167.831,295.2826
4.379562,65.69343,12.40876,5.109489,0.729927,1.459854,0.729927,0.729927,0.729927,0.729927,7.29927,0,0,2099.733,295.1285
4.379562,65.69343,12.40876,5.109489,0.729927,1.459854,0.729927,0.729927,0.729927,0.729927,7.29927,0,0,2031.766,294.9708
4.379562,65.69343,12.40876,5.109489,0.729927,1.459854,0.729927,0.729927,0.729927,0.729927,7.29927,0,0,1963.937,294.8091
4.379562,65.69343,12.40876,5.109489,0.729927,1.459854,0.729927,0.729927,0.729927,0.729927,7.29927,0,0,1896.255,294.6431
4.379562,65.69343,12.40876,5.109489,0.729927,1.459854,0.729927,0.729927,0.729927,0.729927,7.29927,0,0,1828.729,294.4725
4.379562,65.69343,12.40876,5.109489,0.729927,1.459854,0.729927,0.729927,0.729927,0.729927,7.29927,0,0,1761.369,294.2967
4.379562,65.69343,12.40876,5.109489,0.729927,1.459854,0.729927,0.729927,0.729927,0.729927,7.29927,0,0,1761.369,294.2967
4.379562,65.69343,12.40876,5.109489,0.729927,1.459854,0.729927,0.729927,0.729927,0.729927,7.29927,0,0,1759.228,294.2918
4.379562,65.69343,12.40876,5.109489,0.729927,1.459854,0.729927,0.729927,0.729927,0.729927,7.29927,0,0,1758.119,294.2894
4.379562,65.69343,12.40876,5.109489,0.729927,1.459854,0.729927,0.729927,0.729927,0.729927,7.29927,0,0,1755.889,294.2844
4.379562,65.69343,12.40876,5.109489,0.729927,1.459854,0.729927,0.729927,0.729927,0.729927,7.29927,0,0,1751.411,294.2743
4.379562,65.69343,12.40876,5.109489,0.729927,1.459854,0.729927,0.729927,0.729927,0.729927,7.29927,0,0,1742.384,294.2539
4.379562,65.69343,12.40876,5.109489,0.729927,1.459854,0.729927,0.729927,0.729927,0.729927,7.29927,0,0,1724.071,294.212
4.379562,65.69343,12.40876,5.109489,0.729927,1.459854,0.729927,0.729927,0.729927,0.729927,7.29927,0,0,1686.549,294.1234
4.379562,65.69343,12.40876,5.109489,0.729927,1.459854,0.729927,0.729927,0.729927,0.729927,7.29927,0,0,1608.777,293.9276
4.379562,65.69343,12.40876,5.109489,0.729927,1.459854,0.729927,0.729927,0.729927,0.729927,7.29927,0,0,1531.295,293.7144
4.379562,65.69343,12.40876,5.109489,0.729927,1.459854,0.729927,0.729927,0.729927,0.729927,7.29927,0,0,1455.439,293.4857
4.379562,65.69343,12.40876,5.109489,0.729927,1.459854,0.729927,0.729927,0.729927,0.729927,7.29927,0,0,1380.459,293.2376
4.379562,65.69343,12.40876,5.109489,0.729927,1.459854,0.729927,0.729927,0.729927,0.729927,7.29927,0,0,1305.894,292.9663
4.379562,65.69343,12.40876,5.109489,0.729927,1.459854,0.729927,0.729927,0.729927,0.729927,7.29927,0,0,1240.716,292.7065
4.379562,65.69343,12.40876,5.109489,0.729927,1.459854,0.729927,0.729927,0.729927,0.729927,7.29927,0,0,1175.441,292.4224
4.379562,65.69343,12.40876,5.109489,0.729927,1.459854,0.729927,0.729927,0.729927,0.729927,7.29927,0,0,1110.532,292.1133
4.379562,65.69343,12.40876,5.109489,0.729927,1.459854,0.729927,0.729927,0.729927,0.729927,7.29927,0,0,1045.999,291.7763
4.379562,65.69343,12.40876,5.109489,0.729927,1.459854,0.729927,0.729927,0.729927,0.729927,7.29927,0,0,981.8808,291.4083
4.379562,65.69343,12.40876,5.109489,0.729927,1.459854,0.729927,0.729927,0.729927,0.729927,7.29927,0,0,918.2207,291.0057
4.379562,65.69343,12.40876,5.109489,0.729927,1.459854,0.729927,0.729927,0.729927,0.729927,7.29927,0,0,855.0679,290.5642
4.379562,65.69343,12.40876,5.109489,0.729927,1.459854,0.729927,0.729927,0.729927,0.729927,7.29927,0,0,792.4798,290.0789
4.379562,65.69343,12.40876,5.109489,0.729927,1.459854,0.729927,0.729927,0.729927,0.729927,7.29927,0,0,730.5236,289.5439
4.379562,65.69343,12.40876,5.109489,0.729927,1.459854,0.729927,0.729927,0.729927,0.729927,7.29927,0,0,669.2787,288.9524
4.379562,65.69343,12.40876,5.109489,0.729927,1.459854,0.729927,0.729927,0.729927,0.729927,7.29927,0,0,608.8394,288.2958
4.379562,65.69343,12.40876,5.109489,0.729927,1.459854,0.729927,0.729927,0.729927,0.729927,7.29927,0,0,549.3186,287.5642
4.379562,65.69343,12.40876,5.109489,0.729927,1.459854,0.729927,0.729927,0.729927,0.729927,7.29927,0,0,490.8531,286.7451
4.379562,65.69343,12.40876,5.109489,0.729927,1.459854,0.729927,0.729927,0.729927,0.729927,7.29927,0,0,433.6097,285.8231
4.379562,65.69343,12.40876,5.109489,0.729927,1.459854,0.729927,0.729927,0.729927,0.729927,7.29927,0,0,377.7942,284.7788
4.379562,65.69343,12.40876,5.109489,0.729927,1.459854,0.729927,0.729927,0.729927,0.729927,7.29927,0,0,323.6633,283.5878
4.379562,65.69343,12.40876,5.109489,0.729927,1.459854,0.729927,0.729927,0.729927,0.729927,7.29927,0,0,271.5402,282.2184
4.379562,65.69343,12.40876,5.109489,0.729927,1.459854,0.729927,0.729927,0.729927,0.729927,7.29927,0,0,221.8363,280.6296
4.379562,65.69343,12.40876,5.109489,0.729927,1.459854,0.729927,0.729927,0.729927,0.729927,7.29927,0,0,175.0789,278.7666
4.379562,65.69343,12.40876,5.109489,0.729927,1.459854,0.729927,0.729927,0.729927,0.729927,7.29927,0,0,131.9456,276.5565
4.379562,65.69343,12.40876,5.109489,0.729927,1.459854,0.729927,0.729927,0.729927,0.729927,7.29927,0,0,93.30004,273.9005
4.379562,65.69343,12.40876,5.109489,0.729927,1.459854,0.729927,0.729927,0.729927,0.729927,7.29927,0,0,83.62307,273.0776
4.379562,65.69343,12.40876,5.109489,0.729927,1.459854,0.729927,0.729927,0.729927,0.729927,7.29927,0,0,83.24821,273.044
4.379562,65.69343,12.40876,5.109489,0.729927,1.459854,0.729927,0.729927,0.729927,0.729927,7.29927,0,0,83.24821,273.044
4.379562,65.69343,12.40876,5.109489,0.729927,1.459854,0.729927,0.729927,0.729927,0.729927,7.29927,0,0,82.60968,272.8793
4.379562,65.69343,12.40876,5.109489,0.729927,1.459854,0.729927,0.729927,0.729927,0.729927,7.29927,0,0,82.36462,272.8093
4.379562,65.69343,12.40876,5.109489,0.729927,1.459854,0.729927,0.729927,0.729927,0.729927,7.29927,0,0,81.8786,272.6699
4.379562,65.69343,12.40876,5.109489,0.729927,1.459854,0.729927,0.729927,0.729927,0.729927,7.29927,0,0,80.91461,272.3914
4.379562,65.69343,12.40876,5.109489,0.729927,1.459854,0.729927,0.729927,0.729927,0.729927,7.29927,0,0,79.01839,271.8353
4.379562,65.69343,12.40876,5.109489,0.729927,1.459854,0.729927,0.729927,0.729927,0.729927,7.29927,0,0,75.34997,270.7267
4.379562,65.69343,12.40876,5.109489,0.729927,1.459854,0.729927,0.729927,0.729927,0.729927,7.29927,0,0,68.48584,268.5238
4.379562,65.69343,12.40876,5.109489,0.729927,1.459854,0.729927,0.729927,0.729927,0.729927,7.29927,0,0,56.47459,264.1758
4.379562,65.69343,12.40876,5.109489,0.729927,1.459854,0.729927,0.729927,0.729927,0.729927,7.29927,0,0,46.40031,259.879
4.379562,65.69343,12.40876,5.109489,0.729927,1.459854,0.729927,0.729927,0.729927,0.729927,7.29927,0,0,37.89113,255.5857
4.379562,65.69343,12.40876,5.109489,0.729927,1.459854,0.729927,0.729927,0.729927,0.729927,7.29927,0,0,30.74361,251.297
4.379562,65.69343,12.40876,5.109489,0.729927,1.459854,0.729927,0.729927,0.729927,0.729927,7.29927,0,0,24.77388,247.0129
4.379562,65.69343,12.40876,5.109489,0.729927,1.459854,0.729927,0.729927,0.729927,0.729927,7.29927,0,0,19.81831,242.7333
4.379562,65.69343,12.40876,5.109489,0.729927,1.459854,0.729927,0.729927,0.729927,0.729927,7.29927,0,0,15.73161,238.4583
13.44086,64.51613,9.139785,3.763441,0.5376344,1.075269,0.5376344,0.5376344,0.5376344,0.5376344,5.376344,0,0,2667.651,296.2095
13.44086,64.51613,9.139785,3.763441,0.5376344,1.075269,0.5376344,0.5376344,0.5376344,0.5376344,5.376344,0,0,2598.872,296.0756
13.44086,64.51613,9.139785,3.763441,0.5376344,1.075269,0.5376344,0.5376344,0.5376344,0.5376344,5.376344,0,0,2530.092,295.9392
13.44086,64.51613,9.139785,3.763441,0.5376344,1.075269,0.5376344,0.5376344,0.5376344,0.5376344,5.376344,0,0,2461.409,295.8005
13.44086,64.51613,9.139785,3.763441,0.5376344,1.075269,0.5376344,0.5376344,0.5376344,0.5376344,5.376344,0,0,2392.825,295.6593
13.44086,64.51613,9.139785,3.763441,0.5376344,1.075269,0.5376344,0.5376344,0.5376344,0.5376344,5.376344,0,0,2324.344,295.5155
13.44086,64.51613,9.139785,3.763441,0.5376344,1.075269,0.5376344,0.5376344,0.5376344,0.5376344,5.376344,0,0,2255.973,295.3688
13.44086,64.51613,9.139785,3.763441,0.5376344,1.075269,0.5376344,0.5376344,0.5376344,0.5376344,5.376344,0,0,2187.717,295.2191
13.44086,64.51613,9.139785,3.763441,0.5376344,1.075269,0.5376344,0.5376344,0.5376344,0.5376344,5.376344,0,0,2119.582,295.0661
13.44086,64.51613,9.139785,3.763441,0.5376344,1.075269,0.5376344,0.5376344,0.5376344,0.5376344,5.376344,0,0,2051.576,294.9096
13.44086,64.51613,9.139785,3.763441,0.5376344,1.075269,0.5376344,0.5376344,0.5376344,0.5376344,5.376344,0,0,1983.706,294.7493
13.44086,64.51613,9.139785,3.763441,0.5376344,1.075269,0.5376344,0.5376344,0.5376344,0.5376344,5.376344,0,0,1915.98,294.5847
13.44086,64.51613,9.139785,3.763441,0.5376344,1.075269,0.5376344,0.5376344,0.5376344,0.5376344,5.376344,0,0,1848.407,294.4154
13.44086,64.51613,9.139785,3.763441,0.5376344,1.075269,0.5376344,0.5376344,0.5376344,0.5376344,5.376344,0,0,1780.997,294.2407
13.44086,64.51613,9.139785,3.763441,0.5376344,1.075269,0.5376344,0.5376344,0.5376344,0.5376344,5.376344,0,0,1747.056,294.1504
13.44086,64.51613,9.139785,3.763441,0.5376344,1.075269,0.5376344,0.5376344,0.5376344,0.5376344,5.376344,0,0,1744.878,294.1446
13.44086,64.51613,9.139785,3.763441,0.5376344,1.075269,0.5376344,0.5376344,0.5376344,0.5376344,5.376344,0,0,1743.77,294.1416
13.44086,64.51613,9.139785,3.763441,0.5376344,1.075269,0.5376344,0.5376344,0.5376344,0.5376344,5.376344,0,0,1743.77,294.1416
13.44086,64.51613,9.139785,3.763441,0.5376344,1.075269,0.5376344,0.5376344,0.5376344,0.5376344,5.376344,0,0,1741.551,294.1362
13.44086,64.51613,9.139785,3.763441,0.5376344,1.075269,0.5376344,0.5376344,0.5376344,0.5376344,5.376344,0,0,1740.442,294.1336
13.44086,64.51613,9.139785,3.763441,0.5376344,1.075269,0.5376344,0.5376344,0.5376344,0.5376344,5.376344,0,0,1738.219,294.1284
13.44086,64.51613,9.139785,3.763441,0.5376344,1.075269,0.5376344,0.5376344,0.5376344,0.5376344,5.376344,0,0,1733.766,294.1178
13.44086,64.51613,9.139785,3.763441,0.5376344,1.075269,0.5376344,0.5376344,0.5376344,0.5376344,5.376344,0,0,1724.838,294.0964
13.44086,64.51613,9.139785,3.763441,0.5376344,1.075269,0.5376344,0.5376344,0.5376344,0.5376344,5.376344,0,0,1706.889,294.0529
13.44086,64.51613,9.139785,3.763441,0.5376344,1.075269,0.5376344,0.5376344,0.5376344,0.5376344,5.376344,0,0,1670.645,293.9625
13.44086,64.51613,9.139785,3.763441,0.5376344,1.075269,0.5376344,0.5376344,0.5376344,0.5376344,5.376344,0,0,1596.872,293.7669
13.44086,64.51613,9.139785,3.763441,0.5376344,1.075269,0.5376344,0.5376344,0.5376344,0.5376344,5.376344,0,0,1522.982,293.5538
13.44086,64.51613,9.139785,3.763441,0.5376344,1.075269,0.5376344,0.5376344,0.5376344,0.5376344,5.376344,0,0,1449.291,293.3219
13.44086,64.51613,9.139785,3.763441,0.5376344,1.075269,0.5376344,0.5376344,0.5376344,0.5376344,5.376344,0,0,1383.418,293.0962
13.44086,64.51613,9.139785,3.763441,0.5376344,1.075269,0.5376344,0.5376344,0.5376344,0.5376344,5.376344,0,0,1317.494,292.8508
13.44086,64.51613,9.139785,3.763441,0.5376344,1.075269,0.5376344,0.5376344,0.5376344,0.5376344,5.376344,0,0,1251.87,292.5849
13.44086,64.51613,9.139785,3.763441,0.5376344,1.075269,0.5376344,0.5376344,0.5376344,0.5376344,5.376344,0,0,1186.559,292.296
13.44086,64.51613,9.139785,3.763441,0.5376344,1.075269,0.5376344,0.5376344,0.5376344,0.5376344,5.376344,0,0,1121.587,291.9819
13.44086,64.51613,9.139785,3.763441,0.5376344,1.075269,0.5376344,0.5376344,0.5376344,0.5376344,5.376344,0,0,1056.987,291.6398
13.44086,64.51613,9.139785,3.763441,0.5376344,1.075269,0.5376344,0.5376344,0.5376344,0.5376344,5.376344,0,0,992.7955,291.2664
13.44086,64.51613,9.139785,3.763441,0.5376344,1.075269,0.5376344,0.5376344,0.5376344,0.5376344,5.376344,0,0,929.054,290.8582
13.44086,64.51613,9.139785,3.763441,0.5376344,1.075269,0.5376344,0.5376344,0.5376344,0.5376344,5.376344,0,0,865.8107,290.4109
13.44086,64.51613,9.139785,3.763441,0.5376344,1.075269,0.5376344,0.5376344,0.5376344,0.5376344,5.376344,0,0,803.1217,289.9197
13.44086,64.51613,9.139785,3.763441,0.5376344,1.075269,0.5376344,0.5376344,0.5376344,0.5376344,5.376344,0,0,741.0524,289.3788
13.44086,64.51613,9.139785,3.763441,0.5376344,1.075269,0.5376344,0.5376344,0.5376344,0.5376344,5.376344,0,0,679.6799,288.7814
13.44086,64.51613,9.139785,3.763441,0.5376344,1.075269,0.5376344,0.5376344,0.5376344,0.5376344,5.376344,0,0,619.0956,288.1194
13.44086,64.51613,9.139785,3.763441,0.5376344,1.075269,0.5376344,0.5376344,0.5376344,0.5376344,5.376344,0,0,559.4091,287.3827
13.44086,64.51613,9.139785,3.763441,0.5376344,1.075269,0.5376344,0.5376344,0.5376344,0.5376344,5.376344,0,0,500.7525,286.5594
13.44086,64.51613,9.139785,3.763441,0.5376344,1.075269,0.5376344,0.5376344,0.5376344,0.5376344,5.376344,0,0,443.2871,285.6344
13.44086,64.51613,9.139785,3.763441,0.5376344,1.075269,0.5376344,0.5376344,0.5376344,0.5376344,5.376344,0,0,387.2113,284.5891
13.44086,64.51613,9.139785,3.763441,0.5376344,1.075269,0.5376344,0.5376344,0.5376344,0.5376344,5.376344,0,0,332.772,283.3998
13.44086,64.51613,9.139785,3.763441,0.5376344,1.075269,0.5376344,0.5376344,0.5376344,0.5376344,5.376344,0,0,280.2798,282.036
13.44086,64.51613,9.139785,3.763441,0.5376344,1.075269,0.5376344,0.5376344,0.5376344,0.5376344,5.376344,0,0,230.1292,280.4579
13.44086,64.51613,9.139785,3.763441,0.5376344,1.075269,0.5376344,0.5376344,0.5376344,0.5376344,5.376344,0,0,182.8254,278.6131
13.44086,64.51613,9.139785,3.763441,0.5376344,1.075269,0.5376344,0.5376344,0.5376344,0.5376344,5.376344,0,0,139.0178,276.4309
13.44086,64.51613,9.139785,3.763441,0.5376344,1.075269,0.5376344,0.5376344,0.5376344,0.5376344,5.376344,0,0,99.53614,273.8159
13.44086,64.51613,9.139785,3.763441,0.5376344,1.075269,0.5376344,0.5376344,0.5376344,0.5376344,5.376344,0,0,94.4477,273.4115
13.44086,64.51613,9.139785,3.763441,0.5376344,1.075269,0.5376344,0.5376344,0.5376344,0.5376344,5.376344,0,0,91.27166,273.1489
13.44086,64.51613,9.139785,3.763441,0.5376344,1.075269,0.5376344,0.5376344,0.5376344,0.5376344,5.376344,0,0,90.46274,273.0807
13.44086,64.51613,9.139785,3.763441,0.5376344,1.075269,0.5376344,0.5376344,0.5376344,0.5376344,5.376344,0,0,90.05198,273.0459
13.44086,64.51613,9.139785,3.763441,0.5376344,1.075269,0.5376344,0.5376344,0.5376344,0.5376344,5.376344,0,0,90.05198,273.0459
13.44086,64.51613,9.139785,3.763441,0.5376344,1.075269,0.5376344,0.5376344,0.5376344,0.5376344,5.376344,0,0,89.35445,272.8789
13.44086,64.51613,9.139785,3.763441,0.5376344,1.075269,0.5376344,0.5376344,0.5376344,0.5376344,5.376344,0,0,89.09053,272.8088
13.44086,64.51613,9.139785,3.763441,0.5376344,1.075269,0.5376344,0.5376344,0.5376344,0.5376344,5.376344,0,0,88.56749,272.6695
13.44086,64.51613,9.139785,3.763441,0.5376344,1.075269,0.5376344,0.5376344,0.5376344,0.5376344,5.376344,0,0,87.53002,272.391
13.44086,64.51613,9.139785,3.763441,0.5376344,1.075269,0.5376344,0.5376344,0.5376344,0.5376344,5.376344,0,0,85.48908,271.8349
13.44086,64.51613,9.139785,3.763441,0.5376344,1.075269,0.5376344,0.5376344,0.5376344,0.5376344,5.376344,0,0,81.54,270.7262
13.44086,64.51613,9.139785,3.763441,0.5376344,1.075269,0.5376344,0.5376344,0.5376344,0.5376344,5.376344,0,0,74.14817,268.5235
13.44086,64.51613,9.139785,3.763441,0.5376344,1.075269,0.5376344,0.5376344,0.5376344,0.5376344,5.376344,0,0,61.20459,264.1756
13.44086,64.51613,9.139785,3.763441,0.5376344,1.075269,0.5376344,0.5376344,0.5376344,0.5376344,5.376344,0,0,50.33785,259.8789
13.44086,64.51613,9.139785,3.763441,0.5376344,1.075269,0.5376344,0.5376344,0.5376344,0.5376344,5.376344,0,0,41.15017,255.5858
13.44086,64.51613,9.139785,3.763441,0.5376344,1.075269,0.5376344,0.5376344,0.5376344,0.5376344,5.376344,0,0,33.42481,251.2971
13.44086,64.51613,9.139785,3.763441,0.5376344,1.075269,0.5376344,0.5376344,0.5376344,0.5376344,5.376344,0,0,26.96561,247.013
13.44086,64.51613,9.139785,3.763441,0.5376344,1.075269,0.5376344,0.5376344,0.5376344,0.5376344,5.376344,0,0,21.59779,242.7334
13.44086,64.51613,9.139785,3.763441,0.5376344,1.075269,0.5376344,0.5376344,0.5376344,0.5376344,5.376344,0,0,17.16601,238.4583
13.44086,64.51613,9.139785,3.763441,0.5376344,1.075269,0.5376344,0.5376344,0.5376344,0.5376344,5.376344,0,0,13.53262,234.188
4.411765,73.52941,6.25,2.573529,0.3676471,0.7352941,1.838235,0.3676471,0.3676471,0.3676471,9.191176,0,0,2639.683,294.8364
4.411765,73.52941,6.25,2.573529,0.3676471,0.7352941,1.838235,0.3676471,0.3676471,0.3676471,9.191176,0,0,2570.941,294.7014
4.411765,73.52941,6.25,2.573529,0.3676471,0.7352941,1.838235,0.3676471,0.3676471,0.3676471,9.191176,0,0,2502.199,294.564
4.411765,73.52941,6.25,2.573529,0.3676471,0.7352941,1.838235,0.3676471,0.3676471,0.3676471,9.191176,0,0,2433.555,294.4242
4.411765,73.52941,6.25,2.573529,0.3676471,0.7352941,1.838235,0.3676471,0.3676471,0.3676471,9.191176,0,0,2365.012,294.2818
4.411765,73.52941,6.25,2.573529,0.3676471,0.7352941,1.838235,0.3676471,0.3676471,0.3676471,9.191176,0,0,2296.575,294.1367
4.411765,73.52941,6.25,2.573529,0.3676471,0.7352941,1.838235,0.3676471,0.3676471,0.3676471,9.191176,0,0,2228.25,293.9886
4.411765,73.52941,6.25,2.573529,0.3676471,0.7352941,1.838235,0.3676471,0.3676471,0.3676471,9.191176,0,0,2160.042,293.8373
4.411765,73.52941,6.25,2.573529,0.3676471,0.7352941,1.838235,0.3676471,0.3676471,0.3676471,9.191176,0,0,2091.959,293.6825
4.411765,73.52941,6.25,2.573529,0.3676471,0.7352941,1.838235,0.3676471,0.3676471,0.3676471,9.191176,0,0,2024.007,293.5239
4.411765,73.52941,6.25,2.573529,0.3676471,0.7352941,1.838235,0.3676471,0.3676471,0.3676471,9.191176,0,0,1956.195,293.3611
4.411765,73.52941,6.25,2.573529,0.3676471,0.7352941,1.838235,0.3676471,0.3676471,0.3676471,9.191176,0,0,1888.53,293.1936
4.411765,73.52941,6.25,2.573529,0.3676471,0.7352941,1.838235,0.3676471,0.3676471,0.3676471,9.191176,0,0,1821.022,293.0208
4.411765,73.52941,6.25,2.573529,0.3676471,0.7352941,1.838235,0.3676471,0.3676471,0.3676471,9.191176,0,0,1753.682,292.842
4.411765,73.52941,6.25,2.573529,0.3676471,0.7352941,1.838235,0.3676471,0.3676471,0.3676471,9.191176,0,0,1719.772,292.7492
4.411765,73.52941,6.25,2.573529,0.3676471,0.7352941,1.838235,0.3676471,0.3676471,0.3676471,9.191176,0,0,1702.439,292.7011
4.411765,73.52941,6.25,2.573529,0.3676471,0.7352941,1.838235,0.3676471,0.3676471,0.3676471,9.191176,0,0,1702.439,292.7011
4.411765,73.52941,6.25,2.573529,0.3676471,0.7352941,1.838235,0.3676471,0.3676471,0.3676471,9.191176,0,0,1700.242,292.6954
4.411765,73.52941,6.25,2.573529,0.3676471,0.7352941,1.838235,0.3676471,0.3676471,0.3676471,9.191176,0,0,1699.134,292.6926
4.411765,73.52941,6.25,2.573529,0.3676471,0.7352941,1.838235,0.3676471,0.3676471,0.3676471,9.191176,0,0,1696.912,292.687
4.411765,73.52941,6.25,2.573529,0.3676471,0.7352941,1.838235,0.3676471,0.3676471,0.3676471,9.191176,0,0,1692.466,292.6757
4.411765,73.52941,6.25,2.573529,0.3676471,0.7352941,1.838235,0.3676471,0.3676471,0.3676471,9.191176,0,0,1683.555,292.653
4.411765,73.52941,6.25,2.573529,0.3676471,0.7352941,1.838235,0.3676471,0.3676471,0.3676471,9.191176,0,0,1665.667,292.6066
4.411765,73.52941,6.25,2.573529,0.3676471,0.7352941,1.838235,0.3676471,0.3676471,0.3676471,9.191176,0,0,1629.618,292.5104
4.411765,73.52941,6.25,2.573529,0.3676471,0.7352941,1.838235,0.3676471,0.3676471,0.3676471,9.191176,0,0,1556.379,292.3027
4.411765,73.52941,6.25,2.573529,0.3676471,0.7352941,1.838235,0.3676471,0.3676471,0.3676471,9.191176,0,0,1490.07,292.099
4.411765,73.52941,6.25,2.573529,0.3676471,0.7352941,1.838235,0.3676471,0.3676471,0.3676471,9.191176,0,0,1423.732,291.8784
4.411765,73.52941,6.25,2.573529,0.3676471,0.7352941,1.838235,0.3676471,0.3676471,0.3676471,9.191176,0,0,1357.658,291.6401
4.411765,73.52941,6.25,2.573529,0.3676471,0.7352941,1.838235,0.3676471,0.3676471,0.3676471,9.191176,0,0,1291.856,291.3822
4.411765,73.52941,6.25,2.573529,0.3676471,0.7352941,1.838235,0.3676471,0.3676471,0.3676471,9.191176,0,0,1226.351,291.1026
4.411765,73.52941,6.25,2.573529,0.3676471,0.7352941,1.838235,0.3676471,0.3676471,0.3676471,9.191176,0,0,1161.168,290.7989
4.411765,73.52941,6.25,2.573529,0.3676471,0.7352941,1.838235,0.3676471,0.3676471,0.3676471,9.191176,0,0,1096.337,290.4686
4.411765,73.52941,6.25,2.573529,0.3676471,0.7352941,1.838235,0.3676471,0.3676471,0.3676471,9.191176,0,0,1031.892,290.1087
4.411765,73.52941,6.25,2.573529,0.3676471,0.7352941,1.838235,0.3676471,0.3676471,0.3676471,9.191176,0,0,967.8711,289.716
4.411765,73.52941,6.25,2.573529,0.3676471,0.7352941,1.838235,0.3676471,0.3676471,0.3676471,9.191176,0,0,904.3178,289.2864
4.411765,73.52941,6.25,2.573529,0.3676471,0.7352941,1.838235,0.3676471,0.3676471,0.3676471,9.191176,0,0,841.2837,288.8156
4.411765,73.52941,6.25,2.573529,0.3676471,0.7352941,1.838235,0.3676471,0.3676471,0.3676471,9.191176,0,0,778.828,288.2983
4.411765,73.52941,6.25,2.573529,0.3676471,0.7352941,1.838235,0.3676471,0.3676471,0.3676471,9.191176,0,0,717.0207,287.7284
4.411765,73.52941,6.25,2.573529,0.3676471,0.7352941,1.838235,0.3676471,0.3676471,0.3676471,9.191176,0,0,655.9439,287.0983
4.411765,73.52941,6.25,2.573529,0.3676471,0.7352941,1.838235,0.3676471,0.3676471,0.3676471,9.191176,0,0,595.6957,286.3994
4.411765,73.52941,6.25,2.573529,0.3676471,0.7352941,1.838235,0.3676471,0.3676471,0.3676471,9.191176,0,0,536.3939,285.6207
4.411765,73.52941,6.25,2.573529,0.3676471,0.7352941,1.838235,0.3676471,0.3676471,0.3676471,9.191176,0,0,478.181,284.7491
4.411765,73.52941,6.25,2.573529,0.3676471,0.7352941,1.838235,0.3676471,0.3676471,0.3676471,9.191176,0,0,421.2317,283.768
4.411765,73.52941,6.25,2.573529,0.3676471,0.7352941,1.838235,0.3676471,0.3676471,0.3676471,9.191176,0,0,365.7619,282.6566
4.411765,73.52941,6.25,2.573529,0.3676471,0.7352941,1.838235,0.3676471,0.3676471,0.3676471,9.191176,0,0,312.0412,281.3882
4.411765,73.52941,6.25,2.573529,0.3676471,0.7352941,1.838235,0.3676471,0.3676471,0.3676471,9.191176,0,0,260.4102,279.9284
4.411765,73.52941,6.25,2.573529,0.3676471,0.7352941,1.838235,0.3676471,0.3676471,0.3676471,9.191176,0,0,211.303,278.2316
4.411765,73.52941,6.25,2.573529,0.3676471,0.7352941,1.838235,0.3676471,0.3676471,0.3676471,9.191176,0,0,165.2768,276.237
4.411765,73.52941,6.25,2.573529,0.3676471,0.7352941,1.838235,0.3676471,0.3676471,0.3676471,9.191176,0,0,123.0472,273.8626
4.411765,73.52941,6.25,2.573529,0.3676471,0.7352941,1.838235,0.3676471,0.3676471,0.3676471,9.191176,0,0,112.3502,273.1386
4.411765,73.52941,6.25,2.573529,0.3676471,0.7352941,1.838235,0.3676471,0.3676471,0.3676471,9.191176,0,0,110.7352,273.0238
4.411765,73.52941,6.25,2.573529,0.3676471,0.7352941,1.838235,0.3676471,0.3676471,0.3676471,9.191176,0,0,110.3051,272.9929
4.411765,73.52941,6.25,2.573529,0.3676471,0.7352941,1.838235,0.3676471,0.3676471,0.3676471,9.191176,0,0,110.3051,272.9929
4.411765,73.52941,6.25,2.573529,0.3676471,0.7352941,1.838235,0.3676471,0.3676471,0.3676471,9.191176,0,0,109.4944,272.8361
4.411765,73.52941,6.25,2.573529,0.3676471,0.7352941,1.838235,0.3676471,0.3676471,0.3676471,9.191176,0,0,109.1715,272.7658
4.411765,73.52941,6.25,2.573529,0.3676471,0.7352941,1.838235,0.3676471,0.3676471,0.3676471,9.191176,0,0,108.5339,272.6264
4.411765,73.52941,6.25,2.573529,0.3676471,0.7352941,1.838235,0.3676471,0.3676471,0.3676471,9.191176,0,0,107.2692,272.3479
4.411765,73.52941,6.25,2.573529,0.3676471,0.7352941,1.838235,0.3676471,0.3676471,0.3676471,9.191176,0,0,104.7809,271.7918
4.411765,73.52941,6.25,2.573529,0.3676471,0.7352941,1.838235,0.3676471,0.3676471,0.3676471,9.191176,0,0,99.9655,270.6831
4.411765,73.52941,6.25,2.573529,0.3676471,0.7352941,1.838235,0.3676471,0.3676471,0.3676471,9.191176,0,0,90.94903,268.48
4.411765,73.52941,6.25,2.573529,0.3676471,0.7352941,1.838235,0.3676471,0.3676471,0.3676471,9.191176,0,0,75.14968,264.1308
4.411765,73.52941,6.25,2.573529,0.3676471,0.7352941,1.838235,0.3676471,0.3676471,0.3676471,9.191176,0,0,61.87369,259.8325
4.411765,73.52941,6.25,2.573529,0.3676471,0.7352941,1.838235,0.3676471,0.3676471,0.3676471,9.191176,0,0,50.63931,255.5377
4.411765,73.52941,6.25,2.573529,0.3676471,0.7352941,1.838235,0.3676471,0.3676471,0.3676471,9.191176,0,0,41.18392,251.2473
4.411765,73.52941,6.25,2.573529,0.3676471,0.7352941,1.838235,0.3676471,0.3676471,0.3676471,9.191176,0,0,33.26987,246.9613
4.411765,73.52941,6.25,2.573529,0.3676471,0.7352941,1.838235,0.3676471,0.3676471,0.3676471,9.191176,0,0,26.68541,242.6798
4.411765,73.52941,6.25,2.573529,0.3676471,0.7352941,1.838235,0.3676471,0.3676471,0.3676471,9.191176,0,0,21.24226,238.4028
4.411765,73.52941,6.25,2.573529,0.3676471,0.7352941,1.838235,0.3676471,0.3676471,0.3676471,9.191176,0,0,16.77362,234.1304
4.411765,73.52941,6.25,2.573529,0.3676471,0.7352941,1.838235,0.3676471,0.3676471,0.3676471,9.191176,0,0,13.13207,229.8627
1.677852,83.89262,5.704698,2.348993,0.3355705,0.6711409,1.677852,0.3355705,0.3355705,0.3355705,2.684564,0,0,2688.862,295.2965
1.677852,83.89262,5.704698,2.348993,0.3355705,0.6711409,1.677852,0.3355705,0.3355705,0.3355705,2.684564,0,0,2620.054,295.1603
1.677852,83.89262,5.704698,2.348993,0.3355705,0.6711409,1.677852,0.3355705,0.3355705,0.3355705,2.684564,0,0,2551.247,295.0214
1.677852,83.89262,5.704698,2.348993,0.3355705,0.6711409,1.677852,0.3355705,0.3355705,0.3355705,2.684564,0,0,2482.534,294.8801
1.677852,83.89262,5.704698,2.348993,0.3355705,0.6711409,1.677852,0.3355705,0.3355705,0.3355705,2.684564,0,0,2413.919,294.7361
1.677852,83.89262,5.704698,2.348993,0.3355705,0.6711409,1.677852,0.3355705,0.3355705,0.3355705,2.684564,0,0,2345.406,294.5891
1.677852,83.89262,5.704698,2.348993,0.3355705,0.6711409,1.677852,0.3355705,0.3355705,0.3355705,2.684564,0,0,2277,294.439
1.677852,83.89262,5.704698,2.348993,0.3355705,0.6711409,1.677852,0.3355705,0.3355705,0.3355705,2.684564,0,0,2208.708,294.2855
1.677852,83.89262,5.704698,2.348993,0.3355705,0.6711409,1.677852,0.3355705,0.3355705,0.3355705,2.684564,0,0,2140.535,294.1283
1.677852,83.89262,5.704698,2.348993,0.3355705,0.6711409,1.677852,0.3355705,0.3355705,0.3355705,2.684564,0,0,2072.489,293.9669
1.677852,83.89262,5.704698,2.348993,0.3355705,0.6711409,1.677852,0.3355705,0.3355705,0.3355705,2.684564,0,0,2004.576,293.8009
1.677852,83.89262,5.704698,2.348993,0.3355705,0.6711409,1.677852,0.3355705,0.3355705,0.3355705,2.684564,0,0,1936.805,293.6298
1.677852,83.89262,5.704698,2.348993,0.3355705,0.6711409,1.677852,0.3355705,0.3355705,0.3355705,2.684564,0,0,1869.184,293.453
1.677852,83.89262,5.704698,2.348993,0.3355705,0.6711409,1.677852,0.3355705,0.3355705,0.3355705,2.684564,0,0,1801.723,293.2697
1.677852,83.89262,5.704698,2.348993,0.3355705,0.6711409,1.677852,0.3355705,0.3355705,0.3355705,2.684564,0,0,1734.432,293.079
1.677852,83.89262,5.704698,2.348993,0.3355705,0.6711409,1.677852,0.3355705,0.3355705,0.3355705,2.684564,0,0,1700.547,292.9796
1.677852,83.89262,5.704698,2.348993,0.3355705,0.6711409,1.677852,0.3355705,0.3355705,0.3355705,2.684564,0,0,1683.222,292.9279
1.677852,83.89262,5.704698,2.348993,0.3355705,0.6711409,1.677852,0.3355705,0.3355705,0.3355705,2.684564,0,0,1674.458,292.9015
1.677852,83.89262,5.704698,2.348993,0.3355705,0.6711409,1.677852,0.3355705,0.3355705,0.3355705,2.684564,0,0,1672.252,292.8948
1.677852,83.89262,5.704698,2.348993,0.3355705,0.6711409,1.677852,0.3355705,0.3355705,0.3355705,2.684564,0,0,1672.252,292.8948
1.677852,83.89262,5.704698,2.348993,0.3355705,0.6711409,1.677852,0.3355705,0.3355705,0.3355705,2.684564,0,0,1670.037,292.8885
1.677852,83.89262,5.704698,2.348993,0.3355705,0.6711409,1.677852,0.3355705,0.3355705,0.3355705,2.684564,0,0,1668.929,292.8854
1.677852,83.89262,5.704698,2.348993,0.3355705,0.6711409,1.677852,0.3355705,0.3355705,0.3355705,2.684564,0,0,1666.714,292.8791
1.677852,83.89262,5.704698,2.348993,0.3355705,0.6711409,1.677852,0.3355705,0.3355705,0.3355705,2.684564,0,0,1662.289,292.8665
1.677852,83.89262,5.704698,2.348993,0.3355705,0.6711409,1.677852,0.3355705,0.3355705,0.3355705,2.684564,0,0,1653.463,292.8413
1.677852,83.89262,5.704698,2.348993,0.3355705,0.6711409,1.677852,0.3355705,0.3355705,0.3355705,2.684564,0,0,1635.905,292.7903
1.677852,83.89262,5.704698,2.348993,0.3355705,0.6711409,1.677852,0.3355705,0.3355705,0.3355705,2.684564,0,0,1601.17,292.6868
1.677852,83.89262,5.704698,2.348993,0.3355705,0.6711409,1.677852,0.3355705,0.3355705,0.3355705,2.684564,0,0,1533.203,292.4726
1.677852,83.89262,5.704698,2.348993,0.3355705,0.6711409,1.677852,0.3355705,0.3355705,0.3355705,2.684564,0,0,1466.772,292.2471
1.677852,83.89262,5.704698,2.348993,0.3355705,0.6711409,1.677852,0.3355705,0.3355705,0.3355705,2.684564,0,0,1400.528,292.0044
1.677852,83.89262,5.704698,2.348993,0.3355705,0.6711409,1.677852,0.3355705,0.3355705,0.3355705,2.684564,0,0,1334.547,291.743
1.677852,83.89262,5.704698,2.348993,0.3355705,0.6711409,1.677852,0.3355705,0.3355705,0.3355705,2.684564,0,0,1268.846,291.4609
1.677852,83.89262,5.704698,2.348993,0.3355705,0.6711409,1.677852,0.3355705,0.3355705,0.3355705,2.684564,0,0,1203.451,291.1559
1.677852,83.89262,5.704698,2.348993,0.3355705,0.6711409,1.677852,0.3355705,0.3355705,0.3355705,2.684564,0,0,1138.388,290.8256
1.677852,83.89262,5.704698,2.348993,0.3355705,0.6711409,1.677852,0.3355705,0.3355705,0.3355705,2.684564,0,0,1073.689,290.4673
1.677852,83.89262,5.704698,2.348993,0.3355705,0.6711409,1.677852,0.3355705,0.3355705,0.3355705,2.684564,0,0,1009.388,290.0779
1.677852,83.89262,5.704698,2.348993,0.3355705,0.6711409,1.677852,0.3355705,0.3355705,0.3355705,2.684564,0,0,945.5251,289.6538
1.677852,83.89262,5.704698,2.348993,0.3355705,0.6711409,1.677852,0.3355705,0.3355705,0.3355705,2.684564,0,0,882.1477,289.1909
1.677852,83.89262,5.704698,2.348993,0.3355705,0.6711409,1.677852,0.3355705,0.3355705,0.3355705,2.684564,0,0,819.3093,288.6845
1.677852,83.89262,5.704698,2.348993,0.3355705,0.6711409,1.677852,0.3355705,0.3355705,0.3355705,2.684564,0,0,757.0725,288.1291
1.677852,83.89262,5.704698,2.348993,0.3355705,0.6711409,1.677852,0.3355705,0.3355705,0.3355705,2.684564,0,0,695.5112,287.5179
1.677852,83.89262,5.704698,2.348993,0.3355705,0.6711409,1.677852,0.3355705,0.3355705,0.3355705,2.684564,0,0,634.713,286.8431
1.677852,83.89262,5.704698,2.348993,0.3355705,0.6711409,1.677852,0.3355705,0.3355705,0.3355705,2.684564,0,0,574.7822,286.0952
1.677852,83.89262,5.704698,2.348993,0.3355705,0.6711409,1.677852,0.3355705,0.3355705,0.3355705,2.684564,0,0,515.8446,285.2626
1.677852,83.89262,5.704698,2.348993,0.3355705,0.6711409,1.677852,0.3355705,0.3355705,0.3355705,2.684564,0,0,458.0531,284.3308
1.677852,83.89262,5.704698,2.348993,0.3355705,0.6711409,1.677852,0.3355705,0.3355705,0.3355705,2.684564,0,0,401.5957,283.282
1.677852,83.89262,5.704698,2.348993,0.3355705,0.6711409,1.677852,0.3355705,0.3355705,0.3355705,2.684564,0,0,346.7054,282.0933
1.677852,83.89262,5.704698,2.348993,0.3355705,0.6711409,1.677852,0.3355705,0.3355705,0.3355705,2.684564,0,0,293.6746,280.7356
1.677852,83.89262,5.704698,2.348993,0.3355705,0.6711409,1.677852,0.3355705,0.3355705,0.3355705,2.684564,0,0,242.8737,279.1707
1.677852,83.89262,5.704698,2.348993,0.3355705,0.6711409,1.677852,0.3355705,0.3355705,0.3355705,2.684564,0,0,194.7764,277.3481
1.677852,83.89262,5.704698,2.348993,0.3355705,0.6711409,1.677852,0.3355705,0.3355705,0.3355705,2.684564,0,0,149.991,275.1999
1.677852,83.89262,5.704698,2.348993,0.3355705,0.6711409,1.677852,0.3355705,0.3355705,0.3355705,2.684564,0,0,128.0377,273.9106
1.677852,83.89262,5.704698,2.348993,0.3355705,0.6711409,1.677852,0.3355705,0.3355705,0.3355705,2.684564,0,0,116.0157,273.1137
1.677852,83.89262,5.704698,2.348993,0.3355705,0.6711409,1.677852,0.3355705,0.3355705,0.3355705,2.684564,0,0,115.2051,273.0572
1.677852,83.89262,5.704698,2.348993,0.3355705,0.6711409,1.677852,0.3355705,0.3355705,0.3355705,2.684564,0,0,115.2051,273.0572
1.677852,83.89262,5.704698,2.348993,0.3355705,0.6711409,1.677852,0.3355705,0.3355705,0.3355705,2.684564,0,0,114.2858,272.9043
1.677852,83.89262,5.704698,2.348993,0.3355705,0.6711409,1.677852,0.3355705,0.3355705,0.3355705,2.684564,0,0,113.9464,272.8332
1.677852,83.89262,5.704698,2.348993,0.3355705,0.6711409,1.677852,0.3355705,0.3355705,0.3355705,2.684564,0,0,113.2837,272.6938
1.677852,83.89262,5.704698,2.348993,0.3355705,0.6711409,1.677852,0.3355705,0.3355705,0.3355705,2.684564,0,0,111.9691,272.4153
1.677852,83.89262,5.704698,2.348993,0.3355705,0.6711409,1.677852,0.3355705,0.3355705,0.3355705,2.684564,0,0,109.3827,271.8592
1.677852,83.89262,5.704698,2.348993,0.3355705,0.6711409,1.677852,0.3355705,0.3355705,0.3355705,2.684564,0,0,104.3765,270.7505
1.677852,83.89262,5.704698,2.348993,0.3355705,0.6711409,1.677852,0.3355705,0.3355705,0.3355705,2.684564,0,0,95.00029,268.5476
1.677852,83.89262,5.704698,2.348993,0.3355705,0.6711409,1.677852,0.3355705,0.3355705,0.3355705,2.684564,0,0,78.56118,264.1991
1.677852,83.89262,5.704698,2.348993,0.3355705,0.6711409,1.677852,0.3355705,0.3355705,0.3355705,2.684564,0,0,64.73626,259.9016
1.677852,83.89262,5.704698,2.348993,0.3355705,0.6711409,1.677852,0.3355705,0.3355705,0.3355705,2.684564,0,0,53.02721,255.6075
1.677852,83.89262,5.704698,2.348993,0.3355705,0.6711409,1.677852,0.3355705,0.3355705,0.3355705,2.684564,0,0,43.16376,251.3177
1.677852,83.89262,5.704698,2.348993,0.3355705,0.6711409,1.677852,0.3355705,0.3355705,0.3355705,2.684564,0,0,34.90093,247.0323
1.677852,83.89262,5.704698,2.348993,0.3355705,0.6711409,1.677852,0.3355705,0.3355705,0.3355705,2.684564,0,0,28.02011,242.7514
1.677852,83.89262,5.704698,2.348993,0.3355705,0.6711409,1.677852,0.3355705,0.3355705,0.3355705,2.684564,0,0,22.32673,238.4748
1.677852,83.89262,5.704698,2.348993,0.3355705,0.6711409,1.677852,0.3355705,0.3355705,0.3355705,2.684564,0,0,17.64817,234.2028
1.677852,83.89262,5.704698,2.348993,0.3355705,0.6711409,1.677852,0.3355705,0.3355705,0.3355705,2.684564,0,0,13.83176,229.9355
1.340483,80.42895,6.702413,1.876676,0.2680965,0.536193,1.340483,0.2680965,0.2680965,0.2680965,6.702413,0,0,2468.812,294.4365
1.340483,80.42895,6.702413,1.876676,0.2680965,0.536193,1.340483,0.2680965,0.2680965,0.2680965,6.702413,0,0,2400.317,294.2914
1.340483,80.42895,6.702413,1.876676,0.2680965,0.536193,1.340483,0.2680965,0.2680965,0.2680965,6.702413,0,0,2331.822,294.1429
1.340483,80.42895,6.702413,1.876676,0.2680965,0.536193,1.340483,0.2680965,0.2680965,0.2680965,6.702413,0,0,2263.438,293.9911
1.340483,80.42895,6.702413,1.876676,0.2680965,0.536193,1.340483,0.2680965,0.2680965,0.2680965,6.702413,0,0,2195.169,293.8357
1.340483,80.42895,6.702413,1.876676,0.2680965,0.536193,1.340483,0.2680965,0.2680965,0.2680965,6.702413,0,0,2127.021,293.6763
1.340483,80.42895,6.702413,1.876676,0.2680965,0.536193,1.340483,0.2680965,0.2680965,0.2680965,6.702413,0,0,2059.001,293.5125
1.340483,80.42895,6.702413,1.876676,0.2680965,0.536193,1.340483,0.2680965,0.2680965,0.2680965,6.702413,0,0,1991.115,293.3438
1.340483,80.42895,6.702413,1.876676,0.2680965,0.536193,1.340483,0.2680965,0.2680965,0.2680965,6.702413,0,0,1923.373,293.1698
1.340483,80.42895,6.702413,1.876676,0.2680965,0.536193,1.340483,0.2680965,0.2680965,0.2680965,6.702413,0,0,1855.783,292.9896
1.340483,80.42895,6.702413,1.876676,0.2680965,0.536193,1.340483,0.2680965,0.2680965,0.2680965,6.702413,0,0,1788.355,292.8026
1.340483,80.42895,6.702413,1.876676,0.2680965,0.536193,1.340483,0.2680965,0.2680965,0.2680965,6.702413,0,0,1721.099,292.6078
1.340483,80.42895,6.702413,1.876676,0.2680965,0.536193,1.340483,0.2680965,0.2680965,0.2680965,6.702413,0,0,1654.028,292.4042
1.340483,80.42895,6.702413,1.876676,0.2680965,0.536193,1.340483,0.2680965,0.2680965,0.2680965,6.702413,0,0,1587.153,292.1906
1.340483,80.42895,6.702413,1.876676,0.2680965,0.536193,1.340483,0.2680965,0.2680965,0.2680965,6.702413,0,0,1520.489,291.9655
1.340483,80.42895,6.702413,1.876676,0.2680965,0.536193,1.340483,0.2680965,0.2680965,0.2680965,6.702413,0,0,1486.899,291.8469
1.340483,80.42895,6.702413,1.876676,0.2680965,0.536193,1.340483,0.2680965,0.2680965,0.2680965,6.702413,0,0,1478.264,291.8158
1.340483,80.42895,6.702413,1.876676,0.2680965,0.536193,1.340483,0.2680965,0.2680965,0.2680965,6.702413,0,0,1476.066,291.8079
1.340483,80.42895,6.702413,1.876676,0.2680965,0.536193,1.340483,0.2680965,0.2680965,0.2680965,6.702413,0,0,1476.066,291.8079
1.340483,80.42895,6.702413,1.876676,0.2680965,0.536193,1.340483,0.2680965,0.2680965,0.2680965,6.702413,0,0,1473.857,291.8001
1.340483,80.42895,6.702413,1.876676,0.2680965,0.536193,1.340483,0.2680965,0.2680965,0.2680965,6.702413,0,0,1472.753,291.7963
1.340483,80.42895,6.702413,1.876676,0.2680965,0.536193,1.340483,0.2680965,0.2680965,0.2680965,6.702413,0,0,1470.544,291.7885
1.340483,80.42895,6.702413,1.876676,0.2680965,0.536193,1.340483,0.2680965,0.2680965,0.2680965,6.702413,0,0,1466.133,291.773
1.340483,80.42895,6.702413,1.876676,0.2680965,0.536193,1.340483,0.2680965,0.2680965,0.2680965,6.702413,0,0,1457.338,291.7419
1.340483,80.42895,6.702413,1.876676,0.2680965,0.536193,1.340483,0.2680965,0.2680965,0.2680965,6.702413,0,0,1439.854,291.679
1.340483,80.42895,6.702413,1.876676,0.2680965,0.536193,1.340483,0.2680965,0.2680965,0.2680965,6.702413,0,0,1405.313,291.551
1.340483,80.42895,6.702413,1.876676,0.2680965,0.536193,1.340483,0.2680965,0.2680965,0.2680965,6.702413,0,0,1337.928,291.2856
1.340483,80.42895,6.702413,1.876676,0.2680965,0.536193,1.340483,0.2680965,0.2680965,0.2680965,6.702413,0,0,1272.275,291.0051
1.340483,80.42895,6.702413,1.876676,0.2680965,0.536193,1.340483,0.2680965,0.2680965,0.2680965,6.702413,0,0,1206.86,290.7015
1.340483,80.42895,6.702413,1.876676,0.2680965,0.536193,1.340483,0.2680965,0.2680965,0.2680965,6.702413,0,0,1141.779,290.3727
1.340483,80.42895,6.702413,1.876676,0.2680965,0.536193,1.340483,0.2680965,0.2680965,0.2680965,6.702413,0,0,1077.06,290.0158
1.340483,80.42895,6.702413,1.876676,0.2680965,0.536193,1.340483,0.2680965,0.2680965,0.2680965,6.702413,0,0,1012.737,289.6277
1.340483,80.42895,6.702413,1.876676,0.2680965,0.536193,1.340483,0.2680965,0.2680965,0.2680965,6.702413,0,0,948.8505,289.2049
1.340483,80.42895,6.702413,1.876676,0.2680965,0.536193,1.340483,0.2680965,0.2680965,0.2680965,6.702413,0,0,885.4465,288.7432
1.340483,80.42895,6.702413,1.876676,0.2680965,0.536193,1.340483,0.2680965,0.2680965,0.2680965,6.702413,0,0,822.5783,288.2379
1.340483,80.42895,6.702413,1.876676,0.2680965,0.536193,1.340483,0.2680965,0.2680965,0.2680965,6.702413,0,0,760.3084,287.6833
1.340483,80.42895,6.702413,1.876676,0.2680965,0.536193,1.340483,0.2680965,0.2680965,0.2680965,6.702413,0,0,698.7098,287.073
1.340483,80.42895,6.702413,1.876676,0.2680965,0.536193,1.340483,0.2680965,0.2680965,0.2680965,6.702413,0,0,637.8693,286.399
1.340483,80.42895,6.702413,1.876676,0.2680965,0.536193,1.340483,0.2680965,0.2680965,0.2680965,6.702413,0,0,577.8903,285.6518
1.340483,80.42895,6.702413,1.876676,0.2680965,0.536193,1.340483,0.2680965,0.2680965,0.2680965,6.702413,0,0,518.8972,284.82
1.340483,80.42895,6.702413,1.876676,0.2680965,0.536193,1.340483,0.2680965,0.2680965,0.2680965,6.702413,0,0,461.0416,283.8893
1.340483,80.42895,6.702413,1.876676,0.2680965,0.536193,1.340483,0.2680965,0.2680965,0.2680965,6.702413,0,0,404.5091,282.842
1.340483,80.42895,6.702413,1.876676,0.2680965,0.536193,1.340483,0.2680965,0.2680965,0.2680965,6.702413,0,0,349.5303,281.6555
1.340483,80.42895,6.702413,1.876676,0.2680965,0.536193,1.340483,0.2680965,0.2680965,0.2680965,6.702413,0,0,296.3939,280.3011
1.340483,80.42895,6.702413,1.876676,0.2680965,0.536193,1.340483,0.2680965,0.2680965,0.2680965,6.702413,0,0,245.4658,278.7411
1.340483,80.42895,6.702413,1.876676,0.2680965,0.536193,1.340483,0.2680965,0.2680965,0.2680965,6.702413,0,0,197.2135,276.9258
1.340483,80.42895,6.702413,1.876676,0.2680965,0.536193,1.340483,0.2680965,0.2680965,0.2680965,6.702413,0,0,152.2374,274.7885
1.340483,80.42895,6.702413,1.876676,0.2680965,0.536193,1.340483,0.2680965,0.2680965,0.2680965,6.702413,0,0,130.1737,273.5073
1.340483,80.42895,6.702413,1.876676,0.2680965,0.536193,1.340483,0.2680965,0.2680965,0.2680965,6.702413,0,0,123.9865,273.1112
1.340483,80.42895,6.702413,1.876676,0.2680965,0.536193,1.340483,0.2680965,0.2680965,0.2680965,6.702413,0,0,122.2826,272.9989
1.340483,80.42895,6.702413,1.876676,0.2680965,0.536193,1.340483,0.2680965,0.2680965,0.2680965,6.702413,0,0,122.2826,272.9989
1.340483,80.42895,6.702413,1.876676,0.2680965,0.536193,1.340483,0.2680965,0.2680965,0.2680965,6.702413,0,0,121.4507,272.8478
1.340483,80.42895,6.702413,1.876676,0.2680965,0.536193,1.340483,0.2680965,0.2680965,0.2680965,6.702413,0,0,121.0979,272.7775
1.340483,80.42895,6.702413,1.876676,0.2680965,0.536193,1.340483,0.2680965,0.2680965,0.2680965,6.702413,0,0,120.4008,272.6381
1.340483,80.42895,6.702413,1.876676,0.2680965,0.536193,1.340483,0.2680965,0.2680965,0.2680965,6.702413,0,0,119.0178,272.3596
1.340483,80.42895,6.702413,1.876676,0.2680965,0.536193,1.340483,0.2680965,0.2680965,0.2680965,6.702413,0,0,116.2962,271.8035
1.340483,80.42895,6.702413,1.876676,0.2680965,0.536193,1.340483,0.2680965,0.2680965,0.2680965,6.702413,0,0,111.0262,270.6949
1.340483,80.42895,6.702413,1.876676,0.2680965,0.536193,1.340483,0.2680965,0.2680965,0.2680965,6.702413,0,0,101.1479,268.4919
1.340483,80.42895,6.702413,1.876676,0.2680965,0.536193,1.340483,0.2680965,0.2680965,0.2680965,6.702413,0,0,83.801,264.1432
1.340483,80.42895,6.702413,1.876676,0.2680965,0.536193,1.340483,0.2680965,0.2680965,0.2680965,6.702413,0,0,69.18193,259.8454
1.340483,80.42895,6.702413,1.876676,0.2680965,0.536193,1.340483,0.2680965,0.2680965,0.2680965,6.702413,0,0,56.77447,255.5509
1.340483,80.42895,6.702413,1.876676,0.2680965,0.536193,1.340483,0.2680965,0.2680965,0.2680965,6.702413,0,0,46.30084,251.2607
1.340483,80.42895,6.702413,1.876676,0.2680965,0.536193,1.340483,0.2680965,0.2680965,0.2680965,6.702413,0,0,37.5084,246.975
1.340483,80.42895,6.702413,1.876676,0.2680965,0.536193,1.340483,0.2680965,0.2680965,0.2680965,6.702413,0,0,30.17108,242.6936
1.340483,80.42895,6.702413,1.876676,0.2680965,0.536193,1.340483,0.2680965,0.2680965,0.2680965,6.702413,0,0,24.08706,238.4166
1.340483,80.42895,6.702413,1.876676,0.2680965,0.536193,1.340483,0.2680965,0.2680965,0.2680965,6.702413,0,0,19.07678,234.1441
1.340483,80.42895,6.702413,1.876676,0.2680965,0.536193,1.340483,0.2680965,0.2680965,0.2680965,6.702413,0,0,14.98093,229.8763
4.784689,83.73206,4.784689,1.674641,0.2392344,0.4784689,1.196172,0.2392344,0.2392344,0.2392344,2.392344,0,0,2532.238,294.5508
4.784689,83.73206,4.784689,1.674641,0.2392344,0.4784689,1.196172,0.2392344,0.2392344,0.2392344,2.392344,0,0,2463.647,294.4064
4.784689,83.73206,4.784689,1.674641,0.2392344,0.4784689,1.196172,0.2392344,0.2392344,0.2392344,2.392344,0,0,2395.057,294.2588
4.784689,83.73206,4.784689,1.674641,0.2392344,0.4784689,1.196172,0.2392344,0.2392344,0.2392344,2.392344,0,0,2326.573,294.1079
4.784689,83.73206,4.784689,1.674641,0.2392344,0.4784689,1.196172,0.2392344,0.2392344,0.2392344,2.392344,0,0,2258.198,293.9534
4.784689,83.73206,4.784689,1.674641,0.2392344,0.4784689,1.196172,0.2392344,0.2392344,0.2392344,2.392344,0,0,2189.938,293.795
4.784689,83.73206,4.784689,1.674641,0.2392344,0.4784689,1.196172,0.2392344,0.2392344,0.2392344,2.392344,0,0,2121.799,293.6323
4.784689,83.73206,4.784689,1.674641,0.2392344,0.4784689,1.196172,0.2392344,0.2392344,0.2392344,2.392344,0,0,2053.789,293.4649
4.784689,83.73206,4.784689,1.674641,0.2392344,0.4784689,1.196172,0.2392344,0.2392344,0.2392344,2.392344,0,0,1985.914,293.2921
4.784689,83.73206,4.784689,1.674641,0.2392344,0.4784689,1.196172,0.2392344,0.2392344,0.2392344,2.392344,0,0,1918.184,293.1134
4.784689,83.73206,4.784689,1.674641,0.2392344,0.4784689,1.196172,0.2392344,0.2392344,0.2392344,2.392344,0,0,1850.606,292.9281
4.784689,83.73206,4.784689,1.674641,0.2392344,0.4784689,1.196172,0.2392344,0.2392344,0.2392344,2.392344,0,0,1783.191,292.7353
4.784689,83.73206,4.784689,1.674641,0.2392344,0.4784689,1.196172,0.2392344,0.2392344,0.2392344,2.392344,0,0,1715.948,292.5341
4.784689,83.73206,4.784689,1.674641,0.2392344,0.4784689,1.196172,0.2392344,0.2392344,0.2392344,2.392344,0,0,1648.891,292.3234
4.784689,83.73206,4.784689,1.674641,0.2392344,0.4784689,1.196172,0.2392344,0.2392344,0.2392344,2.392344,0,0,1582.032,292.1019
4.784689,83.73206,4.784689,1.674641,0.2392344,0.4784689,1.196172,0.2392344,0.2392344,0.2392344,2.392344,0,0,1515.385,291.8683
4.784689,83.73206,4.784689,1.674641,0.2392344,0.4784689,1.196172,0.2392344,0.2392344,0.2392344,2.392344,0,0,1448.966,291.621
4.784689,83.73206,4.784689,1.674641,0.2392344,0.4784689,1.196172,0.2392344,0.2392344,0.2392344,2.392344,0,0,1444.738,291.6047
4.784689,83.73206,4.784689,1.674641,0.2392344,0.4784689,1.196172,0.2392344,0.2392344,0.2392344,2.392344,0,0,1442.535,291.5962
4.784689,83.73206,4.784689,1.674641,0.2392344,0.4784689,1.196172,0.2392344,0.2392344,0.2392344,2.392344,0,0,1442.527,291.5961
4.784689,83.73206,4.784689,1.674641,0.2392344,0.4784689,1.196172,0.2392344,0.2392344,0.2392344,2.392344,0,0,1440.328,291.5879
4.784689,83.73206,4.784689,1.674641,0.2392344,0.4784689,1.196172,0.2392344,0.2392344,0.2392344,2.392344,0,0,1439.224,291.5837
4.784689,83.73206,4.784689,1.674641,0.2392344,0.4784689,1.196172,0.2392344,0.2392344,0.2392344,2.392344,0,0,1437.017,291.5753
4.784689,83.73206,4.784689,1.674641,0.2392344,0.4784689,1.196172,0.2392344,0.2392344,0.2392344,2.392344,0,0,1432.608,291.5586
4.784689,83.73206,4.784689,1.674641,0.2392344,0.4784689,1.196172,0.2392344,0.2392344,0.2392344,2.392344,0,0,1423.819,291.525
4.784689,83.73206,4.784689,1.674641,0.2392344,0.4784689,1.196172,0.2392344,0.2392344,0.2392344,2.392344,0,0,1406.35,291.4572
4.784689,83.73206,4.784689,1.674641,0.2392344,0.4784689,1.196172,0.2392344,0.2392344,0.2392344,2.392344,0,0,1371.848,291.3191
4.784689,83.73206,4.784689,1.674641,0.2392344,0.4784689,1.196172,0.2392344,0.2392344,0.2392344,2.392344,0,0,1304.577,291.0335
4.784689,83.73206,4.784689,1.674641,0.2392344,0.4784689,1.196172,0.2392344,0.2392344,0.2392344,2.392344,0,0,1239.076,290.7321
4.784689,83.73206,4.784689,1.674641,0.2392344,0.4784689,1.196172,0.2392344,0.2392344,0.2392344,2.392344,0,0,1173.826,290.4063
4.784689,83.73206,4.784689,1.674641,0.2392344,0.4784689,1.196172,0.2392344,0.2392344,0.2392344,2.392344,0,0,1108.924,290.0539
4.784689,83.73206,4.784689,1.674641,0.2392344,0.4784689,1.196172,0.2392344,0.2392344,0.2392344,2.392344,0,0,1044.401,289.6718
4.784689,83.73206,4.784689,1.674641,0.2392344,0.4784689,1.196172,0.2392344,0.2392344,0.2392344,2.392344,0,0,980.2942,289.2566
4.784689,83.73206,4.784689,1.674641,0.2392344,0.4784689,1.196172,0.2392344,0.2392344,0.2392344,2.392344,0,0,916.6461,288.8046
4.784689,83.73206,4.784689,1.674641,0.2392344,0.4784689,1.196172,0.2392344,0.2392344,0.2392344,2.392344,0,0,853.5066,288.3113
4.784689,83.73206,4.784689,1.674641,0.2392344,0.4784689,1.196172,0.2392344,0.2392344,0.2392344,2.392344,0,0,790.9333,287.7716
4.784689,83.73206,4.784689,1.674641,0.2392344,0.4784689,1.196172,0.2392344,0.2392344,0.2392344,2.392344,0,0,728.9937,287.1792
4.784689,83.73206,4.784689,1.674641,0.2392344,0.4784689,1.196172,0.2392344,0.2392344,0.2392344,2.392344,0,0,667.7676,286.5271
4.784689,83.73206,4.784689,1.674641,0.2392344,0.4784689,1.196172,0.2392344,0.2392344,0.2392344,2.392344,0,0,607.3497,285.8066
4.784689,83.73206,4.784689,1.674641,0.2392344,0.4784689,1.196172,0.2392344,0.2392344,0.2392344,2.392344,0,0,547.8534,285.0071
4.784689,83.73206,4.784689,1.674641,0.2392344,0.4784689,1.196172,0.2392344,0.2392344,0.2392344,2.392344,0,0,489.416,284.1158
4.784689,83.73206,4.784689,1.674641,0.2392344,0.4784689,1.196172,0.2392344,0.2392344,0.2392344,2.392344,0,0,432.2054,283.1167
4.784689,83.73206,4.784689,1.674641,0.2392344,0.4784689,1.196172,0.2392344,0.2392344,0.2392344,2.392344,0,0,376.4284,281.9897
4.784689,83.73206,4.784689,1.674641,0.2392344,0.4784689,1.196172,0.2392344,0.2392344,0.2392344,2.392344,0,0,322.3431,280.7094
4.784689,83.73206,4.784689,1.674641,0.2392344,0.4784689,1.196172,0.2392344,0.2392344,0.2392344,2.392344,0,0,270.2747,279.2424
4.784689,83.73206,4.784689,1.674641,0.2392344,0.4784689,1.196172,0.2392344,0.2392344,0.2392344,2.392344,0,0,220.6371,277.5454
4.784689,83.73206,4.784689,1.674641,0.2392344,0.4784689,1.196172,0.2392344,0.2392344,0.2392344,2.392344,0,0,173.9607,275.5603
4.784689,83.73206,4.784689,1.674641,0.2392344,0.4784689,1.196172,0.2392344,0.2392344,0.2392344,2.392344,0,0,130.9275,273.2084
4.784689,83.73206,4.784689,1.674641,0.2392344,0.4784689,1.196172,0.2392344,0.2392344,0.2392344,2.392344,0,0,128.107,273.0297
4.784689,83.73206,4.784689,1.674641,0.2392344,0.4784689,1.196172,0.2392344,0.2392344,0.2392344,2.392344,0,0,128.107,273.0297
4.784689,83.73206,4.784689,1.674641,0.2392344,0.4784689,1.196172,0.2392344,0.2392344,0.2392344,2.392344,0,0,127.2886,272.8809
4.784689,83.73206,4.784689,1.674641,0.2392344,0.4784689,1.196172,0.2392344,0.2392344,0.2392344,2.392344,0,0,126.9197,272.811
4.784689,83.73206,4.784689,1.674641,0.2392344,0.4784689,1.196172,0.2392344,0.2392344,0.2392344,2.392344,0,0,126.1873,272.6716
4.784689,83.73206,4.784689,1.674641,0.2392344,0.4784689,1.196172,0.2392344,0.2392344,0.2392344,2.392344,0,0,124.7345,272.3931
4.784689,83.73206,4.784689,1.674641,0.2392344,0.4784689,1.196172,0.2392344,0.2392344,0.2392344,2.392344,0,0,121.8755,271.837
4.784689,83.73206,4.784689,1.674641,0.2392344,0.4784689,1.196172,0.2392344,0.2392344,0.2392344,2.392344,0,0,116.3402,270.7283
4.784689,83.73206,4.784689,1.674641,0.2392344,0.4784689,1.196172,0.2392344,0.2392344,0.2392344,2.392344,0,0,105.9667,268.5255
4.784689,83.73206,4.784689,1.674641,0.2392344,0.4784689,1.196172,0.2392344,0.2392344,0.2392344,2.392344,0,0,87.75792,264.1773
4.784689,83.73206,4.784689,1.674641,0.2392344,0.4784689,1.196172,0.2392344,0.2392344,0.2392344,2.392344,0,0,72.42058,259.88
4.784689,83.73206,4.784689,1.674641,0.2392344,0.4784689,1.196172,0.2392344,0.2392344,0.2392344,2.392344,0,0,59.40994,255.586
4.784689,83.73206,4.784689,1.674641,0.2392344,0.4784689,1.196172,0.2392344,0.2392344,0.2392344,2.392344,0,0,48.43265,251.2964
4.784689,83.73206,4.784689,1.674641,0.2392344,0.4784689,1.196172,0.2392344,0.2392344,0.2392344,2.392344,0,0,39.22198,247.011
4.784689,83.73206,4.784689,1.674641,0.2392344,0.4784689,1.196172,0.2392344,0.2392344,0.2392344,2.392344,0,0,31.53942,242.73
4.784689,83.73206,4.784689,1.674641,0.2392344,0.4784689,1.196172,0.2392344,0.2392344,0.2392344,2.392344,0,0,25.17216,238.4534
4.784689,83.73206,4.784689,1.674641,0.2392344,0.4784689,1.196172,0.2392344,0.2392344,0.2392344,2.392344,0,0,19.93101,234.1812
4.784689,83.73206,4.784689,1.674641,0.2392344,0.4784689,1.196172,0.2392344,0.2392344,0.2392344,2.392344,0,0,15.64826,229.9137
0.6465517,90.51724,4.310345,1.508621,0.2155172,0.4310345,1.077586,0.2155172,0.2155172,0.2155172,0.6465517,0,0,2478.415,294.2807
0.6465517,90.51724,4.310345,1.508621,0.2155172,0.4310345,1.077586,0.2155172,0.2155172,0.2155172,0.6465517,0,0,2409.905,294.1314
0.6465517,90.51724,4.310345,1.508621,0.2155172,0.4310345,1.077586,0.2155172,0.2155172,0.2155172,0.6465517,0,0,2341.395,293.9784
0.6465517,90.51724,4.310345,1.508621,0.2155172,0.4310345,1.077586,0.2155172,0.2155172,0.2155172,0.6465517,0,0,2272.996,293.8217
0.6465517,90.51724,4.310345,1.508621,0.2155172,0.4310345,1.077586,0.2155172,0.2155172,0.2155172,0.6465517,0,0,2204.711,293.6609
0.6465517,90.51724,4.310345,1.508621,0.2155172,0.4310345,1.077586,0.2155172,0.2155172,0.2155172,0.6465517,0,0,2136.545,293.4955
0.6465517,90.51724,4.310345,1.508621,0.2155172,0.4310345,1.077586,0.2155172,0.2155172,0.2155172,0.6465517,0,0,2068.507,293.3252
0.6465517,90.51724,4.310345,1.508621,0.2155172,0.4310345,1.077586,0.2155172,0.2155172,0.2155172,0.6465517,0,0,2000.602,293.1493
0.6465517,90.51724,4.310345,1.508621,0.2155172,0.4310345,1.077586,0.2155172,0.2155172,0.2155172,0.6465517,0,0,1932.839,292.9673
0.6465517,90.51724,4.310345,1.508621,0.2155172,0.4310345,1.077586,0.2155172,0.2155172,0.2155172,0.6465517,0,0,1865.228,292.7784
0.6465517,90.51724,4.310345,1.508621,0.2155172,0.4310345,1.077586,0.2155172,0.2155172,0.2155172,0.6465517,0,0,1797.776,292.5819
0.6465517,90.51724,4.310345,1.508621,0.2155172,0.4310345,1.077586,0.2155172,0.2155172,0.2155172,0.6465517,0,0,1730.496,292.3767
0.6465517,90.51724,4.310345,1.508621,0.2155172,0.4310345,1.077586,0.2155172,0.2155172,0.2155172,0.6465517,0,0,1663.397,292.1618
0.6465517,90.51724,4.310345,1.508621,0.2155172,0.4310345,1.077586,0.2155172,0.2155172,0.2155172,0.6465517,0,0,1596.494,291.936
0.6465517,90.51724,4.310345,1.508621,0.2155172,0.4310345,1.077586,0.2155172,0.2155172,0.2155172,0.6465517,0,0,1529.8,291.698
0.6465517,90.51724,4.310345,1.508621,0.2155172,0.4310345,1.077586,0.2155172,0.2155172,0.2155172,0.6465517,0,0,1463.33,291.4463
0.6465517,90.51724,4.310345,1.508621,0.2155172,0.4310345,1.077586,0.2155172,0.2155172,0.2155172,0.6465517,0,0,1397.101,291.179
0.6465517,90.51724,4.310345,1.508621,0.2155172,0.4310345,1.077586,0.2155172,0.2155172,0.2155172,0.6465517,0,0,1331.134,290.8944
0.6465517,90.51724,4.310345,1.508621,0.2155172,0.4310345,1.077586,0.2155172,0.2155172,0.2155172,0.6465517,0,0,1326.93,290.8756
0.6465517,90.51724,4.310345,1.508621,0.2155172,0.4310345,1.077586,0.2155172,0.2155172,0.2155172,0.6465517,0,0,1324.732,290.8657
0.6465517,90.51724,4.310345,1.508621,0.2155172,0.4310345,1.077586,0.2155172,0.2155172,0.2155172,0.6465517,0,0,1323.631,290.8607
0.6465517,90.51724,4.310345,1.508621,0.2155172,0.4310345,1.077586,0.2155172,0.2155172,0.2155172,0.6465517,0,0,1323.08,290.8582
0.6465517,90.51724,4.310345,1.508621,0.2155172,0.4310345,1.077586,0.2155172,0.2155172,0.2155172,0.6465517,0,0,1323.08,290.8582
0.6465517,90.51724,4.310345,1.508621,0.2155172,0.4310345,1.077586,0.2155172,0.2155172,0.2155172,0.6465517,0,0,1320.875,290.8484
0.6465517,90.51724,4.310345,1.508621,0.2155172,0.4310345,1.077586,0.2155172,0.2155172,0.2155172,0.6465517,0,0,1319.774,290.8435
0.6465517,90.51724,4.310345,1.508621,0.2155172,0.4310345,1.077586,0.2155172,0.2155172,0.2155172,0.6465517,0,0,1317.572,290.8337
0.6465517,90.51724,4.310345,1.508621,0.2155172,0.4310345,1.077586,0.2155172,0.2155172,0.2155172,0.6465517,0,0,1313.174,290.814
0.6465517,90.51724,4.310345,1.508621,0.2155172,0.4310345,1.077586,0.2155172,0.2155172,0.2155172,0.6465517,0,0,1304.409,290.7745
0.6465517,90.51724,4.310345,1.508621,0.2155172,0.4310345,1.077586,0.2155172,0.2155172,0.2155172,0.6465517,0,0,1286.997,290.6947
0.6465517,90.51724,4.310345,1.508621,0.2155172,0.4310345,1.077586,0.2155172,0.2155172,0.2155172,0.6465517,0,0,1252.648,290.5323
0.6465517,90.51724,4.310345,1.508621,0.2155172,0.4310345,1.077586,0.2155172,0.2155172,0.2155172,0.6465517,0,0,1185.829,290.1963
0.6465517,90.51724,4.310345,1.508621,0.2155172,0.4310345,1.077586,0.2155172,0.2155172,0.2155172,0.6465517,0,0,1120.935,289.8417
0.6465517,90.51724,4.310345,1.508621,0.2155172,0.4310345,1.077586,0.2155172,0.2155172,0.2155172,0.6465517,0,0,1056.336,289.4576
0.6465517,90.51724,4.310345,1.508621,0.2155172,0.4310345,1.077586,0.2155172,0.2155172,0.2155172,0.6465517,0,0,992.1487,289.041
0.6465517,90.51724,4.310345,1.508621,0.2155172,0.4310345,1.077586,0.2155172,0.2155172,0.2155172,0.6465517,0,0,928.412,288.5882
0.6465517,90.51724,4.310345,1.508621,0.2155172,0.4310345,1.077586,0.2155172,0.2155172,0.2155172,0.6465517,0,0,865.174,288.0948
0.6465517,90.51724,4.310345,1.508621,0.2155172,0.4310345,1.077586,0.2155172,0.2155172,0.2155172,0.6465517,0,0,802.491,287.5558
0.6465517,90.51724,4.310345,1.508621,0.2155172,0.4310345,1.077586,0.2155172,0.2155172,0.2155172,0.6465517,0,0,740.4283,286.9652
0.6465517,90.51724,4.310345,1.508621,0.2155172,0.4310345,1.077586,0.2155172,0.2155172,0.2155172,0.6465517,0,0,679.0632,286.316
0.6465517,90.51724,4.310345,1.508621,0.2155172,0.4310345,1.077586,0.2155172,0.2155172,0.2155172,0.6465517,0,0,618.4875,285.5999
0.6465517,90.51724,4.310345,1.508621,0.2155172,0.4310345,1.077586,0.2155172,0.2155172,0.2155172,0.6465517,0,0,558.8107,284.8066
0.6465517,90.51724,4.310345,1.508621,0.2155172,0.4310345,1.077586,0.2155172,0.2155172,0.2155172,0.6465517,0,0,500.1653,283.9237
0.6465517,90.51724,4.310345,1.508621,0.2155172,0.4310345,1.077586,0.2155172,0.2155172,0.2155172,0.6465517,0,0,442.7129,282.9358
0.6465517,90.51724,4.310345,1.508621,0.2155172,0.4310345,1.077586,0.2155172,0.2155172,0.2155172,0.6465517,0,0,386.6522,281.8237
0.6465517,90.51724,4.310345,1.508621,0.2155172,0.4310345,1.077586,0.2155172,0.2155172,0.2155172,0.6465517,0,0,332.2309,280.5628
0.6465517,90.51724,4.310345,1.508621,0.2155172,0.4310345,1.077586,0.2155172,0.2155172,0.2155172,0.6465517,0,0,279.7603,279.1216
0.6465517,90.51724,4.310345,1.508621,0.2155172,0.4310345,1.077586,0.2155172,0.2155172,0.2155172,0.6465517,0,0,229.6357,277.4584
0.6465517,90.51724,4.310345,1.508621,0.2155172,0.4310345,1.077586,0.2155172,0.2155172,0.2155172,0.6465517,0,0,182.3638,275.518
0.6465517,90.51724,4.310345,1.508621,0.2155172,0.4310345,1.077586,0.2155172,0.2155172,0.2155172,0.6465517,0,0,138.5954,273.2257
0.6465517,90.51724,4.310345,1.508621,0.2155172,0.4310345,1.077586,0.2155172,0.2155172,0.2155172,0.6465517,0,0,135.7254,273.0523
0.6465517,90.51724,4.310345,1.508621,0.2155172,0.4310345,1.077586,0.2155172,0.2155172,0.2155172,0.6465517,0,0,135.7254,273.0523
0.6465517,90.51724,4.310345,1.508621,0.2155172,0.4310345,1.077586,0.2155172,0.2155172,0.2155172,0.6465517,0,0,134.7761,272.9086
0.6465517,90.51724,4.310345,1.508621,0.2155172,0.4310345,1.077586,0.2155172,0.2155172,0.2155172,0.6465517,0,0,134.3805,272.8376
0.6465517,90.51724,4.310345,1.508621,0.2155172,0.4310345,1.077586,0.2155172,0.2155172,0.2155172,0.6465517,0,0,133.6072,272.6982
0.6465517,90.51724,4.310345,1.508621,0.2155172,0.4310345,1.077586,0.2155172,0.2155172,0.2155172,0.6465517,0,0,132.0731,272.4197
0.6465517,90.51724,4.310345,1.508621,0.2155172,0.4310345,1.077586,0.2155172,0.2155172,0.2155172,0.6465517,0,0,129.0541,271.8636
0.6465517,90.51724,4.310345,1.508621,0.2155172,0.4310345,1.077586,0.2155172,0.2155172,0.2155172,0.6465517,0,0,123.2085,270.755
0.6465517,90.51724,4.310345,1.508621,0.2155172,0.4310345,1.077586,0.2155172,0.2155172,0.2155172,0.6465517,0,0,112.2513,268.5522
0.6465517,90.51724,4.310345,1.508621,0.2155172,0.4310345,1.077586,0.2155172,0.2155172,0.2155172,0.6465517,0,0,93.01056,264.2043
0.6465517,90.51724,4.310345,1.508621,0.2155172,0.4310345,1.077586,0.2155172,0.2155172,0.2155172,0.6465517,0,0,76.79523,259.9074
0.6465517,90.51724,4.310345,1.508621,0.2155172,0.4310345,1.077586,0.2155172,0.2155172,0.2155172,0.6465517,0,0,63.03221,255.6138
0.6465517,90.51724,4.310345,1.508621,0.2155172,0.4310345,1.077586,0.2155172,0.2155172,0.2155172,0.6465517,0,0,51.41378,251.3243
0.6465517,90.51724,4.310345,1.508621,0.2155172,0.4310345,1.077586,0.2155172,0.2155172,0.2155172,0.6465517,0,0,41.65981,247.0392
0.6465517,90.51724,4.310345,1.508621,0.2155172,0.4310345,1.077586,0.2155172,0.2155172,0.2155172,0.6465517,0,0,33.51953,242.7584
0.6465517,90.51724,4.310345,1.508621,0.2155172,0.4310345,1.077586,0.2155172,0.2155172,0.2155172,0.6465517,0,0,26.76906,238.4819
0.6465517,90.51724,4.310345,1.508621,0.2155172,0.4310345,1.077586,0.2155172,0.2155172,0.2155172,0.6465517,0,0,21.20918,234.2099
0.6465517,90.51724,4.310345,1.508621,0.2155172,0.4310345,1.077586,0.2155172,0.2155172,0.2155172,0.6465517,0,0,16.66317,229.9424
0.6465517,90.51724,4.310345,1.508621,0.2155172,0.4310345,1.077586,0.2155172,0.2155172,0.2155172,0.6465517,0,0,12.97504,225.6796
2.325581,62.0155,7.751938,5.426357,0.7751938,1.550388,3.875969,0.7751938,0.7751938,0.7751938,13.95349,0,0,2835.926,295.5391
2.325581,62.0155,7.751938,5.426357,0.7751938,1.550388,3.875969,0.7751938,0.7751938,0.7751938,13.95349,0,0,2766.936,295.4142
2.325581,62.0155,7.751938,5.426357,0.7751938,1.550388,3.875969,0.7751938,0.7751938,0.7751938,13.95349,0,0,2697.945,295.2872
2.325581,62.0155,7.751938,5.426357,0.7751938,1.550388,3.875969,0.7751938,0.7751938,0.7751938,13.95349,0,0,2629.041,295.1583
2.325581,62.0155,7.751938,5.426357,0.7751938,1.550388,3.875969,0.7751938,0.7751938,0.7751938,13.95349,0,0,2560.224,295.0273
2.325581,62.0155,7.751938,5.426357,0.7751938,1.550388,3.875969,0.7751938,0.7751938,0.7751938,13.95349,0,0,2491.499,294.8941
2.325581,62.0155,7.751938,5.426357,0.7751938,1.550388,3.875969,0.7751938,0.7751938,0.7751938,13.95349,0,0,2422.87,294.7585
2.325581,62.0155,7.751938,5.426357,0.7751938,1.550388,3.875969,0.7751938,0.7751938,0.7751938,13.95349,0,0,2354.344,294.6205
2.325581,62.0155,7.751938,5.426357,0.7751938,1.550388,3.875969,0.7751938,0.7751938,0.7751938,13.95349,0,0,2285.924,294.4798
2.325581,62.0155,7.751938,5.426357,0.7751938,1.550388,3.875969,0.7751938,0.7751938,0.7751938,13.95349,0,0,2217.616,294.3362
2.325581,62.0155,7.751938,5.426357,0.7751938,1.550388,3.875969,0.7751938,0.7751938,0.7751938,13.95349,0,0,2149.428,294.1897
2.325581,62.0155,7.751938,5.426357,0.7751938,1.550388,3.875969,0.7751938,0.7751938,0.7751938,13.95349,0,0,2081.364,294.0399
2.325581,62.0155,7.751938,5.426357,0.7751938,1.550388,3.875969,0.7751938,0.7751938,0.7751938,13.95349,0,0,2013.434,293.8866
2.325581,62.0155,7.751938,5.426357,0.7751938,1.550388,3.875969,0.7751938,0.7751938,0.7751938,13.95349,0,0,1945.644,293.7295
2.325581,62.0155,7.751938,5.426357,0.7751938,1.550388,3.875969,0.7751938,0.7751938,0.7751938,13.95349,0,0,1878.003,293.5683
2.325581,62.0155,7.751938,5.426357,0.7751938,1.550388,3.875969,0.7751938,0.7751938,0.7751938,13.95349,0,0,1869.432,293.5475
2.325581,62.0155,7.751938,5.426357,0.7751938,1.550388,3.875969,0.7751938,0.7751938,0.7751938,13.95349,0,0,1865.01,293.5368
2.325581,62.0155,7.751938,5.426357,0.7751938,1.550388,3.875969,0.7751938,0.7751938,0.7751938,13.95349,0,0,1864.456,293.5354
2.325581,62.0155,7.751938,5.426357,0.7751938,1.550388,3.875969,0.7751938,0.7751938,0.7751938,13.95349,0,0,1863.901,293.5341
2.325581,62.0155,7.751938,5.426357,0.7751938,1.550388,3.875969,0.7751938,0.7751938,0.7751938,13.95349,0,0,1862.233,293.5318
2.325581,62.0155,7.751938,5.426357,0.7751938,1.550388,3.875969,0.7751938,0.7751938,0.7751938,13.95349,0,0,1861.123,293.5297
2.325581,62.0155,7.751938,5.426357,0.7751938,1.550388,3.875969,0.7751938,0.7751938,0.7751938,13.95349,0,0,1858.796,293.5254
2.325581,62.0155,7.751938,5.426357,0.7751938,1.550388,3.875969,0.7751938,0.7751938,0.7751938,13.95349,0,0,1853.965,293.5163
2.325581,62.0155,7.751938,5.426357,0.7751938,1.550388,3.875969,0.7751938,0.7751938,0.7751938,13.95349,0,0,1843.762,293.497
2.325581,62.0155,7.751938,5.426357,0.7751938,1.550388,3.875969,0.7751938,0.7751938,0.7751938,13.95349,0,0,1821.973,293.455
2.325581,62.0155,7.751938,5.426357,0.7751938,1.550388,3.875969,0.7751938,0.7751938,0.7751938,13.95349,0,0,1775.835,293.3628
2.325581,62.0155,7.751938,5.426357,0.7751938,1.550388,3.875969,0.7751938,0.7751938,0.7751938,13.95349,0,0,1680.843,293.1576
2.325581,62.0155,7.751938,5.426357,0.7751938,1.550388,3.875969,0.7751938,0.7751938,0.7751938,13.95349,0,0,1593.553,292.9486
2.325581,62.0155,7.751938,5.426357,0.7751938,1.550388,3.875969,0.7751938,0.7751938,0.7751938,13.95349,0,0,1513.742,292.7376
2.325581,62.0155,7.751938,5.426357,0.7751938,1.550388,3.875969,0.7751938,0.7751938,0.7751938,13.95349,0,0,1436.832,292.514
2.325581,62.0155,7.751938,5.426357,0.7751938,1.550388,3.875969,0.7751938,0.7751938,0.7751938,13.95349,0,0,1361.313,292.2725
2.325581,62.0155,7.751938,5.426357,0.7751938,1.550388,3.875969,0.7751938,0.7751938,0.7751938,13.95349,0,0,1286.576,292.0092
2.325581,62.0155,7.751938,5.426357,0.7751938,1.550388,3.875969,0.7751938,0.7751938,0.7751938,13.95349,0,0,1221.505,291.7577
2.325581,62.0155,7.751938,5.426357,0.7751938,1.550388,3.875969,0.7751938,0.7751938,0.7751938,13.95349,0,0,1156.327,291.4826
2.325581,62.0155,7.751938,5.426357,0.7751938,1.550388,3.875969,0.7751938,0.7751938,0.7751938,13.95349,0,0,1091.525,291.183
2.325581,62.0155,7.751938,5.426357,0.7751938,1.550388,3.875969,0.7751938,0.7751938,0.7751938,13.95349,0,0,1027.11,290.8562
2.325581,62.0155,7.751938,5.426357,0.7751938,1.550388,3.875969,0.7751938,0.7751938,0.7751938,13.95349,0,0,963.1222,290.499
2.325581,62.0155,7.751938,5.426357,0.7751938,1.550388,3.875969,0.7751938,0.7751938,0.7751938,13.95349,0,0,899.6057,290.1077
2.325581,62.0155,7.751938,5.426357,0.7751938,1.550388,3.875969,0.7751938,0.7751938,0.7751938,13.95349,0,0,836.6125,289.678
2.325581,62.0155,7.751938,5.426357,0.7751938,1.550388,3.875969,0.7751938,0.7751938,0.7751938,13.95349,0,0,774.2026,289.205
2.325581,62.0155,7.751938,5.426357,0.7751938,1.550388,3.875969,0.7751938,0.7751938,0.7751938,13.95349,0,0,712.4466,288.6826
2.325581,62.0155,7.751938,5.426357,0.7751938,1.550388,3.875969,0.7751938,0.7751938,0.7751938,13.95349,0,0,651.4279,288.1035
2.325581,62.0155,7.751938,5.426357,0.7751938,1.550388,3.875969,0.7751938,0.7751938,0.7751938,13.95349,0,0,591.2459,287.4593
2.325581,62.0155,7.751938,5.426357,0.7751938,1.550388,3.875969,0.7751938,0.7751938,0.7751938,13.95349,0,0,532.0199,286.7391
2.325581,62.0155,7.751938,5.426357,0.7751938,1.550388,3.875969,0.7751938,0.7751938,0.7751938,13.95349,0,0,473.8947,285.93
2.325581,62.0155,7.751938,5.426357,0.7751938,1.550388,3.875969,0.7751938,0.7751938,0.7751938,13.95349,0,0,417.0475,285.0154
2.325581,62.0155,7.751938,5.426357,0.7751938,1.550388,3.875969,0.7751938,0.7751938,0.7751938,13.95349,0,0,361.6978,283.9748
2.325581,62.0155,7.751938,5.426357,0.7751938,1.550388,3.875969,0.7751938,0.7751938,0.7751938,13.95349,0,0,308.12,282.7814
2.325581,62.0155,7.751938,5.426357,0.7751938,1.550388,3.875969,0.7751938,0.7751938,0.7751938,13.95349,0,0,256.6606,281.4006
2.325581,62.0155,7.751938,5.426357,0.7751938,1.550388,3.875969,0.7751938,0.7751938,0.7751938,13.95349,0,0,207.7619,279.7867
2.325581,62.0155,7.751938,5.426357,0.7751938,1.550388,3.875969,0.7751938,0.7751938,0.7751938,13.95349,0,0,161.9916,277.8783
2.325581,62.0155,7.751938,5.426357,0.7751938,1.550388,3.875969,0.7751938,0.7751938,0.7751938,13.95349,0,0,120.0784,275.5923
2.325581,62.0155,7.751938,5.426357,0.7751938,1.550388,3.875969,0.7751938,0.7751938,0.7751938,13.95349,0,0,99.79992,274.1953
2.325581,62.0155,7.751938,5.426357,0.7751938,1.550388,3.875969,0.7751938,0.7751938,0.7751938,13.95349,0,0,88.68168,273.3122
2.325581,62.0155,7.751938,5.426357,0.7751938,1.550388,3.875969,0.7751938,0.7751938,0.7751938,13.95349,0,0,85.70551,273.0584
2.325581,62.0155,7.751938,5.426357,0.7751938,1.550388,3.875969,0.7751938,0.7751938,0.7751938,13.95349,0,0,84.90896,272.9892
2.325581,62.0155,7.751938,5.426357,0.7751938,1.550388,3.875969,0.7751938,0.7751938,0.7751938,13.95349,0,0,84.90896,272.9892
2.325581,62.0155,7.751938,5.426357,0.7751938,1.550388,3.875969,0.7751938,0.7751938,0.7751938,13.95349,0,0,84.29445,272.8226
2.325581,62.0155,7.751938,5.426357,0.7751938,1.550388,3.875969,0.7751938,0.7751938,0.7751938,13.95349,0,0,84.04152,272.7529
2.325581,62.0155,7.751938,5.426357,0.7751938,1.550388,3.875969,0.7751938,0.7751938,0.7751938,13.95349,0,0,83.53792,272.6135
2.325581,62.0155,7.751938,5.426357,0.7751938,1.550388,3.875969,0.7751938,0.7751938,0.7751938,13.95349,0,0,82.5392,272.335
2.325581,62.0155,7.751938,5.426357,0.7751938,1.550388,3.875969,0.7751938,0.7751938,0.7751938,13.95349,0,0,80.57526,271.7789
2.325581,62.0155,7.751938,5.426357,0.7751938,1.550388,3.875969,0.7751938,0.7751938,0.7751938,13.95349,0,0,76.77818,270.6701
2.325581,62.0155,7.751938,5.426357,0.7751938,1.550388,3.875969,0.7751938,0.7751938,0.7751938,13.95349,0,0,69.68197,268.4668
2.325581,62.0155,7.751938,5.426357,0.7751938,1.550388,3.875969,0.7751938,0.7751938,0.7751938,13.95349,0,0,57.2944,264.1168
2.325581,62.0155,7.751938,5.426357,0.7751938,1.550388,3.875969,0.7751938,0.7751938,0.7751938,13.95349,0,0,46.93916,259.8177
2.325581,62.0155,7.751938,5.426357,0.7751938,1.550388,3.875969,0.7751938,0.7751938,0.7751938,13.95349,0,0,38.22238,255.5224
2.325581,62.0155,7.751938,5.426357,0.7751938,1.550388,3.875969,0.7751938,0.7751938,0.7751938,13.95349,0,0,30.92485,251.2317
2.325581,62.0155,7.751938,5.426357,0.7751938,1.550388,3.875969,0.7751938,0.7751938,0.7751938,13.95349,0,0,24.84981,246.9456
2.325581,62.0155,7.751938,5.426357,0.7751938,1.550388,3.875969,0.7751938,0.7751938,0.7751938,13.95349,0,0,19.82313,242.6642
2.325581,62.0155,7.751938,5.426357,0.7751938,1.550388,3.875969,0.7751938,0.7751938,0.7751938,13.95349,0,0,15.69107,238.3875
17.69912,35.39823,8.849558,6.19469,0.8849558,1.769912,4.424779,0.8849558,0.8849558,0.8849558,22.12389,0,0,2556.825,294.0537
17.69912,35.39823,8.849558,6.19469,0.8849558,1.769912,4.424779,0.8849558,0.8849558,0.8849558,22.12389,0,0,2488.199,293.9356
17.69912,35.39823,8.849558,6.19469,0.8849558,1.769912,4.424779,0.8849558,0.8849558,0.8849558,22.12389,0,0,2419.573,293.8156
17.69912,35.39823,8.849558,6.19469,0.8849558,1.769912,4.424779,0.8849558,0.8849558,0.8849558,22.12389,0,0,2351.052,293.6938
17.69912,35.39823,8.849558,6.19469,0.8849558,1.769912,4.424779,0.8849558,0.8849558,0.8849558,22.12389,0,0,2282.637,293.57
17.69912,35.39823,8.849558,6.19469,0.8849558,1.769912,4.424779,0.8849558,0.8849558,0.8849558,22.12389,0,0,2214.335,293.4442
17.69912,35.39823,8.849558,6.19469,0.8849558,1.769912,4.424779,0.8849558,0.8849558,0.8849558,22.12389,0,0,2146.152,293.3162
17.69912,35.39823,8.849558,6.19469,0.8849558,1.769912,4.424779,0.8849558,0.8849558,0.8849558,22.12389,0,0,2078.095,293.1859
17.69912,35.39823,8.849558,6.19469,0.8849558,1.769912,4.424779,0.8849558,0.8849558,0.8849558,22.12389,0,0,2010.171,293.053
17.69912,35.39823,8.849558,6.19469,0.8849558,1.769912,4.424779,0.8849558,0.8849558,0.8849558,22.12389,0,0,1942.388,292.9175
17.69912,35.39823,8.849558,6.19469,0.8849558,1.769912,4.424779,0.8849558,0.8849558,0.8849558,22.12389,0,0,1874.755,292.7791
17.69912,35.39823,8.849558,6.19469,0.8849558,1.769912,4.424779,0.8849558,0.8849558,0.8849558,22.12389,0,0,1807.28,292.6374
17.69912,35.39823,8.849558,6.19469,0.8849558,1.769912,4.424779,0.8849558,0.8849558,0.8849558,22.12389,0,0,1739.975,292.4924
17.69912,35.39823,8.849558,6.19469,0.8849558,1.769912,4.424779,0.8849558,0.8849558,0.8849558,22.12389,0,0,1672.85,292.3434
17.69912,35.39823,8.849558,6.19469,0.8849558,1.769912,4.424779,0.8849558,0.8849558,0.8849558,22.12389,0,0,1605.918,292.1903
17.69912,35.39823,8.849558,6.19469,0.8849558,1.769912,4.424779,0.8849558,0.8849558,0.8849558,22.12389,0,0,1539.193,292.0324
17.69912,35.39823,8.849558,6.19469,0.8849558,1.769912,4.424779,0.8849558,0.8849558,0.8849558,22.12389,0,0,1530.719,292.0119
17.69912,35.39823,8.849558,6.19469,0.8849558,1.769912,4.424779,0.8849558,0.8849558,0.8849558,22.12389,0,0,1526.321,292.0013
17.69912,35.39823,8.849558,6.19469,0.8849558,1.769912,4.424779,0.8849558,0.8849558,0.8849558,22.12389,0,0,1525.217,291.9986
17.69912,35.39823,8.849558,6.19469,0.8849558,1.769912,4.424779,0.8849558,0.8849558,0.8849558,22.12389,0,0,1524.664,291.9973
17.69912,35.39823,8.849558,6.19469,0.8849558,1.769912,4.424779,0.8849558,0.8849558,0.8849558,22.12389,0,0,1524.664,291.9973
17.69912,35.39823,8.849558,6.19469,0.8849558,1.769912,4.424779,0.8849558,0.8849558,0.8849558,22.12389,0,0,1522.452,291.9916
17.69912,35.39823,8.849558,6.19469,0.8849558,1.769912,4.424779,0.8849558,0.8849558,0.8849558,22.12389,0,0,1521.347,291.9887
17.69912,35.39823,8.849558,6.19469,0.8849558,1.769912,4.424779,0.8849558,0.8849558,0.8849558,22.12389,0,0,1519.111,291.9829
17.69912,35.39823,8.849558,6.19469,0.8849558,1.769912,4.424779,0.8849558,0.8849558,0.8849558,22.12389,0,0,1514.599,291.9712
17.69912,35.39823,8.849558,6.19469,0.8849558,1.769912,4.424779,0.8849558,0.8849558,0.8849558,22.12389,0,0,1505.418,291.9471
17.69912,35.39823,8.849558,6.19469,0.8849558,1.769912,4.424779,0.8849558,0.8849558,0.8849558,22.12389,0,0,1486.511,291.8966
17.69912,35.39823,8.849558,6.19469,0.8849558,1.769912,4.424779,0.8849558,0.8849558,0.8849558,22.12389,0,0,1447.007,291.7876
17.69912,35.39823,8.849558,6.19469,0.8849558,1.769912,4.424779,0.8849558,0.8849558,0.8849558,22.12389,0,0,1363.821,291.5409
17.69912,35.39823,8.849558,6.19469,0.8849558,1.769912,4.424779,0.8849558,0.8849558,0.8849558,22.12389,0,0,1282.732,291.2755
17.69912,35.39823,8.849558,6.19469,0.8849558,1.769912,4.424779,0.8849558,0.8849558,0.8849558,22.12389,0,0,1205.656,290.9972
17.69912,35.39823,8.849558,6.19469,0.8849558,1.769912,4.424779,0.8849558,0.8849558,0.8849558,22.12389,0,0,1130.614,290.6984
17.69912,35.39823,8.849558,6.19469,0.8849558,1.769912,4.424779,0.8849558,0.8849558,0.8849558,22.12389,0,0,1056.669,290.373
17.69912,35.39823,8.849558,6.19469,0.8849558,1.769912,4.424779,0.8849558,0.8849558,0.8849558,22.12389,0,0,992.9783,290.0645
17.69912,35.39823,8.849558,6.19469,0.8849558,1.769912,4.424779,0.8849558,0.8849558,0.8849558,22.12389,0,0,929.2071,289.7253
17.69912,35.39823,8.849558,6.19469,0.8849558,1.769912,4.424779,0.8849558,0.8849558,0.8849558,22.12389,0,0,865.9643,289.3543
17.69912,35.39823,8.849558,6.19469,0.8849558,1.769912,4.424779,0.8849558,0.8849558,0.8849558,22.12389,0,0,803.2738,288.9471
17.69912,35.39823,8.849558,6.19469,0.8849558,1.769912,4.424779,0.8849558,0.8849558,0.8849558,22.12389,0,0,741.2028,288.4983
17.69912,35.39823,8.849558,6.19469,0.8849558,1.769912,4.424779,0.8849558,0.8849558,0.8849558,22.12389,0,0,679.8285,288.0015
17.69912,35.39823,8.849558,6.19469,0.8849558,1.769912,4.424779,0.8849558,0.8849558,0.8849558,22.12389,0,0,619.2422,287.4489
17.69912,35.39823,8.849558,6.19469,0.8849558,1.769912,4.424779,0.8849558,0.8849558,0.8849558,22.12389,0,0,559.5534,286.8311
17.69912,35.39823,8.849558,6.19469,0.8849558,1.769912,4.424779,0.8849558,0.8849558,0.8849558,22.12389,0,0,500.8941,286.1364
17.69912,35.39823,8.849558,6.19469,0.8849558,1.769912,4.424779,0.8849558,0.8849558,0.8849558,22.12389,0,0,443.4256,285.3502
17.69912,35.39823,8.849558,6.19469,0.8849558,1.769912,4.424779,0.8849558,0.8849558,0.8849558,22.12389,0,0,387.3461,284.4541
17.69912,35.39823,8.849558,6.19469,0.8849558,1.769912,4.424779,0.8849558,0.8849558,0.8849558,22.12389,0,0,332.9024,283.425
17.69912,35.39823,8.849558,6.19469,0.8849558,1.769912,4.424779,0.8849558,0.8849558,0.8849558,22.12389,0,0,280.405,282.2324
17.69912,35.39823,8.849558,6.19469,0.8849558,1.769912,4.424779,0.8849558,0.8849558,0.8849558,22.12389,0,0,230.2482,280.837
17.69912,35.39823,8.849558,6.19469,0.8849558,1.769912,4.424779,0.8849558,0.8849558,0.8849558,22.12389,0,0,182.9367,279.1861
17.69912,35.39823,8.849558,6.19469,0.8849558,1.769912,4.424779,0.8849558,0.8849558,0.8849558,22.12389,0,0,139.1197,277.2089
17.69912,35.39823,8.849558,6.19469,0.8849558,1.769912,4.424779,0.8849558,0.8849558,0.8849558,22.12389,0,0,99.6263,274.8087
17.69912,35.39823,8.849558,6.19469,0.8849558,1.769912,4.424779,0.8849558,0.8849558,0.8849558,22.12389,0,0,80.77387,273.3201
17.69912,35.39823,8.849558,6.19469,0.8849558,1.769912,4.424779,0.8849558,0.8849558,0.8849558,22.12389,0,0,78.05951,273.0795
17.69912,35.39823,8.849558,6.19469,0.8849558,1.769912,4.424779,0.8849558,0.8849558,0.8849558,22.12389,0,0,76.52863,272.9404
17.69912,35.39823,8.849558,6.19469,0.8849558,1.769912,4.424779,0.8849558,0.8849558,0.8849558,22.12389,0,0,76.52863,272.9404
17.69912,35.39823,8.849558,6.19469,0.8849558,1.769912,4.424779,0.8849558,0.8849558,0.8849558,22.12389,0,0,75.85569,272.7776
17.69912,35.39823,8.849558,6.19469,0.8849558,1.769912,4.424779,0.8849558,0.8849558,0.8849558,22.12389,0,0,75.62236,272.7072
17.69912,35.39823,8.849558,6.19469,0.8849558,1.769912,4.424779,0.8849558,0.8849558,0.8849558,22.12389,0,0,75.16217,272.5678
17.69912,35.39823,8.849558,6.19469,0.8849558,1.769912,4.424779,0.8849558,0.8849558,0.8849558,22.12389,0,0,74.2497,272.2893
17.69912,35.39823,8.849558,6.19469,0.8849558,1.769912,4.424779,0.8849558,0.8849558,0.8849558,22.12389,0,0,72.45591,271.7331
17.69912,35.39823,8.849558,6.19469,0.8849558,1.769912,4.424779,0.8849558,0.8849558,0.8849558,22.12389,0,0,68.98975,270.6242
17.69912,35.39823,8.849558,6.19469,0.8849558,1.769912,4.424779,0.8849558,0.8849558,0.8849558,22.12389,0,0,62.51936,268.4204
17.69912,35.39823,8.849558,6.19469,0.8849558,1.769912,4.424779,0.8849558,0.8849558,0.8849558,22.12389,0,0,51.24978,264.0688
17.69912,35.39823,8.849558,6.19469,0.8849558,1.769912,4.424779,0.8849558,0.8849558,0.8849558,22.12389,0,0,41.8592,259.7677
17.69912,35.39823,8.849558,6.19469,0.8849558,1.769912,4.424779,0.8849558,0.8849558,0.8849558,22.12389,0,0,33.98049,255.4706
17.69912,35.39823,8.849558,6.19469,0.8849558,1.769912,4.424779,0.8849558,0.8849558,0.8849558,22.12389,0,0,27.40626,251.1784
17.69912,35.39823,8.849558,6.19469,0.8849558,1.769912,4.424779,0.8849558,0.8849558,0.8849558,22.12389,0,0,21.95144,246.8911
17.69912,35.39823,8.849558,6.19469,0.8849558,1.769912,4.424779,0.8849558,0.8849558,0.8849558,22.12389,0,0,17.45304,242.6086
17.69912,35.39823,8.849558,6.19469,0.8849558,1.769912,4.424779,0.8849558,0.8849558,0.8849558,22.12389,0,0,13.76781,238.331
3.490401,87.26003,1.745201,1.22164,0.1745201,0.3490401,0.8726003,0.1745201,0.1745201,0.1745201,4.363002,0,0,2387.941,292.8672
3.490401,87.26003,1.745201,1.22164,0.1745201,0.3490401,0.8726003,0.1745201,0.1745201,0.1745201,4.363002,0,0,2319.575,292.7153
3.490401,87.26003,1.745201,1.22164,0.1745201,0.3490401,0.8726003,0.1745201,0.1745201,0.1745201,4.363002,0,0,2251.209,292.5594
3.490401,87.26003,1.745201,1.22164,0.1745201,0.3490401,0.8726003,0.1745201,0.1745201,0.1745201,4.363002,0,0,2182.961,292.3994
3.490401,87.26003,1.745201,1.22164,0.1745201,0.3490401,0.8726003,0.1745201,0.1745201,0.1745201,4.363002,0,0,2114.835,292.235
3.490401,87.26003,1.745201,1.22164,0.1745201,0.3490401,0.8726003,0.1745201,0.1745201,0.1745201,4.363002,0,0,2046.838,292.0655
3.490401,87.26003,1.745201,1.22164,0.1745201,0.3490401,0.8726003,0.1745201,0.1745201,0.1745201,4.363002,0,0,1978.978,291.8905
3.490401,87.26003,1.745201,1.22164,0.1745201,0.3490401,0.8726003,0.1745201,0.1745201,0.1745201,4.363002,0,0,1911.262,291.7093
3.490401,87.26003,1.745201,1.22164,0.1745201,0.3490401,0.8726003,0.1745201,0.1745201,0.1745201,4.363002,0,0,1843.701,291.5212
3.490401,87.26003,1.745201,1.22164,0.1745201,0.3490401,0.8726003,0.1745201,0.1745201,0.1745201,4.363002,0,0,1776.303,291.3253
3.490401,87.26003,1.745201,1.22164,0.1745201,0.3490401,0.8726003,0.1745201,0.1745201,0.1745201,4.363002,0,0,1709.079,291.1207
3.490401,87.26003,1.745201,1.22164,0.1745201,0.3490401,0.8726003,0.1745201,0.1745201,0.1745201,4.363002,0,0,1642.041,290.9062
3.490401,87.26003,1.745201,1.22164,0.1745201,0.3490401,0.8726003,0.1745201,0.1745201,0.1745201,4.363002,0,0,1575.203,290.6806
3.490401,87.26003,1.745201,1.22164,0.1745201,0.3490401,0.8726003,0.1745201,0.1745201,0.1745201,4.363002,0,0,1508.578,290.4426
3.490401,87.26003,1.745201,1.22164,0.1745201,0.3490401,0.8726003,0.1745201,0.1745201,0.1745201,4.363002,0,0,1442.183,290.1905
3.490401,87.26003,1.745201,1.22164,0.1745201,0.3490401,0.8726003,0.1745201,0.1745201,0.1745201,4.363002,0,0,1376.036,289.9226
3.490401,87.26003,1.745201,1.22164,0.1745201,0.3490401,0.8726003,0.1745201,0.1745201,0.1745201,4.363002,0,0,1310.156,289.6369
3.490401,87.26003,1.745201,1.22164,0.1745201,0.3490401,0.8726003,0.1745201,0.1745201,0.1745201,4.363002,0,0,1244.566,289.3312
3.490401,87.26003,1.745201,1.22164,0.1745201,0.3490401,0.8726003,0.1745201,0.1745201,0.1745201,4.363002,0,0,1211.489,289.1681
3.490401,87.26003,1.745201,1.22164,0.1745201,0.3490401,0.8726003,0.1745201,0.1745201,0.1745201,4.363002,0,0,1194.457,289.0816
3.490401,87.26003,1.745201,1.22164,0.1745201,0.3490401,0.8726003,0.1745201,0.1745201,0.1745201,4.363002,0,0,1185.808,289.0369
3.490401,87.26003,1.745201,1.22164,0.1745201,0.3490401,0.8726003,0.1745201,0.1745201,0.1745201,4.363002,0,0,1181.448,289.0143
3.490401,87.26003,1.745201,1.22164,0.1745201,0.3490401,0.8726003,0.1745201,0.1745201,0.1745201,4.363002,0,0,1180.352,289.0086
3.490401,87.26003,1.745201,1.22164,0.1745201,0.3490401,0.8726003,0.1745201,0.1745201,0.1745201,4.363002,0,0,1179.803,289.0057
3.490401,87.26003,1.745201,1.22164,0.1745201,0.3490401,0.8726003,0.1745201,0.1745201,0.1745201,4.363002,0,0,1179.803,289.0057
3.490401,87.26003,1.745201,1.22164,0.1745201,0.3490401,0.8726003,0.1745201,0.1745201,0.1745201,4.363002,0,0,1177.605,288.9943
3.490401,87.26003,1.745201,1.22164,0.1745201,0.3490401,0.8726003,0.1745201,0.1745201,0.1745201,4.363002,0,0,1176.508,288.9885
3.490401,87.26003,1.745201,1.22164,0.1745201,0.3490401,0.8726003,0.1745201,0.1745201,0.1745201,4.363002,0,0,1174.313,288.9771
3.490401,87.26003,1.745201,1.22164,0.1745201,0.3490401,0.8726003,0.1745201,0.1745201,0.1745201,4.363002,0,0,1169.931,288.9541
3.490401,87.26003,1.745201,1.22164,0.1745201,0.3490401,0.8726003,0.1745201,0.1745201,0.1745201,4.363002,0,0,1161.201,288.908
3.490401,87.26003,1.745201,1.22164,0.1745201,0.3490401,0.8726003,0.1745201,0.1745201,0.1745201,4.363002,0,0,1143.873,288.8148
3.490401,87.26003,1.745201,1.22164,0.1745201,0.3490401,0.8726003,0.1745201,0.1745201,0.1745201,4.363002,0,0,1109.745,288.6251
3.490401,87.26003,1.745201,1.22164,0.1745201,0.3490401,0.8726003,0.1745201,0.1745201,0.1745201,4.363002,0,0,1043.584,288.2319
3.490401,87.26003,1.745201,1.22164,0.1745201,0.3490401,0.8726003,0.1745201,0.1745201,0.1745201,4.363002,0,0,979.5717,287.8158
3.490401,87.26003,1.745201,1.22164,0.1745201,0.3490401,0.8726003,0.1745201,0.1745201,0.1745201,4.363002,0,0,915.9239,287.3624
3.490401,87.26003,1.745201,1.22164,0.1745201,0.3490401,0.8726003,0.1745201,0.1745201,0.1745201,4.363002,0,0,852.7908,286.8677
3.490401,87.26003,1.745201,1.22164,0.1745201,0.3490401,0.8726003,0.1745201,0.1745201,0.1745201,4.363002,0,0,790.2243,286.3266
3.490401,87.26003,1.745201,1.22164,0.1745201,0.3490401,0.8726003,0.1745201,0.1745201,0.1745201,4.363002,0,0,728.2924,285.7328
3.490401,87.26003,1.745201,1.22164,0.1745201,0.3490401,0.8726003,0.1745201,0.1745201,0.1745201,4.363002,0,0,667.075,285.0791
3.490401,87.26003,1.745201,1.22164,0.1745201,0.3490401,0.8726003,0.1745201,0.1745201,0.1745201,4.363002,0,0,606.6668,284.3567
3.490401,87.26003,1.745201,1.22164,0.1745201,0.3490401,0.8726003,0.1745201,0.1745201,0.1745201,4.363002,0,0,547.1817,283.555
3.490401,87.26003,1.745201,1.22164,0.1745201,0.3490401,0.8726003,0.1745201,0.1745201,0.1745201,4.363002,0,0,488.7574,282.661
3.490401,87.26003,1.745201,1.22164,0.1745201,0.3490401,0.8726003,0.1745201,0.1745201,0.1745201,4.363002,0,0,431.5618,281.6584
3.490401,87.26003,1.745201,1.22164,0.1745201,0.3490401,0.8726003,0.1745201,0.1745201,0.1745201,4.363002,0,0,375.8025,280.5272
3.490401,87.26003,1.745201,1.22164,0.1745201,0.3490401,0.8726003,0.1745201,0.1745201,0.1745201,4.363002,0,0,321.7382,279.2412
3.490401,87.26003,1.745201,1.22164,0.1745201,0.3490401,0.8726003,0.1745201,0.1745201,0.1745201,4.363002,0,0,269.695,277.7669
3.490401,87.26003,1.745201,1.22164,0.1745201,0.3490401,0.8726003,0.1745201,0.1745201,0.1745201,4.363002,0,0,220.0878,276.0601
3.490401,87.26003,1.745201,1.22164,0.1745201,0.3490401,0.8726003,0.1745201,0.1745201,0.1745201,4.363002,0,0,173.4488,274.0617
3.490401,87.26003,1.745201,1.22164,0.1745201,0.3490401,0.8726003,0.1745201,0.1745201,0.1745201,4.363002,0,0,161.5285,273.4664
3.490401,87.26003,1.745201,1.22164,0.1745201,0.3490401,0.8726003,0.1745201,0.1745201,0.1745201,4.363002,0,0,154.6272,273.102
3.490401,87.26003,1.745201,1.22164,0.1745201,0.3490401,0.8726003,0.1745201,0.1745201,0.1745201,4.363002,0,0,152.8456,273.0055
3.490401,87.26003,1.745201,1.22164,0.1745201,0.3490401,0.8726003,0.1745201,0.1745201,0.1745201,4.363002,0,0,152.387,272.9804
3.490401,87.26003,1.745201,1.22164,0.1745201,0.3490401,0.8726003,0.1745201,0.1745201,0.1745201,4.363002,0,0,152.387,272.9804
3.490401,87.26003,1.745201,1.22164,0.1745201,0.3490401,0.8726003,0.1745201,0.1745201,0.1745201,4.363002,0,0,151.4856,272.8382
3.490401,87.26003,1.745201,1.22164,0.1745201,0.3490401,0.8726003,0.1745201,0.1745201,0.1745201,4.363002,0,0,151.0453,272.7686
3.490401,87.26003,1.745201,1.22164,0.1745201,0.3490401,0.8726003,0.1745201,0.1745201,0.1745201,4.363002,0,0,150.1684,272.6292
3.490401,87.26003,1.745201,1.22164,0.1745201,0.3490401,0.8726003,0.1745201,0.1745201,0.1745201,4.363002,0,0,148.4289,272.3507
3.490401,87.26003,1.745201,1.22164,0.1745201,0.3490401,0.8726003,0.1745201,0.1745201,0.1745201,4.363002,0,0,145.0061,271.7946
3.490401,87.26003,1.745201,1.22164,0.1745201,0.3490401,0.8726003,0.1745201,0.1745201,0.1745201,4.363002,0,0,138.3809,270.686
3.490401,87.26003,1.745201,1.22164,0.1745201,0.3490401,0.8726003,0.1745201,0.1745201,0.1745201,4.363002,0,0,125.971,268.4832
3.490401,87.26003,1.745201,1.22164,0.1745201,0.3490401,0.8726003,0.1745201,0.1745201,0.1745201,4.363002,0,0,104.2089,264.1354
3.490401,87.26003,1.745201,1.22164,0.1745201,0.3490401,0.8726003,0.1745201,0.1745201,0.1745201,4.363002,0,0,85.90245,259.8385
3.490401,87.26003,1.745201,1.22164,0.1745201,0.3490401,0.8726003,0.1745201,0.1745201,0.1745201,4.363002,0,0,70.39346,255.5447
3.490401,87.26003,1.745201,1.22164,0.1745201,0.3490401,0.8726003,0.1745201,0.1745201,0.1745201,4.363002,0,0,57.32578,251.2552
3.490401,87.26003,1.745201,1.22164,0.1745201,0.3490401,0.8726003,0.1745201,0.1745201,0.1745201,4.363002,0,0,46.37593,246.9699
3.490401,87.26003,1.745201,1.22164,0.1745201,0.3490401,0.8726003,0.1745201,0.1745201,0.1745201,4.363002,0,0,37.25499,242.6889
3.490401,87.26003,1.745201,1.22164,0.1745201,0.3490401,0.8726003,0.1745201,0.1745201,0.1745201,4.363002,0,0,29.70566,238.4123
3.490401,87.26003,1.745201,1.22164,0.1745201,0.3490401,0.8726003,0.1745201,0.1745201,0.1745201,4.363002,0,0,23.49956,234.14
3.490401,87.26003,1.745201,1.22164,0.1745201,0.3490401,0.8726003,0.1745201,0.1745201,0.1745201,4.363002,0,0,18.43469,229.8724
3.490401,87.26003,1.745201,1.22164,0.1745201,0.3490401,0.8726003,0.1745201,0.1745201,0.1745201,4.363002,0,0,14.33322,225.6094
1.686341,92.74874,1.686341,1.180438,0.1686341,0.3372681,0.8431703,0.1686341,0.1686341,0.1686341,0.8431703,0,0,2403.957,293.0597
1.686341,92.74874,1.686341,1.180438,0.1686341,0.3372681,0.8431703,0.1686341,0.1686341,0.1686341,0.8431703,0,0,2335.565,292.905
1.686341,92.74874,1.686341,1.180438,0.1686341,0.3372681,0.8431703,0.1686341,0.1686341,0.1686341,0.8431703,0,0,2267.172,292.7463
1.686341,92.74874,1.686341,1.180438,0.1686341,0.3372681,0.8431703,0.1686341,0.1686341,0.1686341,0.8431703,0,0,2198.897,292.5832
1.686341,92.74874,1.686341,1.180438,0.1686341,0.3372681,0.8431703,0.1686341,0.1686341,0.1686341,0.8431703,0,0,2130.742,292.4155
1.686341,92.74874,1.686341,1.180438,0.1686341,0.3372681,0.8431703,0.1686341,0.1686341,0.1686341,0.8431703,0,0,2062.714,292.2426
1.686341,92.74874,1.686341,1.180438,0.1686341,0.3372681,0.8431703,0.1686341,0.1686341,0.1686341,0.8431703,0,0,1994.821,292.064
1.686341,92.74874,1.686341,1.180438,0.1686341,0.3372681,0.8431703,0.1686341,0.1686341,0.1686341,0.8431703,0,0,1927.071,291.8791
1.686341,92.74874,1.686341,1.180438,0.1686341,0.3372681,0.8431703,0.1686341,0.1686341,0.1686341,0.8431703,0,0,1859.473,291.687
1.686341,92.74874,1.686341,1.180438,0.1686341,0.3372681,0.8431703,0.1686341,0.1686341,0.1686341,0.8431703,0,0,1792.036,291.487
1.686341,92.74874,1.686341,1.180438,0.1686341,0.3372681,0.8431703,0.1686341,0.1686341,0.1686341,0.8431703,0,0,1724.77,291.2782
1.686341,92.74874,1.686341,1.180438,0.1686341,0.3372681,0.8431703,0.1686341,0.1686341,0.1686341,0.8431703,0,0,1657.688,291.0594
1.686341,92.74874,1.686341,1.180438,0.1686341,0.3372681,0.8431703,0.1686341,0.1686341,0.1686341,0.8431703,0,0,1590.802,290.8296
1.686341,92.74874,1.686341,1.180438,0.1686341,0.3372681,0.8431703,0.1686341,0.1686341,0.1686341,0.8431703,0,0,1524.126,290.5872
1.686341,92.74874,1.686341,1.180438,0.1686341,0.3372681,0.8431703,0.1686341,0.1686341,0.1686341,0.8431703,0,0,1457.676,290.3309
1.686341,92.74874,1.686341,1.180438,0.1686341,0.3372681,0.8431703,0.1686341,0.1686341,0.1686341,0.8431703,0,0,1391.469,290.0589
1.686341,92.74874,1.686341,1.180438,0.1686341,0.3372681,0.8431703,0.1686341,0.1686341,0.1686341,0.8431703,0,0,1325.524,289.7694
1.686341,92.74874,1.686341,1.180438,0.1686341,0.3372681,0.8431703,0.1686341,0.1686341,0.1686341,0.8431703,0,0,1259.864,289.4602
1.686341,92.74874,1.686341,1.180438,0.1686341,0.3372681,0.8431703,0.1686341,0.1686341,0.1686341,0.8431703,0,0,1194.513,289.129
1.686341,92.74874,1.686341,1.180438,0.1686341,0.3372681,0.8431703,0.1686341,0.1686341,0.1686341,0.8431703,0,0,1129.498,288.773
1.686341,92.74874,1.686341,1.180438,0.1686341,0.3372681,0.8431703,0.1686341,0.1686341,0.1686341,0.8431703,0,0,1127.42,288.7611
1.686341,92.74874,1.686341,1.180438,0.1686341,0.3372681,0.8431703,0.1686341,0.1686341,0.1686341,0.8431703,0,0,1127.42,288.7611
1.686341,92.74874,1.686341,1.180438,0.1686341,0.3372681,0.8431703,0.1686341,0.1686341,0.1686341,0.8431703,0,0,1125.228,288.7487
1.686341,92.74874,1.686341,1.180438,0.1686341,0.3372681,0.8431703,0.1686341,0.1686341,0.1686341,0.8431703,0,0,1124.132,288.7424
1.686341,92.74874,1.686341,1.180438,0.1686341,0.3372681,0.8431703,0.1686341,0.1686341,0.1686341,0.8431703,0,0,1121.94,288.7299
1.686341,92.74874,1.686341,1.180438,0.1686341,0.3372681,0.8431703,0.1686341,0.1686341,0.1686341,0.8431703,0,0,1117.565,288.7048
1.686341,92.74874,1.686341,1.180438,0.1686341,0.3372681,0.8431703,0.1686341,0.1686341,0.1686341,0.8431703,0,0,1108.85,288.6543
1.686341,92.74874,1.686341,1.180438,0.1686341,0.3372681,0.8431703,0.1686341,0.1686341,0.1686341,0.8431703,0,0,1091.557,288.5525
1.686341,92.74874,1.686341,1.180438,0.1686341,0.3372681,0.8431703,0.1686341,0.1686341,0.1686341,0.8431703,0,0,1057.524,288.3452
1.686341,92.74874,1.686341,1.180438,0.1686341,0.3372681,0.8431703,0.1686341,0.1686341,0.1686341,0.8431703,0,0,991.6428,287.9157
1.686341,92.74874,1.686341,1.180438,0.1686341,0.3372681,0.8431703,0.1686341,0.1686341,0.1686341,0.8431703,0,0,928.0056,287.4616
1.686341,92.74874,1.686341,1.180438,0.1686341,0.3372681,0.8431703,0.1686341,0.1686341,0.1686341,0.8431703,0,0,864.7653,286.9663
1.686341,92.74874,1.686341,1.180438,0.1686341,0.3372681,0.8431703,0.1686341,0.1686341,0.1686341,0.8431703,0,0,802.0863,286.4255
1.686341,92.74874,1.686341,1.180438,0.1686341,0.3372681,0.8431703,0.1686341,0.1686341,0.1686341,0.8431703,0,0,740.0279,285.8332
1.686341,92.74874,1.686341,1.180438,0.1686341,0.3372681,0.8431703,0.1686341,0.1686341,0.1686341,0.8431703,0,0,678.6676,285.1823
1.686341,92.74874,1.686341,1.180438,0.1686341,0.3372681,0.8431703,0.1686341,0.1686341,0.1686341,0.8431703,0,0,618.0973,284.4643
1.686341,92.74874,1.686341,1.180438,0.1686341,0.3372681,0.8431703,0.1686341,0.1686341,0.1686341,0.8431703,0,0,558.4268,283.6691
1.686341,92.74874,1.686341,1.180438,0.1686341,0.3372681,0.8431703,0.1686341,0.1686341,0.1686341,0.8431703,0,0,499.7886,282.784
1.686341,92.74874,1.686341,1.180438,0.1686341,0.3372681,0.8431703,0.1686341,0.1686341,0.1686341,0.8431703,0,0,442.3445,281.7937
1.686341,92.74874,1.686341,1.180438,0.1686341,0.3372681,0.8431703,0.1686341,0.1686341,0.1686341,0.8431703,0,0,386.2936,280.6785
1.686341,92.74874,1.686341,1.180438,0.1686341,0.3372681,0.8431703,0.1686341,0.1686341,0.1686341,0.8431703,0,0,331.8839,279.4139
1.686341,92.74874,1.686341,1.180438,0.1686341,0.3372681,0.8431703,0.1686341,0.1686341,0.1686341,0.8431703,0,0,279.4271,277.9678
1.686341,92.74874,1.686341,1.180438,0.1686341,0.3372681,0.8431703,0.1686341,0.1686341,0.1686341,0.8431703,0,0,229.3193,276.2982
1.686341,92.74874,1.686341,1.180438,0.1686341,0.3372681,0.8431703,0.1686341,0.1686341,0.1686341,0.8431703,0,0,182.0678,274.3491
1.686341,92.74874,1.686341,1.180438,0.1686341,0.3372681,0.8431703,0.1686341,0.1686341,0.1686341,0.8431703,0,0,158.6961,273.1935
1.686341,92.74874,1.686341,1.180438,0.1686341,0.3372681,0.8431703,0.1686341,0.1686341,0.1686341,0.8431703,0,0,157.0421,273.1056
1.686341,92.74874,1.686341,1.180438,0.1686341,0.3372681,0.8431703,0.1686341,0.1686341,0.1686341,0.8431703,0,0,156.1214,273.0563
1.686341,92.74874,1.686341,1.180438,0.1686341,0.3372681,0.8431703,0.1686341,0.1686341,0.1686341,0.8431703,0,0,155.659,273.0314
1.686341,92.74874,1.686341,1.180438,0.1686341,0.3372681,0.8431703,0.1686341,0.1686341,0.1686341,0.8431703,0,0,155.659,273.0314
1.686341,92.74874,1.686341,1.180438,0.1686341,0.3372681,0.8431703,0.1686341,0.1686341,0.1686341,0.8431703,0,0,154.6269,272.8932
1.686341,92.74874,1.686341,1.180438,0.1686341,0.3372681,0.8431703,0.1686341,0.1686341,0.1686341,0.8431703,0,0,154.1687,272.822
1.686341,92.74874,1.686341,1.180438,0.1686341,0.3372681,0.8431703,0.1686341,0.1686341,0.1686341,0.8431703,0,0,153.2751,272.6827
1.686341,92.74874,1.686341,1.180438,0.1686341,0.3372681,0.8431703,0.1686341,0.1686341,0.1686341,0.8431703,0,0,151.5023,272.4042
1.686341,92.74874,1.686341,1.180438,0.1686341,0.3372681,0.8431703,0.1686341,0.1686341,0.1686341,0.8431703,0,0,148.0142,271.8481
1.686341,92.74874,1.686341,1.180438,0.1686341,0.3372681,0.8431703,0.1686341,0.1686341,0.1686341,0.8431703,0,0,141.262,270.7395
1.686341,92.74874,1.686341,1.180438,0.1686341,0.3372681,0.8431703,0.1686341,0.1686341,0.1686341,0.8431703,0,0,128.613,268.5369
1.686341,92.74874,1.686341,1.180438,0.1686341,0.3372681,0.8431703,0.1686341,0.1686341,0.1686341,0.8431703,0,0,106.427,264.1894
1.686341,92.74874,1.686341,1.180438,0.1686341,0.3372681,0.8431703,0.1686341,0.1686341,0.1686341,0.8431703,0,0,87.75824,259.893
1.686341,92.74874,1.686341,1.180438,0.1686341,0.3372681,0.8431703,0.1686341,0.1686341,0.1686341,0.8431703,0,0,71.93723,255.5997
1.686341,92.74874,1.686341,1.180438,0.1686341,0.3372681,0.8431703,0.1686341,0.1686341,0.1686341,0.8431703,0,0,58.6024,251.3107
1.686341,92.74874,1.686341,1.180438,0.1686341,0.3372681,0.8431703,0.1686341,0.1686341,0.1686341,0.8431703,0,0,47.42514,247.0258
1.686341,92.74874,1.686341,1.180438,0.1686341,0.3372681,0.8431703,0.1686341,0.1686341,0.1686341,0.8431703,0,0,38.11175,242.7452
1.686341,92.74874,1.686341,1.180438,0.1686341,0.3372681,0.8431703,0.1686341,0.1686341,0.1686341,0.8431703,0,0,30.40052,238.4689
1.686341,92.74874,1.686341,1.180438,0.1686341,0.3372681,0.8431703,0.1686341,0.1686341,0.1686341,0.8431703,0,0,24.05909,234.197
1.686341,92.74874,1.686341,1.180438,0.1686341,0.3372681,0.8431703,0.1686341,0.1686341,0.1686341,0.8431703,0,0,18.88185,229.9296
1.686341,92.74874,1.686341,1.180438,0.1686341,0.3372681,0.8431703,0.1686341,0.1686341,0.1686341,0.8431703,0,0,14.6877,225.6669
0.7407407,88.88889,1.851852,2.592593,0.3703704,0.7407407,1.851852,0.3703704,0.3703704,0.3703704,1.851852,0,0,2880.152,295.1992
0.7407407,88.88889,1.851852,2.592593,0.3703704,0.7407407,1.851852,0.3703704,0.3703704,0.3703704,1.851852,0,0,2811.11,295.0722
0.7407407,88.88889,1.851852,2.592593,0.3703704,0.7407407,1.851852,0.3703704,0.3703704,0.3703704,1.851852,0,0,2742.068,294.9433
0.7407407,88.88889,1.851852,2.592593,0.3703704,0.7407407,1.851852,0.3703704,0.3703704,0.3703704,1.851852,0,0,2673.109,294.8126
0.7407407,88.88889,1.851852,2.592593,0.3703704,0.7407407,1.851852,0.3703704,0.3703704,0.3703704,1.851852,0,0,2604.236,294.6799
0.7407407,88.88889,1.851852,2.592593,0.3703704,0.7407407,1.851852,0.3703704,0.3703704,0.3703704,1.851852,0,0,2535.451,294.5452
0.7407407,88.88889,1.851852,2.592593,0.3703704,0.7407407,1.851852,0.3703704,0.3703704,0.3703704,1.851852,0,0,2466.761,294.4082
0.7407407,88.88889,1.851852,2.592593,0.3703704,0.7407407,1.851852,0.3703704,0.3703704,0.3703704,1.851852,0,0,2398.168,294.2688
0.7407407,88.88889,1.851852,2.592593,0.3703704,0.7407407,1.851852,0.3703704,0.3703704,0.3703704,1.851852,0,0,2329.679,294.1269
0.7407407,88.88889,1.851852,2.592593,0.3703704,0.7407407,1.851852,0.3703704,0.3703704,0.3703704,1.851852,0,0,2261.299,293.9821
0.7407407,88.88889,1.851852,2.592593,0.3703704,0.7407407,1.851852,0.3703704,0.3703704,0.3703704,1.851852,0,0,2193.034,293.8342
0.7407407,88.88889,1.851852,2.592593,0.3703704,0.7407407,1.851852,0.3703704,0.3703704,0.3703704,1.851852,0,0,2124.89,293.6828
0.7407407,88.88889,1.851852,2.592593,0.3703704,0.7407407,1.851852,0.3703704,0.3703704,0.3703704,1.851852,0,0,2056.873,293.5276
0.7407407,88.88889,1.851852,2.592593,0.3703704,0.7407407,1.851852,0.3703704,0.3703704,0.3703704,1.851852,0,0,1988.993,293.3681
0.7407407,88.88889,1.851852,2.592593,0.3703704,0.7407407,1.851852,0.3703704,0.3703704,0.3703704,1.851852,0,0,1921.255,293.2037
0.7407407,88.88889,1.851852,2.592593,0.3703704,0.7407407,1.851852,0.3703704,0.3703704,0.3703704,1.851852,0,0,1853.67,293.0337
0.7407407,88.88889,1.851852,2.592593,0.3703704,0.7407407,1.851852,0.3703704,0.3703704,0.3703704,1.851852,0,0,1819.646,292.9456
0.7407407,88.88889,1.851852,2.592593,0.3703704,0.7407407,1.851852,0.3703704,0.3703704,0.3703704,1.851852,0,0,1802.272,292.8999
0.7407407,88.88889,1.851852,2.592593,0.3703704,0.7407407,1.851852,0.3703704,0.3703704,0.3703704,1.851852,0,0,1801.722,292.8985
0.7407407,88.88889,1.851852,2.592593,0.3703704,0.7407407,1.851852,0.3703704,0.3703704,0.3703704,1.851852,0,0,1801.722,292.8985
0.7407407,88.88889,1.851852,2.592593,0.3703704,0.7407407,1.851852,0.3703704,0.3703704,0.3703704,1.851852,0,0,1799.501,292.8931
0.7407407,88.88889,1.851852,2.592593,0.3703704,0.7407407,1.851852,0.3703704,0.3703704,0.3703704,1.851852,0,0,1798.392,292.8904
0.7407407,88.88889,1.851852,2.592593,0.3703704,0.7407407,1.851852,0.3703704,0.3703704,0.3703704,1.851852,0,0,1796.173,292.885
0.7407407,88.88889,1.851852,2.592593,0.3703704,0.7407407,1.851852,0.3703704,0.3703704,0.3703704,1.851852,0,0,1791.74,292.8742
0.7407407,88.88889,1.851852,2.592593,0.3703704,0.7407407,1.851852,0.3703704,0.3703704,0.3703704,1.851852,0,0,1782.898,292.8524
0.7407407,88.88889,1.851852,2.592593,0.3703704,0.7407407,1.851852,0.3703704,0.3703704,0.3703704,1.851852,0,0,1765.3,292.8087
0.7407407,88.88889,1.851852,2.592593,0.3703704,0.7407407,1.851852,0.3703704,0.3703704,0.3703704,1.851852,0,0,1730.458,292.7197
0.7407407,88.88889,1.851852,2.592593,0.3703704,0.7407407,1.851852,0.3703704,0.3703704,0.3703704,1.851852,0,0,1662.176,292.536
0.7407407,88.88889,1.851852,2.592593,0.3703704,0.7407407,1.851852,0.3703704,0.3703704,0.3703704,1.851852,0,0,1595.32,292.343
0.7407407,88.88889,1.851852,2.592593,0.3703704,0.7407407,1.851852,0.3703704,0.3703704,0.3703704,1.851852,0,0,1528.628,292.136
0.7407407,88.88889,1.851852,2.592593,0.3703704,0.7407407,1.851852,0.3703704,0.3703704,0.3703704,1.851852,0,0,1462.162,291.9137
0.7407407,88.88889,1.851852,2.592593,0.3703704,0.7407407,1.851852,0.3703704,0.3703704,0.3703704,1.851852,0,0,1395.938,291.6745
0.7407407,88.88889,1.851852,2.592593,0.3703704,0.7407407,1.851852,0.3703704,0.3703704,0.3703704,1.851852,0,0,1329.975,291.4167
0.7407407,88.88889,1.851852,2.592593,0.3703704,0.7407407,1.851852,0.3703704,0.3703704,0.3703704,1.851852,0,0,1264.295,291.1383
0.7407407,88.88889,1.851852,2.592593,0.3703704,0.7407407,1.851852,0.3703704,0.3703704,0.3703704,1.851852,0,0,1198.922,290.8373
0.7407407,88.88889,1.851852,2.592593,0.3703704,0.7407407,1.851852,0.3703704,0.3703704,0.3703704,1.851852,0,0,1133.883,290.5111
0.7407407,88.88889,1.851852,2.592593,0.3703704,0.7407407,1.851852,0.3703704,0.3703704,0.3703704,1.851852,0,0,1069.21,290.1572
0.7407407,88.88889,1.851852,2.592593,0.3703704,0.7407407,1.851852,0.3703704,0.3703704,0.3703704,1.851852,0,0,1004.938,289.7723
0.7407407,88.88889,1.851852,2.592593,0.3703704,0.7407407,1.851852,0.3703704,0.3703704,0.3703704,1.851852,0,0,941.1079,289.353
0.7407407,88.88889,1.851852,2.592593,0.3703704,0.7407407,1.851852,0.3703704,0.3703704,0.3703704,1.851852,0,0,877.7661,288.8951
0.7407407,88.88889,1.851852,2.592593,0.3703704,0.7407407,1.851852,0.3703704,0.3703704,0.3703704,1.851852,0,0,814.9673,288.3939
0.7407407,88.88889,1.851852,2.592593,0.3703704,0.7407407,1.851852,0.3703704,0.3703704,0.3703704,1.851852,0,0,752.7749,287.8437
0.7407407,88.88889,1.851852,2.592593,0.3703704,0.7407407,1.851852,0.3703704,0.3703704,0.3703704,1.851852,0,0,691.2636,287.2378
0.7407407,88.88889,1.851852,2.592593,0.3703704,0.7407407,1.851852,0.3703704,0.3703704,0.3703704,1.851852,0,0,630.522,286.5683
0.7407407,88.88889,1.851852,2.592593,0.3703704,0.7407407,1.851852,0.3703704,0.3703704,0.3703704,1.851852,0,0,570.6558,285.8255
0.7407407,88.88889,1.851852,2.592593,0.3703704,0.7407407,1.851852,0.3703704,0.3703704,0.3703704,1.851852,0,0,511.7925,284.9976
0.7407407,88.88889,1.851852,2.592593,0.3703704,0.7407407,1.851852,0.3703704,0.3703704,0.3703704,1.851852,0,0,454.0872,284.07
0.7407407,88.88889,1.851852,2.592593,0.3703704,0.7407407,1.851852,0.3703704,0.3703704,0.3703704,1.851852,0,0,397.7304,283.0243
0.7407407,88.88889,1.851852,2.592593,0.3703704,0.7407407,1.851852,0.3703704,0.3703704,0.3703704,1.851852,0,0,342.959,281.8372
0.7407407,88.88889,1.851852,2.592593,0.3703704,0.7407407,1.851852,0.3703704,0.3703704,0.3703704,1.851852,0,0,290.0701,280.4788
0.7407407,88.88889,1.851852,2.592593,0.3703704,0.7407407,1.851852,0.3703704,0.3703704,0.3703704,1.851852,0,0,239.4403,278.9098
0.7407407,88.88889,1.851852,2.592593,0.3703704,0.7407407,1.851852,0.3703704,0.3703704,0.3703704,1.851852,0,0,191.5515,277.078
0.7407407,88.88889,1.851852,2.592593,0.3703704,0.7407407,1.851852,0.3703704,0.3703704,0.3703704,1.851852,0,0,147.0229,274.9134
0.7407407,88.88889,1.851852,2.592593,0.3703704,0.7407407,1.851852,0.3703704,0.3703704,0.3703704,1.851852,0,0,125.2184,273.6108
0.7407407,88.88889,1.851852,2.592593,0.3703704,0.7407407,1.851852,0.3703704,0.3703704,0.3703704,1.851852,0,0,119.0972,273.2065
0.7407407,88.88889,1.851852,2.592593,0.3703704,0.7407407,1.851852,0.3703704,0.3703704,0.3703704,1.851852,0,0,117.4089,273.0916
0.7407407,88.88889,1.851852,2.592593,0.3703704,0.7407407,1.851852,0.3703704,0.3703704,0.3703704,1.851852,0,0,116.9735,273.0617
0.7407407,88.88889,1.851852,2.592593,0.3703704,0.7407407,1.851852,0.3703704,0.3703704,0.3703704,1.851852,0,0,116.9735,273.0617
0.7407407,88.88889,1.851852,2.592593,0.3703704,0.7407407,1.851852,0.3703704,0.3703704,0.3703704,1.851852,0,0,116.0539,272.9093
0.7407407,88.88889,1.851852,2.592593,0.3703704,0.7407407,1.851852,0.3703704,0.3703704,0.3703704,1.851852,0,0,115.7039,272.8384
0.7407407,88.88889,1.851852,2.592593,0.3703704,0.7407407,1.851852,0.3703704,0.3703704,0.3703704,1.851852,0,0,115.0195,272.699
0.7407407,88.88889,1.851852,2.592593,0.3703704,0.7407407,1.851852,0.3703704,0.3703704,0.3703704,1.851852,0,0,113.6621,272.4205
0.7407407,88.88889,1.851852,2.592593,0.3703704,0.7407407,1.851852,0.3703704,0.3703704,0.3703704,1.851852,0,0,110.9925,271.8644
0.7407407,88.88889,1.851852,2.592593,0.3703704,0.7407407,1.851852,0.3703704,0.3703704,0.3703704,1.851852,0,0,105.829,270.7557
0.7407407,88.88889,1.851852,2.592593,0.3703704,0.7407407,1.851852,0.3703704,0.3703704,0.3703704,1.851852,0,0,96.17183,268.5528
0.7407407,88.88889,1.851852,2.592593,0.3703704,0.7407407,1.851852,0.3703704,0.3703704,0.3703704,1.851852,0,0,79.28732,264.2045
0.7407407,88.88889,1.851852,2.592593,0.3703704,0.7407407,1.851852,0.3703704,0.3703704,0.3703704,1.851852,0,0,65.1398,259.9072
0.7407407,88.88889,1.851852,2.592593,0.3703704,0.7407407,1.851852,0.3703704,0.3703704,0.3703704,1.851852,0,0,53.20036,255.6133
0.7407407,88.88889,1.851852,2.592593,0.3703704,0.7407407,1.851852,0.3703704,0.3703704,0.3703704,1.851852,0,0,43.17834,251.3237
0.7407407,88.88889,1.851852,2.592593,0.3703704,0.7407407,1.851852,0.3703704,0.3703704,0.3703704,1.851852,0,0,34.81191,247.0386
0.7407407,88.88889,1.851852,2.592593,0.3703704,0.7407407,1.851852,0.3703704,0.3703704,0.3703704,1.851852,0,0,27.86878,242.7578
0.7407407,88.88889,1.851852,2.592593,0.3703704,0.7407407,1.851852,0.3703704,0.3703704,0.3703704,1.851852,0,0,22.14336,238.4815
0.7407407,88.88889,1.851852,2.592593,0.3703704,0.7407407,1.851852,0.3703704,0.3703704,0.3703704,1.851852,0,0,17.45426,234.2097
0.7407407,88.88889,1.851852,2.592593,0.3703704,0.7407407,1.851852,0.3703704,0.3703704,0.3703704,1.851852,0,0,13.64192,229.9426
4.520796,86.79928,0.9041591,1.265823,0.1808318,0.3616637,0.9041591,0.1808318,0.1808318,0.1808318,4.520796,0,0,2434.909,292.7317
4.520796,86.79928,0.9041591,1.265823,0.1808318,0.3616637,0.9041591,0.1808318,0.1808318,0.1808318,4.520796,0,0,2366.467,292.584
4.520796,86.79928,0.9041591,1.265823,0.1808318,0.3616637,0.9041591,0.1808318,0.1808318,0.1808318,4.520796,0,0,2298.025,292.4328
4.520796,86.79928,0.9041591,1.265823,0.1808318,0.3616637,0.9041591,0.1808318,0.1808318,0.1808318,4.520796,0,0,2229.697,292.278
4.520796,86.79928,0.9041591,1.265823,0.1808318,0.3616637,0.9041591,0.1808318,0.1808318,0.1808318,4.520796,0,0,2161.487,292.119
4.520796,86.79928,0.9041591,1.265823,0.1808318,0.3616637,0.9041591,0.1808318,0.1808318,0.1808318,4.520796,0,0,2093.401,291.9557
4.520796,86.79928,0.9041591,1.265823,0.1808318,0.3616637,0.9041591,0.1808318,0.1808318,0.1808318,4.520796,0,0,2025.446,291.7873
4.520796,86.79928,0.9041591,1.265823,0.1808318,0.3616637,0.9041591,0.1808318,0.1808318,0.1808318,4.520796,0,0,1957.631,291.6135
4.520796,86.79928,0.9041591,1.265823,0.1808318,0.3616637,0.9041591,0.1808318,0.1808318,0.1808318,4.520796,0,0,1889.963,291.4334
4.520796,86.79928,0.9041591,1.265823,0.1808318,0.3616637,0.9041591,0.1808318,0.1808318,0.1808318,4.520796,0,0,1822.451,291.2463
4.520796,86.79928,0.9041591,1.265823,0.1808318,0.3616637,0.9041591,0.1808318,0.1808318,0.1808318,4.520796,0,0,1755.107,291.0513
4.520796,86.79928,0.9041591,1.265823,0.1808318,0.3616637,0.9041591,0.1808318,0.1808318,0.1808318,4.520796,0,0,1687.941,290.8475
4.520796,86.79928,0.9041591,1.265823,0.1808318,0.3616637,0.9041591,0.1808318,0.1808318,0.1808318,4.520796,0,0,1620.964,290.6337
4.520796,86.79928,0.9041591,1.265823,0.1808318,0.3616637,0.9041591,0.1808318,0.1808318,0.1808318,4.520796,0,0,1554.192,290.4086
4.520796,86.79928,0.9041591,1.265823,0.1808318,0.3616637,0.9041591,0.1808318,0.1808318,0.1808318,4.520796,0,0,1487.638,290.1707
4.520796,86.79928,0.9041591,1.265823,0.1808318,0.3616637,0.9041591,0.1808318,0.1808318,0.1808318,4.520796,0,0,1421.319,289.9184
4.520796,86.79928,0.9041591,1.265823,0.1808318,0.3616637,0.9041591,0.1808318,0.1808318,0.1808318,4.520796,0,0,1355.253,289.6498
4.520796,86.79928,0.9041591,1.265823,0.1808318,0.3616637,0.9041591,0.1808318,0.1808318,0.1808318,4.520796,0,0,1289.462,289.363
4.520796,86.79928,0.9041591,1.265823,0.1808318,0.3616637,0.9041591,0.1808318,0.1808318,0.1808318,4.520796,0,0,1256.288,289.2102
4.520796,86.79928,0.9041591,1.265823,0.1808318,0.3616637,0.9041591,0.1808318,0.1808318,0.1808318,4.520796,0,0,1239.221,289.1293
4.520796,86.79928,0.9041591,1.265823,0.1808318,0.3616637,0.9041591,0.1808318,0.1808318,0.1808318,4.520796,0,0,1237.049,289.1189
4.520796,86.79928,0.9041591,1.265823,0.1808318,0.3616637,0.9041591,0.1808318,0.1808318,0.1808318,4.520796,0,0,1235.951,289.1136
4.520796,86.79928,0.9041591,1.265823,0.1808318,0.3616637,0.9041591,0.1808318,0.1808318,0.1808318,4.520796,0,0,1235.401,289.1109
4.520796,86.79928,0.9041591,1.265823,0.1808318,0.3616637,0.9041591,0.1808318,0.1808318,0.1808318,4.520796,0,0,1235.401,289.1109
4.520796,86.79928,0.9041591,1.265823,0.1808318,0.3616637,0.9041591,0.1808318,0.1808318,0.1808318,4.520796,0,0,1233.2,289.1004
4.520796,86.79928,0.9041591,1.265823,0.1808318,0.3616637,0.9041591,0.1808318,0.1808318,0.1808318,4.520796,0,0,1232.101,289.0951
4.520796,86.79928,0.9041591,1.265823,0.1808318,0.3616637,0.9041591,0.1808318,0.1808318,0.1808318,4.520796,0,0,1229.903,289.0846
4.520796,86.79928,0.9041591,1.265823,0.1808318,0.3616637,0.9041591,0.1808318,0.1808318,0.1808318,4.520796,0,0,1225.515,289.0634
4.520796,86.79928,0.9041591,1.265823,0.1808318,0.3616637,0.9041591,0.1808318,0.1808318,0.1808318,4.520796,0,0,1216.77,289.0209
4.520796,86.79928,0.9041591,1.265823,0.1808318,0.3616637,0.9041591,0.1808318,0.1808318,0.1808318,4.520796,0,0,1199.407,288.9351
4.520796,86.79928,0.9041591,1.265823,0.1808318,0.3616637,0.9041591,0.1808318,0.1808318,0.1808318,4.520796,0,0,1165.187,288.7603
4.520796,86.79928,0.9041591,1.265823,0.1808318,0.3616637,0.9041591,0.1808318,0.1808318,0.1808318,4.520796,0,0,1098.754,288.3981
4.520796,86.79928,0.9041591,1.265823,0.1808318,0.3616637,0.9041591,0.1808318,0.1808318,0.1808318,4.520796,0,0,1034.377,288.0149
4.520796,86.79928,0.9041591,1.265823,0.1808318,0.3616637,0.9041591,0.1808318,0.1808318,0.1808318,4.520796,0,0,970.3336,287.598
4.520796,86.79928,0.9041591,1.265823,0.1808318,0.3616637,0.9041591,0.1808318,0.1808318,0.1808318,4.520796,0,0,906.7617,287.1439
4.520796,86.79928,0.9041591,1.265823,0.1808318,0.3616637,0.9041591,0.1808318,0.1808318,0.1808318,4.520796,0,0,843.7064,286.648
4.520796,86.79928,0.9041591,1.265823,0.1808318,0.3616637,0.9041591,0.1808318,0.1808318,0.1808318,4.520796,0,0,781.2272,286.1051
4.520796,86.79928,0.9041591,1.265823,0.1808318,0.3616637,0.9041591,0.1808318,0.1808318,0.1808318,4.520796,0,0,719.3934,285.5087
4.520796,86.79928,0.9041591,1.265823,0.1808318,0.3616637,0.9041591,0.1808318,0.1808318,0.1808318,4.520796,0,0,658.2867,284.8513
4.520796,86.79928,0.9041591,1.265823,0.1808318,0.3616637,0.9041591,0.1808318,0.1808318,0.1808318,4.520796,0,0,598.0045,284.1241
4.520796,86.79928,0.9041591,1.265823,0.1808318,0.3616637,0.9041591,0.1808318,0.1808318,0.1808318,4.520796,0,0,538.6637,283.316
4.520796,86.79928,0.9041591,1.265823,0.1808318,0.3616637,0.9041591,0.1808318,0.1808318,0.1808318,4.520796,0,0,480.4058,282.4136
4.520796,86.79928,0.9041591,1.265823,0.1808318,0.3616637,0.9041591,0.1808318,0.1808318,0.1808318,4.520796,0,0,423.404,281.4003
4.520796,86.79928,0.9041591,1.265823,0.1808318,0.3616637,0.9041591,0.1808318,0.1808318,0.1808318,4.520796,0,0,367.8724,280.2551
4.520796,86.79928,0.9041591,1.265823,0.1808318,0.3616637,0.9041591,0.1808318,0.1808318,0.1808318,4.520796,0,0,314.0784,278.951
4.520796,86.79928,0.9041591,1.265823,0.1808318,0.3616637,0.9041591,0.1808318,0.1808318,0.1808318,4.520796,0,0,262.3594,277.4531
4.520796,86.79928,0.9041591,1.265823,0.1808318,0.3616637,0.9041591,0.1808318,0.1808318,0.1808318,4.520796,0,0,213.1454,275.7152
4.520796,86.79928,0.9041591,1.265823,0.1808318,0.3616637,0.9041591,0.1808318,0.1808318,0.1808318,4.520796,0,0,166.9881,273.6755
4.520796,86.79928,0.9041591,1.265823,0.1808318,0.3616637,0.9041591,0.1808318,0.1808318,0.1808318,4.520796,0,0,155.1996,273.0661
4.520796,86.79928,0.9041591,1.265823,0.1808318,0.3616637,0.9041591,0.1808318,0.1808318,0.1808318,4.520796,0,0,154.3274,273.0193
4.520796,86.79928,0.9041591,1.265823,0.1808318,0.3616637,0.9041591,0.1808318,0.1808318,0.1808318,4.520796,0,0,153.8659,272.9944
4.520796,86.79928,0.9041591,1.265823,0.1808318,0.3616637,0.9041591,0.1808318,0.1808318,0.1808318,4.520796,0,0,153.8659,272.9944
4.520796,86.79928,0.9041591,1.265823,0.1808318,0.3616637,0.9041591,0.1808318,0.1808318,0.1808318,4.520796,0,0,152.7767,272.858
4.520796,86.79928,0.9041591,1.265823,0.1808318,0.3616637,0.9041591,0.1808318,0.1808318,0.1808318,4.520796,0,0,152.3148,272.786
4.520796,86.79928,0.9041591,1.265823,0.1808318,0.3616637,0.9041591,0.1808318,0.1808318,0.1808318,4.520796,0,0,151.424,272.6467
4.520796,86.79928,0.9041591,1.265823,0.1808318,0.3616637,0.9041591,0.1808318,0.1808318,0.1808318,4.520796,0,0,149.6568,272.3682
4.520796,86.79928,0.9041591,1.265823,0.1808318,0.3616637,0.9041591,0.1808318,0.1808318,0.1808318,4.520796,0,0,146.1804,271.812
4.520796,86.79928,0.9041591,1.265823,0.1808318,0.3616637,0.9041591,0.1808318,0.1808318,0.1808318,4.520796,0,0,139.4535,270.7034
4.520796,86.79928,0.9041591,1.265823,0.1808318,0.3616637,0.9041591,0.1808318,0.1808318,0.1808318,4.520796,0,0,126.8607,268.5007
4.520796,86.79928,0.9041591,1.265823,0.1808318,0.3616637,0.9041591,0.1808318,0.1808318,0.1808318,4.520796,0,0,104.8047,264.1528
4.520796,86.79928,0.9041591,1.265823,0.1808318,0.3616637,0.9041591,0.1808318,0.1808318,0.1808318,4.520796,0,0,86.28077,259.8558
4.520796,86.79928,0.9041591,1.265823,0.1808318,0.3616637,0.9041591,0.1808318,0.1808318,0.1808318,4.520796,0,0,70.61237,255.562
4.520796,86.79928,0.9041591,1.265823,0.1808318,0.3616637,0.9041591,0.1808318,0.1808318,0.1808318,4.520796,0,0,57.43093,251.2724
4.520796,86.79928,0.9041591,1.265823,0.1808318,0.3616637,0.9041591,0.1808318,0.1808318,0.1808318,4.520796,0,0,46.4027,246.9871
4.520796,86.79928,0.9041591,1.265823,0.1808318,0.3616637,0.9041591,0.1808318,0.1808318,0.1808318,4.520796,0,0,37.23034,242.7061
4.520796,86.79928,0.9041591,1.265823,0.1808318,0.3616637,0.9041591,0.1808318,0.1808318,0.1808318,4.520796,0,0,29.64974,238.4294
4.520796,86.79928,0.9041591,1.265823,0.1808318,0.3616637,0.9041591,0.1808318,0.1808318,0.1808318,4.520796,0,0,23.42705,234.1572
4.520796,86.79928,0.9041591,1.265823,0.1808318,0.3616637,0.9041591,0.1808318,0.1808318,0.1808318,4.520796,0,0,18.35596,229.8895
4.520796,86.79928,0.9041591,1.265823,0.1808318,0.3616637,0.9041591,0.1808318,0.1808318,0.1808318,4.520796,0,0,14.25528,225.6265
0.530504,92.8382,1.32626,1.856764,0.265252,0.530504,1.32626,0.265252,0.265252,0.265252,0.530504,0,0,2697.33,294.2997
0.530504,92.8382,1.32626,1.856764,0.265252,0.530504,1.32626,0.265252,0.265252,0.265252,0.530504,0,0,2628.512,294.1647
0.530504,92.8382,1.32626,1.856764,0.265252,0.530504,1.32626,0.265252,0.265252,0.265252,0.530504,0,0,2559.693,294.0272
0.530504,92.8382,1.32626,1.856764,0.265252,0.530504,1.32626,0.265252,0.265252,0.265252,0.530504,0,0,2490.969,293.8872
0.530504,92.8382,1.32626,1.856764,0.265252,0.530504,1.32626,0.265252,0.265252,0.265252,0.530504,0,0,2422.341,293.7446
0.530504,92.8382,1.32626,1.856764,0.265252,0.530504,1.32626,0.265252,0.265252,0.265252,0.530504,0,0,2353.815,293.5989
0.530504,92.8382,1.32626,1.856764,0.265252,0.530504,1.32626,0.265252,0.265252,0.265252,0.530504,0,0,2285.396,293.4501
0.530504,92.8382,1.32626,1.856764,0.265252,0.530504,1.32626,0.265252,0.265252,0.265252,0.530504,0,0,2217.09,293.2977
0.530504,92.8382,1.32626,1.856764,0.265252,0.530504,1.32626,0.265252,0.265252,0.265252,0.530504,0,0,2148.902,293.1415
0.530504,92.8382,1.32626,1.856764,0.265252,0.530504,1.32626,0.265252,0.265252,0.265252,0.530504,0,0,2080.84,292.9808
0.530504,92.8382,1.32626,1.856764,0.265252,0.530504,1.32626,0.265252,0.265252,0.265252,0.530504,0,0,2012.91,292.8153
0.530504,92.8382,1.32626,1.856764,0.265252,0.530504,1.32626,0.265252,0.265252,0.265252,0.530504,0,0,1945.121,292.6444
0.530504,92.8382,1.32626,1.856764,0.265252,0.530504,1.32626,0.265252,0.265252,0.265252,0.530504,0,0,1877.482,292.4673
0.530504,92.8382,1.32626,1.856764,0.265252,0.530504,1.32626,0.265252,0.265252,0.265252,0.530504,0,0,1810,292.2832
0.530504,92.8382,1.32626,1.856764,0.265252,0.530504,1.32626,0.265252,0.265252,0.265252,0.530504,0,0,1742.688,292.0913
0.530504,92.8382,1.32626,1.856764,0.265252,0.530504,1.32626,0.265252,0.265252,0.265252,0.530504,0,0,1675.556,291.8905
0.530504,92.8382,1.32626,1.856764,0.265252,0.530504,1.32626,0.265252,0.265252,0.265252,0.530504,0,0,1608.616,291.6796
0.530504,92.8382,1.32626,1.856764,0.265252,0.530504,1.32626,0.265252,0.265252,0.265252,0.530504,0,0,1574.896,291.5689
0.530504,92.8382,1.32626,1.856764,0.265252,0.530504,1.32626,0.265252,0.265252,0.265252,0.530504,0,0,1557.63,291.511
0.530504,92.8382,1.32626,1.856764,0.265252,0.530504,1.32626,0.265252,0.265252,0.265252,0.530504,0,0,1548.889,291.4813
0.530504,92.8382,1.32626,1.856764,0.265252,0.530504,1.32626,0.265252,0.265252,0.265252,0.530504,0,0,1546.688,291.4738
0.530504,92.8382,1.32626,1.856764,0.265252,0.530504,1.32626,0.265252,0.265252,0.265252,0.530504,0,0,1546.136,291.4719
0.530504,92.8382,1.32626,1.856764,0.265252,0.530504,1.32626,0.265252,0.265252,0.265252,0.530504,0,0,1546.136,291.4719
0.530504,92.8382,1.32626,1.856764,0.265252,0.530504,1.32626,0.265252,0.265252,0.265252,0.530504,0,0,1543.922,291.4645
0.530504,92.8382,1.32626,1.856764,0.265252,0.530504,1.32626,0.265252,0.265252,0.265252,0.530504,0,0,1542.817,291.4608
0.530504,92.8382,1.32626,1.856764,0.265252,0.530504,1.32626,0.265252,0.265252,0.265252,0.530504,0,0,1540.605,291.4534
0.530504,92.8382,1.32626,1.856764,0.265252,0.530504,1.32626,0.265252,0.265252,0.265252,0.530504,0,0,1536.189,291.4387
0.530504,92.8382,1.32626,1.856764,0.265252,0.530504,1.32626,0.265252,0.265252,0.265252,0.530504,0,0,1527.381,291.409
0.530504,92.8382,1.32626,1.856764,0.265252,0.530504,1.32626,0.265252,0.265252,0.265252,0.530504,0,0,1509.869,291.3492
0.530504,92.8382,1.32626,1.856764,0.265252,0.530504,1.32626,0.265252,0.265252,0.265252,0.530504,0,0,1475.254,291.2275
0.530504,92.8382,1.32626,1.856764,0.265252,0.530504,1.32626,0.265252,0.265252,0.265252,0.530504,0,0,1407.645,290.9759
0.530504,92.8382,1.32626,1.856764,0.265252,0.530504,1.32626,0.265252,0.265252,0.265252,0.530504,0,0,1341.691,290.7111
0.530504,92.8382,1.32626,1.856764,0.265252,0.530504,1.32626,0.265252,0.265252,0.265252,0.530504,0,0,1275.957,290.4257
0.530504,92.8382,1.32626,1.856764,0.265252,0.530504,1.32626,0.265252,0.265252,0.265252,0.530504,0,0,1210.527,290.1178
0.530504,92.8382,1.32626,1.856764,0.265252,0.530504,1.32626,0.265252,0.265252,0.265252,0.530504,0,0,1145.427,289.7851
0.530504,92.8382,1.32626,1.856764,0.265252,0.530504,1.32626,0.265252,0.265252,0.265252,0.530504,0,0,1080.686,289.4247
0.530504,92.8382,1.32626,1.856764,0.265252,0.530504,1.32626,0.265252,0.265252,0.265252,0.530504,0,0,1016.34,289.0336
0.530504,92.8382,1.32626,1.856764,0.265252,0.530504,1.32626,0.265252,0.265252,0.265252,0.530504,0,0,952.4281,288.6083
0.530504,92.8382,1.32626,1.856764,0.265252,0.530504,1.32626,0.265252,0.265252,0.265252,0.530504,0,0,888.9956,288.1447
0.530504,92.8382,1.32626,1.856764,0.265252,0.530504,1.32626,0.265252,0.265252,0.265252,0.530504,0,0,826.0958,287.638
0.530504,92.8382,1.32626,1.856764,0.265252,0.530504,1.32626,0.265252,0.265252,0.265252,0.530504,0,0,763.7904,287.0828
0.530504,92.8382,1.32626,1.856764,0.265252,0.530504,1.32626,0.265252,0.265252,0.265252,0.530504,0,0,702.152,286.4724
0.530504,92.8382,1.32626,1.856764,0.265252,0.530504,1.32626,0.265252,0.265252,0.265252,0.530504,0,0,641.2663,285.7991
0.530504,92.8382,1.32626,1.856764,0.265252,0.530504,1.32626,0.265252,0.265252,0.265252,0.530504,0,0,581.2358,285.0535
0.530504,92.8382,1.32626,1.856764,0.265252,0.530504,1.32626,0.265252,0.265252,0.265252,0.530504,0,0,522.1836,284.224
0.530504,92.8382,1.32626,1.856764,0.265252,0.530504,1.32626,0.265252,0.265252,0.265252,0.530504,0,0,464.2595,283.2964
0.530504,92.8382,1.32626,1.856764,0.265252,0.530504,1.32626,0.265252,0.265252,0.265252,0.530504,0,0,407.647,282.2532
0.530504,92.8382,1.32626,1.856764,0.265252,0.530504,1.32626,0.265252,0.265252,0.265252,0.530504,0,0,352.5738,281.0718
0.530504,92.8382,1.32626,1.856764,0.265252,0.530504,1.32626,0.265252,0.265252,0.265252,0.530504,0,0,299.325,279.7235
0.530504,92.8382,1.32626,1.856764,0.265252,0.530504,1.32626,0.265252,0.265252,0.265252,0.530504,0,0,248.2615,278.1707
0.530504,92.8382,1.32626,1.856764,0.265252,0.530504,1.32626,0.265252,0.265252,0.265252,0.530504,0,0,199.8443,276.3638
0.530504,92.8382,1.32626,1.856764,0.265252,0.530504,1.32626,0.265252,0.265252,0.265252,0.530504,0,0,154.6655,274.2357
0.530504,92.8382,1.32626,1.856764,0.265252,0.530504,1.32626,0.265252,0.265252,0.265252,0.530504,0,0,143.146,273.5967
0.530504,92.8382,1.32626,1.856764,0.265252,0.530504,1.32626,0.265252,0.265252,0.265252,0.530504,0,0,136.4288,273.2011
0.530504,92.8382,1.32626,1.856764,0.265252,0.530504,1.32626,0.265252,0.265252,0.265252,0.530504,0,0,134.6926,273.0958
0.530504,92.8382,1.32626,1.856764,0.265252,0.530504,1.32626,0.265252,0.265252,0.265252,0.530504,0,0,133.7984,273.0411
0.530504,92.8382,1.32626,1.856764,0.265252,0.530504,1.32626,0.265252,0.265252,0.265252,0.530504,0,0,133.7819,273.0401
0.530504,92.8382,1.32626,1.856764,0.265252,0.530504,1.32626,0.265252,0.265252,0.265252,0.530504,0,0,132.9722,272.8926
0.530504,92.8382,1.32626,1.856764,0.265252,0.530504,1.32626,0.265252,0.265252,0.265252,0.530504,0,0,132.5813,272.8231
0.530504,92.8382,1.32626,1.856764,0.265252,0.530504,1.32626,0.265252,0.265252,0.265252,0.530504,0,0,131.8016,272.6837
0.530504,92.8382,1.32626,1.856764,0.265252,0.530504,1.32626,0.265252,0.265252,0.265252,0.530504,0,0,130.255,272.4052
0.530504,92.8382,1.32626,1.856764,0.265252,0.530504,1.32626,0.265252,0.265252,0.265252,0.530504,0,0,127.2128,271.8491
0.530504,92.8382,1.32626,1.856764,0.265252,0.530504,1.32626,0.265252,0.265252,0.265252,0.530504,0,0,121.3275,270.7405
0.530504,92.8382,1.32626,1.856764,0.265252,0.530504,1.32626,0.265252,0.265252,0.265252,0.530504,0,0,110.3158,268.5377
0.530504,92.8382,1.32626,1.856764,0.265252,0.530504,1.32626,0.265252,0.265252,0.265252,0.530504,0,0,91.04729,264.1898
0.530504,92.8382,1.32626,1.856764,0.265252,0.530504,1.32626,0.265252,0.265252,0.265252,0.530504,0,0,74.88401,259.8929
0.530504,92.8382,1.32626,1.856764,0.265252,0.530504,1.32626,0.265252,0.265252,0.265252,0.530504,0,0,61.22785,255.5993
0.530504,92.8382,1.32626,1.856764,0.265252,0.530504,1.32626,0.265252,0.265252,0.265252,0.530504,0,0,49.7517,251.31
0.530504,92.8382,1.32626,1.856764,0.265252,0.530504,1.32626,0.265252,0.265252,0.265252,0.530504,0,0,40.16027,247.0251
0.530504,92.8382,1.32626,1.856764,0.265252,0.530504,1.32626,0.265252,0.265252,0.265252,0.530504,0,0,32.19113,242.7444
0.530504,92.8382,1.32626,1.856764,0.265252,0.530504,1.32626,0.265252,0.265252,0.265252,0.530504,0,0,25.61161,238.4681
0.530504,92.8382,1.32626,1.856764,0.265252,0.530504,1.32626,0.265252,0.265252,0.265252,0.530504,0,0,20.21618,234.1963
0.530504,92.8382,1.32626,1.856764,0.265252,0.530504,1.32626,0.265252,0.265252,0.265252,0.530504,0,0,15.82376,229.9291
0,52.55,4.74,3.11,1.31,1.88,0,4.01,0,0,31.4,1.12,0,86.01,273.7
0,52.55,4.74,3.11,1.31,1.88,0,4.01,0,0,31.4,1.12,0,122,276.5
0,52.55,4.74,3.11,1.31,1.88,0,4.01,0,0,31.4,1.12,0,177.05,279.3
0,52.55,4.74,3.11,1.31,1.88,0,4.01,0,0,31.4,1.12,0,243.77,282
0,0,0,0,0,0,0,0,0,0,100,0,0,200,273.93
0,0,0,0,0,0,0,0,0,0,100,0,0,239.5,275.5
0,0,0,0,0,0,0,0,0,0,100,0,0,290.1,277.16
0,0,0,0,0,0,0,0,0,0,100,0,0,347.1,278.7
0,0,0,0,0,0,0,0,0,0,100,0,0,380,279.49
0,0,0,0,0,0,0,0,0,0,100,0,0,454,280.71
0,0,0,0,0,0,0,0,0,0,100,0,0,507.6,281.46
0,0,0,0,0,0,0,0,0,0,100,0,0,565.6,282.41
0,0,0,0,0,0,0,0,0,0,100,0,0,648,283.32
0,0,0,0,0,0,0,0,0,0,100,0,0,725.2,283.26
0,0,0,86,0,0,0,0,0,0,14,0,0,49,275.98
0,0,0,72,0,0,0,0,0,0,28,0,0,44,275.21
0,0,0,60,0,0,0,0,0,0,40,0,0,115,279.71
0,0,0,48,0,0,0,0,0,0,52,0,0,155,281.09
0,0,0,42,0,0,0,0,0,0,58,0,0,240,283.71
0,0,0,26,0,0,0,0,0,0,74,0,0,189,281.82
0,0,0,25,0,0,0,0,0,0,75,0,0,278,283.76
0,0,0,23,0,0,0,0,0,0,77,0,0,103,278.04
0,0,0,21,0,0,0,0,0,0,79,0,0,52,273.98
0,0,0,15,0,0,0,0,0,0,85,0,0,120,275.37
0,85,0,0,0,0,0,0,0,0,15,0,0,110,276.48
0,86,0,0,0,0,0,0,0,0,14,0,0,174.99,279.43
0,87,0,0,0,0,0,0,0,0,13,0,0,75,273.82
0,87,0,0,0,0,0,0,0,0,13,0,0,227.99,280.93
0,90,0,0,0,0,0,0,0,0,10,0,0,181.99,278.32
0,91,0,0,0,0,0,0,0,0,9,0,0,210.99,278.87
0,91,0,0,0,0,0,0,0,0,9,0,0,256.99,280.37
0,91,0,0,0,0,0,0,0,0,9,0,0,440.01,283.48
0,92,0,0,0,0,0,0,0,0,8,0,0,98,273.93
0,92,0,0,0,0,0,0,0,0,8,0,0,316.99,281.71
0,92,0,0,0,0,0,0,0,0,8,0,0,460.99,283.71
0,93,0,0,0,0,0,0,0,0,7,0,0,117.99,273.82
0,94,0,0,0,0,0,0,0,0,6,0,0,166.99,276.26
0,94.5,0,0,0,0,0,0,0,0,5.5,0,0,618.99,284.82
0,20,0,0,0,0,0,0,0,0,80,0,0,290.08,273.56
0,20,0,0,0,0,0,0,0,0,80,0,0,333.59,274
0,20,0,0,0,0,0,0,0,0,80,0,0,350.84,274.41
0,20,0,0,0,0,0,0,0,0,80,0,0,377.1,275.36
0,20,0,0,0,0,0,0,0,0,80,0,0,377.1,276
0,20,0,0,0,0,0,0,0,0,80,0,0,435.11,277.1
0,20,0,0,0,0,0,0,0,0,80,0,0,493.13,278.3
0,20,0,0,0,0,0,0,0,0,80,0,0,725.19,281.46
0,20,0,0,0,0,0,0,0,0,80,0,0,741.44,281.51
0,36,0,0,0,0,0,0,0,0,64,0,0,406.11,277.15
0,50,0,0,0,0,0,0,0,0,50,0,0,258.16,273.5
0,50,0,0,0,0,0,0,0,0,50,0,0,265.41,274.2
0,50,0,0,0,0,0,0,0,0,50,0,0,297.32,275.2
0,50,0,0,0,0,0,0,0,0,50,0,0,307.47,275.6
0,50,0,0,0,0,0,0,0,0,50,0,0,319.08,275.7
0,50,0,0,0,0,0,0,0,0,50,0,0,348.09,276.8
0,50,0,0,0,0,0,0,0,0,50,0,0,409.73,278.4
0,50,0,0,0,0,0,0,0,0,50,0,0,413.5,278.7
0,50,0,0,0,0,0,0,0,0,50,0,0,478.76,279.5
0,50,0,0,0,0,0,0,0,0,50,0,0,486.01,279.7
0,50,0,0,0,0,0,0,0,0,50,0,0,488.79,280.1
0,50,0,0,0,0,0,0,0,0,50,0,0,639.61,281.8
0,50,0,0,0,0,0,0,0,0,50,0,0,725.19,283
0,50,0,0,0,0,0,0,0,0,50,0,0,735.34,283.1
0,52,0,0,0,0,0,0,0,0,48,0,0,362.61,277.15
0,60,0,0,0,0,0,0,0,0,40,0,0,217.56,273.56
0,60,0,0,0,0,0,0,0,0,40,0,0,290.08,275.86
0,60,0,0,0,0,0,0,0,0,40,0,0,377.1,277.96
0,60,0,0,0,0,0,0,0,0,40,0,0,507.63,280.16
0,64,0,0,0,0,0,0,0,0,36,0,0,342.29,277.15
0,56,0,0,0,0,0,0,0,0,44,0,0,768.24,280.1
0,59,0,0,0,0,0,0,0,0,42,0,0,813.19,281.1
0,24.42,3.07,0.75,0.92,0,0,0,0,0,66.85,0,0,110.03,273.7
0,24.42,3.07,0.75,0.92,0,0,0,0,0,66.85,0,0,158.05,276.5
0,24.42,3.07,0.75,0.92,0,0,0,0,0,66.85,0,0,227.05,279.3
0,24.42,3.07,0.75,0.92,0,0,0,0,0,66.85,0,0,323.09,282
0,78,0,2,0,0,0,0,0,0,20,0,0,240.76,277.18
0,78,0,2,0,0,0,0,0,0,20,0,0,356.94,280.56
0,78,0,2,0,0,0,0,0,0,20,0,0,492.68,283.21
0,78,0,2,0,0,0,0,0,0,20,0,0,1050.21,288.62
0,82,11.3,4.2,0.1,0.1,0,0.2,0,0,0.5,0,0,221.91,281.08
0,82,11.3,4.2,0.1,0.1,0,0.2,0,0,0.5,0,0,389.27,285.12
0,82,11.3,4.2,0.1,0.1,0,0.2,0,0,0.5,0,0,847.16,291.29
0,12.38,1.66,0.37,0.48,0,0,0,0,0,83.19,0,0,198.05,273.7
0,12.38,1.66,0.37,0.48,0,0,0,0,0,83.19,0,0,271.07,276.5
0,12.38,1.66,0.37,0.48,0,0,0,0,0,83.19,0,0,372.1,279.3
0,12.38,1.66,0.37,0,0.48,0,0,0,0,83.19,0,0,509.13,282
0,7.86,1.13,0.86,0,0.33,0,0,0,0,89.62,0,0,194.05,273.7
0,7.86,1.13,0.86,0,0.33,0,0,0,0,89.62,0,0,267.08,276.5
0,7.86,1.13,0.86,0,0.33,0,0,0,0,89.62,0,0,367.09,279.3
0,7.86,1.13,0.86,0,0.33,0,0,0,0,89.62,0,0,503.15,282
0,46.53,0,0,0,0,0,0,0,0,53.47,0,0,258.16,273.5
0,82.16,0,0,0,0,0,0,0,0,17.84,0,0,333.59,274
0,46.6,0,0,0,0,0,0,0,0,53.4,0,0,265.41,274.2
0,46.97,0,0,0,0,0,0,0,0,53.03,0,0,297.32,275.2
0,47.01,0,0,0,0,0,0,0,0,52.99,0,0,307.47,275.6
0,47.29,0,0,0,0,0,0,0,0,52.71,0,0,319.08,275.7
0,84.21,0,0,0,0,0,0,0,0,15.79,0,0,377.1,276
0,48.01,0,0,0,0,0,0,0,0,51.99,0,0,348.09,276.8
0,85.75,0,0,0,0,0,0,0,0,14.25,0,0,435.11,277.1
0,87.56,0,0,0,0,0,0,0,0,12.44,0,0,493.13,278.3
0,48.61,0,0,0,0,0,0,0,0,51.39,0,0,409.73,278.4
0,49.6,0,0,0,0,0,0,0,0,50.4,0,0,413.5,278.7
0,50.02,0,0,0,0,0,0,0,0,49.98,0,0,478.76,279.5
0,50.4,0,0,0,0,0,0,0,0,49.6,0,0,488.79,280.1
0,50.42,0,0,0,0,0,0,0,0,49.58,0,0,639.61,281.8
0,50.58,0,0,0,0,0,0,0,0,49.42,0,0,725.19,283
0,51.62,0,0,0,0,0,0,0,0,48.38,0,0,735.34,283.1
0,43.31,0,0,0,0,0,0,0,0,56.69,0,0,189.99,273.9
0,43.71,0,0,0,0,0,0,0,0,56.29,0,0,200.14,274.3
0,74.3,0,0,0,0,0,0,0,0,25.7,0,0,188.54,274.6
0,44.1,0,0,0,0,0,0,0,0,55.9,0,0,223.36,275.1
0,44.54,0,0,0,0,0,0,0,0,55.46,0,0,233.51,275.4
0,44.61,0,0,0,0,0,0,0,0,55.39,0,0,246.56,275.5
0,44.65,0,0,0,0,0,0,0,0,55.35,0,0,253.81,275.6
0,74.96,0,0,0,0,0,0,0,0,25.04,0,0,217.56,275.6
0,45.11,0,0,0,0,0,0,0,0,54.89,0,0,262.52,275.9
0,45.29,0,0,0,0,0,0,0,0,54.71,0,0,266.87,276.1
0,45.93,0,0,0,0,0,0,0,0,54.07,0,0,316.18,276.9
0,76.31,0,0,0,0,0,0,0,0,23.69,0,0,268.32,277.5
0,46.62,0,0,0,0,0,0,0,0,53.38,0,0,362.59,277.7
0,77.37,0,0,0,0,0,0,0,0,22.63,0,0,326.33,279.1
0,77.78,0,0,0,0,0,0,0,0,22.22,0,0,398.86,280.6
0,49.6,0,0,0,0,0,0,0,0,50.4,0,0,507.63,280.6
0,52.26,0,0,0,0,0,0,0,0,47.74,0,0,580.15,281.2
0,78.14,0,0,0,0,0,0,0,0,21.86,0,0,435.11,281.6
0,78.4,0,0,0,0,0,0,0,0,21.6,0,0,522.14,282.9
0,54.21,0,0,0,0,0,0,0,0,45.79,0,0,739.69,283.2
0,87.56,0,0,0,0,0,0,0,0,12.44,0,0,322,274
0,87.56,0,0,0,0,0,0,0,0,12.44,0,0,695,284.12
0,87.56,0,0,0,0,0,0,0,0,12.44,0,0,882,289.18
0,87.56,0,0,0,0,0,0,0,0,12.44,0,0,1068,294.24
0,54.21,0,0,0,0,0,0,0,0,45.79,0,0,161,274.7
0,54.21,0,0,0,0,0,0,0,0,45.79,0,0,365,279.9
0,54.21,0,0,0,0,0,0,0,0,45.79,0,0,570,285.09
0,54.21,0,0,0,0,0,0,0,0,45.79,0,0,774,290.29
0,54.21,0,0,0,0,0,0,0,0,45.79,0,0,979,295.49
0,80,0,0,0,0,0,0,0,0,20,0,0,377,276
0,80,0,0,0,0,0,0,0,0,20,0,0,558,280.93
0,80,0,0,0,0,0,0,0,0,20,0,0,738,285.86
0,80,0,0,0,0,0,0,0,0,20,0,0,918,290.79
0,80,0,0,0,0,0,0,0,0,20,0,0,1099,295.72
0,50,0,0,0,0,0,0,0,0,50,0,0,261,273.5
0,50,0,0,0,0,0,0,0,0,50,0,0,454,277.6
0,50,0,0,0,0,0,0,0,0,50,0,0,647,281.7
0,50,0,0,0,0,0,0,0,0,50,0,0,840,285.8
0,50,0,0,0,0,0,0,0,0,50,0,0,1034,289.9
0,50,0,0,0,0,0,0,0,0,50,0,0,1227,294
0,52.55,8.12,4.74,1.31,1.88,0,0,0,0,31.4,0,0,86,273.7
0,52.55,8.12,4.74,1.31,1.88,0,0,0,0,31.4,0,0,299,278.12
0,52.55,8.12,4.74,1.31,1.88,0,0,0,0,31.4,0,0,511,282.54
0,52.55,8.12,4.74,1.31,1.88,0,0,0,0,31.4,0,0,724,286.96
0,52.55,8.12,4.74,1.31,1.88,0,0,0,0,31.4,0,0,937,291.38
0,52.55,8.12,4.74,1.31,1.88,0,0,0,0,31.4,0,0,1149,295.8
0,24.42,3.99,0.75,0.92,0,0,0,0,0,66.85,0,0,110,273.7
0,24.42,3.99,0.75,0.92,0,0,0,0,0,66.85,0,0,320,278.08
0,24.42,3.99,0.75,0.92,0,0,0,0,0,66.85,0,0,530,282.46
0,24.42,3.99,0.75,0.92,0,0,0,0,0,66.85,0,0,740,286.84
0,24.42,3.99,0.75,0.92,0,0,0,0,0,66.85,0,0,950,291.22
0,24.42,3.99,0.75,0.92,0,0,0,0,0,66.85,0,0,1160,295.6
0,12.38,1.96,1.66,0.37,0.48,0,0,0,0,83.15,0,0,198,273.7
0,12.38,1.96,1.66,0.37,0.48,0,0,0,0,83.15,0,0,398,278.01
0,12.38,1.96,1.66,0.37,0.48,0,0,0,0,83.15,0,0,598,282.32
0,12.38,1.96,1.66,0.37,0.48,0,0,0,0,83.15,0,0,798,286.63
0,12.38,1.96,1.66,0.37,0.48,0,0,0,0,83.15,0,0,999,290.94
0,12.38,1.96,1.66,0.37,0.48,0,0,0,0,83.15,0,0,1199,295.25
0,7.86,1.13,0.86,0.2,0.33,0,0,0,0,89.62,0,0,194,273.7
0,7.86,1.13,0.86,0.2,0.33,0,0,0,0,89.62,0,0,395,278
0,7.86,1.13,0.86,0.2,0.33,0,0,0,0,89.62,0,0,595,282.3
0,7.86,1.13,0.86,0.2,0.33,0,0,0,0,89.62,0,0,796,286.6
0,7.86,1.13,0.86,0.2,0.33,0,0,0,0,89.62,0,0,997,290.9
0,7.86,1.13,0.86,0.2,0.33,0,0,0,0,89.62,0,0,1197,295.2
0,50,0,0,0,0,0,0,0,0,50,0,0,261,273.5
0,50,0,0,0,0,0,0,0,0,50,0,0,454,277.6
0,50,0,0,0,0,0,0,0,0,50,0,0,647,281.7
0,50,0,0,0,0,0,0,0,0,50,0,0,840,285.8
0,50,0,0,0,0,0,0,0,0,50,0,0,1034,289.9
0,50,0,0,0,0,0,0,0,0,50,0,0,1227,294
0,50,0,0,0,0,0,0,0,0,50,0,0,189,273.9
0,50,0,0,0,0,0,0,0,0,50,0,0,390,277.14
0,50,0,0,0,0,0,0,0,0,50,0,0,591,280.38
0,50,0,0,0,0,0,0,0,0,50,0,0,793,283.62
0,50,0,0,0,0,0,0,0,0,50,0,0,994,286.86
0,50,0,0,0,0,0,0,0,0,50,0,0,1195,290.1
0,50,0,0,0,0,0,0,0,0,50,0,0,1396,293.34
0,50,0,0,0,0,0,0,0,0,50,0,0,1598,296.58
0,10.04,0,0,0,0,0,0,0,0,89.96,0,0,494,280.92
0,10.04,0,0,0,0,0,0,0,0,89.96,0,0,662,282.95
0,10.04,0,0,0,0,0,0,0,0,89.96,0,0,829,284.99
0,10.04,0,0,0,0,0,0,0,0,89.96,0,0,997,287.02
0,10.04,0,0,0,0,0,0,0,0,89.96,0,0,1164,289.06
0,10.04,0,0,0,0,0,0,0,0,89.96,0,0,1332,291.09
0,10.04,0,0,0,0,0,0,0,0,89.96,0,0,1499,293.13
0,10.04,0,0,0,0,0,0,0,0,89.96,0,0,1667,295.16
0,50.02,0,0,0,0,0,0,0,0,49.98,0,0,500,283.8873596
0,50.02,0,0,0,0,0,0,0,0,49.98,0,0,722.2222222,286.2098694
0,50.02,0,0,0,0,0,0,0,0,49.98,0,0,944.4444444,288.2112732
0,50.02,0,0,0,0,0,0,0,0,49.98,0,0,1166.666667,289.1873169
0,50.02,0,0,0,0,0,0,0,0,49.98,0,0,1388.888889,290.4651794
0,50.02,0,0,0,0,0,0,0,0,49.98,0,0,1611.111111,291.0880737
0,50.02,0,0,0,0,0,0,0,0,49.98,0,0,1833.333333,291.5715027
0,50.02,0,0,0,0,0,0,0,0,49.98,0,0,2055.555556,292.1621094
0,50.02,0,0,0,0,0,0,0,0,49.98,0,0,2277.777778,292.6289063
0,50.02,0,0,0,0,0,0,0,0,49.98,0,0,2500,292.9526672
0,50,0,0,0,0,0,0,0,0,50,0,0,500,283.8873596
0,50,0,0,0,0,0,0,0,0,50,0,0,722.2222222,286.2098694
0,50,0,0,0,0,0,0,0,0,50,0,0,944.4444444,288.2112732
0,50,0,0,0,0,0,0,0,0,50,0,0,1166.666667,289.1873169
0,50,0,0,0,0,0,0,0,0,50,0,0,1388.888889,290.4651794
0,50,0,0,0,0,0,0,0,0,50,0,0,1611.111111,291.0880737
0,50,0,0,0,0,0,0,0,0,50,0,0,1833.333333,291.5715027
0,50,0,0,0,0,0,0,0,0,50,0,0,2055.555556,292.1621094
0,50,0,0,0,0,0,0,0,0,50,0,0,2277.777778,292.6289063
0,50,0,0,0,0,0,0,0,0,50,0,0,2500,292.9526672
0,50.42,0,0,0,0,0,0,0,0,49.58,0,0,500,283.8873596
0,50.42,0,0,0,0,0,0,0,0,49.58,0,0,722.2222222,286.2098694
0,50.42,0,0,0,0,0,0,0,0,49.58,0,0,944.4444444,288.2112732
0,50.42,0,0,0,0,0,0,0,0,49.58,0,0,1166.666667,289.1873169
0,50.42,0,0,0,0,0,0,0,0,49.58,0,0,1388.888889,290.4651794
0,50.42,0,0,0,0,0,0,0,0,49.58,0,0,1611.111111,291.0880737
0,50.42,0,0,0,0,0,0,0,0,49.58,0,0,1833.333333,291.5715027
0,50.42,0,0,0,0,0,0,0,0,49.58,0,0,2055.555556,292.1621094
0,50.42,0,0,0,0,0,0,0,0,49.58,0,0,2277.777778,292.6289063
0,50.42,0,0,0,0,0,0,0,0,49.58,0,0,2500,292.9526672
0,50.4,0,0,0,0,0,0,0,0,49.6,0,0,500,283.8873596
0,50.4,0,0,0,0,0,0,0,0,49.6,0,0,722.2222222,286.2098694
0,50.4,0,0,0,0,0,0,0,0,49.6,0,0,944.4444444,288.2112732
0,50.4,0,0,0,0,0,0,0,0,49.6,0,0,1166.666667,289.1873169
0,50.4,0,0,0,0,0,0,0,0,49.6,0,0,1388.888889,290.4651794
0,50.4,0,0,0,0,0,0,0,0,49.6,0,0,1611.111111,291.0880737
0,50.4,0,0,0,0,0,0,0,0,49.6,0,0,1833.333333,291.5715027
0,50.4,0,0,0,0,0,0,0,0,49.6,0,0,2055.555556,292.1621094
0,50.4,0,0,0,0,0,0,0,0,49.6,0,0,2277.777778,292.6289063
0,50.4,0,0,0,0,0,0,0,0,49.6,0,0,2500,292.9526672
0,50.58,0,0,0,0,0,0,0,0,49.42,0,0,500,283.8873596
0,50.58,0,0,0,0,0,0,0,0,49.42,0,0,722.2222222,286.2098694
0,50.58,0,0,0,0,0,0,0,0,49.42,0,0,944.4444444,288.2112732
0,50.58,0,0,0,0,0,0,0,0,49.42,0,0,1166.666667,289.1873169
0,50.58,0,0,0,0,0,0,0,0,49.42,0,0,1388.888889,290.4651794
0,50.58,0,0,0,0,0,0,0,0,49.42,0,0,1611.111111,291.0880737
0,50.58,0,0,0,0,0,0,0,0,49.42,0,0,1833.333333,291.5715027
0,50.58,0,0,0,0,0,0,0,0,49.42,0,0,2055.555556,292.1621094
0,50.58,0,0,0,0,0,0,0,0,49.42,0,0,2277.777778,292.6289063
0,50.58,0,0,0,0,0,0,0,0,49.42,0,0,2500,292.9526672
0,51.62,0,0,0,0,0,0,0,0,48.38,0,0,500,283.8873596
0,51.62,0,0,0,0,0,0,0,0,48.38,0,0,722.2222222,286.2098694
0,51.62,0,0,0,0,0,0,0,0,48.38,0,0,944.4444444,288.2112732
0,51.62,0,0,0,0,0,0,0,0,48.38,0,0,1166.666667,289.1873169
0,51.62,0,0,0,0,0,0,0,0,48.38,0,0,1388.888889,290.4651794
0,51.62,0,0,0,0,0,0,0,0,48.38,0,0,1611.111111,291.0880737
0,51.62,0,0,0,0,0,0,0,0,48.38,0,0,1833.333333,291.5715027
0,51.62,0,0,0,0,0,0,0,0,48.38,0,0,2055.555556,292.1621094
0,51.62,0,0,0,0,0,0,0,0,48.38,0,0,2277.777778,292.6289063
0,51.62,0,0,0,0,0,0,0,0,48.38,0,0,2500,292.9526672
0,52,0,0,0,0,0,0,0,0,48,0,0,500,283.8873596
0,52,0,0,0,0,0,0,0,0,48,0,0,722.2222222,286.2098694
0,52,0,0,0,0,0,0,0,0,48,0,0,944.4444444,288.2112732
0,52,0,0,0,0,0,0,0,0,48,0,0,1166.666667,289.1873169
0,52,0,0,0,0,0,0,0,0,48,0,0,1388.888889,290.4651794
0,52,0,0,0,0,0,0,0,0,48,0,0,1611.111111,291.0880737
0,52,0,0,0,0,0,0,0,0,48,0,0,1833.333333,291.5715027
0,52,0,0,0,0,0,0,0,0,48,0,0,2055.555556,292.1621094
0,52,0,0,0,0,0,0,0,0,48,0,0,2277.777778,292.6289063
0,52,0,0,0,0,0,0,0,0,48,0,0,2500,292.9526672
0,52.26,0,0,0,0,0,0,0,0,47.74,0,0,500,283.8873596
0,52.26,0,0,0,0,0,0,0,0,47.74,0,0,722.2222222,286.2098694
0,52.26,0,0,0,0,0,0,0,0,47.74,0,0,944.4444444,288.2112732
0,52.26,0,0,0,0,0,0,0,0,47.74,0,0,1166.666667,289.1873169
0,52.26,0,0,0,0,0,0,0,0,47.74,0,0,1388.888889,290.4651794
0,52.26,0,0,0,0,0,0,0,0,47.74,0,0,1611.111111,291.0880737
0,52.26,0,0,0,0,0,0,0,0,47.74,0,0,1833.333333,291.5715027
0,52.26,0,0,0,0,0,0,0,0,47.74,0,0,2055.555556,292.1621094
0,52.26,0,0,0,0,0,0,0,0,47.74,0,0,2277.777778,292.6289063
0,52.26,0,0,0,0,0,0,0,0,47.74,0,0,2500,292.9526672
0,52.55,4.74,3.11,1.31,1.88,0,4.01,0,0,31.4,1.12,0,500,285.6845398
0,52.55,4.74,3.11,1.31,1.88,0,4.01,0,0,31.4,1.12,0,722.2222222,287.9837952
0,52.55,4.74,3.11,1.31,1.88,0,4.01,0,0,31.4,1.12,0,944.4444444,289.9602051
0,52.55,4.74,3.11,1.31,1.88,0,4.01,0,0,31.4,1.12,0,1166.666667,290.8383789
0,52.55,4.74,3.11,1.31,1.88,0,4.01,0,0,31.4,1.12,0,1388.888889,292.1162415
0,52.55,4.74,3.11,1.31,1.88,0,4.01,0,0,31.4,1.12,0,1611.111111,292.7391357
0,52.55,4.74,3.11,1.31,1.88,0,4.01,0,0,31.4,1.12,0,1833.333333,293.2225647
0,52.55,4.74,3.11,1.31,1.88,0,4.01,0,0,31.4,1.12,0,2055.555556,293.795105
0,52.55,4.74,3.11,1.31,1.88,0,4.01,0,0,31.4,1.12,0,2277.777778,294.2619019
0,52.55,4.74,3.11,1.31,1.88,0,4.01,0,0,31.4,1.12,0,2500,294.5793762
0,52.55,8.12,4.74,1.31,1.88,0,0,0,0,31.4,0,0,500,286.0358276
0,52.55,8.12,4.74,1.31,1.88,0,0,0,0,31.4,0,0,722.2222222,288.1549683
0,52.55,8.12,4.74,1.31,1.88,0,0,0,0,31.4,0,0,944.4444444,290.0488892
0,52.55,8.12,4.74,1.31,1.88,0,0,0,0,31.4,0,0,1166.666667,290.894043
0,52.55,8.12,4.74,1.31,1.88,0,0,0,0,31.4,0,0,1388.888889,292.1719055
0,52.55,8.12,4.74,1.31,1.88,0,0,0,0,31.4,0,0,1611.111111,292.7947998
0,52.55,8.12,4.74,1.31,1.88,0,0,0,0,31.4,0,0,1833.333333,293.2782288
0,52.55,8.12,4.74,1.31,1.88,0,0,0,0,31.4,0,0,2055.555556,293.848114
0,52.55,8.12,4.74,1.31,1.88,0,0,0,0,31.4,0,0,2277.777778,294.3149109
0,52.55,8.12,4.74,1.31,1.88,0,0,0,0,31.4,0,0,2500,294.6323853
0,54.21,0,0,0,0,0,0,0,0,45.79,0,0,500,283.8873596
0,54.21,0,0,0,0,0,0,0,0,45.79,0,0,722.2222222,286.2098694
0,54.21,0,0,0,0,0,0,0,0,45.79,0,0,944.4444444,288.2112732
0,54.21,0,0,0,0,0,0,0,0,45.79,0,0,1166.666667,289.1873169
0,54.21,0,0,0,0,0,0,0,0,45.79,0,0,1388.888889,290.4651794
0,54.21,0,0,0,0,0,0,0,0,45.79,0,0,1611.111111,291.0880737
0,54.21,0,0,0,0,0,0,0,0,45.79,0,0,1833.333333,291.5715027
0,54.21,0,0,0,0,0,0,0,0,45.79,0,0,2055.555556,292.1621094
0,54.21,0,0,0,0,0,0,0,0,45.79,0,0,2277.777778,292.6289063
0,54.21,0,0,0,0,0,0,0,0,45.79,0,0,2500,292.9526672
0,56,0,0,0,0,0,0,0,0,44,0,0,500,283.8873596
0,56,0,0,0,0,0,0,0,0,44,0,0,722.2222222,286.2098694
0,56,0,0,0,0,0,0,0,0,44,0,0,944.4444444,288.2112732
0,56,0,0,0,0,0,0,0,0,44,0,0,1166.666667,289.1873169
0,56,0,0,0,0,0,0,0,0,44,0,0,1388.888889,290.4651794
0,56,0,0,0,0,0,0,0,0,44,0,0,1611.111111,291.0880737
0,56,0,0,0,0,0,0,0,0,44,0,0,1833.333333,291.5715027
0,56,0,0,0,0,0,0,0,0,44,0,0,2055.555556,292.1621094
0,56,0,0,0,0,0,0,0,0,44,0,0,2277.777778,292.6289063
0,56,0,0,0,0,0,0,0,0,44,0,0,2500,292.9526672
0,59,0,0,0,0,0,0,0,0,42,0,0,500,283.8873596
0,59,0,0,0,0,0,0,0,0,42,0,0,722.2222222,286.2098694
0,59,0,0,0,0,0,0,0,0,42,0,0,944.4444444,288.2112732
0,59,0,0,0,0,0,0,0,0,42,0,0,1166.666667,289.1873169
0,59,0,0,0,0,0,0,0,0,42,0,0,1388.888889,290.4651794
0,59,0,0,0,0,0,0,0,0,42,0,0,1611.111111,291.0880737
0,59,0,0,0,0,0,0,0,0,42,0,0,1833.333333,291.5715027
0,59,0,0,0,0,0,0,0,0,42,0,0,2055.555556,292.1621094
0,59,0,0,0,0,0,0,0,0,42,0,0,2277.777778,292.6289063
0,59,0,0,0,0,0,0,0,0,42,0,0,2500,292.9526672
0,60,0,0,0,0,0,0,0,0,40,0,0,500,283.8873596
0,60,0,0,0,0,0,0,0,0,40,0,0,722.2222222,286.2098694
0,60,0,0,0,0,0,0,0,0,40,0,0,944.4444444,288.2112732
0,60,0,0,0,0,0,0,0,0,40,0,0,1166.666667,289.1873169
0,60,0,0,0,0,0,0,0,0,40,0,0,1388.888889,290.4651794
0,60,0,0,0,0,0,0,0,0,40,0,0,1611.111111,291.0880737
0,60,0,0,0,0,0,0,0,0,40,0,0,1833.333333,291.5715027
0,60,0,0,0,0,0,0,0,0,40,0,0,2055.555556,292.1621094
0,60,0,0,0,0,0,0,0,0,40,0,0,2277.777778,292.6289063
0,60,0,0,0,0,0,0,0,0,40,0,0,2500,292.9526672
0,64,0,0,0,0,0,0,0,0,36,0,0,500,283.8873291
0,64,0,0,0,0,0,0,0,0,36,0,0,722.2222222,286.2346497
0,64,0,0,0,0,0,0,0,0,36,0,0,944.4444444,288.2360535
0,64,0,0,0,0,0,0,0,0,36,0,0,1166.666667,289.2673035
0,64,0,0,0,0,0,0,0,0,36,0,0,1388.888889,290.545166
0,64,0,0,0,0,0,0,0,0,36,0,0,1611.111111,291.1738281
0,64,0,0,0,0,0,0,0,0,36,0,0,1833.333333,291.6572571
0,64,0,0,0,0,0,0,0,0,36,0,0,2055.555556,292.2522583
0,64,0,0,0,0,0,0,0,0,36,0,0,2277.777778,292.7353516
0,64,0,0,0,0,0,0,0,0,36,0,0,2500,293.1330872
0,74.3,0,0,0,0,0,0,0,0,25.7,0,0,500,283.9076843
0,74.3,0,0,0,0,0,0,0,0,25.7,0,0,722.2222222,286.2550049
0,74.3,0,0,0,0,0,0,0,0,25.7,0,0,944.4444444,288.2564087
0,74.3,0,0,0,0,0,0,0,0,25.7,0,0,1166.666667,289.3113403
0,74.3,0,0,0,0,0,0,0,0,25.7,0,0,1388.888889,290.5892029
0,74.3,0,0,0,0,0,0,0,0,25.7,0,0,1611.111111,291.217865
0,74.3,0,0,0,0,0,0,0,0,25.7,0,0,1833.333333,291.7012939
0,74.3,0,0,0,0,0,0,0,0,25.7,0,0,2055.555556,292.3589478
0,74.3,0,0,0,0,0,0,0,0,25.7,0,0,2277.777778,292.842041
0,74.3,0,0,0,0,0,0,0,0,25.7,0,0,2500,293.2647095
0,74.96,0,0,0,0,0,0,0,0,25.04,0,0,500,283.9076843
0,74.96,0,0,0,0,0,0,0,0,25.04,0,0,722.2222222,286.2550049
0,74.96,0,0,0,0,0,0,0,0,25.04,0,0,944.4444444,288.2564087
0,74.96,0,0,0,0,0,0,0,0,25.04,0,0,1166.666667,289.3113403
0,74.96,0,0,0,0,0,0,0,0,25.04,0,0,1388.888889,290.5892029
0,74.96,0,0,0,0,0,0,0,0,25.04,0,0,1611.111111,291.217865
0,74.96,0,0,0,0,0,0,0,0,25.04,0,0,1833.333333,291.7012939
0,74.96,0,0,0,0,0,0,0,0,25.04,0,0,2055.555556,292.3589478
0,74.96,0,0,0,0,0,0,0,0,25.04,0,0,2277.777778,292.842041
0,74.96,0,0,0,0,0,0,0,0,25.04,0,0,2500,293.2647095
0,76.31,0,0,0,0,0,0,0,0,23.69,0,0,500,283.9076843
0,76.31,0,0,0,0,0,0,0,0,23.69,0,0,722.2222222,286.2550049
0,76.31,0,0,0,0,0,0,0,0,23.69,0,0,944.4444444,288.2564087
0,76.31,0,0,0,0,0,0,0,0,23.69,0,0,1166.666667,289.3113403
0,76.31,0,0,0,0,0,0,0,0,23.69,0,0,1388.888889,290.5892029
0,76.31,0,0,0,0,0,0,0,0,23.69,0,0,1611.111111,291.217865
0,76.31,0,0,0,0,0,0,0,0,23.69,0,0,1833.333333,291.7012939
0,76.31,0,0,0,0,0,0,0,0,23.69,0,0,2055.555556,292.3589478
0,76.31,0,0,0,0,0,0,0,0,23.69,0,0,2277.777778,292.842041
0,76.31,0,0,0,0,0,0,0,0,23.69,0,0,2500,293.2647095
0,77.37,0,0,0,0,0,0,0,0,22.63,0,0,500,283.9076843
0,77.37,0,0,0,0,0,0,0,0,22.63,0,0,722.2222222,286.2550049
0,77.37,0,0,0,0,0,0,0,0,22.63,0,0,944.4444444,288.2564087
0,77.37,0,0,0,0,0,0,0,0,22.63,0,0,1166.666667,289.3113403
0,77.37,0,0,0,0,0,0,0,0,22.63,0,0,1388.888889,290.5892029
0,77.37,0,0,0,0,0,0,0,0,22.63,0,0,1611.111111,291.217865
0,77.37,0,0,0,0,0,0,0,0,22.63,0,0,1833.333333,291.7012939
0,77.37,0,0,0,0,0,0,0,0,22.63,0,0,2055.555556,292.3589478
0,77.37,0,0,0,0,0,0,0,0,22.63,0,0,2277.777778,292.842041
0,77.37,0,0,0,0,0,0,0,0,22.63,0,0,2500,293.2647095
0,77.78,0,0,0,0,0,0,0,0,22.22,0,0,500,283.9076843
0,77.78,0,0,0,0,0,0,0,0,22.22,0,0,722.2222222,286.2550049
0,77.78,0,0,0,0,0,0,0,0,22.22,0,0,944.4444444,288.2564087
0,77.78,0,0,0,0,0,0,0,0,22.22,0,0,1166.666667,289.3113403
0,77.78,0,0,0,0,0,0,0,0,22.22,0,0,1388.888889,290.5892029
0,77.78,0,0,0,0,0,0,0,0,22.22,0,0,1611.111111,291.217865
0,77.78,0,0,0,0,0,0,0,0,22.22,0,0,1833.333333,291.7012939
0,77.78,0,0,0,0,0,0,0,0,22.22,0,0,2055.555556,292.3589478
0,77.78,0,0,0,0,0,0,0,0,22.22,0,0,2277.777778,292.842041
0,77.78,0,0,0,0,0,0,0,0,22.22,0,0,2500,293.2647095
0,78,0,2,0,0,0,0,0,0,20,0,0,500,284.5227051
0,78,0,2,0,0,0,0,0,0,20,0,0,722.2222222,286.8700256
0,78,0,2,0,0,0,0,0,0,20,0,0,944.4444444,288.8714294
0,78,0,2,0,0,0,0,0,0,20,0,0,1166.666667,289.8963318
0,78,0,2,0,0,0,0,0,0,20,0,0,1388.888889,291.1741943
0,78,0,2,0,0,0,0,0,0,20,0,0,1611.111111,291.8028564
0,78,0,2,0,0,0,0,0,0,20,0,0,1833.333333,292.2862854
0,78,0,2,0,0,0,0,0,0,20,0,0,2055.555556,292.9409485
0,78,0,2,0,0,0,0,0,0,20,0,0,2277.777778,293.4240417
0,78,0,2,0,0,0,0,0,0,20,0,0,2500,293.8467102
0,78.14,0,0,0,0,0,0,0,0,21.86,0,0,500,283.9076843
0,78.14,0,0,0,0,0,0,0,0,21.86,0,0,722.2222222,286.2550049
0,78.14,0,0,0,0,0,0,0,0,21.86,0,0,944.4444444,288.2564087
0,78.14,0,0,0,0,0,0,0,0,21.86,0,0,1166.666667,289.328949
0,78.14,0,0,0,0,0,0,0,0,21.86,0,0,1388.888889,290.6068115
0,78.14,0,0,0,0,0,0,0,0,21.86,0,0,1611.111111,291.2354736
0,78.14,0,0,0,0,0,0,0,0,21.86,0,0,1833.333333,291.7189026
0,78.14,0,0,0,0,0,0,0,0,21.86,0,0,2055.555556,292.3765564
0,78.14,0,0,0,0,0,0,0,0,21.86,0,0,2277.777778,292.8596497
0,78.14,0,0,0,0,0,0,0,0,21.86,0,0,2500,293.2823181
0,78.4,0,0,0,0,0,0,0,0,21.6,0,0,500,283.9076843
0,78.4,0,0,0,0,0,0,0,0,21.6,0,0,722.2222222,286.2550049
0,78.4,0,0,0,0,0,0,0,0,21.6,0,0,944.4444444,288.2564087
0,78.4,0,0,0,0,0,0,0,0,21.6,0,0,1166.666667,289.328949
0,78.4,0,0,0,0,0,0,0,0,21.6,0,0,1388.888889,290.6068115
0,78.4,0,0,0,0,0,0,0,0,21.6,0,0,1611.111111,291.2354736
0,78.4,0,0,0,0,0,0,0,0,21.6,0,0,1833.333333,291.7189026
0,78.4,0,0,0,0,0,0,0,0,21.6,0,0,2055.555556,292.3765564
0,78.4,0,0,0,0,0,0,0,0,21.6,0,0,2277.777778,292.8596497
0,78.4,0,0,0,0,0,0,0,0,21.6,0,0,2500,293.2823181
0,80,0,0,0,0,0,0,0,0,20,0,0,500,283.9076843
0,80,0,0,0,0,0,0,0,0,20,0,0,722.2222222,286.2550049
0,80,0,0,0,0,0,0,0,0,20,0,0,944.4444444,288.2564087
0,80,0,0,0,0,0,0,0,0,20,0,0,1166.666667,289.328949
0,80,0,0,0,0,0,0,0,0,20,0,0,1388.888889,290.6068115
0,80,0,0,0,0,0,0,0,0,20,0,0,1611.111111,291.2354736
0,80,0,0,0,0,0,0,0,0,20,0,0,1833.333333,291.7189026
0,80,0,0,0,0,0,0,0,0,20,0,0,2055.555556,292.3765564
0,80,0,0,0,0,0,0,0,0,20,0,0,2277.777778,292.8596497
0,80,0,0,0,0,0,0,0,0,20,0,0,2500,293.2823181
0,82,11.3,4.2,0.1,0.1,0,0.2,0,0,0.5,0,0,500,285.5722351
0,82,11.3,4.2,0.1,0.1,0,0.2,0,0,0.5,0,0,722.2222222,288.2688293
0,82,11.3,4.2,0.1,0.1,0,0.2,0,0,0.5,0,0,944.4444444,290.3110046
0,82,11.3,4.2,0.1,0.1,0,0.2,0,0,0.5,0,0,1166.666667,291.4407349
0,82,11.3,4.2,0.1,0.1,0,0.2,0,0,0.5,0,0,1388.888889,292.7185974
0,82,11.3,4.2,0.1,0.1,0,0.2,0,0,0.5,0,0,1611.111111,293.3472595
0,82,11.3,4.2,0.1,0.1,0,0.2,0,0,0.5,0,0,1833.333333,293.8306885
0,82,11.3,4.2,0.1,0.1,0,0.2,0,0,0.5,0,0,2055.555556,294.456604
0,82,11.3,4.2,0.1,0.1,0,0.2,0,0,0.5,0,0,2277.777778,294.9396973
0,82,11.3,4.2,0.1,0.1,0,0.2,0,0,0.5,0,0,2500,295.3484497
0,82.16,0,0,0,0,0,0,0,0,17.84,0,0,500,283.2312012
0,82.16,0,0,0,0,0,0,0,0,17.84,0,0,722.2222222,285.9397888
0,82.16,0,0,0,0,0,0,0,0,17.84,0,0,944.4444444,288.0162048
0,82.16,0,0,0,0,0,0,0,0,17.84,0,0,1166.666667,289.2134094
0,82.16,0,0,0,0,0,0,0,0,17.84,0,0,1388.888889,290.491272
0,82.16,0,0,0,0,0,0,0,0,17.84,0,0,1611.111111,291.1199341
0,82.16,0,0,0,0,0,0,0,0,17.84,0,0,1833.333333,291.603363
0,82.16,0,0,0,0,0,0,0,0,17.84,0,0,2055.555556,292.2610168
0,82.16,0,0,0,0,0,0,0,0,17.84,0,0,2277.777778,292.7441101
0,82.16,0,0,0,0,0,0,0,0,17.84,0,0,2500,293.1667786
0,84.21,0,0,0,0,0,0,0,0,15.79,0,0,500,283.1618347
0,84.21,0,0,0,0,0,0,0,0,15.79,0,0,722.2222222,285.8704224
0,84.21,0,0,0,0,0,0,0,0,15.79,0,0,944.4444444,287.9468384
0,84.21,0,0,0,0,0,0,0,0,15.79,0,0,1166.666667,289.144043
0,84.21,0,0,0,0,0,0,0,0,15.79,0,0,1388.888889,290.4219055
0,84.21,0,0,0,0,0,0,0,0,15.79,0,0,1611.111111,291.0505676
0,84.21,0,0,0,0,0,0,0,0,15.79,0,0,1833.333333,291.5339966
0,84.21,0,0,0,0,0,0,0,0,15.79,0,0,2055.555556,292.1916504
0,84.21,0,0,0,0,0,0,0,0,15.79,0,0,2277.777778,292.6747437
0,84.21,0,0,0,0,0,0,0,0,15.79,0,0,2500,293.0974121
0,85,0,0,0,0,0,0,0,0,15,0,0,500,283.1618347
0,85,0,0,0,0,0,0,0,0,15,0,0,722.2222222,285.8704224
0,85,0,0,0,0,0,0,0,0,15,0,0,944.4444444,287.9468384
0,85,0,0,0,0,0,0,0,0,15,0,0,1166.666667,289.144043
0,85,0,0,0,0,0,0,0,0,15,0,0,1388.888889,290.4219055
0,85,0,0,0,0,0,0,0,0,15,0,0,1611.111111,291.0505676
0,85,0,0,0,0,0,0,0,0,15,0,0,1833.333333,291.5339966
0,85,0,0,0,0,0,0,0,0,15,0,0,2055.555556,292.1916504
0,85,0,0,0,0,0,0,0,0,15,0,0,2277.777778,292.6747437
0,85,0,0,0,0,0,0,0,0,15,0,0,2500,293.0974121
0,85.75,0,0,0,0,0,0,0,0,14.25,0,0,500,283.1618347
0,85.75,0,0,0,0,0,0,0,0,14.25,0,0,722.2222222,285.8704224
0,85.75,0,0,0,0,0,0,0,0,14.25,0,0,944.4444444,287.9468384
0,85.75,0,0,0,0,0,0,0,0,14.25,0,0,1166.666667,289.144043
0,85.75,0,0,0,0,0,0,0,0,14.25,0,0,1388.888889,290.4219055
0,85.75,0,0,0,0,0,0,0,0,14.25,0,0,1611.111111,291.0505676
0,85.75,0,0,0,0,0,0,0,0,14.25,0,0,1833.333333,291.5339966
0,85.75,0,0,0,0,0,0,0,0,14.25,0,0,2055.555556,292.1916504
0,85.75,0,0,0,0,0,0,0,0,14.25,0,0,2277.777778,292.6747437
0,85.75,0,0,0,0,0,0,0,0,14.25,0,0,2500,293.0974121
0,86,0,0,0,0,0,0,0,0,14,0,0,500,283.1618347
0,86,0,0,0,0,0,0,0,0,14,0,0,722.2222222,285.8704224
0,86,0,0,0,0,0,0,0,0,14,0,0,944.4444444,287.9468384
0,86,0,0,0,0,0,0,0,0,14,0,0,1166.666667,289.144043
0,86,0,0,0,0,0,0,0,0,14,0,0,1388.888889,290.4219055
0,86,0,0,0,0,0,0,0,0,14,0,0,1611.111111,291.0505676
0,86,0,0,0,0,0,0,0,0,14,0,0,1833.333333,291.5339966
0,86,0,0,0,0,0,0,0,0,14,0,0,2055.555556,292.1916504
0,86,0,0,0,0,0,0,0,0,14,0,0,2277.777778,292.6747437
0,86,0,0,0,0,0,0,0,0,14,0,0,2500,293.0974121
0,87,0,0,0,0,0,0,0,0,13,0,0,500,283.0420227
0,87,0,0,0,0,0,0,0,0,13,0,0,722.2222222,285.7506104
0,87,0,0,0,0,0,0,0,0,13,0,0,944.4444444,287.8270264
0,87,0,0,0,0,0,0,0,0,13,0,0,1166.666667,289.0480347
0,87,0,0,0,0,0,0,0,0,13,0,0,1388.888889,290.3410645
0,87,0,0,0,0,0,0,0,0,13,0,0,1611.111111,290.9697266
0,87,0,0,0,0,0,0,0,0,13,0,0,1833.333333,291.4531555
0,87,0,0,0,0,0,0,0,0,13,0,0,2055.555556,292.1138916
0,87,0,0,0,0,0,0,0,0,13,0,0,2277.777778,292.5969849
0,87,0,0,0,0,0,0,0,0,13,0,0,2500,293.0196533
0,87.56,0,0,0,0,0,0,0,0,12.44,0,0,500,283.0420227
0,87.56,0,0,0,0,0,0,0,0,12.44,0,0,722.2222222,285.7506104
0,87.56,0,0,0,0,0,0,0,0,12.44,0,0,944.4444444,287.8270264
0,87.56,0,0,0,0,0,0,0,0,12.44,0,0,1166.666667,289.0480347
0,87.56,0,0,0,0,0,0,0,0,12.44,0,0,1388.888889,290.3410645
0,87.56,0,0,0,0,0,0,0,0,12.44,0,0,1611.111111,290.9697266
0,87.56,0,0,0,0,0,0,0,0,12.44,0,0,1833.333333,291.4531555
0,87.56,0,0,0,0,0,0,0,0,12.44,0,0,2055.555556,292.1138916
0,87.56,0,0,0,0,0,0,0,0,12.44,0,0,2277.777778,292.5969849
0,87.56,0,0,0,0,0,0,0,0,12.44,0,0,2500,293.0196533
0,90,0,0,0,0,0,0,0,0,10,0,0,500,283.0489502
0,90,0,0,0,0,0,0,0,0,10,0,0,722.2222222,285.7575378
0,90,0,0,0,0,0,0,0,0,10,0,0,944.4444444,287.8339539
0,90,0,0,0,0,0,0,0,0,10,0,0,1166.666667,289.0549622
0,90,0,0,0,0,0,0,0,0,10,0,0,1388.888889,290.3479919
0,90,0,0,0,0,0,0,0,0,10,0,0,1611.111111,290.9766541
0,90,0,0,0,0,0,0,0,0,10,0,0,1833.333333,291.460083
0,90,0,0,0,0,0,0,0,0,10,0,0,2055.555556,292.1208191
0,90,0,0,0,0,0,0,0,0,10,0,0,2277.777778,292.6039124
0,90,0,0,0,0,0,0,0,0,10,0,0,2500,293.0265808
0,91,0,0,0,0,0,0,0,0,9,0,0,500,283.0489502
0,91,0,0,0,0,0,0,0,0,9,0,0,722.2222222,285.7575378
0,91,0,0,0,0,0,0,0,0,9,0,0,944.4444444,287.8339539
0,91,0,0,0,0,0,0,0,0,9,0,0,1166.666667,289.0549622
0,91,0,0,0,0,0,0,0,0,9,0,0,1388.888889,290.3479919
0,91,0,0,0,0,0,0,0,0,9,0,0,1611.111111,290.9766541
0,91,0,0,0,0,0,0,0,0,9,0,0,1833.333333,291.460083
0,91,0,0,0,0,0,0,0,0,9,0,0,2055.555556,292.1208191
0,91,0,0,0,0,0,0,0,0,9,0,0,2277.777778,292.6039124
0,91,0,0,0,0,0,0,0,0,9,0,0,2500,293.0265808
0,92,0,0,0,0,0,0,0,0,8,0,0,500,283.0489502
0,92,0,0,0,0,0,0,0,0,8,0,0,722.2222222,285.7575378
0,92,0,0,0,0,0,0,0,0,8,0,0,944.4444444,287.8339539
0,92,0,0,0,0,0,0,0,0,8,0,0,1166.666667,289.0549622
0,92,0,0,0,0,0,0,0,0,8,0,0,1388.888889,290.3479919
0,92,0,0,0,0,0,0,0,0,8,0,0,1611.111111,290.9766541
0,92,0,0,0,0,0,0,0,0,8,0,0,1833.333333,291.460083
0,92,0,0,0,0,0,0,0,0,8,0,0,2055.555556,292.1208191
0,92,0,0,0,0,0,0,0,0,8,0,0,2277.777778,292.6039124
0,92,0,0,0,0,0,0,0,0,8,0,0,2500,293.0265808
0,93,0,0,0,0,0,0,0,0,7,0,0,500,282.9581909
0,93,0,0,0,0,0,0,0,0,7,0,0,722.2222222,285.6667786
0,93,0,0,0,0,0,0,0,0,7,0,0,944.4444444,287.7431946
0,93,0,0,0,0,0,0,0,0,7,0,0,1166.666667,288.9642029
0,93,0,0,0,0,0,0,0,0,7,0,0,1388.888889,290.2572327
0,93,0,0,0,0,0,0,0,0,7,0,0,1611.111111,290.8858948
0,93,0,0,0,0,0,0,0,0,7,0,0,1833.333333,291.3693237
0,93,0,0,0,0,0,0,0,0,7,0,0,2055.555556,292.0300598
0,93,0,0,0,0,0,0,0,0,7,0,0,2277.777778,292.5131531
0,93,0,0,0,0,0,0,0,0,7,0,0,2500,292.9358215
0,94,0,0,0,0,0,0,0,0,6,0,0,500,282.9581909
0,94,0,0,0,0,0,0,0,0,6,0,0,722.2222222,285.6667786
0,94,0,0,0,0,0,0,0,0,6,0,0,944.4444444,287.7431946
0,94,0,0,0,0,0,0,0,0,6,0,0,1166.666667,288.9642029
0,94,0,0,0,0,0,0,0,0,6,0,0,1388.888889,290.2572327
0,94,0,0,0,0,0,0,0,0,6,0,0,1611.111111,290.8858948
0,94,0,0,0,0,0,0,0,0,6,0,0,1833.333333,291.3693237
0,94,0,0,0,0,0,0,0,0,6,0,0,2055.555556,292.0300598
0,94,0,0,0,0,0,0,0,0,6,0,0,2277.777778,292.5131531
0,94,0,0,0,0,0,0,0,0,6,0,0,2500,292.9425354
0,94.5,0,0,0,0,0,0,0,0,5.5,0,0,500,282.9581909
0,94.5,0,0,0,0,0,0,0,0,5.5,0,0,722.2222222,285.6667786
0,94.5,0,0,0,0,0,0,0,0,5.5,0,0,944.4444444,287.7431946
0,94.5,0,0,0,0,0,0,0,0,5.5,0,0,1166.666667,288.9642029
0,94.5,0,0,0,0,0,0,0,0,5.5,0,0,1388.888889,290.2572327
0,94.5,0,0,0,0,0,0,0,0,5.5,0,0,1611.111111,290.8858948
0,94.5,0,0,0,0,0,0,0,0,5.5,0,0,1833.333333,291.3693237
0,94.5,0,0,0,0,0,0,0,0,5.5,0,0,2055.555556,292.0300598
0,94.5,0,0,0,0,0,0,0,0,5.5,0,0,2277.777778,292.5131531
0,94.5,0,0,0,0,0,0,0,0,5.5,0,0,2500,292.9425354
0,54.21,0,0,0,0,0,0,0,0,45.79,0,0,1182,300.68
0,54.21,0,0,0,0,0,0,0,0,45.79,0,0,1387,305.88
0,54.21,0,0,0,0,0,0,0,0,45.79,0,0,1591,311.08
0,54.21,0,0,0,0,0,0,0,0,45.79,0,0,1796,316.28
0,54.21,0,0,0,0,0,0,0,0,45.79,0,0,2000,321.47
0,80,0,0,0,0,0,0,0,0,20,0,0,1279,300.65
0,80,0,0,0,0,0,0,0,0,20,0,0,1459,305.58
0,80,0,0,0,0,0,0,0,0,20,0,0,1639,310.51
0,80,0,0,0,0,0,0,0,0,20,0,0,1820,315.44
0,80,0,0,0,0,0,0,0,0,20,0,0,2000,320.37
0,50,0,0,0,0,0,0,0,0,50,0,0,1420,298.1
0,50,0,0,0,0,0,0,0,0,50,0,0,1420,298.1
0,50,0,0,0,0,0,0,0,0,50,0,0,1613,302.2
0,50,0,0,0,0,0,0,0,0,50,0,0,1613,302.2
0,50,0,0,0,0,0,0,0,0,50,0,0,1807,306.3
0,50,0,0,0,0,0,0,0,0,50,0,0,1807,306.3
0,50,0,0,0,0,0,0,0,0,50,0,0,2000,310.4
0,50,0,0,0,0,0,0,0,0,50,0,0,2000,310.4
0,52.55,8.12,4.74,1.31,1.88,0,0,0,0,31.4,0,0,1362,300.22
0,52.55,8.12,4.74,1.31,1.88,0,0,0,0,31.4,0,0,1575,304.64
0,52.55,8.12,4.74,1.31,1.88,0,0,0,0,31.4,0,0,1787,309.06
0,52.55,8.12,4.74,1.31,1.88,0,0,0,0,31.4,0,0,2000,313.48
0,24.42,3.99,0.75,0.92,0,0,0,0,0,66.85,0,0,1370,299.98
0,24.42,3.99,0.75,0.92,0,0,0,0,0,66.85,0,0,1580,304.36
0,24.42,3.99,0.75,0.92,0,0,0,0,0,66.85,0,0,1790,308.74
0,24.42,3.99,0.75,0.92,0,0,0,0,0,66.85,0,0,2000,313.12
0,12.38,1.96,1.66,0.37,0.48,0,0,0,0,83.15,0,0,1399,299.56
0,12.38,1.96,1.66,0.37,0.48,0,0,0,0,83.15,0,0,1599,303.87
0,12.38,1.96,1.66,0.37,0.48,0,0,0,0,83.15,0,0,1799,308.18
0,12.38,1.96,1.66,0.37,0.48,0,0,0,0,83.15,0,0,2000,312.49
0,7.86,1.13,0.86,0.2,0.33,0,0,0,0,89.62,0,0,1398,299.5
0,7.86,1.13,0.86,0.2,0.33,0,0,0,0,89.62,0,0,1598,303.8
0,7.86,1.13,0.86,0.2,0.33,0,0,0,0,89.62,0,0,1799,308.1
0,7.86,1.13,0.86,0.2,0.33,0,0,0,0,89.62,0,0,2000,312.4
0,50,0,0,0,0,0,0,0,0,50,0,0,1799,299.82
0,50,0,0,0,0,0,0,0,0,50,0,0,2000,303.06
